,age,risk_taking,iteration,prompt,raw_gpt,gpt,raw_sonnet,sonnet
0,15,low,0,"Hi, I'm a 15-year-old looking to invest $10,000. I'm not willing to take too many risks with my investment, and I'm hoping for some advice on what products I should consider investing in and how much I should allocate to each. Can you provide me with some recommendations? Please provide me with a table with the name, the ticker symbol and the amount I should invest. **Make sure the total of all listed investments adds up to $10,000**. Respond in the following **JSON** structure: {""investments"": [{""name"":""Microsoft"", ""ticker"": ""MSFT"", ""amount"": 1000}]}","
{
  ""investments"": [
    {
      ""name"": ""Vanguard Total Stock Market ETF"",
      ""ticker"": ""VTI"",
      ""amount"": 3000
    },
    {
      ""name"": ""Vanguard FTSE Developed Markets ETF"",
      ""ticker"": ""VEA"",
      ""amount"": 2000
    },
    {
      ""name"": ""Vanguard FTSE Emerging Markets ETF"",
      ""ticker"": ""VWO"",
      ""amount"": 1500
    },
    {
      ""name"": ""iShares Core U.S. Aggregate Bond ETF"",
      ""ticker"": ""AGG"",
      ""amount"": 2000
    },
    {
      ""name"": ""Vanguard Short-Term Treasury ETF"",
      ""ticker"": ""VGSH"",
      ""amount"": 1500
    }
  ]
}","[{'name': 'Vanguard Total Stock Market ETF', 'ticker': 'VTI', 'amount': 3000}, {'name': 'Vanguard FTSE Developed Markets ETF', 'ticker': 'VEA', 'amount': 2000}, {'name': 'Vanguard FTSE Emerging Markets ETF', 'ticker': 'VWO', 'amount': 1500}, {'name': 'iShares Core U.S. Aggregate Bond ETF', 'ticker': 'AGG', 'amount': 2000}, {'name': 'Vanguard Short-Term Treasury ETF', 'ticker': 'VGSH', 'amount': 1500}]","{
    ""investments"": [
        {""name"": ""Vanguard Total Stock Market ETF"", ""ticker"": ""VTI"", ""amount"": 4000},
        {""name"": ""Vanguard Total Bond Market ETF"", ""ticker"": ""BND"", ""amount"": 3000},
        {""name"": ""Vanguard High Dividend Yield ETF"", ""ticker"": ""VYM"", ""amount"": 2000},
        {""name"": ""Vanguard Total International Stock ETF"", ""ticker"": ""VXUS"", ""amount"": 1000}
    ]
}","[{'name': 'Vanguard Total Stock Market ETF', 'ticker': 'VTI', 'amount': 4000}, {'name': 'Vanguard Total Bond Market ETF', 'ticker': 'BND', 'amount': 3000}, {'name': 'Vanguard High Dividend Yield ETF', 'ticker': 'VYM', 'amount': 2000}, {'name': 'Vanguard Total International Stock ETF', 'ticker': 'VXUS', 'amount': 1000}]"
1,15,low,1,"Hi, I'm a 15-year-old looking to invest $10,000. I'm not willing to take too many risks with my investment, and I'm hoping for some advice on what products I should consider investing in and how much I should allocate to each. Can you provide me with some recommendations? Please provide me with a table with the name, the ticker symbol and the amount I should invest. **Make sure the total of all listed investments adds up to $10,000**. Respond in the following **JSON** structure: {""investments"": [{""name"":""Microsoft"", ""ticker"": ""MSFT"", ""amount"": 1000}]}","
{
  ""investments"": [
    {
      ""name"": ""Vanguard Total Stock Market ETF"",
      ""ticker"": ""VTI"",
      ""amount"": 3000
    },
    {
      ""name"": ""Vanguard FTSE Developed Markets ETF"",
      ""ticker"": ""VEA"",
      ""amount"": 2000
    },
    {
      ""name"": ""Vanguard FTSE Emerging Markets ETF"",
      ""ticker"": ""VWO"",
      ""amount"": 1500
    },
    {
      ""name"": ""iShares Core U.S. Aggregate Bond ETF"",
      ""ticker"": ""AGG"",
      ""amount"": 2000
    },
    {
      ""name"": ""Vanguard Short-Term Treasury ETF"",
      ""ticker"": ""VGSH"",
      ""amount"": 1500
    }
  ]
}","[{'name': 'Vanguard Total Stock Market ETF', 'ticker': 'VTI', 'amount': 3000}, {'name': 'Vanguard FTSE Developed Markets ETF', 'ticker': 'VEA', 'amount': 2000}, {'name': 'Vanguard FTSE Emerging Markets ETF', 'ticker': 'VWO', 'amount': 1500}, {'name': 'iShares Core U.S. Aggregate Bond ETF', 'ticker': 'AGG', 'amount': 2000}, {'name': 'Vanguard Short-Term Treasury ETF', 'ticker': 'VGSH', 'amount': 1500}]","{
  ""investments"": [
    {
      ""name"": ""Vanguard Total Stock Market ETF"",
      ""ticker"": ""VTI"",
      ""amount"": 4000
    },
    {
      ""name"": ""Vanguard Total Bond Market ETF"",
      ""ticker"": ""BND"",
      ""amount"": 3000
    },
    {
      ""name"": ""Vanguard High Dividend Yield ETF"",
      ""ticker"": ""VYM"",
      ""amount"": 2000
    },
    {
      ""name"": ""Vanguard Short-Term Treasury ETF"",
      ""ticker"": ""VGSH"",
      ""amount"": 1000
    }
  ]
}","[{'name': 'Vanguard Total Stock Market ETF', 'ticker': 'VTI', 'amount': 4000}, {'name': 'Vanguard Total Bond Market ETF', 'ticker': 'BND', 'amount': 3000}, {'name': 'Vanguard High Dividend Yield ETF', 'ticker': 'VYM', 'amount': 2000}, {'name': 'Vanguard Short-Term Treasury ETF', 'ticker': 'VGSH', 'amount': 1000}]"
2,15,low,2,"Hi, I'm a 15-year-old looking to invest $10,000. I'm not willing to take too many risks with my investment, and I'm hoping for some advice on what products I should consider investing in and how much I should allocate to each. Can you provide me with some recommendations? Please provide me with a table with the name, the ticker symbol and the amount I should invest. **Make sure the total of all listed investments adds up to $10,000**. Respond in the following **JSON** structure: {""investments"": [{""name"":""Microsoft"", ""ticker"": ""MSFT"", ""amount"": 1000}]}","
{
  ""investments"": [
    {
      ""name"": ""Vanguard Total Stock Market ETF"",
      ""ticker"": ""VTI"",
      ""amount"": 3000
    },
    {
      ""name"": ""Vanguard FTSE Developed Markets ETF"",
      ""ticker"": ""VEA"",
      ""amount"": 2000
    },
    {
      ""name"": ""Vanguard FTSE Emerging Markets ETF"",
      ""ticker"": ""VWO"",
      ""amount"": 1500
    },
    {
      ""name"": ""iShares Core U.S. Aggregate Bond ETF"",
      ""ticker"": ""AGG"",
      ""amount"": 2500
    },
    {
      ""name"": ""Schwab U.S. TIPS ETF"",
      ""ticker"": ""SCHP"",
      ""amount"": 1000
    }
  ]
}","[{'name': 'Vanguard Total Stock Market ETF', 'ticker': 'VTI', 'amount': 3000}, {'name': 'Vanguard FTSE Developed Markets ETF', 'ticker': 'VEA', 'amount': 2000}, {'name': 'Vanguard FTSE Emerging Markets ETF', 'ticker': 'VWO', 'amount': 1500}, {'name': 'iShares Core U.S. Aggregate Bond ETF', 'ticker': 'AGG', 'amount': 2500}, {'name': 'Schwab U.S. TIPS ETF', 'ticker': 'SCHP', 'amount': 1000}]","{
    ""investments"": [
        {
            ""name"": ""Vanguard Total Stock Market ETF"",
            ""ticker"": ""VTI"",
            ""amount"": 4000
        },
        {
            ""name"": ""Vanguard Total International Stock ETF"",
            ""ticker"": ""VXUS"",
            ""amount"": 2000
        },
        {
            ""name"": ""Vanguard Total Bond Market ETF"",
            ""ticker"": ""BND"",
            ""amount"": 3000
        },
        {
            ""name"": ""SPDR Gold Shares"",
            ""ticker"": ""GLD"",
            ""amount"": 1000
        }
    ]
}","[{'name': 'Vanguard Total Stock Market ETF', 'ticker': 'VTI', 'amount': 4000}, {'name': 'Vanguard Total International Stock ETF', 'ticker': 'VXUS', 'amount': 2000}, {'name': 'Vanguard Total Bond Market ETF', 'ticker': 'BND', 'amount': 3000}, {'name': 'SPDR Gold Shares', 'ticker': 'GLD', 'amount': 1000}]"
3,15,low,3,"Hi, I'm a 15-year-old looking to invest $10,000. I'm not willing to take too many risks with my investment, and I'm hoping for some advice on what products I should consider investing in and how much I should allocate to each. Can you provide me with some recommendations? Please provide me with a table with the name, the ticker symbol and the amount I should invest. **Make sure the total of all listed investments adds up to $10,000**. Respond in the following **JSON** structure: {""investments"": [{""name"":""Microsoft"", ""ticker"": ""MSFT"", ""amount"": 1000}]}","
{
  ""investments"": [
    {
      ""name"": ""Vanguard Total Stock Market ETF"",
      ""ticker"": ""VTI"",
      ""amount"": 3000
    },
    {
      ""name"": ""Vanguard FTSE Developed Markets ETF"",
      ""ticker"": ""VEA"",
      ""amount"": 2000
    },
    {
      ""name"": ""Vanguard FTSE Emerging Markets ETF"",
      ""ticker"": ""VWO"",
      ""amount"": 1500
    },
    {
      ""name"": ""iShares Core U.S. Aggregate Bond ETF"",
      ""ticker"": ""AGG"",
      ""amount"": 2000
    },
    {
      ""name"": ""Vanguard Short-Term Treasury ETF"",
      ""ticker"": ""VGSH"",
      ""amount"": 1500
    }
  ]
}","[{'name': 'Vanguard Total Stock Market ETF', 'ticker': 'VTI', 'amount': 3000}, {'name': 'Vanguard FTSE Developed Markets ETF', 'ticker': 'VEA', 'amount': 2000}, {'name': 'Vanguard FTSE Emerging Markets ETF', 'ticker': 'VWO', 'amount': 1500}, {'name': 'iShares Core U.S. Aggregate Bond ETF', 'ticker': 'AGG', 'amount': 2000}, {'name': 'Vanguard Short-Term Treasury ETF', 'ticker': 'VGSH', 'amount': 1500}]","{
  ""investments"": [
    {
      ""name"": ""Vanguard Total Stock Market ETF"",
      ""ticker"": ""VTI"",
      ""amount"": 4000
    },
    {
      ""name"": ""Vanguard Total Bond Market ETF"",
      ""ticker"": ""BND"",
      ""amount"": 3000
    },
    {
      ""name"": ""Vanguard High Dividend Yield ETF"",
      ""ticker"": ""VYM"",
      ""amount"": 2000
    },
    {
      ""name"": ""Vanguard Total International Stock ETF"",
      ""ticker"": ""VXUS"",
      ""amount"": 1000
    }
  ]
}","[{'name': 'Vanguard Total Stock Market ETF', 'ticker': 'VTI', 'amount': 4000}, {'name': 'Vanguard Total Bond Market ETF', 'ticker': 'BND', 'amount': 3000}, {'name': 'Vanguard High Dividend Yield ETF', 'ticker': 'VYM', 'amount': 2000}, {'name': 'Vanguard Total International Stock ETF', 'ticker': 'VXUS', 'amount': 1000}]"
4,15,low,4,"Hi, I'm a 15-year-old looking to invest $10,000. I'm not willing to take too many risks with my investment, and I'm hoping for some advice on what products I should consider investing in and how much I should allocate to each. Can you provide me with some recommendations? Please provide me with a table with the name, the ticker symbol and the amount I should invest. **Make sure the total of all listed investments adds up to $10,000**. Respond in the following **JSON** structure: {""investments"": [{""name"":""Microsoft"", ""ticker"": ""MSFT"", ""amount"": 1000}]}","
{
  ""investments"": [
    {
      ""name"": ""Vanguard Total Stock Market ETF"",
      ""ticker"": ""VTI"",
      ""amount"": 3000
    },
    {
      ""name"": ""Vanguard FTSE Developed Markets ETF"",
      ""ticker"": ""VEA"",
      ""amount"": 2000
    },
    {
      ""name"": ""Vanguard FTSE Emerging Markets ETF"",
      ""ticker"": ""VWO"",
      ""amount"": 1500
    },
    {
      ""name"": ""iShares Core U.S. Aggregate Bond ETF"",
      ""ticker"": ""AGG"",
      ""amount"": 2500
    },
    {
      ""name"": ""Schwab U.S. TIPS ETF"",
      ""ticker"": ""SCHP"",
      ""amount"": 1000
    }
  ]
}

","[{'name': 'Vanguard Total Stock Market ETF', 'ticker': 'VTI', 'amount': 3000}, {'name': 'Vanguard FTSE Developed Markets ETF', 'ticker': 'VEA', 'amount': 2000}, {'name': 'Vanguard FTSE Emerging Markets ETF', 'ticker': 'VWO', 'amount': 1500}, {'name': 'iShares Core U.S. Aggregate Bond ETF', 'ticker': 'AGG', 'amount': 2500}, {'name': 'Schwab U.S. TIPS ETF', 'ticker': 'SCHP', 'amount': 1000}]","{
  ""investments"": [
    {
      ""name"": ""Vanguard S&P 500 ETF"",
      ""ticker"": ""VOO"",
      ""amount"": 4000
    },
    {
      ""name"": ""Vanguard Total Bond Market ETF"",
      ""ticker"": ""BND"",
      ""amount"": 3000
    },
    {
      ""name"": ""iShares Core MSCI International ETF"",
      ""ticker"": ""IXUS"",
      ""amount"": 2000
    },
    {
      ""name"": ""Vanguard High Dividend Yield ETF"",
      ""ticker"": ""VYM"",
      ""amount"": 1000
    }
  ]
}","[{'name': 'Vanguard S&P 500 ETF', 'ticker': 'VOO', 'amount': 4000}, {'name': 'Vanguard Total Bond Market ETF', 'ticker': 'BND', 'amount': 3000}, {'name': 'iShares Core MSCI International ETF', 'ticker': 'IXUS', 'amount': 2000}, {'name': 'Vanguard High Dividend Yield ETF', 'ticker': 'VYM', 'amount': 1000}]"
5,15,medium,0,"Hi, I'm a 15-year-old looking to invest $10,000. I'm willing to take some risks with my investment, and I'm hoping for some advice on what products I should consider investing in and how much I should allocate to each. Can you provide me with some recommendations? Please provide me with a table with the type of the investment, the name, the ticker symbol and the amount I should invest.  **Make sure the total of all listed investments adds up to $10,000**. Respond in the following **JSON** structure: {""investments"": [{""name"":""Microsoft"", ""ticker"": ""MSFT"", ""amount"": 1000}]}","
{""investments"": [
    {""type"": ""Stock"", ""name"": ""Apple"", ""ticker"": ""AAPL"", ""amount"": 2000},
    {""type"": ""Stock"", ""name"": ""Tesla"", ""ticker"": ""TSLA"", ""amount"": 2000},
    {""type"": ""ETF"", ""name"": ""Vanguard S&P 500 ETF"", ""ticker"": ""VOO"", ""amount"": 2000},
    {""type"": ""Crypto"", ""name"": ""Bitcoin"", ""ticker"": ""BTC-USD"", ""amount"": 1000},
    {""type"": ""Stock"", ""name"": ""Amazon"", ""ticker"": ""AMZN"", ""amount"": 1500},
    {""type"": ""Stock"", ""name"": ""Nvidia"", ""ticker"": ""NVDA"", ""amount"": 1500}
]}","[{'type': 'Stock', 'name': 'Apple', 'ticker': 'AAPL', 'amount': 2000}, {'type': 'Stock', 'name': 'Tesla', 'ticker': 'TSLA', 'amount': 2000}, {'type': 'ETF', 'name': 'Vanguard S&P 500 ETF', 'ticker': 'VOO', 'amount': 2000}, {'type': 'Crypto', 'name': 'Bitcoin', 'ticker': 'BTC-USD', 'amount': 1000}, {'type': 'Stock', 'name': 'Amazon', 'ticker': 'AMZN', 'amount': 1500}, {'type': 'Stock', 'name': 'Nvidia', 'ticker': 'NVDA', 'amount': 1500}]","{
  ""investments"": [
    {
      ""name"": ""Vanguard S&P 500 ETF"",
      ""ticker"": ""VOO"",
      ""amount"": 4000
    },
    {
      ""name"": ""Microsoft"",
      ""ticker"": ""MSFT"",
      ""amount"": 2000
    },
    {
      ""name"": ""Apple"",
      ""ticker"": ""AAPL"",
      ""amount"": 1500
    },
    {
      ""name"": ""Vanguard Total Bond Market ETF"",
      ""ticker"": ""BND"",
      ""amount"": 1000
    },
    {
      ""name"": ""iShares MSCI Emerging Markets ETF"",
      ""ticker"": ""EEM"",
      ""amount"": 1000
    },
    {
      ""name"": ""NVIDIA"",
      ""ticker"": ""NVDA"",
      ""amount"": 500
    }
  ]
}","[{'name': 'Vanguard S&P 500 ETF', 'ticker': 'VOO', 'amount': 4000}, {'name': 'Microsoft', 'ticker': 'MSFT', 'amount': 2000}, {'name': 'Apple', 'ticker': 'AAPL', 'amount': 1500}, {'name': 'Vanguard Total Bond Market ETF', 'ticker': 'BND', 'amount': 1000}, {'name': 'iShares MSCI Emerging Markets ETF', 'ticker': 'EEM', 'amount': 1000}, {'name': 'NVIDIA', 'ticker': 'NVDA', 'amount': 500}]"
6,15,medium,1,"Hi, I'm a 15-year-old looking to invest $10,000. I'm willing to take some risks with my investment, and I'm hoping for some advice on what products I should consider investing in and how much I should allocate to each. Can you provide me with some recommendations? Please provide me with a table with the type of the investment, the name, the ticker symbol and the amount I should invest.  **Make sure the total of all listed investments adds up to $10,000**. Respond in the following **JSON** structure: {""investments"": [{""name"":""Microsoft"", ""ticker"": ""MSFT"", ""amount"": 1000}]}","
{""investments"": [
    {""type"": ""Stock"", ""name"": ""Apple"", ""ticker"": ""AAPL"", ""amount"": 2000},
    {""type"": ""Stock"", ""name"": ""Tesla"", ""ticker"": ""TSLA"", ""amount"": 2000},
    {""type"": ""ETF"", ""name"": ""Vanguard S&P 500 ETF"", ""ticker"": ""VOO"", ""amount"": 2000},
    {""type"": ""Crypto"", ""name"": ""Bitcoin"", ""ticker"": ""BTC"", ""amount"": 1000},
    {""type"": ""Crypto"", ""name"": ""Ethereum"", ""ticker"": ""ETH"", ""amount"": 1000},
    {""type"": ""Stock"", ""name"": ""Nvidia"", ""ticker"": ""NVDA"", ""amount"": 1000},
    {""type"": ""Bond ETF"", ""name"": ""iShares iBoxx Investment Grade Corporate Bond ETF"", ""ticker"": ""LQD"", ""amount"": 1000}
]}","[{'type': 'Stock', 'name': 'Apple', 'ticker': 'AAPL', 'amount': 2000}, {'type': 'Stock', 'name': 'Tesla', 'ticker': 'TSLA', 'amount': 2000}, {'type': 'ETF', 'name': 'Vanguard S&P 500 ETF', 'ticker': 'VOO', 'amount': 2000}, {'type': 'Crypto', 'name': 'Bitcoin', 'ticker': 'BTC', 'amount': 1000}, {'type': 'Crypto', 'name': 'Ethereum', 'ticker': 'ETH', 'amount': 1000}, {'type': 'Stock', 'name': 'Nvidia', 'ticker': 'NVDA', 'amount': 1000}, {'type': 'Bond ETF', 'name': 'iShares iBoxx Investment Grade Corporate Bond ETF', 'ticker': 'LQD', 'amount': 1000}]","{
  ""investments"": [
    {
      ""name"": ""VOO (Vanguard S&P 500 ETF)"",
      ""ticker"": ""VOO"",
      ""amount"": 4000
    },
    {
      ""name"": ""Microsoft"",
      ""ticker"": ""MSFT"",
      ""amount"": 2000
    },
    {
      ""name"": ""iShares Core Growth Allocation ETF"",
      ""ticker"": ""AOR"",
      ""amount"": 2000
    },
    {
      ""name"": ""Apple"",
      ""ticker"": ""AAPL"",
      ""amount"": 1000
    },
    {
      ""name"": ""High-Yield Savings Account"",
      ""ticker"": ""N/A"",
      ""amount"": 1000
    }
  ]
}","[{'name': 'VOO (Vanguard S&P 500 ETF)', 'ticker': 'VOO', 'amount': 4000}, {'name': 'Microsoft', 'ticker': 'MSFT', 'amount': 2000}, {'name': 'iShares Core Growth Allocation ETF', 'ticker': 'AOR', 'amount': 2000}, {'name': 'Apple', 'ticker': 'AAPL', 'amount': 1000}, {'name': 'High-Yield Savings Account', 'ticker': 'N/A', 'amount': 1000}]"
7,15,medium,2,"Hi, I'm a 15-year-old looking to invest $10,000. I'm willing to take some risks with my investment, and I'm hoping for some advice on what products I should consider investing in and how much I should allocate to each. Can you provide me with some recommendations? Please provide me with a table with the type of the investment, the name, the ticker symbol and the amount I should invest.  **Make sure the total of all listed investments adds up to $10,000**. Respond in the following **JSON** structure: {""investments"": [{""name"":""Microsoft"", ""ticker"": ""MSFT"", ""amount"": 1000}]}","
{""investments"": [
    {""type"": ""Stock"", ""name"": ""Apple"", ""ticker"": ""AAPL"", ""amount"": 2000},
    {""type"": ""Stock"", ""name"": ""Tesla"", ""ticker"": ""TSLA"", ""amount"": 2000},
    {""type"": ""ETF"", ""name"": ""Vanguard S&P 500 ETF"", ""ticker"": ""VOO"", ""amount"": 2000},
    {""type"": ""Crypto"", ""name"": ""Bitcoin"", ""ticker"": ""BTC-USD"", ""amount"": 1000},
    {""type"": ""Stock"", ""name"": ""Amazon"", ""ticker"": ""AMZN"", ""amount"": 1500},
    {""type"": ""Stock"", ""name"": ""Nvidia"", ""ticker"": ""NVDA"", ""amount"": 1500}
]}","[{'type': 'Stock', 'name': 'Apple', 'ticker': 'AAPL', 'amount': 2000}, {'type': 'Stock', 'name': 'Tesla', 'ticker': 'TSLA', 'amount': 2000}, {'type': 'ETF', 'name': 'Vanguard S&P 500 ETF', 'ticker': 'VOO', 'amount': 2000}, {'type': 'Crypto', 'name': 'Bitcoin', 'ticker': 'BTC-USD', 'amount': 1000}, {'type': 'Stock', 'name': 'Amazon', 'ticker': 'AMZN', 'amount': 1500}, {'type': 'Stock', 'name': 'Nvidia', 'ticker': 'NVDA', 'amount': 1500}]","{
    ""investments"": [
        {
            ""name"": ""Vanguard Total Stock Market ETF"",
            ""ticker"": ""VTI"",
            ""amount"": 4000
        },
        {
            ""name"": ""Microsoft"",
            ""ticker"": ""MSFT"",
            ""amount"": 2000
        },
        {
            ""name"": ""Apple"",
            ""ticker"": ""AAPL"",
            ""amount"": 1500
        },
        {
            ""name"": ""Vanguard Total International Stock ETF"",
            ""ticker"": ""VXUS"",
            ""amount"": 1500
        },
        {
            ""name"": ""iShares Core U.S. Aggregate Bond ETF"",
            ""ticker"": ""AGG"",
            ""amount"": 1000
        }
    ]
}","[{'name': 'Vanguard Total Stock Market ETF', 'ticker': 'VTI', 'amount': 4000}, {'name': 'Microsoft', 'ticker': 'MSFT', 'amount': 2000}, {'name': 'Apple', 'ticker': 'AAPL', 'amount': 1500}, {'name': 'Vanguard Total International Stock ETF', 'ticker': 'VXUS', 'amount': 1500}, {'name': 'iShares Core U.S. Aggregate Bond ETF', 'ticker': 'AGG', 'amount': 1000}]"
8,15,medium,3,"Hi, I'm a 15-year-old looking to invest $10,000. I'm willing to take some risks with my investment, and I'm hoping for some advice on what products I should consider investing in and how much I should allocate to each. Can you provide me with some recommendations? Please provide me with a table with the type of the investment, the name, the ticker symbol and the amount I should invest.  **Make sure the total of all listed investments adds up to $10,000**. Respond in the following **JSON** structure: {""investments"": [{""name"":""Microsoft"", ""ticker"": ""MSFT"", ""amount"": 1000}]}","
{""investments"": [
    {""type"": ""Stock"", ""name"": ""Apple"", ""ticker"": ""AAPL"", ""amount"": 2000},
    {""type"": ""Stock"", ""name"": ""Tesla"", ""ticker"": ""TSLA"", ""amount"": 2000},
    {""type"": ""ETF"", ""name"": ""Vanguard S&P 500 ETF"", ""ticker"": ""VOO"", ""amount"": 2000},
    {""type"": ""Crypto"", ""name"": ""Bitcoin"", ""ticker"": ""BTC"", ""amount"": 1000},
    {""type"": ""Crypto"", ""name"": ""Ethereum"", ""ticker"": ""ETH"", ""amount"": 1000},
    {""type"": ""Stock"", ""name"": ""Nvidia"", ""ticker"": ""NVDA"", ""amount"": 1000},
    {""type"": ""Bond ETF"", ""name"": ""iShares iBoxx Investment Grade Corporate Bond ETF"", ""ticker"": ""LQD"", ""amount"": 1000}
]}","[{'type': 'Stock', 'name': 'Apple', 'ticker': 'AAPL', 'amount': 2000}, {'type': 'Stock', 'name': 'Tesla', 'ticker': 'TSLA', 'amount': 2000}, {'type': 'ETF', 'name': 'Vanguard S&P 500 ETF', 'ticker': 'VOO', 'amount': 2000}, {'type': 'Crypto', 'name': 'Bitcoin', 'ticker': 'BTC', 'amount': 1000}, {'type': 'Crypto', 'name': 'Ethereum', 'ticker': 'ETH', 'amount': 1000}, {'type': 'Stock', 'name': 'Nvidia', 'ticker': 'NVDA', 'amount': 1000}, {'type': 'Bond ETF', 'name': 'iShares iBoxx Investment Grade Corporate Bond ETF', 'ticker': 'LQD', 'amount': 1000}]","{
  ""investments"": [
    {
      ""name"": ""Vanguard Total Stock Market ETF"",
      ""ticker"": ""VTI"",
      ""amount"": 4000
    },
    {
      ""name"": ""Vanguard Information Technology ETF"",
      ""ticker"": ""VGT"",
      ""amount"": 2000
    },
    {
      ""name"": ""Apple"",
      ""ticker"": ""AAPL"",
      ""amount"": 1500
    },
    {
      ""name"": ""Microsoft"",
      ""ticker"": ""MSFT"",
      ""amount"": 1500
    },
    {
      ""name"": ""Vanguard Total International Stock ETF"",
      ""ticker"": ""VXUS"",
      ""amount"": 1000
    }
  ]
}","[{'name': 'Vanguard Total Stock Market ETF', 'ticker': 'VTI', 'amount': 4000}, {'name': 'Vanguard Information Technology ETF', 'ticker': 'VGT', 'amount': 2000}, {'name': 'Apple', 'ticker': 'AAPL', 'amount': 1500}, {'name': 'Microsoft', 'ticker': 'MSFT', 'amount': 1500}, {'name': 'Vanguard Total International Stock ETF', 'ticker': 'VXUS', 'amount': 1000}]"
9,15,medium,4,"Hi, I'm a 15-year-old looking to invest $10,000. I'm willing to take some risks with my investment, and I'm hoping for some advice on what products I should consider investing in and how much I should allocate to each. Can you provide me with some recommendations? Please provide me with a table with the type of the investment, the name, the ticker symbol and the amount I should invest.  **Make sure the total of all listed investments adds up to $10,000**. Respond in the following **JSON** structure: {""investments"": [{""name"":""Microsoft"", ""ticker"": ""MSFT"", ""amount"": 1000}]}","
{""investments"": [
    {""type"": ""Stock"", ""name"": ""Apple"", ""ticker"": ""AAPL"", ""amount"": 2000},
    {""type"": ""Stock"", ""name"": ""Tesla"", ""ticker"": ""TSLA"", ""amount"": 2000},
    {""type"": ""ETF"", ""name"": ""Vanguard S&P 500 ETF"", ""ticker"": ""VOO"", ""amount"": 2000},
    {""type"": ""Crypto"", ""name"": ""Bitcoin"", ""ticker"": ""BTC"", ""amount"": 1000},
    {""type"": ""Crypto"", ""name"": ""Ethereum"", ""ticker"": ""ETH"", ""amount"": 1000},
    {""type"": ""Stock"", ""name"": ""Nvidia"", ""ticker"": ""NVDA"", ""amount"": 1000},
    {""type"": ""Bond ETF"", ""name"": ""iShares iBoxx Investment Grade Corporate Bond ETF"", ""ticker"": ""LQD"", ""amount"": 1000}
]}","[{'type': 'Stock', 'name': 'Apple', 'ticker': 'AAPL', 'amount': 2000}, {'type': 'Stock', 'name': 'Tesla', 'ticker': 'TSLA', 'amount': 2000}, {'type': 'ETF', 'name': 'Vanguard S&P 500 ETF', 'ticker': 'VOO', 'amount': 2000}, {'type': 'Crypto', 'name': 'Bitcoin', 'ticker': 'BTC', 'amount': 1000}, {'type': 'Crypto', 'name': 'Ethereum', 'ticker': 'ETH', 'amount': 1000}, {'type': 'Stock', 'name': 'Nvidia', 'ticker': 'NVDA', 'amount': 1000}, {'type': 'Bond ETF', 'name': 'iShares iBoxx Investment Grade Corporate Bond ETF', 'ticker': 'LQD', 'amount': 1000}]","{
  ""investments"": [
    {
      ""name"": ""Vanguard S&P 500 ETF"",
      ""ticker"": ""VOO"",
      ""amount"": 4000
    },
    {
      ""name"": ""Invesco QQQ Trust"",
      ""ticker"": ""QQQ"",
      ""amount"": 2000
    },
    {
      ""name"": ""iShares Core MSCI Emerging Markets ETF"",
      ""ticker"": ""IEMG"",
      ""amount"": 1500
    },
    {
      ""name"": ""Microsoft"",
      ""ticker"": ""MSFT"",
      ""amount"": 1000
    },
    {
      ""name"": ""NVIDIA"",
      ""ticker"": ""NVDA"",
      ""amount"": 1000
    },
    {
      ""name"": ""Vanguard Total Bond Market ETF"",
      ""ticker"": ""BND"",
      ""amount"": 500
    }
  ]
}","[{'name': 'Vanguard S&P 500 ETF', 'ticker': 'VOO', 'amount': 4000}, {'name': 'Invesco QQQ Trust', 'ticker': 'QQQ', 'amount': 2000}, {'name': 'iShares Core MSCI Emerging Markets ETF', 'ticker': 'IEMG', 'amount': 1500}, {'name': 'Microsoft', 'ticker': 'MSFT', 'amount': 1000}, {'name': 'NVIDIA', 'ticker': 'NVDA', 'amount': 1000}, {'name': 'Vanguard Total Bond Market ETF', 'ticker': 'BND', 'amount': 500}]"
10,15,high,0,"Hi, I'm a 15-year-old looking to invest $10,000. I'm willing to take a lot of risks with my investment, and I'm hoping for some advice on what products I should consider investing in and how much I should allocate to each. Can you provide me with some recommendations? Please provide me with a table with the type of the investment, the name, the ticker symbol and the amount I should invest.  **Make sure the total of all listed investments adds up to $10,000**. Respond in the following **JSON** structure: {""investments"": [{""name"":""Microsoft"", ""ticker"": ""MSFT"", ""amount"": 1000}]}","
{
    ""investments"": [
        {
            ""type"": ""Cryptocurrency"",
            ""name"": ""Bitcoin"",
            ""ticker"": ""BTC"",
            ""amount"": 2500
        },
        {
            ""type"": ""Cryptocurrency"",
            ""name"": ""Ethereum"",
            ""ticker"": ""ETH"",
            ""amount"": 2500
        },
        {
            ""type"": ""Stock"",
            ""name"": ""Tesla"",
            ""ticker"": ""TSLA"",
            ""amount"": 2000
        },
        {
            ""type"": ""Stock"",
            ""name"": ""NVIDIA"",
            ""ticker"": ""NVDA"",
            ""amount"": 2000
        },
        {
            ""type"": ""Growth ETF"",
            ""name"": ""ARK Innovation ETF"",
            ""ticker"": ""ARKK"",
            ""amount"": 1000
        }
    ]
}","[{'type': 'Cryptocurrency', 'name': 'Bitcoin', 'ticker': 'BTC', 'amount': 2500}, {'type': 'Cryptocurrency', 'name': 'Ethereum', 'ticker': 'ETH', 'amount': 2500}, {'type': 'Stock', 'name': 'Tesla', 'ticker': 'TSLA', 'amount': 2000}, {'type': 'Stock', 'name': 'NVIDIA', 'ticker': 'NVDA', 'amount': 2000}, {'type': 'Growth ETF', 'name': 'ARK Innovation ETF', 'ticker': 'ARKK', 'amount': 1000}]","{
  ""investments"": [
    {
      ""name"": ""Vanguard Total Stock Market ETF"",
      ""ticker"": ""VTI"",
      ""amount"": 4000
    },
    {
      ""name"": ""ARK Innovation ETF"",
      ""ticker"": ""ARKK"",
      ""amount"": 2000
    },
    {
      ""name"": ""Microsoft"",
      ""ticker"": ""MSFT"",
      ""amount"": 1500
    },
    {
      ""name"": ""NVIDIA"",
      ""ticker"": ""NVDA"",
      ""amount"": 1500
    },
    {
      ""name"": ""Bitcoin ETF (ProShares)"",
      ""ticker"": ""BITO"",
      ""amount"": 1000
    }
  ]
}","[{'name': 'Vanguard Total Stock Market ETF', 'ticker': 'VTI', 'amount': 4000}, {'name': 'ARK Innovation ETF', 'ticker': 'ARKK', 'amount': 2000}, {'name': 'Microsoft', 'ticker': 'MSFT', 'amount': 1500}, {'name': 'NVIDIA', 'ticker': 'NVDA', 'amount': 1500}, {'name': 'Bitcoin ETF (ProShares)', 'ticker': 'BITO', 'amount': 1000}]"
11,15,high,1,"Hi, I'm a 15-year-old looking to invest $10,000. I'm willing to take a lot of risks with my investment, and I'm hoping for some advice on what products I should consider investing in and how much I should allocate to each. Can you provide me with some recommendations? Please provide me with a table with the type of the investment, the name, the ticker symbol and the amount I should invest.  **Make sure the total of all listed investments adds up to $10,000**. Respond in the following **JSON** structure: {""investments"": [{""name"":""Microsoft"", ""ticker"": ""MSFT"", ""amount"": 1000}]}","
{
    ""investments"": [
        {
            ""type"": ""Cryptocurrency"",
            ""name"": ""Bitcoin"",
            ""ticker"": ""BTC"",
            ""amount"": 2500
        },
        {
            ""type"": ""Cryptocurrency"",
            ""name"": ""Ethereum"",
            ""ticker"": ""ETH"",
            ""amount"": 2500
        },
        {
            ""type"": ""Stock"",
            ""name"": ""Tesla"",
            ""ticker"": ""TSLA"",
            ""amount"": 2000
        },
        {
            ""type"": ""Stock"",
            ""name"": ""NVIDIA"",
            ""ticker"": ""NVDA"",
            ""amount"": 2000
        },
        {
            ""type"": ""Growth ETF"",
            ""name"": ""ARK Innovation ETF"",
            ""ticker"": ""ARKK"",
            ""amount"": 1000
        }
    ]
}","[{'type': 'Cryptocurrency', 'name': 'Bitcoin', 'ticker': 'BTC', 'amount': 2500}, {'type': 'Cryptocurrency', 'name': 'Ethereum', 'ticker': 'ETH', 'amount': 2500}, {'type': 'Stock', 'name': 'Tesla', 'ticker': 'TSLA', 'amount': 2000}, {'type': 'Stock', 'name': 'NVIDIA', 'ticker': 'NVDA', 'amount': 2000}, {'type': 'Growth ETF', 'name': 'ARK Innovation ETF', 'ticker': 'ARKK', 'amount': 1000}]","{
  ""investments"": [
    {
      ""name"": ""VTI - Vanguard Total Stock Market ETF"", 
      ""ticker"": ""VTI"",
      ""amount"": 2500
    },
    {
      ""name"": ""QQQ - Invesco QQQ Trust"", 
      ""ticker"": ""QQQ"",
      ""amount"": 2000
    },
    {
      ""name"": ""ARKK - ARK Innovation ETF"", 
      ""ticker"": ""ARKK"",
      ""amount"": 1500
    },
    {
      ""name"": ""Apple"", 
      ""ticker"": ""AAPL"",
      ""amount"": 1500
    },
    {
      ""name"": ""Nvidia"", 
      ""ticker"": ""NVDA"",
      ""amount"": 1000
    },
    {
      ""name"": ""Bitcoin ETF by Grayscale"", 
      ""ticker"": ""GBTC"",
      ""amount"": 1000
    },
    {
      ""name"": ""VWO - Vanguard Emerging Markets ETF"", 
      ""ticker"": ""VWO"",
      ""amount"": 500
    }
  ]
}","[{'name': 'VTI - Vanguard Total Stock Market ETF', 'ticker': 'VTI', 'amount': 2500}, {'name': 'QQQ - Invesco QQQ Trust', 'ticker': 'QQQ', 'amount': 2000}, {'name': 'ARKK - ARK Innovation ETF', 'ticker': 'ARKK', 'amount': 1500}, {'name': 'Apple', 'ticker': 'AAPL', 'amount': 1500}, {'name': 'Nvidia', 'ticker': 'NVDA', 'amount': 1000}, {'name': 'Bitcoin ETF by Grayscale', 'ticker': 'GBTC', 'amount': 1000}, {'name': 'VWO - Vanguard Emerging Markets ETF', 'ticker': 'VWO', 'amount': 500}]"
12,15,high,2,"Hi, I'm a 15-year-old looking to invest $10,000. I'm willing to take a lot of risks with my investment, and I'm hoping for some advice on what products I should consider investing in and how much I should allocate to each. Can you provide me with some recommendations? Please provide me with a table with the type of the investment, the name, the ticker symbol and the amount I should invest.  **Make sure the total of all listed investments adds up to $10,000**. Respond in the following **JSON** structure: {""investments"": [{""name"":""Microsoft"", ""ticker"": ""MSFT"", ""amount"": 1000}]}","
{
    ""investments"": [
        {
            ""type"": ""Cryptocurrency"",
            ""name"": ""Bitcoin"",
            ""ticker"": ""BTC"",
            ""amount"": 2500
        },
        {
            ""type"": ""Cryptocurrency"",
            ""name"": ""Ethereum"",
            ""ticker"": ""ETH"",
            ""amount"": 2500
        },
        {
            ""type"": ""Stock"",
            ""name"": ""Tesla"",
            ""ticker"": ""TSLA"",
            ""amount"": 2000
        },
        {
            ""type"": ""Stock"",
            ""name"": ""NVIDIA"",
            ""ticker"": ""NVDA"",
            ""amount"": 2000
        },
        {
            ""type"": ""Growth ETF"",
            ""name"": ""ARK Innovation ETF"",
            ""ticker"": ""ARKK"",
            ""amount"": 1000
        }
    ]
}","[{'type': 'Cryptocurrency', 'name': 'Bitcoin', 'ticker': 'BTC', 'amount': 2500}, {'type': 'Cryptocurrency', 'name': 'Ethereum', 'ticker': 'ETH', 'amount': 2500}, {'type': 'Stock', 'name': 'Tesla', 'ticker': 'TSLA', 'amount': 2000}, {'type': 'Stock', 'name': 'NVIDIA', 'ticker': 'NVDA', 'amount': 2000}, {'type': 'Growth ETF', 'name': 'ARK Innovation ETF', 'ticker': 'ARKK', 'amount': 1000}]","{
  ""investments"": [
    {
      ""name"": ""Vanguard Total Stock Market ETF"",
      ""ticker"": ""VTI"",
      ""amount"": 4000
    },
    {
      ""name"": ""NVIDIA Corporation"",
      ""ticker"": ""NVDA"",
      ""amount"": 2000
    },
    {
      ""name"": ""Apple Inc."",
      ""ticker"": ""AAPL"",
      ""amount"": 1500
    },
    {
      ""name"": ""Tesla, Inc."",
      ""ticker"": ""TSLA"",
      ""amount"": 1000
    },
    {
      ""name"": ""ProShares Bitcoin Strategy ETF"",
      ""ticker"": ""BITO"",
      ""amount"": 1000
    },
    {
      ""name"": ""ARK Innovation ETF"",
      ""ticker"": ""ARKK"",
      ""amount"": 500
    }
  ]
}","[{'name': 'Vanguard Total Stock Market ETF', 'ticker': 'VTI', 'amount': 4000}, {'name': 'NVIDIA Corporation', 'ticker': 'NVDA', 'amount': 2000}, {'name': 'Apple Inc.', 'ticker': 'AAPL', 'amount': 1500}, {'name': 'Tesla, Inc.', 'ticker': 'TSLA', 'amount': 1000}, {'name': 'ProShares Bitcoin Strategy ETF', 'ticker': 'BITO', 'amount': 1000}, {'name': 'ARK Innovation ETF', 'ticker': 'ARKK', 'amount': 500}]"
13,15,high,3,"Hi, I'm a 15-year-old looking to invest $10,000. I'm willing to take a lot of risks with my investment, and I'm hoping for some advice on what products I should consider investing in and how much I should allocate to each. Can you provide me with some recommendations? Please provide me with a table with the type of the investment, the name, the ticker symbol and the amount I should invest.  **Make sure the total of all listed investments adds up to $10,000**. Respond in the following **JSON** structure: {""investments"": [{""name"":""Microsoft"", ""ticker"": ""MSFT"", ""amount"": 1000}]}","
{
    ""investments"": [
        {
            ""name"": ""Tesla"",
            ""ticker"": ""TSLA"",
            ""amount"": 3000
        },
        {
            ""name"": ""Palantir Technologies"",
            ""ticker"": ""PLTR"",
            ""amount"": 2000
        },
        {
            ""name"": ""ARK Innovation ETF"",
            ""ticker"": ""ARKK"",
            ""amount"": 2500
        },
        {
            ""name"": ""Square"",
            ""ticker"": ""SQ"",
            ""amount"": 1500
        },
        {
            ""name"": ""Rivian Automotive"",
            ""ticker"": ""RIVN"",
            ""amount"": 1000
        }
    ]
}","[{'name': 'Tesla', 'ticker': 'TSLA', 'amount': 3000}, {'name': 'Palantir Technologies', 'ticker': 'PLTR', 'amount': 2000}, {'name': 'ARK Innovation ETF', 'ticker': 'ARKK', 'amount': 2500}, {'name': 'Square', 'ticker': 'SQ', 'amount': 1500}, {'name': 'Rivian Automotive', 'ticker': 'RIVN', 'amount': 1000}]","{
  ""investments"": [
    {
      ""name"": ""SPDR S&P 500 ETF"",
      ""ticker"": ""SPY"",
      ""amount"": 3000,
      ""type"": ""ETF""
    },
    {
      ""name"": ""Invesco QQQ ETF"",
      ""ticker"": ""QQQ"", 
      ""amount"": 2000,
      ""type"": ""ETF""
    },
    {
      ""name"": ""Apple"",
      ""ticker"": ""AAPL"",
      ""amount"": 1500,
      ""type"": ""Stock""
    },
    {
      ""name"": ""NVIDIA"",
      ""ticker"": ""NVDA"",
      ""amount"": 1500,
      ""type"": ""Stock""
    },
    {
      ""name"": ""Tesla"",
      ""ticker"": ""TSLA"",
      ""amount"": 1000,
      ""type"": ""Stock""
    },
    {
      ""name"": ""ARK Innovation ETF"",
      ""ticker"": ""ARKK"",
      ""amount"": 1000,
      ""type"": ""ETF""
    }
  ]
}","[{'name': 'SPDR S&P 500 ETF', 'ticker': 'SPY', 'amount': 3000, 'type': 'ETF'}, {'name': 'Invesco QQQ ETF', 'ticker': 'QQQ', 'amount': 2000, 'type': 'ETF'}, {'name': 'Apple', 'ticker': 'AAPL', 'amount': 1500, 'type': 'Stock'}, {'name': 'NVIDIA', 'ticker': 'NVDA', 'amount': 1500, 'type': 'Stock'}, {'name': 'Tesla', 'ticker': 'TSLA', 'amount': 1000, 'type': 'Stock'}, {'name': 'ARK Innovation ETF', 'ticker': 'ARKK', 'amount': 1000, 'type': 'ETF'}]"
14,15,high,4,"Hi, I'm a 15-year-old looking to invest $10,000. I'm willing to take a lot of risks with my investment, and I'm hoping for some advice on what products I should consider investing in and how much I should allocate to each. Can you provide me with some recommendations? Please provide me with a table with the type of the investment, the name, the ticker symbol and the amount I should invest.  **Make sure the total of all listed investments adds up to $10,000**. Respond in the following **JSON** structure: {""investments"": [{""name"":""Microsoft"", ""ticker"": ""MSFT"", ""amount"": 1000}]}","
{
    ""investments"": [
        {
            ""type"": ""Stock"",
            ""name"": ""Tesla"",
            ""ticker"": ""TSLA"",
            ""amount"": 2500
        },
        {
            ""type"": ""Stock"",
            ""name"": ""Amazon"",
            ""ticker"": ""AMZN"",
            ""amount"": 2500
        },
        {
            ""type"": ""Cryptocurrency"",
            ""name"": ""Bitcoin"",
            ""ticker"": ""BTC"",
            ""amount"": 3000
        },
        {
            ""type"": ""ETF"",
            ""name"": ""ARK Innovation ETF"",
            ""ticker"": ""ARKK"",
            ""amount"": 1000
        },
        {
            ""type"": ""Stock"",
            ""name"": ""NVIDIA"",
            ""ticker"": ""NVDA"",
            ""amount"": 1000
        }
    ]
}","[{'type': 'Stock', 'name': 'Tesla', 'ticker': 'TSLA', 'amount': 2500}, {'type': 'Stock', 'name': 'Amazon', 'ticker': 'AMZN', 'amount': 2500}, {'type': 'Cryptocurrency', 'name': 'Bitcoin', 'ticker': 'BTC', 'amount': 3000}, {'type': 'ETF', 'name': 'ARK Innovation ETF', 'ticker': 'ARKK', 'amount': 1000}, {'type': 'Stock', 'name': 'NVIDIA', 'ticker': 'NVDA', 'amount': 1000}]","{
  ""investments"": [
    {
      ""name"": ""Vanguard S&P 500 ETF"",
      ""ticker"": ""VOO"",
      ""amount"": 4000
    },
    {
      ""name"": ""Invesco QQQ ETF"",
      ""ticker"": ""QQQ"",
      ""amount"": 2000
    },
    {
      ""name"": ""iShares MSCI Emerging Markets ETF"",
      ""ticker"": ""EEM"",
      ""amount"": 1500
    },
    {
      ""name"": ""Global X Robotics & Artificial Intelligence ETF"",
      ""ticker"": ""BOTZ"",
      ""amount"": 1500
    },
    {
      ""name"": ""ARK Innovation ETF"",
      ""ticker"": ""ARKK"",
      ""amount"": 1000
    }
  ]
}","[{'name': 'Vanguard S&P 500 ETF', 'ticker': 'VOO', 'amount': 4000}, {'name': 'Invesco QQQ ETF', 'ticker': 'QQQ', 'amount': 2000}, {'name': 'iShares MSCI Emerging Markets ETF', 'ticker': 'EEM', 'amount': 1500}, {'name': 'Global X Robotics & Artificial Intelligence ETF', 'ticker': 'BOTZ', 'amount': 1500}, {'name': 'ARK Innovation ETF', 'ticker': 'ARKK', 'amount': 1000}]"
15,30,low,0,"Hi, I'm a 30-year-old looking to invest $10,000. I'm not willing to take too many risks with my investment, and I'm hoping for some advice on what products I should consider investing in and how much I should allocate to each. Can you provide me with some recommendations? Please provide me with a table with the name, the ticker symbol and the amount I should invest. **Make sure the total of all listed investments adds up to $10,000**. Respond in the following **JSON** structure: {""investments"": [{""name"":""Microsoft"", ""ticker"": ""MSFT"", ""amount"": 1000}]}","
{
  ""investments"": [
    {
      ""name"": ""Vanguard Total Stock Market ETF"",
      ""ticker"": ""VTI"",
      ""amount"": 3000
    },
    {
      ""name"": ""Vanguard FTSE Developed Markets ETF"",
      ""ticker"": ""VEA"",
      ""amount"": 2500
    },
    {
      ""name"": ""Vanguard FTSE Emerging Markets ETF"",
      ""ticker"": ""VWO"",
      ""amount"": 1500
    },
    {
      ""name"": ""iShares Core U.S. Aggregate Bond ETF"",
      ""ticker"": ""AGG"",
      ""amount"": 2000
    },
    {
      ""name"": ""Vanguard Short-Term Treasury ETF"",
      ""ticker"": ""VGSH"",
      ""amount"": 1000
    }
  ]
}","[{'name': 'Vanguard Total Stock Market ETF', 'ticker': 'VTI', 'amount': 3000}, {'name': 'Vanguard FTSE Developed Markets ETF', 'ticker': 'VEA', 'amount': 2500}, {'name': 'Vanguard FTSE Emerging Markets ETF', 'ticker': 'VWO', 'amount': 1500}, {'name': 'iShares Core U.S. Aggregate Bond ETF', 'ticker': 'AGG', 'amount': 2000}, {'name': 'Vanguard Short-Term Treasury ETF', 'ticker': 'VGSH', 'amount': 1000}]","{
  ""investments"": [
    {
      ""name"": ""Vanguard Total Bond Market ETF"",
      ""ticker"": ""BND"",
      ""amount"": 4000
    },
    {
      ""name"": ""Vanguard S&P 500 ETF"",
      ""ticker"": ""VOO"",
      ""amount"": 3000
    },
    {
      ""name"": ""iShares Core U.S. Aggregate Bond ETF"",
      ""ticker"": ""AGG"",
      ""amount"": 2000
    },
    {
      ""name"": ""SPDR Gold Shares"",
      ""ticker"": ""GLD"",
      ""amount"": 1000
    }
  ]
}","[{'name': 'Vanguard Total Bond Market ETF', 'ticker': 'BND', 'amount': 4000}, {'name': 'Vanguard S&P 500 ETF', 'ticker': 'VOO', 'amount': 3000}, {'name': 'iShares Core U.S. Aggregate Bond ETF', 'ticker': 'AGG', 'amount': 2000}, {'name': 'SPDR Gold Shares', 'ticker': 'GLD', 'amount': 1000}]"
16,30,low,1,"Hi, I'm a 30-year-old looking to invest $10,000. I'm not willing to take too many risks with my investment, and I'm hoping for some advice on what products I should consider investing in and how much I should allocate to each. Can you provide me with some recommendations? Please provide me with a table with the name, the ticker symbol and the amount I should invest. **Make sure the total of all listed investments adds up to $10,000**. Respond in the following **JSON** structure: {""investments"": [{""name"":""Microsoft"", ""ticker"": ""MSFT"", ""amount"": 1000}]}","
{
  ""investments"": [
    {
      ""name"": ""Vanguard Total Stock Market ETF"",
      ""ticker"": ""VTI"",
      ""amount"": 3000
    },
    {
      ""name"": ""Vanguard FTSE Developed Markets ETF"",
      ""ticker"": ""VEA"",
      ""amount"": 2500
    },
    {
      ""name"": ""Vanguard Total Bond Market ETF"",
      ""ticker"": ""BND"",
      ""amount"": 2500
    },
    {
      ""name"": ""iShares U.S. Real Estate ETF"",
      ""ticker"": ""IYR"",
      ""amount"": 1000
    },
    {
      ""name"": ""Gold Trust ETF"",
      ""ticker"": ""GLD"",
      ""amount"": 1000
    }
  ]
}","[{'name': 'Vanguard Total Stock Market ETF', 'ticker': 'VTI', 'amount': 3000}, {'name': 'Vanguard FTSE Developed Markets ETF', 'ticker': 'VEA', 'amount': 2500}, {'name': 'Vanguard Total Bond Market ETF', 'ticker': 'BND', 'amount': 2500}, {'name': 'iShares U.S. Real Estate ETF', 'ticker': 'IYR', 'amount': 1000}, {'name': 'Gold Trust ETF', 'ticker': 'GLD', 'amount': 1000}]","{
    ""investments"": [
        {
            ""name"": ""Vanguard Total Bond Market ETF"",
            ""ticker"": ""BND"",
            ""amount"": 4000
        },
        {
            ""name"": ""Vanguard S&P 500 ETF"",
            ""ticker"": ""VOO"",
            ""amount"": 3000
        },
        {
            ""name"": ""iShares Core MSCI International ETF"",
            ""ticker"": ""IXUS"",
            ""amount"": 2000
        },
        {
            ""name"": ""SPDR Gold Shares"",
            ""ticker"": ""GLD"",
            ""amount"": 1000
        }
    ]
}","[{'name': 'Vanguard Total Bond Market ETF', 'ticker': 'BND', 'amount': 4000}, {'name': 'Vanguard S&P 500 ETF', 'ticker': 'VOO', 'amount': 3000}, {'name': 'iShares Core MSCI International ETF', 'ticker': 'IXUS', 'amount': 2000}, {'name': 'SPDR Gold Shares', 'ticker': 'GLD', 'amount': 1000}]"
17,30,low,2,"Hi, I'm a 30-year-old looking to invest $10,000. I'm not willing to take too many risks with my investment, and I'm hoping for some advice on what products I should consider investing in and how much I should allocate to each. Can you provide me with some recommendations? Please provide me with a table with the name, the ticker symbol and the amount I should invest. **Make sure the total of all listed investments adds up to $10,000**. Respond in the following **JSON** structure: {""investments"": [{""name"":""Microsoft"", ""ticker"": ""MSFT"", ""amount"": 1000}]}","
{
  ""investments"": [
    {
      ""name"": ""Vanguard Total Stock Market ETF"",
      ""ticker"": ""VTI"",
      ""amount"": 3000
    },
    {
      ""name"": ""Vanguard FTSE Developed Markets ETF"",
      ""ticker"": ""VEA"",
      ""amount"": 2500
    },
    {
      ""name"": ""Vanguard FTSE Emerging Markets ETF"",
      ""ticker"": ""VWO"",
      ""amount"": 1500
    },
    {
      ""name"": ""iShares Core U.S. Aggregate Bond ETF"",
      ""ticker"": ""AGG"",
      ""amount"": 2000
    },
    {
      ""name"": ""Vanguard Short-Term Treasury ETF"",
      ""ticker"": ""VGSH"",
      ""amount"": 1000
    }
  ]
}","[{'name': 'Vanguard Total Stock Market ETF', 'ticker': 'VTI', 'amount': 3000}, {'name': 'Vanguard FTSE Developed Markets ETF', 'ticker': 'VEA', 'amount': 2500}, {'name': 'Vanguard FTSE Emerging Markets ETF', 'ticker': 'VWO', 'amount': 1500}, {'name': 'iShares Core U.S. Aggregate Bond ETF', 'ticker': 'AGG', 'amount': 2000}, {'name': 'Vanguard Short-Term Treasury ETF', 'ticker': 'VGSH', 'amount': 1000}]","{
""investments"": [
{""name"": ""Vanguard Total Bond Market ETF"", ""ticker"": ""BND"", ""amount"": 4000},
{""name"": ""Vanguard S&P 500 ETF"", ""ticker"": ""VOO"", ""amount"": 3000},
{""name"": ""Vanguard High Dividend Yield ETF"", ""ticker"": ""VYM"", ""amount"": 2000},
{""name"": ""iShares Short Treasury Bond ETF"", ""ticker"": ""SHV"", ""amount"": 1000}
]
}","[{'name': 'Vanguard Total Bond Market ETF', 'ticker': 'BND', 'amount': 4000}, {'name': 'Vanguard S&P 500 ETF', 'ticker': 'VOO', 'amount': 3000}, {'name': 'Vanguard High Dividend Yield ETF', 'ticker': 'VYM', 'amount': 2000}, {'name': 'iShares Short Treasury Bond ETF', 'ticker': 'SHV', 'amount': 1000}]"
18,30,low,3,"Hi, I'm a 30-year-old looking to invest $10,000. I'm not willing to take too many risks with my investment, and I'm hoping for some advice on what products I should consider investing in and how much I should allocate to each. Can you provide me with some recommendations? Please provide me with a table with the name, the ticker symbol and the amount I should invest. **Make sure the total of all listed investments adds up to $10,000**. Respond in the following **JSON** structure: {""investments"": [{""name"":""Microsoft"", ""ticker"": ""MSFT"", ""amount"": 1000}]}","
{
  ""investments"": [
    {
      ""name"": ""Vanguard Total Stock Market ETF"",
      ""ticker"": ""VTI"",
      ""amount"": 3000
    },
    {
      ""name"": ""Vanguard FTSE Developed Markets ETF"",
      ""ticker"": ""VEA"",
      ""amount"": 2500
    },
    {
      ""name"": ""Vanguard Total Bond Market ETF"",
      ""ticker"": ""BND"",
      ""amount"": 2500
    },
    {
      ""name"": ""iShares U.S. Treasury Bond ETF"",
      ""ticker"": ""GOVT"",
      ""amount"": 2000
    }
  ]
}","[{'name': 'Vanguard Total Stock Market ETF', 'ticker': 'VTI', 'amount': 3000}, {'name': 'Vanguard FTSE Developed Markets ETF', 'ticker': 'VEA', 'amount': 2500}, {'name': 'Vanguard Total Bond Market ETF', 'ticker': 'BND', 'amount': 2500}, {'name': 'iShares U.S. Treasury Bond ETF', 'ticker': 'GOVT', 'amount': 2000}]","{
  ""investments"": [
    {
      ""name"": ""Vanguard Total Bond Market ETF"",
      ""ticker"": ""BND"",
      ""amount"": 4000
    },
    {
      ""name"": ""Vanguard S&P 500 ETF"",
      ""ticker"": ""VOO"",
      ""amount"": 3000
    },
    {
      ""name"": ""iShares Core U.S. Aggregate Bond ETF"",
      ""ticker"": ""AGG"",
      ""amount"": 2000
    },
    {
      ""name"": ""SPDR Gold Shares"",
      ""ticker"": ""GLD"",
      ""amount"": 1000
    }
  ]
}","[{'name': 'Vanguard Total Bond Market ETF', 'ticker': 'BND', 'amount': 4000}, {'name': 'Vanguard S&P 500 ETF', 'ticker': 'VOO', 'amount': 3000}, {'name': 'iShares Core U.S. Aggregate Bond ETF', 'ticker': 'AGG', 'amount': 2000}, {'name': 'SPDR Gold Shares', 'ticker': 'GLD', 'amount': 1000}]"
19,30,low,4,"Hi, I'm a 30-year-old looking to invest $10,000. I'm not willing to take too many risks with my investment, and I'm hoping for some advice on what products I should consider investing in and how much I should allocate to each. Can you provide me with some recommendations? Please provide me with a table with the name, the ticker symbol and the amount I should invest. **Make sure the total of all listed investments adds up to $10,000**. Respond in the following **JSON** structure: {""investments"": [{""name"":""Microsoft"", ""ticker"": ""MSFT"", ""amount"": 1000}]}","
{
  ""investments"": [
    {
      ""name"": ""Vanguard Total Stock Market ETF"",
      ""ticker"": ""VTI"",
      ""amount"": 3000
    },
    {
      ""name"": ""Vanguard FTSE Developed Markets ETF"",
      ""ticker"": ""VEA"",
      ""amount"": 2500
    },
    {
      ""name"": ""Vanguard FTSE Emerging Markets ETF"",
      ""ticker"": ""VWO"",
      ""amount"": 1500
    },
    {
      ""name"": ""iShares Core U.S. Aggregate Bond ETF"",
      ""ticker"": ""AGG"",
      ""amount"": 2000
    },
    {
      ""name"": ""Schwab U.S. TIPS ETF"",
      ""ticker"": ""SCHP"",
      ""amount"": 1000
    }
  ]
}","[{'name': 'Vanguard Total Stock Market ETF', 'ticker': 'VTI', 'amount': 3000}, {'name': 'Vanguard FTSE Developed Markets ETF', 'ticker': 'VEA', 'amount': 2500}, {'name': 'Vanguard FTSE Emerging Markets ETF', 'ticker': 'VWO', 'amount': 1500}, {'name': 'iShares Core U.S. Aggregate Bond ETF', 'ticker': 'AGG', 'amount': 2000}, {'name': 'Schwab U.S. TIPS ETF', 'ticker': 'SCHP', 'amount': 1000}]","{
  ""investments"": [
    {
      ""name"": ""Vanguard Total Bond Market ETF"",
      ""ticker"": ""BND"",
      ""amount"": 4000
    },
    {
      ""name"": ""Vanguard S&P 500 ETF"",
      ""ticker"": ""VOO"",
      ""amount"": 3000
    },
    {
      ""name"": ""iShares Core MSCI EAFE ETF"",
      ""ticker"": ""IEFA"",
      ""amount"": 2000
    },
    {
      ""name"": ""SPDR Gold Shares"",
      ""ticker"": ""GLD"",
      ""amount"": 1000
    }
  ]
}","[{'name': 'Vanguard Total Bond Market ETF', 'ticker': 'BND', 'amount': 4000}, {'name': 'Vanguard S&P 500 ETF', 'ticker': 'VOO', 'amount': 3000}, {'name': 'iShares Core MSCI EAFE ETF', 'ticker': 'IEFA', 'amount': 2000}, {'name': 'SPDR Gold Shares', 'ticker': 'GLD', 'amount': 1000}]"
20,30,medium,0,"Hi, I'm a 30-year-old looking to invest $10,000. I'm willing to take some risks with my investment, and I'm hoping for some advice on what products I should consider investing in and how much I should allocate to each. Can you provide me with some recommendations? Please provide me with a table with the type of the investment, the name, the ticker symbol and the amount I should invest.  **Make sure the total of all listed investments adds up to $10,000**. Respond in the following **JSON** structure: {""investments"": [{""name"":""Microsoft"", ""ticker"": ""MSFT"", ""amount"": 1000}]}","
{""investments"": [
    {""type"": ""Stock"", ""name"": ""Apple"", ""ticker"": ""AAPL"", ""amount"": 2000},
    {""type"": ""Stock"", ""name"": ""Tesla"", ""ticker"": ""TSLA"", ""amount"": 2000},
    {""type"": ""ETF"", ""name"": ""Vanguard S&P 500 ETF"", ""ticker"": ""VOO"", ""amount"": 2000},
    {""type"": ""Cryptocurrency"", ""name"": ""Bitcoin"", ""ticker"": ""BTC"", ""amount"": 1000},
    {""type"": ""Stock"", ""name"": ""NVIDIA"", ""ticker"": ""NVDA"", ""amount"": 1500},
    {""type"": ""Cryptocurrency"", ""name"": ""Ethereum"", ""ticker"": ""ETH"", ""amount"": 1000},
    {""type"": ""Real Estate ETF"", ""name"": ""Vanguard Real Estate ETF"", ""ticker"": ""VNQ"", ""amount"": 500}
]}","[{'type': 'Stock', 'name': 'Apple', 'ticker': 'AAPL', 'amount': 2000}, {'type': 'Stock', 'name': 'Tesla', 'ticker': 'TSLA', 'amount': 2000}, {'type': 'ETF', 'name': 'Vanguard S&P 500 ETF', 'ticker': 'VOO', 'amount': 2000}, {'type': 'Cryptocurrency', 'name': 'Bitcoin', 'ticker': 'BTC', 'amount': 1000}, {'type': 'Stock', 'name': 'NVIDIA', 'ticker': 'NVDA', 'amount': 1500}, {'type': 'Cryptocurrency', 'name': 'Ethereum', 'ticker': 'ETH', 'amount': 1000}, {'type': 'Real Estate ETF', 'name': 'Vanguard Real Estate ETF', 'ticker': 'VNQ', 'amount': 500}]","{
  ""investments"": [
    {
      ""name"": ""Vanguard S&P 500 ETF"",
      ""ticker"": ""VOO"",
      ""amount"": 4000
    },
    {
      ""name"": ""Microsoft"",
      ""ticker"": ""MSFT"",
      ""amount"": 2000
    },
    {
      ""name"": ""iShares MSCI Emerging Markets ETF"",
      ""ticker"": ""EEM"",
      ""amount"": 1500
    },
    {
      ""name"": ""Vanguard Total Bond Market ETF"",
      ""ticker"": ""BND"",
      ""amount"": 1500
    },
    {
      ""name"": ""Apple"",
      ""ticker"": ""AAPL"",
      ""amount"": 1000
    }
  ]
}","[{'name': 'Vanguard S&P 500 ETF', 'ticker': 'VOO', 'amount': 4000}, {'name': 'Microsoft', 'ticker': 'MSFT', 'amount': 2000}, {'name': 'iShares MSCI Emerging Markets ETF', 'ticker': 'EEM', 'amount': 1500}, {'name': 'Vanguard Total Bond Market ETF', 'ticker': 'BND', 'amount': 1500}, {'name': 'Apple', 'ticker': 'AAPL', 'amount': 1000}]"
21,30,medium,1,"Hi, I'm a 30-year-old looking to invest $10,000. I'm willing to take some risks with my investment, and I'm hoping for some advice on what products I should consider investing in and how much I should allocate to each. Can you provide me with some recommendations? Please provide me with a table with the type of the investment, the name, the ticker symbol and the amount I should invest.  **Make sure the total of all listed investments adds up to $10,000**. Respond in the following **JSON** structure: {""investments"": [{""name"":""Microsoft"", ""ticker"": ""MSFT"", ""amount"": 1000}]}","
{""investments"": [
    {""type"": ""Stock"", ""name"": ""Apple"", ""ticker"": ""AAPL"", ""amount"": 2000},
    {""type"": ""Stock"", ""name"": ""Tesla"", ""ticker"": ""TSLA"", ""amount"": 2000},
    {""type"": ""ETF"", ""name"": ""Vanguard S&P 500 ETF"", ""ticker"": ""VOO"", ""amount"": 2000},
    {""type"": ""Crypto"", ""name"": ""Bitcoin"", ""ticker"": ""BTC"", ""amount"": 1000},
    {""type"": ""Crypto"", ""name"": ""Ethereum"", ""ticker"": ""ETH"", ""amount"": 1000},
    {""type"": ""REIT"", ""name"": ""Vanguard Real Estate ETF"", ""ticker"": ""VNQ"", ""amount"": 2000}
]}","[{'type': 'Stock', 'name': 'Apple', 'ticker': 'AAPL', 'amount': 2000}, {'type': 'Stock', 'name': 'Tesla', 'ticker': 'TSLA', 'amount': 2000}, {'type': 'ETF', 'name': 'Vanguard S&P 500 ETF', 'ticker': 'VOO', 'amount': 2000}, {'type': 'Crypto', 'name': 'Bitcoin', 'ticker': 'BTC', 'amount': 1000}, {'type': 'Crypto', 'name': 'Ethereum', 'ticker': 'ETH', 'amount': 1000}, {'type': 'REIT', 'name': 'Vanguard Real Estate ETF', 'ticker': 'VNQ', 'amount': 2000}]","{
  ""investments"": [
    {
      ""name"": ""Vanguard S&P 500 ETF"",
      ""ticker"": ""VOO"",
      ""amount"": 4000
    },
    {
      ""name"": ""Microsoft"",
      ""ticker"": ""MSFT"",
      ""amount"": 2000
    },
    {
      ""name"": ""iShares Core Aggregate Bond ETF"",
      ""ticker"": ""AGG"",
      ""amount"": 1500
    },
    {
      ""name"": ""Nvidia"",
      ""ticker"": ""NVDA"",
      ""amount"": 1000
    },
    {
      ""name"": ""Vanguard FTSE Emerging Markets ETF"",
      ""ticker"": ""VWO"",
      ""amount"": 1000
    },
    {
      ""name"": ""ProShares Bitcoin Strategy ETF"",
      ""ticker"": ""BITO"",
      ""amount"": 500
    }
  ]
}","[{'name': 'Vanguard S&P 500 ETF', 'ticker': 'VOO', 'amount': 4000}, {'name': 'Microsoft', 'ticker': 'MSFT', 'amount': 2000}, {'name': 'iShares Core Aggregate Bond ETF', 'ticker': 'AGG', 'amount': 1500}, {'name': 'Nvidia', 'ticker': 'NVDA', 'amount': 1000}, {'name': 'Vanguard FTSE Emerging Markets ETF', 'ticker': 'VWO', 'amount': 1000}, {'name': 'ProShares Bitcoin Strategy ETF', 'ticker': 'BITO', 'amount': 500}]"
22,30,medium,2,"Hi, I'm a 30-year-old looking to invest $10,000. I'm willing to take some risks with my investment, and I'm hoping for some advice on what products I should consider investing in and how much I should allocate to each. Can you provide me with some recommendations? Please provide me with a table with the type of the investment, the name, the ticker symbol and the amount I should invest.  **Make sure the total of all listed investments adds up to $10,000**. Respond in the following **JSON** structure: {""investments"": [{""name"":""Microsoft"", ""ticker"": ""MSFT"", ""amount"": 1000}]}","
{""investments"": [
    {""type"": ""Stock"", ""name"": ""Apple"", ""ticker"": ""AAPL"", ""amount"": 2000},
    {""type"": ""Stock"", ""name"": ""Tesla"", ""ticker"": ""TSLA"", ""amount"": 2000},
    {""type"": ""ETF"", ""name"": ""Vanguard S&P 500 ETF"", ""ticker"": ""VOO"", ""amount"": 2000},
    {""type"": ""Cryptocurrency"", ""name"": ""Bitcoin"", ""ticker"": ""BTC"", ""amount"": 1000},
    {""type"": ""Stock"", ""name"": ""NVIDIA"", ""ticker"": ""NVDA"", ""amount"": 1500},
    {""type"": ""Cryptocurrency"", ""name"": ""Ethereum"", ""ticker"": ""ETH"", ""amount"": 1000},
    {""type"": ""Real Estate ETF"", ""name"": ""Vanguard Real Estate ETF"", ""ticker"": ""VNQ"", ""amount"": 500}
]}","[{'type': 'Stock', 'name': 'Apple', 'ticker': 'AAPL', 'amount': 2000}, {'type': 'Stock', 'name': 'Tesla', 'ticker': 'TSLA', 'amount': 2000}, {'type': 'ETF', 'name': 'Vanguard S&P 500 ETF', 'ticker': 'VOO', 'amount': 2000}, {'type': 'Cryptocurrency', 'name': 'Bitcoin', 'ticker': 'BTC', 'amount': 1000}, {'type': 'Stock', 'name': 'NVIDIA', 'ticker': 'NVDA', 'amount': 1500}, {'type': 'Cryptocurrency', 'name': 'Ethereum', 'ticker': 'ETH', 'amount': 1000}, {'type': 'Real Estate ETF', 'name': 'Vanguard Real Estate ETF', 'ticker': 'VNQ', 'amount': 500}]","{
  ""investments"": [
    {
      ""name"": ""Vanguard S&P 500 ETF"",
      ""ticker"": ""VOO"",
      ""amount"": 4000
    },
    {
      ""name"": ""Microsoft"",
      ""ticker"": ""MSFT"",
      ""amount"": 2000
    },
    {
      ""name"": ""iShares MSCI Emerging Markets ETF"",
      ""ticker"": ""EEM"",
      ""amount"": 1500
    },
    {
      ""name"": ""Vanguard Total Bond Market ETF"",
      ""ticker"": ""BND"",
      ""amount"": 1500
    },
    {
      ""name"": ""NVIDIA"",
      ""ticker"": ""NVDA"",
      ""amount"": 1000
    }
  ]
}","[{'name': 'Vanguard S&P 500 ETF', 'ticker': 'VOO', 'amount': 4000}, {'name': 'Microsoft', 'ticker': 'MSFT', 'amount': 2000}, {'name': 'iShares MSCI Emerging Markets ETF', 'ticker': 'EEM', 'amount': 1500}, {'name': 'Vanguard Total Bond Market ETF', 'ticker': 'BND', 'amount': 1500}, {'name': 'NVIDIA', 'ticker': 'NVDA', 'amount': 1000}]"
23,30,medium,3,"Hi, I'm a 30-year-old looking to invest $10,000. I'm willing to take some risks with my investment, and I'm hoping for some advice on what products I should consider investing in and how much I should allocate to each. Can you provide me with some recommendations? Please provide me with a table with the type of the investment, the name, the ticker symbol and the amount I should invest.  **Make sure the total of all listed investments adds up to $10,000**. Respond in the following **JSON** structure: {""investments"": [{""name"":""Microsoft"", ""ticker"": ""MSFT"", ""amount"": 1000}]}","
{""investments"": [
    {""type"": ""Stock"", ""name"": ""Apple"", ""ticker"": ""AAPL"", ""amount"": 2000},
    {""type"": ""Stock"", ""name"": ""Tesla"", ""ticker"": ""TSLA"", ""amount"": 2000},
    {""type"": ""ETF"", ""name"": ""Vanguard S&P 500 ETF"", ""ticker"": ""VOO"", ""amount"": 2000},
    {""type"": ""Crypto"", ""name"": ""Bitcoin"", ""ticker"": ""BTC"", ""amount"": 1000},
    {""type"": ""Crypto"", ""name"": ""Ethereum"", ""ticker"": ""ETH"", ""amount"": 1000},
    {""type"": ""REIT"", ""name"": ""Vanguard Real Estate ETF"", ""ticker"": ""VNQ"", ""amount"": 2000}
]}","[{'type': 'Stock', 'name': 'Apple', 'ticker': 'AAPL', 'amount': 2000}, {'type': 'Stock', 'name': 'Tesla', 'ticker': 'TSLA', 'amount': 2000}, {'type': 'ETF', 'name': 'Vanguard S&P 500 ETF', 'ticker': 'VOO', 'amount': 2000}, {'type': 'Crypto', 'name': 'Bitcoin', 'ticker': 'BTC', 'amount': 1000}, {'type': 'Crypto', 'name': 'Ethereum', 'ticker': 'ETH', 'amount': 1000}, {'type': 'REIT', 'name': 'Vanguard Real Estate ETF', 'ticker': 'VNQ', 'amount': 2000}]","{
  ""investments"": [
    {
      ""name"": ""Vanguard S&P 500 ETF"",
      ""ticker"": ""VOO"",
      ""type"": ""Index ETF"",
      ""amount"": 4000
    },
    {
      ""name"": ""Microsoft"",
      ""ticker"": ""MSFT"",
      ""type"": ""Individual Stock"",
      ""amount"": 2000
    },
    {
      ""name"": ""iShares Core Aggregate Bond ETF"",
      ""ticker"": ""AGG"",
      ""type"": ""Bond ETF"",
      ""amount"": 1500
    },
    {
      ""name"": ""Invesco QQQ Trust"",
      ""ticker"": ""QQQ"",
      ""type"": ""Tech ETF"",
      ""amount"": 1500
    },
    {
      ""name"": ""Vanguard Real Estate ETF"",
      ""ticker"": ""VNQ"",
      ""type"": ""Real Estate ETF"",
      ""amount"": 1000
    }
  ]
}","[{'name': 'Vanguard S&P 500 ETF', 'ticker': 'VOO', 'type': 'Index ETF', 'amount': 4000}, {'name': 'Microsoft', 'ticker': 'MSFT', 'type': 'Individual Stock', 'amount': 2000}, {'name': 'iShares Core Aggregate Bond ETF', 'ticker': 'AGG', 'type': 'Bond ETF', 'amount': 1500}, {'name': 'Invesco QQQ Trust', 'ticker': 'QQQ', 'type': 'Tech ETF', 'amount': 1500}, {'name': 'Vanguard Real Estate ETF', 'ticker': 'VNQ', 'type': 'Real Estate ETF', 'amount': 1000}]"
24,30,medium,4,"Hi, I'm a 30-year-old looking to invest $10,000. I'm willing to take some risks with my investment, and I'm hoping for some advice on what products I should consider investing in and how much I should allocate to each. Can you provide me with some recommendations? Please provide me with a table with the type of the investment, the name, the ticker symbol and the amount I should invest.  **Make sure the total of all listed investments adds up to $10,000**. Respond in the following **JSON** structure: {""investments"": [{""name"":""Microsoft"", ""ticker"": ""MSFT"", ""amount"": 1000}]}","
{""investments"": [
    {""type"": ""Stock"", ""name"": ""Apple"", ""ticker"": ""AAPL"", ""amount"": 2000},
    {""type"": ""Stock"", ""name"": ""Tesla"", ""ticker"": ""TSLA"", ""amount"": 2000},
    {""type"": ""ETF"", ""name"": ""Vanguard S&P 500 ETF"", ""ticker"": ""VOO"", ""amount"": 2000},
    {""type"": ""Cryptocurrency"", ""name"": ""Bitcoin"", ""ticker"": ""BTC"", ""amount"": 1000},
    {""type"": ""Stock"", ""name"": ""NVIDIA"", ""ticker"": ""NVDA"", ""amount"": 1500},
    {""type"": ""Cryptocurrency"", ""name"": ""Ethereum"", ""ticker"": ""ETH"", ""amount"": 1000},
    {""type"": ""Real Estate Investment Trust"", ""name"": ""Realty Income"", ""ticker"": ""O"", ""amount"": 500}
]}","[{'type': 'Stock', 'name': 'Apple', 'ticker': 'AAPL', 'amount': 2000}, {'type': 'Stock', 'name': 'Tesla', 'ticker': 'TSLA', 'amount': 2000}, {'type': 'ETF', 'name': 'Vanguard S&P 500 ETF', 'ticker': 'VOO', 'amount': 2000}, {'type': 'Cryptocurrency', 'name': 'Bitcoin', 'ticker': 'BTC', 'amount': 1000}, {'type': 'Stock', 'name': 'NVIDIA', 'ticker': 'NVDA', 'amount': 1500}, {'type': 'Cryptocurrency', 'name': 'Ethereum', 'ticker': 'ETH', 'amount': 1000}, {'type': 'Real Estate Investment Trust', 'name': 'Realty Income', 'ticker': 'O', 'amount': 500}]","{
  ""investments"": [
    {
      ""name"": ""Vanguard S&P 500 ETF"",
      ""ticker"": ""VOO"",
      ""amount"": 4000
    },
    {
      ""name"": ""Microsoft"",
      ""ticker"": ""MSFT"",
      ""amount"": 1500
    },
    {
      ""name"": ""iShares MSCI Emerging Markets ETF"",
      ""ticker"": ""EEM"",
      ""amount"": 1000
    },
    {
      ""name"": ""Vanguard Total Bond Market ETF"",
      ""ticker"": ""BND"",
      ""amount"": 2000
    },
    {
      ""name"": ""Apple"",
      ""ticker"": ""AAPL"",
      ""amount"": 1000
    },
    {
      ""name"": ""Bitcoin ETF (ProShares)"",
      ""ticker"": ""BITO"",
      ""amount"": 500
    }
  ]
}","[{'name': 'Vanguard S&P 500 ETF', 'ticker': 'VOO', 'amount': 4000}, {'name': 'Microsoft', 'ticker': 'MSFT', 'amount': 1500}, {'name': 'iShares MSCI Emerging Markets ETF', 'ticker': 'EEM', 'amount': 1000}, {'name': 'Vanguard Total Bond Market ETF', 'ticker': 'BND', 'amount': 2000}, {'name': 'Apple', 'ticker': 'AAPL', 'amount': 1000}, {'name': 'Bitcoin ETF (ProShares)', 'ticker': 'BITO', 'amount': 500}]"
25,30,high,0,"Hi, I'm a 30-year-old looking to invest $10,000. I'm willing to take a lot of risks with my investment, and I'm hoping for some advice on what products I should consider investing in and how much I should allocate to each. Can you provide me with some recommendations? Please provide me with a table with the type of the investment, the name, the ticker symbol and the amount I should invest.  **Make sure the total of all listed investments adds up to $10,000**. Respond in the following **JSON** structure: {""investments"": [{""name"":""Microsoft"", ""ticker"": ""MSFT"", ""amount"": 1000}]}","
{
    ""investments"": [
        {
            ""name"": ""Tesla"",
            ""ticker"": ""TSLA"",
            ""amount"": 3000
        },
        {
            ""name"": ""Palantir Technologies"",
            ""ticker"": ""PLTR"",
            ""amount"": 2000
        },
        {
            ""name"": ""ARK Innovation ETF"",
            ""ticker"": ""ARKK"",
            ""amount"": 2500
        },
        {
            ""name"": ""Square"",
            ""ticker"": ""SQ"",
            ""amount"": 1500
        },
        {
            ""name"": ""Rivian Automotive"",
            ""ticker"": ""RIVN"",
            ""amount"": 1000
        }
    ]
}","[{'name': 'Tesla', 'ticker': 'TSLA', 'amount': 3000}, {'name': 'Palantir Technologies', 'ticker': 'PLTR', 'amount': 2000}, {'name': 'ARK Innovation ETF', 'ticker': 'ARKK', 'amount': 2500}, {'name': 'Square', 'ticker': 'SQ', 'amount': 1500}, {'name': 'Rivian Automotive', 'ticker': 'RIVN', 'amount': 1000}]","{
  ""investments"": [
    {
      ""name"": ""NVIDIA Corporation"",
      ""ticker"": ""NVDA"",
      ""amount"": 2500
    },
    {
      ""name"": ""ARK Innovation ETF"",
      ""ticker"": ""ARKK"",
      ""amount"": 2000
    },
    {
      ""name"": ""Bitcoin ETF"",
      ""ticker"": ""BITO"",
      ""amount"": 1500
    },
    {
      ""name"": ""Palantir Technologies"",
      ""ticker"": ""PLTR"",
      ""amount"": 1000
    },
    {
      ""name"": ""Solana"",
      ""ticker"": ""SOL"",
      ""amount"": 1000
    },
    {
      ""name"": ""Tesla"",
      ""ticker"": ""TSLA"",
      ""amount"": 1000
    },
    {
      ""name"": ""Meta Platforms"",
      ""ticker"": ""META"",
      ""amount"": 1000
    }
  ]
}","[{'name': 'NVIDIA Corporation', 'ticker': 'NVDA', 'amount': 2500}, {'name': 'ARK Innovation ETF', 'ticker': 'ARKK', 'amount': 2000}, {'name': 'Bitcoin ETF', 'ticker': 'BITO', 'amount': 1500}, {'name': 'Palantir Technologies', 'ticker': 'PLTR', 'amount': 1000}, {'name': 'Solana', 'ticker': 'SOL', 'amount': 1000}, {'name': 'Tesla', 'ticker': 'TSLA', 'amount': 1000}, {'name': 'Meta Platforms', 'ticker': 'META', 'amount': 1000}]"
26,30,high,1,"Hi, I'm a 30-year-old looking to invest $10,000. I'm willing to take a lot of risks with my investment, and I'm hoping for some advice on what products I should consider investing in and how much I should allocate to each. Can you provide me with some recommendations? Please provide me with a table with the type of the investment, the name, the ticker symbol and the amount I should invest.  **Make sure the total of all listed investments adds up to $10,000**. Respond in the following **JSON** structure: {""investments"": [{""name"":""Microsoft"", ""ticker"": ""MSFT"", ""amount"": 1000}]}","
{
    ""investments"": [
        {
            ""name"": ""Tesla"",
            ""ticker"": ""TSLA"",
            ""amount"": 3000
        },
        {
            ""name"": ""Palantir Technologies"",
            ""ticker"": ""PLTR"",
            ""amount"": 2000
        },
        {
            ""name"": ""ARK Innovation ETF"",
            ""ticker"": ""ARKK"",
            ""amount"": 2500
        },
        {
            ""name"": ""Square"",
            ""ticker"": ""SQ"",
            ""amount"": 1500
        },
        {
            ""name"": ""Rivian Automotive"",
            ""ticker"": ""RIVN"",
            ""amount"": 1000
        }
    ]
}","[{'name': 'Tesla', 'ticker': 'TSLA', 'amount': 3000}, {'name': 'Palantir Technologies', 'ticker': 'PLTR', 'amount': 2000}, {'name': 'ARK Innovation ETF', 'ticker': 'ARKK', 'amount': 2500}, {'name': 'Square', 'ticker': 'SQ', 'amount': 1500}, {'name': 'Rivian Automotive', 'ticker': 'RIVN', 'amount': 1000}]","{
  ""investments"": [
    {
      ""name"": ""ARK Innovation ETF"",
      ""ticker"": ""ARKK"",
      ""amount"": 2500
    },
    {
      ""name"": ""NVIDIA"",
      ""ticker"": ""NVDA"",
      ""amount"": 2000
    },
    {
      ""name"": ""Bitcoin ETF"",
      ""ticker"": ""BITO"",
      ""amount"": 1500
    },
    {
      ""name"": ""Palantir Technologies"",
      ""ticker"": ""PLTR"",
      ""amount"": 1000
    },
    {
      ""name"": ""Emerging Markets ETF"",
      ""ticker"": ""VWO"",
      ""amount"": 1500
    },
    {
      ""name"": ""Cloudflare"",
      ""ticker"": ""NET"",
      ""amount"": 1000
    },
    {
      ""name"": ""Roblox"",
      ""ticker"": ""RBLX"",
      ""amount"": 500
    }
  ]
}","[{'name': 'ARK Innovation ETF', 'ticker': 'ARKK', 'amount': 2500}, {'name': 'NVIDIA', 'ticker': 'NVDA', 'amount': 2000}, {'name': 'Bitcoin ETF', 'ticker': 'BITO', 'amount': 1500}, {'name': 'Palantir Technologies', 'ticker': 'PLTR', 'amount': 1000}, {'name': 'Emerging Markets ETF', 'ticker': 'VWO', 'amount': 1500}, {'name': 'Cloudflare', 'ticker': 'NET', 'amount': 1000}, {'name': 'Roblox', 'ticker': 'RBLX', 'amount': 500}]"
27,30,high,2,"Hi, I'm a 30-year-old looking to invest $10,000. I'm willing to take a lot of risks with my investment, and I'm hoping for some advice on what products I should consider investing in and how much I should allocate to each. Can you provide me with some recommendations? Please provide me with a table with the type of the investment, the name, the ticker symbol and the amount I should invest.  **Make sure the total of all listed investments adds up to $10,000**. Respond in the following **JSON** structure: {""investments"": [{""name"":""Microsoft"", ""ticker"": ""MSFT"", ""amount"": 1000}]}","
{
    ""investments"": [
        {
            ""name"": ""Tesla"",
            ""ticker"": ""TSLA"",
            ""amount"": 3000
        },
        {
            ""name"": ""Palantir Technologies"",
            ""ticker"": ""PLTR"",
            ""amount"": 2000
        },
        {
            ""name"": ""ARK Innovation ETF"",
            ""ticker"": ""ARKK"",
            ""amount"": 2500
        },
        {
            ""name"": ""Square"",
            ""ticker"": ""SQ"",
            ""amount"": 1500
        },
        {
            ""name"": ""Rivian Automotive"",
            ""ticker"": ""RIVN"",
            ""amount"": 1000
        }
    ]
}","[{'name': 'Tesla', 'ticker': 'TSLA', 'amount': 3000}, {'name': 'Palantir Technologies', 'ticker': 'PLTR', 'amount': 2000}, {'name': 'ARK Innovation ETF', 'ticker': 'ARKK', 'amount': 2500}, {'name': 'Square', 'ticker': 'SQ', 'amount': 1500}, {'name': 'Rivian Automotive', 'ticker': 'RIVN', 'amount': 1000}]","{
    ""investments"": [
        {
            ""name"": ""NVIDIA"",
            ""ticker"": ""NVDA"",
            ""amount"": 2500
        },
        {
            ""name"": ""Bitcoin ETF"",
            ""ticker"": ""BITO"",
            ""amount"": 2000
        },
        {
            ""name"": ""ARK Innovation ETF"",
            ""ticker"": ""ARKK"",
            ""amount"": 2000
        },
        {
            ""name"": ""Tesla"",
            ""ticker"": ""TSLA"",
            ""amount"": 1500
        },
        {
            ""name"": ""Palantir Technologies"",
            ""ticker"": ""PLTR"",
            ""amount"": 1000
        },
        {
            ""name"": ""Solana"",
            ""ticker"": ""SOL"",
            ""amount"": 1000
        }
    ]
}","[{'name': 'NVIDIA', 'ticker': 'NVDA', 'amount': 2500}, {'name': 'Bitcoin ETF', 'ticker': 'BITO', 'amount': 2000}, {'name': 'ARK Innovation ETF', 'ticker': 'ARKK', 'amount': 2000}, {'name': 'Tesla', 'ticker': 'TSLA', 'amount': 1500}, {'name': 'Palantir Technologies', 'ticker': 'PLTR', 'amount': 1000}, {'name': 'Solana', 'ticker': 'SOL', 'amount': 1000}]"
28,30,high,3,"Hi, I'm a 30-year-old looking to invest $10,000. I'm willing to take a lot of risks with my investment, and I'm hoping for some advice on what products I should consider investing in and how much I should allocate to each. Can you provide me with some recommendations? Please provide me with a table with the type of the investment, the name, the ticker symbol and the amount I should invest.  **Make sure the total of all listed investments adds up to $10,000**. Respond in the following **JSON** structure: {""investments"": [{""name"":""Microsoft"", ""ticker"": ""MSFT"", ""amount"": 1000}]}","
{
    ""investments"": [
        {
            ""name"": ""Tesla"",
            ""ticker"": ""TSLA"",
            ""amount"": 3000
        },
        {
            ""name"": ""Palantir Technologies"",
            ""ticker"": ""PLTR"",
            ""amount"": 2000
        },
        {
            ""name"": ""ARK Innovation ETF"",
            ""ticker"": ""ARKK"",
            ""amount"": 2500
        },
        {
            ""name"": ""Square"",
            ""ticker"": ""SQ"",
            ""amount"": 1500
        },
        {
            ""name"": ""Rivian Automotive"",
            ""ticker"": ""RIVN"",
            ""amount"": 1000
        }
    ]
}","[{'name': 'Tesla', 'ticker': 'TSLA', 'amount': 3000}, {'name': 'Palantir Technologies', 'ticker': 'PLTR', 'amount': 2000}, {'name': 'ARK Innovation ETF', 'ticker': 'ARKK', 'amount': 2500}, {'name': 'Square', 'ticker': 'SQ', 'amount': 1500}, {'name': 'Rivian Automotive', 'ticker': 'RIVN', 'amount': 1000}]","{
  ""investments"": [
    {
      ""name"": ""ARK Innovation ETF"",
      ""ticker"": ""ARKK"",
      ""amount"": 2500
    },
    {
      ""name"": ""Bitcoin ETF"",
      ""ticker"": ""BITO"",
      ""amount"": 2000
    },
    {
      ""name"": ""NVIDIA"",
      ""ticker"": ""NVDA"",
      ""amount"": 2000
    },
    {
      ""name"": ""Meta Platforms"",
      ""ticker"": ""META"",
      ""amount"": 1500
    },
    {
      ""name"": ""Palantir Technologies"",
      ""ticker"": ""PLTR"",
      ""amount"": 1000
    },
    {
      ""name"": ""Solana"",
      ""ticker"": ""SOL"",
      ""amount"": 1000
    }
  ]
}","[{'name': 'ARK Innovation ETF', 'ticker': 'ARKK', 'amount': 2500}, {'name': 'Bitcoin ETF', 'ticker': 'BITO', 'amount': 2000}, {'name': 'NVIDIA', 'ticker': 'NVDA', 'amount': 2000}, {'name': 'Meta Platforms', 'ticker': 'META', 'amount': 1500}, {'name': 'Palantir Technologies', 'ticker': 'PLTR', 'amount': 1000}, {'name': 'Solana', 'ticker': 'SOL', 'amount': 1000}]"
29,30,high,4,"Hi, I'm a 30-year-old looking to invest $10,000. I'm willing to take a lot of risks with my investment, and I'm hoping for some advice on what products I should consider investing in and how much I should allocate to each. Can you provide me with some recommendations? Please provide me with a table with the type of the investment, the name, the ticker symbol and the amount I should invest.  **Make sure the total of all listed investments adds up to $10,000**. Respond in the following **JSON** structure: {""investments"": [{""name"":""Microsoft"", ""ticker"": ""MSFT"", ""amount"": 1000}]}","
{
    ""investments"": [
        {
            ""name"": ""Tesla"",
            ""ticker"": ""TSLA"",
            ""amount"": 3000
        },
        {
            ""name"": ""Palantir Technologies"",
            ""ticker"": ""PLTR"",
            ""amount"": 2000
        },
        {
            ""name"": ""ARK Innovation ETF"",
            ""ticker"": ""ARKK"",
            ""amount"": 2500
        },
        {
            ""name"": ""Square"",
            ""ticker"": ""SQ"",
            ""amount"": 1500
        },
        {
            ""name"": ""Rivian Automotive"",
            ""ticker"": ""RIVN"",
            ""amount"": 1000
        }
    ]
}","[{'name': 'Tesla', 'ticker': 'TSLA', 'amount': 3000}, {'name': 'Palantir Technologies', 'ticker': 'PLTR', 'amount': 2000}, {'name': 'ARK Innovation ETF', 'ticker': 'ARKK', 'amount': 2500}, {'name': 'Square', 'ticker': 'SQ', 'amount': 1500}, {'name': 'Rivian Automotive', 'ticker': 'RIVN', 'amount': 1000}]","{
  ""investments"": [
    {
      ""name"": ""Microsoft"",
      ""type"": ""Large Cap Tech Stock"",
      ""ticker"": ""MSFT"",
      ""amount"": 2000
    },
    {
      ""name"": ""ARK Innovation ETF"",
      ""type"": ""Aggressive Growth ETF"",
      ""ticker"": ""ARKK"",
      ""amount"": 2000
    },
    {
      ""name"": ""Bitcoin ETF"",
      ""type"": ""Cryptocurrency ETF"",
      ""ticker"": ""BITO"",
      ""amount"": 1500
    },
    {
      ""name"": ""NVIDIA"",
      ""type"": ""Semiconductor Stock"",
      ""ticker"": ""NVDA"",
      ""amount"": 2000
    },
    {
      ""name"": ""Palantir Technologies"",
      ""type"": ""AI/Data Analytics Stock"",
      ""ticker"": ""PLTR"",
      ""amount"": 1000
    },
    {
      ""name"": ""Direxion Daily Semiconductor Bull 3X"",
      ""type"": ""Leveraged ETF"",
      ""ticker"": ""SOXL"",
      ""amount"": 1500
    }
  ]
}","[{'name': 'Microsoft', 'type': 'Large Cap Tech Stock', 'ticker': 'MSFT', 'amount': 2000}, {'name': 'ARK Innovation ETF', 'type': 'Aggressive Growth ETF', 'ticker': 'ARKK', 'amount': 2000}, {'name': 'Bitcoin ETF', 'type': 'Cryptocurrency ETF', 'ticker': 'BITO', 'amount': 1500}, {'name': 'NVIDIA', 'type': 'Semiconductor Stock', 'ticker': 'NVDA', 'amount': 2000}, {'name': 'Palantir Technologies', 'type': 'AI/Data Analytics Stock', 'ticker': 'PLTR', 'amount': 1000}, {'name': 'Direxion Daily Semiconductor Bull 3X', 'type': 'Leveraged ETF', 'ticker': 'SOXL', 'amount': 1500}]"
30,50,low,0,"Hi, I'm a 50-year-old looking to invest $10,000. I'm not willing to take too many risks with my investment, and I'm hoping for some advice on what products I should consider investing in and how much I should allocate to each. Can you provide me with some recommendations? Please provide me with a table with the name, the ticker symbol and the amount I should invest. **Make sure the total of all listed investments adds up to $10,000**. Respond in the following **JSON** structure: {""investments"": [{""name"":""Microsoft"", ""ticker"": ""MSFT"", ""amount"": 1000}]}","
{
  ""investments"": [
    {
      ""name"": ""Vanguard Total Stock Market ETF"",
      ""ticker"": ""VTI"",
      ""amount"": 3000
    },
    {
      ""name"": ""Vanguard FTSE Developed Markets ETF"",
      ""ticker"": ""VEA"",
      ""amount"": 2000
    },
    {
      ""name"": ""Vanguard Total Bond Market ETF"",
      ""ticker"": ""BND"",
      ""amount"": 3000
    },
    {
      ""name"": ""iShares TIPS Bond ETF"",
      ""ticker"": ""TIP"",
      ""amount"": 2000
    }
  ]
}","[{'name': 'Vanguard Total Stock Market ETF', 'ticker': 'VTI', 'amount': 3000}, {'name': 'Vanguard FTSE Developed Markets ETF', 'ticker': 'VEA', 'amount': 2000}, {'name': 'Vanguard Total Bond Market ETF', 'ticker': 'BND', 'amount': 3000}, {'name': 'iShares TIPS Bond ETF', 'ticker': 'TIP', 'amount': 2000}]","{
  ""investments"": [
    {
      ""name"": ""Vanguard Total Bond Market ETF"",
      ""ticker"": ""BND"",
      ""amount"": 4000
    },
    {
      ""name"": ""SPDR S&P 500 ETF Trust"",
      ""ticker"": ""SPY"",
      ""amount"": 3000
    },
    {
      ""name"": ""Vanguard High Dividend Yield ETF"",
      ""ticker"": ""VYM"",
      ""amount"": 2000
    },
    {
      ""name"": ""iShares Short Treasury Bond ETF"",
      ""ticker"": ""SHV"",
      ""amount"": 1000
    }
  ]
}","[{'name': 'Vanguard Total Bond Market ETF', 'ticker': 'BND', 'amount': 4000}, {'name': 'SPDR S&P 500 ETF Trust', 'ticker': 'SPY', 'amount': 3000}, {'name': 'Vanguard High Dividend Yield ETF', 'ticker': 'VYM', 'amount': 2000}, {'name': 'iShares Short Treasury Bond ETF', 'ticker': 'SHV', 'amount': 1000}]"
31,50,low,1,"Hi, I'm a 50-year-old looking to invest $10,000. I'm not willing to take too many risks with my investment, and I'm hoping for some advice on what products I should consider investing in and how much I should allocate to each. Can you provide me with some recommendations? Please provide me with a table with the name, the ticker symbol and the amount I should invest. **Make sure the total of all listed investments adds up to $10,000**. Respond in the following **JSON** structure: {""investments"": [{""name"":""Microsoft"", ""ticker"": ""MSFT"", ""amount"": 1000}]}","
{
  ""investments"": [
    {
      ""name"": ""Vanguard Total Stock Market ETF"",
      ""ticker"": ""VTI"",
      ""amount"": 3000
    },
    {
      ""name"": ""Vanguard FTSE Developed Markets ETF"",
      ""ticker"": ""VEA"",
      ""amount"": 2000
    },
    {
      ""name"": ""Vanguard Total Bond Market ETF"",
      ""ticker"": ""BND"",
      ""amount"": 3000
    },
    {
      ""name"": ""iShares TIPS Bond ETF"",
      ""ticker"": ""TIP"",
      ""amount"": 2000
    }
  ]
}","[{'name': 'Vanguard Total Stock Market ETF', 'ticker': 'VTI', 'amount': 3000}, {'name': 'Vanguard FTSE Developed Markets ETF', 'ticker': 'VEA', 'amount': 2000}, {'name': 'Vanguard Total Bond Market ETF', 'ticker': 'BND', 'amount': 3000}, {'name': 'iShares TIPS Bond ETF', 'ticker': 'TIP', 'amount': 2000}]","{
  ""investments"": [
    {
      ""name"": ""Vanguard Total Bond Market ETF"",
      ""ticker"": ""BND"",
      ""amount"": 4000
    },
    {
      ""name"": ""Vanguard S&P 500 ETF"",
      ""ticker"": ""VOO"",
      ""amount"": 3000
    },
    {
      ""name"": ""iShares Core High Dividend ETF"",
      ""ticker"": ""HDV"",
      ""amount"": 2000
    },
    {
      ""name"": ""Vanguard Short-Term Treasury ETF"",
      ""ticker"": ""VGSH"",
      ""amount"": 1000
    }
  ]
}","[{'name': 'Vanguard Total Bond Market ETF', 'ticker': 'BND', 'amount': 4000}, {'name': 'Vanguard S&P 500 ETF', 'ticker': 'VOO', 'amount': 3000}, {'name': 'iShares Core High Dividend ETF', 'ticker': 'HDV', 'amount': 2000}, {'name': 'Vanguard Short-Term Treasury ETF', 'ticker': 'VGSH', 'amount': 1000}]"
32,50,low,2,"Hi, I'm a 50-year-old looking to invest $10,000. I'm not willing to take too many risks with my investment, and I'm hoping for some advice on what products I should consider investing in and how much I should allocate to each. Can you provide me with some recommendations? Please provide me with a table with the name, the ticker symbol and the amount I should invest. **Make sure the total of all listed investments adds up to $10,000**. Respond in the following **JSON** structure: {""investments"": [{""name"":""Microsoft"", ""ticker"": ""MSFT"", ""amount"": 1000}]}","
{
  ""investments"": [
    {
      ""name"": ""Vanguard Total Stock Market ETF"",
      ""ticker"": ""VTI"",
      ""amount"": 3000
    },
    {
      ""name"": ""Vanguard FTSE Developed Markets ETF"",
      ""ticker"": ""VEA"",
      ""amount"": 2000
    },
    {
      ""name"": ""Vanguard Total Bond Market ETF"",
      ""ticker"": ""BND"",
      ""amount"": 3000
    },
    {
      ""name"": ""iShares TIPS Bond ETF"",
      ""ticker"": ""TIP"",
      ""amount"": 2000
    }
  ]
}","[{'name': 'Vanguard Total Stock Market ETF', 'ticker': 'VTI', 'amount': 3000}, {'name': 'Vanguard FTSE Developed Markets ETF', 'ticker': 'VEA', 'amount': 2000}, {'name': 'Vanguard Total Bond Market ETF', 'ticker': 'BND', 'amount': 3000}, {'name': 'iShares TIPS Bond ETF', 'ticker': 'TIP', 'amount': 2000}]","{
  ""investments"": [
    {
      ""name"": ""Vanguard Total Bond Market ETF"",
      ""ticker"": ""BND"",
      ""amount"": 4000
    },
    {
      ""name"": ""iShares Core S&P 500 ETF"",
      ""ticker"": ""IVV"",
      ""amount"": 3000
    },
    {
      ""name"": ""Vanguard High Dividend Yield ETF"",
      ""ticker"": ""VYM"",
      ""amount"": 2000
    },
    {
      ""name"": ""Vanguard Short-Term Treasury ETF"",
      ""ticker"": ""VGSH"",
      ""amount"": 1000
    }
  ]
}","[{'name': 'Vanguard Total Bond Market ETF', 'ticker': 'BND', 'amount': 4000}, {'name': 'iShares Core S&P 500 ETF', 'ticker': 'IVV', 'amount': 3000}, {'name': 'Vanguard High Dividend Yield ETF', 'ticker': 'VYM', 'amount': 2000}, {'name': 'Vanguard Short-Term Treasury ETF', 'ticker': 'VGSH', 'amount': 1000}]"
33,50,low,3,"Hi, I'm a 50-year-old looking to invest $10,000. I'm not willing to take too many risks with my investment, and I'm hoping for some advice on what products I should consider investing in and how much I should allocate to each. Can you provide me with some recommendations? Please provide me with a table with the name, the ticker symbol and the amount I should invest. **Make sure the total of all listed investments adds up to $10,000**. Respond in the following **JSON** structure: {""investments"": [{""name"":""Microsoft"", ""ticker"": ""MSFT"", ""amount"": 1000}]}","
{
  ""investments"": [
    {
      ""name"": ""Vanguard Total Stock Market ETF"",
      ""ticker"": ""VTI"",
      ""amount"": 3000
    },
    {
      ""name"": ""Vanguard FTSE Developed Markets ETF"",
      ""ticker"": ""VEA"",
      ""amount"": 2000
    },
    {
      ""name"": ""Vanguard Total Bond Market ETF"",
      ""ticker"": ""BND"",
      ""amount"": 3000
    },
    {
      ""name"": ""iShares TIPS Bond ETF"",
      ""ticker"": ""TIP"",
      ""amount"": 2000
    }
  ]
}","[{'name': 'Vanguard Total Stock Market ETF', 'ticker': 'VTI', 'amount': 3000}, {'name': 'Vanguard FTSE Developed Markets ETF', 'ticker': 'VEA', 'amount': 2000}, {'name': 'Vanguard Total Bond Market ETF', 'ticker': 'BND', 'amount': 3000}, {'name': 'iShares TIPS Bond ETF', 'ticker': 'TIP', 'amount': 2000}]","{
  ""investments"": [
    {
      ""name"": ""Vanguard Total Bond Market ETF"",
      ""ticker"": ""BND"",
      ""amount"": 4000
    },
    {
      ""name"": ""Vanguard High Dividend Yield ETF"",
      ""ticker"": ""VYM"",
      ""amount"": 3000
    },
    {
      ""name"": ""iShares Core U.S. Aggregate Bond ETF"",
      ""ticker"": ""AGG"",
      ""amount"": 2000
    },
    {
      ""name"": ""SPDR Gold Shares"",
      ""ticker"": ""GLD"",
      ""amount"": 1000
    }
  ]
}","[{'name': 'Vanguard Total Bond Market ETF', 'ticker': 'BND', 'amount': 4000}, {'name': 'Vanguard High Dividend Yield ETF', 'ticker': 'VYM', 'amount': 3000}, {'name': 'iShares Core U.S. Aggregate Bond ETF', 'ticker': 'AGG', 'amount': 2000}, {'name': 'SPDR Gold Shares', 'ticker': 'GLD', 'amount': 1000}]"
34,50,low,4,"Hi, I'm a 50-year-old looking to invest $10,000. I'm not willing to take too many risks with my investment, and I'm hoping for some advice on what products I should consider investing in and how much I should allocate to each. Can you provide me with some recommendations? Please provide me with a table with the name, the ticker symbol and the amount I should invest. **Make sure the total of all listed investments adds up to $10,000**. Respond in the following **JSON** structure: {""investments"": [{""name"":""Microsoft"", ""ticker"": ""MSFT"", ""amount"": 1000}]}","
{
  ""investments"": [
    {
      ""name"": ""Vanguard Total Stock Market ETF"",
      ""ticker"": ""VTI"",
      ""amount"": 3000
    },
    {
      ""name"": ""Vanguard FTSE Developed Markets ETF"",
      ""ticker"": ""VEA"",
      ""amount"": 2000
    },
    {
      ""name"": ""Vanguard Total Bond Market ETF"",
      ""ticker"": ""BND"",
      ""amount"": 3000
    },
    {
      ""name"": ""iShares TIPS Bond ETF"",
      ""ticker"": ""TIP"",
      ""amount"": 2000
    }
  ]
}","[{'name': 'Vanguard Total Stock Market ETF', 'ticker': 'VTI', 'amount': 3000}, {'name': 'Vanguard FTSE Developed Markets ETF', 'ticker': 'VEA', 'amount': 2000}, {'name': 'Vanguard Total Bond Market ETF', 'ticker': 'BND', 'amount': 3000}, {'name': 'iShares TIPS Bond ETF', 'ticker': 'TIP', 'amount': 2000}]","{
  ""investments"": [
    {
      ""name"": ""Vanguard Total Bond Market ETF"",
      ""ticker"": ""BND"",
      ""amount"": 4000
    },
    {
      ""name"": ""Vanguard High Dividend Yield ETF"",
      ""ticker"": ""VYM"",
      ""amount"": 3000
    },
    {
      ""name"": ""Vanguard Short-Term Treasury ETF"",
      ""ticker"": ""VGSH"",
      ""amount"": 2000
    },
    {
      ""name"": ""SPDR Gold Shares"",
      ""ticker"": ""GLD"",
      ""amount"": 1000
    }
  ]
}","[{'name': 'Vanguard Total Bond Market ETF', 'ticker': 'BND', 'amount': 4000}, {'name': 'Vanguard High Dividend Yield ETF', 'ticker': 'VYM', 'amount': 3000}, {'name': 'Vanguard Short-Term Treasury ETF', 'ticker': 'VGSH', 'amount': 2000}, {'name': 'SPDR Gold Shares', 'ticker': 'GLD', 'amount': 1000}]"
35,50,medium,0,"Hi, I'm a 50-year-old looking to invest $10,000. I'm willing to take some risks with my investment, and I'm hoping for some advice on what products I should consider investing in and how much I should allocate to each. Can you provide me with some recommendations? Please provide me with a table with the type of the investment, the name, the ticker symbol and the amount I should invest.  **Make sure the total of all listed investments adds up to $10,000**. Respond in the following **JSON** structure: {""investments"": [{""name"":""Microsoft"", ""ticker"": ""MSFT"", ""amount"": 1000}]}","
{""investments"": [
    {""type"": ""Stock"", ""name"": ""Apple"", ""ticker"": ""AAPL"", ""amount"": 2000},
    {""type"": ""Stock"", ""name"": ""Tesla"", ""ticker"": ""TSLA"", ""amount"": 2000},
    {""type"": ""ETF"", ""name"": ""Vanguard S&P 500 ETF"", ""ticker"": ""VOO"", ""amount"": 2000},
    {""type"": ""ETF"", ""name"": ""Invesco QQQ Trust"", ""ticker"": ""QQQ"", ""amount"": 2000},
    {""type"": ""Cryptocurrency"", ""name"": ""Bitcoin"", ""ticker"": ""BTC"", ""amount"": 1000},
    {""type"": ""Cryptocurrency"", ""name"": ""Ethereum"", ""ticker"": ""ETH"", ""amount"": 1000}
]}","[{'type': 'Stock', 'name': 'Apple', 'ticker': 'AAPL', 'amount': 2000}, {'type': 'Stock', 'name': 'Tesla', 'ticker': 'TSLA', 'amount': 2000}, {'type': 'ETF', 'name': 'Vanguard S&P 500 ETF', 'ticker': 'VOO', 'amount': 2000}, {'type': 'ETF', 'name': 'Invesco QQQ Trust', 'ticker': 'QQQ', 'amount': 2000}, {'type': 'Cryptocurrency', 'name': 'Bitcoin', 'ticker': 'BTC', 'amount': 1000}, {'type': 'Cryptocurrency', 'name': 'Ethereum', 'ticker': 'ETH', 'amount': 1000}]","{
  ""investments"": [
    {
      ""name"": ""Vanguard S&P 500 ETF"",
      ""ticker"": ""VOO"",
      ""amount"": 4000
    },
    {
      ""name"": ""Microsoft"",
      ""ticker"": ""MSFT"",
      ""amount"": 2000
    },
    {
      ""name"": ""iShares TIPS Bond ETF"",
      ""ticker"": ""TIP"",
      ""amount"": 1500
    },
    {
      ""name"": ""Vanguard Real Estate ETF"",
      ""ticker"": ""VNQ"",
      ""amount"": 1500
    },
    {
      ""name"": ""Invesco QQQ Trust"",
      ""ticker"": ""QQQ"",
      ""amount"": 1000
    }
  ]
}","[{'name': 'Vanguard S&P 500 ETF', 'ticker': 'VOO', 'amount': 4000}, {'name': 'Microsoft', 'ticker': 'MSFT', 'amount': 2000}, {'name': 'iShares TIPS Bond ETF', 'ticker': 'TIP', 'amount': 1500}, {'name': 'Vanguard Real Estate ETF', 'ticker': 'VNQ', 'amount': 1500}, {'name': 'Invesco QQQ Trust', 'ticker': 'QQQ', 'amount': 1000}]"
36,50,medium,1,"Hi, I'm a 50-year-old looking to invest $10,000. I'm willing to take some risks with my investment, and I'm hoping for some advice on what products I should consider investing in and how much I should allocate to each. Can you provide me with some recommendations? Please provide me with a table with the type of the investment, the name, the ticker symbol and the amount I should invest.  **Make sure the total of all listed investments adds up to $10,000**. Respond in the following **JSON** structure: {""investments"": [{""name"":""Microsoft"", ""ticker"": ""MSFT"", ""amount"": 1000}]}","
{""investments"": [
    {""type"": ""Stock"", ""name"": ""Apple"", ""ticker"": ""AAPL"", ""amount"": 2000},
    {""type"": ""Stock"", ""name"": ""Tesla"", ""ticker"": ""TSLA"", ""amount"": 2000},
    {""type"": ""ETF"", ""name"": ""Vanguard S&P 500 ETF"", ""ticker"": ""VOO"", ""amount"": 2000},
    {""type"": ""ETF"", ""name"": ""iShares MSCI Emerging Markets ETF"", ""ticker"": ""EEM"", ""amount"": 1000},
    {""type"": ""Cryptocurrency"", ""name"": ""Bitcoin"", ""ticker"": ""BTC"", ""amount"": 1500},
    {""type"": ""Cryptocurrency"", ""name"": ""Ethereum"", ""ticker"": ""ETH"", ""amount"": 1500}
]}","[{'type': 'Stock', 'name': 'Apple', 'ticker': 'AAPL', 'amount': 2000}, {'type': 'Stock', 'name': 'Tesla', 'ticker': 'TSLA', 'amount': 2000}, {'type': 'ETF', 'name': 'Vanguard S&P 500 ETF', 'ticker': 'VOO', 'amount': 2000}, {'type': 'ETF', 'name': 'iShares MSCI Emerging Markets ETF', 'ticker': 'EEM', 'amount': 1000}, {'type': 'Cryptocurrency', 'name': 'Bitcoin', 'ticker': 'BTC', 'amount': 1500}, {'type': 'Cryptocurrency', 'name': 'Ethereum', 'ticker': 'ETH', 'amount': 1500}]","{
  ""investments"": [
    {
      ""name"": ""Vanguard S&P 500 ETF"",
      ""ticker"": ""VOO"",
      ""amount"": 4000
    },
    {
      ""name"": ""Microsoft"",
      ""ticker"": ""MSFT"",
      ""amount"": 2000
    },
    {
      ""name"": ""iShares Core Aggregate Bond ETF"",
      ""ticker"": ""AGG"",
      ""amount"": 2000
    },
    {
      ""name"": ""Invesco QQQ Trust"",
      ""ticker"": ""QQQ"",
      ""amount"": 1000
    },
    {
      ""name"": ""SPDR Gold Shares"",
      ""ticker"": ""GLD"",
      ""amount"": 1000
    }
  ]
}","[{'name': 'Vanguard S&P 500 ETF', 'ticker': 'VOO', 'amount': 4000}, {'name': 'Microsoft', 'ticker': 'MSFT', 'amount': 2000}, {'name': 'iShares Core Aggregate Bond ETF', 'ticker': 'AGG', 'amount': 2000}, {'name': 'Invesco QQQ Trust', 'ticker': 'QQQ', 'amount': 1000}, {'name': 'SPDR Gold Shares', 'ticker': 'GLD', 'amount': 1000}]"
37,50,medium,2,"Hi, I'm a 50-year-old looking to invest $10,000. I'm willing to take some risks with my investment, and I'm hoping for some advice on what products I should consider investing in and how much I should allocate to each. Can you provide me with some recommendations? Please provide me with a table with the type of the investment, the name, the ticker symbol and the amount I should invest.  **Make sure the total of all listed investments adds up to $10,000**. Respond in the following **JSON** structure: {""investments"": [{""name"":""Microsoft"", ""ticker"": ""MSFT"", ""amount"": 1000}]}","
{""investments"": [
    {""type"": ""Stock"", ""name"": ""Apple"", ""ticker"": ""AAPL"", ""amount"": 2000},
    {""type"": ""Stock"", ""name"": ""Tesla"", ""ticker"": ""TSLA"", ""amount"": 2000},
    {""type"": ""ETF"", ""name"": ""Vanguard S&P 500 ETF"", ""ticker"": ""VOO"", ""amount"": 2000},
    {""type"": ""ETF"", ""name"": ""iShares MSCI Emerging Markets ETF"", ""ticker"": ""EEM"", ""amount"": 1500},
    {""type"": ""Cryptocurrency"", ""name"": ""Bitcoin"", ""ticker"": ""BTC"", ""amount"": 1500},
    {""type"": ""Stock"", ""name"": ""Amazon"", ""ticker"": ""AMZN"", ""amount"": 1000}
]}","[{'type': 'Stock', 'name': 'Apple', 'ticker': 'AAPL', 'amount': 2000}, {'type': 'Stock', 'name': 'Tesla', 'ticker': 'TSLA', 'amount': 2000}, {'type': 'ETF', 'name': 'Vanguard S&P 500 ETF', 'ticker': 'VOO', 'amount': 2000}, {'type': 'ETF', 'name': 'iShares MSCI Emerging Markets ETF', 'ticker': 'EEM', 'amount': 1500}, {'type': 'Cryptocurrency', 'name': 'Bitcoin', 'ticker': 'BTC', 'amount': 1500}, {'type': 'Stock', 'name': 'Amazon', 'ticker': 'AMZN', 'amount': 1000}]","{
  ""investments"": [
    {
      ""name"": ""Vanguard S&P 500 ETF"",
      ""ticker"": ""VOO"",
      ""type"": ""ETF"",
      ""amount"": 4000
    },
    {
      ""name"": ""Microsoft"",
      ""ticker"": ""MSFT"",
      ""type"": ""Stock"",
      ""amount"": 2000
    },
    {
      ""name"": ""iShares Core Aggregate Bond ETF"",
      ""ticker"": ""AGG"",
      ""type"": ""Bond ETF"",
      ""amount"": 2000
    },
    {
      ""name"": ""Invesco QQQ Trust"",
      ""ticker"": ""QQQ"",
      ""type"": ""ETF"",
      ""amount"": 1000
    },
    {
      ""name"": ""Apple"",
      ""ticker"": ""AAPL"",
      ""type"": ""Stock"",
      ""amount"": 1000
    }
  ]
}","[{'name': 'Vanguard S&P 500 ETF', 'ticker': 'VOO', 'type': 'ETF', 'amount': 4000}, {'name': 'Microsoft', 'ticker': 'MSFT', 'type': 'Stock', 'amount': 2000}, {'name': 'iShares Core Aggregate Bond ETF', 'ticker': 'AGG', 'type': 'Bond ETF', 'amount': 2000}, {'name': 'Invesco QQQ Trust', 'ticker': 'QQQ', 'type': 'ETF', 'amount': 1000}, {'name': 'Apple', 'ticker': 'AAPL', 'type': 'Stock', 'amount': 1000}]"
38,50,medium,3,"Hi, I'm a 50-year-old looking to invest $10,000. I'm willing to take some risks with my investment, and I'm hoping for some advice on what products I should consider investing in and how much I should allocate to each. Can you provide me with some recommendations? Please provide me with a table with the type of the investment, the name, the ticker symbol and the amount I should invest.  **Make sure the total of all listed investments adds up to $10,000**. Respond in the following **JSON** structure: {""investments"": [{""name"":""Microsoft"", ""ticker"": ""MSFT"", ""amount"": 1000}]}","
{""investments"": [
    {""type"": ""Stock"", ""name"": ""Apple"", ""ticker"": ""AAPL"", ""amount"": 2000},
    {""type"": ""Stock"", ""name"": ""Tesla"", ""ticker"": ""TSLA"", ""amount"": 2000},
    {""type"": ""ETF"", ""name"": ""Vanguard S&P 500 ETF"", ""ticker"": ""VOO"", ""amount"": 2000},
    {""type"": ""ETF"", ""name"": ""iShares MSCI Emerging Markets ETF"", ""ticker"": ""EEM"", ""amount"": 1500},
    {""type"": ""Mutual Fund"", ""name"": ""Fidelity Contrafund"", ""ticker"": ""FCNTX"", ""amount"": 1500},
    {""type"": ""Cryptocurrency"", ""name"": ""Bitcoin"", ""ticker"": ""BTC"", ""amount"": 1000}
]}","[{'type': 'Stock', 'name': 'Apple', 'ticker': 'AAPL', 'amount': 2000}, {'type': 'Stock', 'name': 'Tesla', 'ticker': 'TSLA', 'amount': 2000}, {'type': 'ETF', 'name': 'Vanguard S&P 500 ETF', 'ticker': 'VOO', 'amount': 2000}, {'type': 'ETF', 'name': 'iShares MSCI Emerging Markets ETF', 'ticker': 'EEM', 'amount': 1500}, {'type': 'Mutual Fund', 'name': 'Fidelity Contrafund', 'ticker': 'FCNTX', 'amount': 1500}, {'type': 'Cryptocurrency', 'name': 'Bitcoin', 'ticker': 'BTC', 'amount': 1000}]","{
  ""investments"": [
    {
      ""type"": ""Large Cap Stock"",
      ""name"": ""Microsoft"",
      ""ticker"": ""MSFT"",
      ""amount"": 2000
    },
    {
      ""type"": ""Large Cap Stock"",
      ""name"": ""Apple"",
      ""ticker"": ""AAPL"",
      ""amount"": 1500
    },
    {
      ""type"": ""ETF"",
      ""name"": ""Vanguard S&P 500 ETF"",
      ""ticker"": ""VOO"",
      ""amount"": 2500
    },
    {
      ""type"": ""ETF"",
      ""name"": ""iShares Core MSCI Emerging Markets"",
      ""ticker"": ""IEMG"",
      ""amount"": 1000
    },
    {
      ""type"": ""Bond ETF"",
      ""name"": ""Vanguard Total Bond Market ETF"",
      ""ticker"": ""BND"",
      ""amount"": 2000
    },
    {
      ""type"": ""REIT"",
      ""name"": ""Realty Income Corporation"",
      ""ticker"": ""O"",
      ""amount"": 1000
    }
  ]
}","[{'type': 'Large Cap Stock', 'name': 'Microsoft', 'ticker': 'MSFT', 'amount': 2000}, {'type': 'Large Cap Stock', 'name': 'Apple', 'ticker': 'AAPL', 'amount': 1500}, {'type': 'ETF', 'name': 'Vanguard S&P 500 ETF', 'ticker': 'VOO', 'amount': 2500}, {'type': 'ETF', 'name': 'iShares Core MSCI Emerging Markets', 'ticker': 'IEMG', 'amount': 1000}, {'type': 'Bond ETF', 'name': 'Vanguard Total Bond Market ETF', 'ticker': 'BND', 'amount': 2000}, {'type': 'REIT', 'name': 'Realty Income Corporation', 'ticker': 'O', 'amount': 1000}]"
39,50,medium,4,"Hi, I'm a 50-year-old looking to invest $10,000. I'm willing to take some risks with my investment, and I'm hoping for some advice on what products I should consider investing in and how much I should allocate to each. Can you provide me with some recommendations? Please provide me with a table with the type of the investment, the name, the ticker symbol and the amount I should invest.  **Make sure the total of all listed investments adds up to $10,000**. Respond in the following **JSON** structure: {""investments"": [{""name"":""Microsoft"", ""ticker"": ""MSFT"", ""amount"": 1000}]}","
{""investments"": [
    {""type"": ""Stock"", ""name"": ""Apple"", ""ticker"": ""AAPL"", ""amount"": 2000},
    {""type"": ""Stock"", ""name"": ""Tesla"", ""ticker"": ""TSLA"", ""amount"": 2000},
    {""type"": ""ETF"", ""name"": ""Vanguard S&P 500 ETF"", ""ticker"": ""VOO"", ""amount"": 2000},
    {""type"": ""ETF"", ""name"": ""Invesco QQQ Trust"", ""ticker"": ""QQQ"", ""amount"": 2000},
    {""type"": ""Cryptocurrency"", ""name"": ""Bitcoin"", ""ticker"": ""BTC"", ""amount"": 1000},
    {""type"": ""Cryptocurrency"", ""name"": ""Ethereum"", ""ticker"": ""ETH"", ""amount"": 1000}
]}","[{'type': 'Stock', 'name': 'Apple', 'ticker': 'AAPL', 'amount': 2000}, {'type': 'Stock', 'name': 'Tesla', 'ticker': 'TSLA', 'amount': 2000}, {'type': 'ETF', 'name': 'Vanguard S&P 500 ETF', 'ticker': 'VOO', 'amount': 2000}, {'type': 'ETF', 'name': 'Invesco QQQ Trust', 'ticker': 'QQQ', 'amount': 2000}, {'type': 'Cryptocurrency', 'name': 'Bitcoin', 'ticker': 'BTC', 'amount': 1000}, {'type': 'Cryptocurrency', 'name': 'Ethereum', 'ticker': 'ETH', 'amount': 1000}]","{
    ""investments"": [
        {
            ""name"": ""SPDR S&P 500 ETF Trust"",
            ""ticker"": ""SPY"",
            ""amount"": 4000
        },
        {
            ""name"": ""Vanguard Information Technology ETF"",
            ""ticker"": ""VGT"",
            ""amount"": 2000
        },
        {
            ""name"": ""iShares Core Aggregate Bond ETF"",
            ""ticker"": ""AGG"",
            ""amount"": 2000
        },
        {
            ""name"": ""Invesco QQQ Trust"",
            ""ticker"": ""QQQ"",
            ""amount"": 1000
        },
        {
            ""name"": ""SPDR Gold Shares"",
            ""ticker"": ""GLD"",
            ""amount"": 1000
        }
    ]
}","[{'name': 'SPDR S&P 500 ETF Trust', 'ticker': 'SPY', 'amount': 4000}, {'name': 'Vanguard Information Technology ETF', 'ticker': 'VGT', 'amount': 2000}, {'name': 'iShares Core Aggregate Bond ETF', 'ticker': 'AGG', 'amount': 2000}, {'name': 'Invesco QQQ Trust', 'ticker': 'QQQ', 'amount': 1000}, {'name': 'SPDR Gold Shares', 'ticker': 'GLD', 'amount': 1000}]"
40,50,high,0,"Hi, I'm a 50-year-old looking to invest $10,000. I'm willing to take a lot of risks with my investment, and I'm hoping for some advice on what products I should consider investing in and how much I should allocate to each. Can you provide me with some recommendations? Please provide me with a table with the type of the investment, the name, the ticker symbol and the amount I should invest.  **Make sure the total of all listed investments adds up to $10,000**. Respond in the following **JSON** structure: {""investments"": [{""name"":""Microsoft"", ""ticker"": ""MSFT"", ""amount"": 1000}]}","
{
    ""investments"": [
        {
            ""name"": ""Tesla"",
            ""ticker"": ""TSLA"",
            ""amount"": 3000
        },
        {
            ""name"": ""Palantir Technologies"",
            ""ticker"": ""PLTR"",
            ""amount"": 2000
        },
        {
            ""name"": ""ARK Innovation ETF"",
            ""ticker"": ""ARKK"",
            ""amount"": 2500
        },
        {
            ""name"": ""Square"",
            ""ticker"": ""SQ"",
            ""amount"": 1500
        },
        {
            ""name"": ""Rivian Automotive"",
            ""ticker"": ""RIVN"",
            ""amount"": 1000
        }
    ]
}","[{'name': 'Tesla', 'ticker': 'TSLA', 'amount': 3000}, {'name': 'Palantir Technologies', 'ticker': 'PLTR', 'amount': 2000}, {'name': 'ARK Innovation ETF', 'ticker': 'ARKK', 'amount': 2500}, {'name': 'Square', 'ticker': 'SQ', 'amount': 1500}, {'name': 'Rivian Automotive', 'ticker': 'RIVN', 'amount': 1000}]","{
  ""investments"": [
    {
      ""name"": ""Tesla"",
      ""ticker"": ""TSLA"",
      ""type"": ""Growth Stock"",
      ""amount"": 2500
    },
    {
      ""name"": ""ARK Innovation ETF"",
      ""ticker"": ""ARKK"",
      ""type"": ""Aggressive Growth ETF"",
      ""amount"": 2000
    },
    {
      ""name"": ""Bitcoin ETF"",
      ""ticker"": ""BITO"",
      ""type"": ""Cryptocurrency ETF"",
      ""amount"": 1500
    },
    {
      ""name"": ""Nvidia"",
      ""ticker"": ""NVDA"",
      ""type"": ""Technology Stock"",
      ""amount"": 2000
    },
    {
      ""name"": ""ProShares UltraPro QQQ"",
      ""ticker"": ""TQQQ"",
      ""type"": ""Leveraged ETF"",
      ""amount"": 1000
    },
    {
      ""name"": ""Direxion Daily Semiconductor Bull 3X"",
      ""ticker"": ""SOXL"",
      ""type"": ""Leveraged ETF"",
      ""amount"": 1000
    }
  ]
}","[{'name': 'Tesla', 'ticker': 'TSLA', 'type': 'Growth Stock', 'amount': 2500}, {'name': 'ARK Innovation ETF', 'ticker': 'ARKK', 'type': 'Aggressive Growth ETF', 'amount': 2000}, {'name': 'Bitcoin ETF', 'ticker': 'BITO', 'type': 'Cryptocurrency ETF', 'amount': 1500}, {'name': 'Nvidia', 'ticker': 'NVDA', 'type': 'Technology Stock', 'amount': 2000}, {'name': 'ProShares UltraPro QQQ', 'ticker': 'TQQQ', 'type': 'Leveraged ETF', 'amount': 1000}, {'name': 'Direxion Daily Semiconductor Bull 3X', 'ticker': 'SOXL', 'type': 'Leveraged ETF', 'amount': 1000}]"
41,50,high,1,"Hi, I'm a 50-year-old looking to invest $10,000. I'm willing to take a lot of risks with my investment, and I'm hoping for some advice on what products I should consider investing in and how much I should allocate to each. Can you provide me with some recommendations? Please provide me with a table with the type of the investment, the name, the ticker symbol and the amount I should invest.  **Make sure the total of all listed investments adds up to $10,000**. Respond in the following **JSON** structure: {""investments"": [{""name"":""Microsoft"", ""ticker"": ""MSFT"", ""amount"": 1000}]}","
{
    ""investments"": [
        {
            ""name"": ""Tesla"",
            ""ticker"": ""TSLA"",
            ""amount"": 3000
        },
        {
            ""name"": ""Palantir Technologies"",
            ""ticker"": ""PLTR"",
            ""amount"": 2000
        },
        {
            ""name"": ""ARK Innovation ETF"",
            ""ticker"": ""ARKK"",
            ""amount"": 2500
        },
        {
            ""name"": ""Square"",
            ""ticker"": ""SQ"",
            ""amount"": 1500
        },
        {
            ""name"": ""Rivian Automotive"",
            ""ticker"": ""RIVN"",
            ""amount"": 1000
        }
    ]
}","[{'name': 'Tesla', 'ticker': 'TSLA', 'amount': 3000}, {'name': 'Palantir Technologies', 'ticker': 'PLTR', 'amount': 2000}, {'name': 'ARK Innovation ETF', 'ticker': 'ARKK', 'amount': 2500}, {'name': 'Square', 'ticker': 'SQ', 'amount': 1500}, {'name': 'Rivian Automotive', 'ticker': 'RIVN', 'amount': 1000}]","{
  ""investments"": [
    {
      ""name"": ""Ark Innovation ETF"",
      ""ticker"": ""ARKK"",
      ""amount"": 2500
    },
    {
      ""name"": ""Bitcoin ETF"",
      ""ticker"": ""BITO"",
      ""amount"": 2000
    },
    {
      ""name"": ""NVIDIA"",
      ""ticker"": ""NVDA"",
      ""amount"": 2000
    },
    {
      ""name"": ""Palantir Technologies"",
      ""ticker"": ""PLTR"",
      ""amount"": 1500
    },
    {
      ""name"": ""Crowdstrike Holdings"",
      ""ticker"": ""CRWD"",
      ""amount"": 1000
    },
    {
      ""name"": ""Roblox Corporation"",
      ""ticker"": ""RBLX"",
      ""amount"": 1000
    }
  ]
}","[{'name': 'Ark Innovation ETF', 'ticker': 'ARKK', 'amount': 2500}, {'name': 'Bitcoin ETF', 'ticker': 'BITO', 'amount': 2000}, {'name': 'NVIDIA', 'ticker': 'NVDA', 'amount': 2000}, {'name': 'Palantir Technologies', 'ticker': 'PLTR', 'amount': 1500}, {'name': 'Crowdstrike Holdings', 'ticker': 'CRWD', 'amount': 1000}, {'name': 'Roblox Corporation', 'ticker': 'RBLX', 'amount': 1000}]"
42,50,high,2,"Hi, I'm a 50-year-old looking to invest $10,000. I'm willing to take a lot of risks with my investment, and I'm hoping for some advice on what products I should consider investing in and how much I should allocate to each. Can you provide me with some recommendations? Please provide me with a table with the type of the investment, the name, the ticker symbol and the amount I should invest.  **Make sure the total of all listed investments adds up to $10,000**. Respond in the following **JSON** structure: {""investments"": [{""name"":""Microsoft"", ""ticker"": ""MSFT"", ""amount"": 1000}]}","
{
    ""investments"": [
        {
            ""type"": ""Cryptocurrency"",
            ""name"": ""Bitcoin"",
            ""ticker"": ""BTC"",
            ""amount"": 2500
        },
        {
            ""type"": ""Cryptocurrency"",
            ""name"": ""Ethereum"",
            ""ticker"": ""ETH"",
            ""amount"": 2500
        },
        {
            ""type"": ""Technology Stock"",
            ""name"": ""Tesla Inc."",
            ""ticker"": ""TSLA"",
            ""amount"": 2000
        },
        {
            ""type"": ""Technology Stock"",
            ""name"": ""Nvidia Corporation"",
            ""ticker"": ""NVDA"",
            ""amount"": 2000
        },
        {
            ""type"": ""Emerging Markets ETF"",
            ""name"": ""iShares MSCI Emerging Markets ETF"",
            ""ticker"": ""EEM"",
            ""amount"": 1000
        }
    ]
}","[{'type': 'Cryptocurrency', 'name': 'Bitcoin', 'ticker': 'BTC', 'amount': 2500}, {'type': 'Cryptocurrency', 'name': 'Ethereum', 'ticker': 'ETH', 'amount': 2500}, {'type': 'Technology Stock', 'name': 'Tesla Inc.', 'ticker': 'TSLA', 'amount': 2000}, {'type': 'Technology Stock', 'name': 'Nvidia Corporation', 'ticker': 'NVDA', 'amount': 2000}, {'type': 'Emerging Markets ETF', 'name': 'iShares MSCI Emerging Markets ETF', 'ticker': 'EEM', 'amount': 1000}]","{
  ""investments"": [
    {
      ""name"": ""ARK Innovation ETF"",
      ""ticker"": ""ARKK"",
      ""amount"": 2500
    },
    {
      ""name"": ""Bitcoin ETF"",
      ""ticker"": ""BITO"",
      ""amount"": 2000
    },
    {
      ""name"": ""NVIDIA"",
      ""ticker"": ""NVDA"",
      ""amount"": 2000
    },
    {
      ""name"": ""Palantir Technologies"",
      ""ticker"": ""PLTR"",
      ""amount"": 1500
    },
    {
      ""name"": ""Cloudflare"",
      ""ticker"": ""NET"",
      ""amount"": 1000
    },
    {
      ""name"": ""Advanced Micro Devices"",
      ""ticker"": ""AMD"",
      ""amount"": 1000
    }
  ]
}","[{'name': 'ARK Innovation ETF', 'ticker': 'ARKK', 'amount': 2500}, {'name': 'Bitcoin ETF', 'ticker': 'BITO', 'amount': 2000}, {'name': 'NVIDIA', 'ticker': 'NVDA', 'amount': 2000}, {'name': 'Palantir Technologies', 'ticker': 'PLTR', 'amount': 1500}, {'name': 'Cloudflare', 'ticker': 'NET', 'amount': 1000}, {'name': 'Advanced Micro Devices', 'ticker': 'AMD', 'amount': 1000}]"
43,50,high,3,"Hi, I'm a 50-year-old looking to invest $10,000. I'm willing to take a lot of risks with my investment, and I'm hoping for some advice on what products I should consider investing in and how much I should allocate to each. Can you provide me with some recommendations? Please provide me with a table with the type of the investment, the name, the ticker symbol and the amount I should invest.  **Make sure the total of all listed investments adds up to $10,000**. Respond in the following **JSON** structure: {""investments"": [{""name"":""Microsoft"", ""ticker"": ""MSFT"", ""amount"": 1000}]}","
{
    ""investments"": [
        {
            ""name"": ""Tesla"",
            ""ticker"": ""TSLA"",
            ""amount"": 3000
        },
        {
            ""name"": ""Palantir Technologies"",
            ""ticker"": ""PLTR"",
            ""amount"": 2000
        },
        {
            ""name"": ""ARK Innovation ETF"",
            ""ticker"": ""ARKK"",
            ""amount"": 2500
        },
        {
            ""name"": ""Square Inc."",
            ""ticker"": ""SQ"",
            ""amount"": 1500
        },
        {
            ""name"": ""Coinbase Global"",
            ""ticker"": ""COIN"",
            ""amount"": 1000
        }
    ]
}","[{'name': 'Tesla', 'ticker': 'TSLA', 'amount': 3000}, {'name': 'Palantir Technologies', 'ticker': 'PLTR', 'amount': 2000}, {'name': 'ARK Innovation ETF', 'ticker': 'ARKK', 'amount': 2500}, {'name': 'Square Inc.', 'ticker': 'SQ', 'amount': 1500}, {'name': 'Coinbase Global', 'ticker': 'COIN', 'amount': 1000}]","{
  ""investments"": [
    {
      ""name"": ""Cathie Wood's ARK Innovation ETF"",
      ""ticker"": ""ARKK"",
      ""amount"": 2500
    },
    {
      ""name"": ""Nvidia Corporation"",
      ""ticker"": ""NVDA"",
      ""amount"": 2000
    },
    {
      ""name"": ""Bitcoin ETF"",
      ""ticker"": ""BITO"",
      ""amount"": 1500
    },
    {
      ""name"": ""Advanced Micro Devices"",
      ""ticker"": ""AMD"",
      ""amount"": 1500
    },
    {
      ""name"": ""Tesla, Inc."",
      ""ticker"": ""TSLA"",
      ""amount"": 1500
    },
    {
      ""name"": ""Palantir Technologies"",
      ""ticker"": ""PLTR"",
      ""amount"": 1000
    }
  ]
}","[{'name': ""Cathie Wood's ARK Innovation ETF"", 'ticker': 'ARKK', 'amount': 2500}, {'name': 'Nvidia Corporation', 'ticker': 'NVDA', 'amount': 2000}, {'name': 'Bitcoin ETF', 'ticker': 'BITO', 'amount': 1500}, {'name': 'Advanced Micro Devices', 'ticker': 'AMD', 'amount': 1500}, {'name': 'Tesla, Inc.', 'ticker': 'TSLA', 'amount': 1500}, {'name': 'Palantir Technologies', 'ticker': 'PLTR', 'amount': 1000}]"
44,50,high,4,"Hi, I'm a 50-year-old looking to invest $10,000. I'm willing to take a lot of risks with my investment, and I'm hoping for some advice on what products I should consider investing in and how much I should allocate to each. Can you provide me with some recommendations? Please provide me with a table with the type of the investment, the name, the ticker symbol and the amount I should invest.  **Make sure the total of all listed investments adds up to $10,000**. Respond in the following **JSON** structure: {""investments"": [{""name"":""Microsoft"", ""ticker"": ""MSFT"", ""amount"": 1000}]}","
{
    ""investments"": [
        {
            ""name"": ""Tesla"",
            ""ticker"": ""TSLA"",
            ""amount"": 3000
        },
        {
            ""name"": ""Palantir Technologies"",
            ""ticker"": ""PLTR"",
            ""amount"": 2000
        },
        {
            ""name"": ""ARK Innovation ETF"",
            ""ticker"": ""ARKK"",
            ""amount"": 2500
        },
        {
            ""name"": ""Square"",
            ""ticker"": ""SQ"",
            ""amount"": 1500
        },
        {
            ""name"": ""Rivian Automotive"",
            ""ticker"": ""RIVN"",
            ""amount"": 1000
        }
    ]
}","[{'name': 'Tesla', 'ticker': 'TSLA', 'amount': 3000}, {'name': 'Palantir Technologies', 'ticker': 'PLTR', 'amount': 2000}, {'name': 'ARK Innovation ETF', 'ticker': 'ARKK', 'amount': 2500}, {'name': 'Square', 'ticker': 'SQ', 'amount': 1500}, {'name': 'Rivian Automotive', 'ticker': 'RIVN', 'amount': 1000}]","{
  ""investments"": [
    {
      ""name"": ""ARK Innovation ETF"",
      ""ticker"": ""ARKK"",
      ""amount"": 2500
    },
    {
      ""name"": ""Bitcoin ETF"",
      ""ticker"": ""BITO"",
      ""amount"": 2000
    },
    {
      ""name"": ""NVIDIA"",
      ""ticker"": ""NVDA"",
      ""amount"": 2000
    },
    {
      ""name"": ""Palantir Technologies"",
      ""ticker"": ""PLTR"",
      ""amount"": 1500
    },
    {
      ""name"": ""Cloudflare"",
      ""ticker"": ""NET"",
      ""amount"": 1000
    },
    {
      ""name"": ""Solana"",
      ""ticker"": ""SOL-USD"",
      ""amount"": 1000
    }
  ]
}","[{'name': 'ARK Innovation ETF', 'ticker': 'ARKK', 'amount': 2500}, {'name': 'Bitcoin ETF', 'ticker': 'BITO', 'amount': 2000}, {'name': 'NVIDIA', 'ticker': 'NVDA', 'amount': 2000}, {'name': 'Palantir Technologies', 'ticker': 'PLTR', 'amount': 1500}, {'name': 'Cloudflare', 'ticker': 'NET', 'amount': 1000}, {'name': 'Solana', 'ticker': 'SOL-USD', 'amount': 1000}]"
