,cond,age,risk-taking,iteration,date,portfolio_cumulative_return,portfolio_std_dev,sharpe_ratio
0,control,15,averse,0,2023-07-31,0.014487874341230667,0.07149556210094504,1.6642184182292403
1,control,15,averse,0,2023-08-31,0.0009649211942990288,0.08437049777165416,-0.4360422265342423
2,control,15,averse,0,2023-09-30,-0.03675690588161151,0.08179893103757915,-2.2187953601707604
3,control,15,averse,0,2023-10-31,-0.05459487790206219,0.08184705739862094,-2.347000664157344
4,control,15,averse,0,2023-11-30,0.009769136200798334,0.1063754419312477,-0.17985727776594596
5,control,15,averse,0,2023-12-31,0.05364494087513494,0.10513639894765138,0.603993356111656
6,control,15,averse,0,2024-01-31,0.051855612277275975,0.0988068255046213,0.46682953944614136
7,control,15,averse,0,2024-02-29,0.07210819971714044,0.09339367730480602,0.7132028140034672
8,control,15,averse,0,2024-03-31,0.09228211291822497,0.09018586553515721,0.8783624396652798
9,control,15,averse,0,2024-04-30,0.053553550864778865,0.09143064617753252,0.23205818473705947
10,control,15,averse,0,2024-05-31,0.08733491223879897,0.08888618523649448,0.5914442705445314
11,control,15,averse,0,2024-06-30,0.10863229259890006,0.08612413807546282,0.7442762801002617
12,control,15,averse,0,2024-07-31,0.13525540096481636,0.08393406090792732,0.9568868085951262
13,control,15,averse,0,2024-08-31,0.16015107435327458,0.08295246702928333,1.1165829846622017
14,control,15,averse,0,2024-09-30,0.18155829255168143,0.08292831007068477,1.1829279662128884
15,control,15,averse,0,2024-10-31,0.16264348744283907,0.0822447626512021,0.9249851234850045
16,control,15,averse,0,2024-11-30,0.20168821710849105,0.08438740681090369,1.130895947497435
17,control,15,averse,0,2024-12-31,0.1688361383926198,0.0838124842914176,0.7847256907622249
18,control,15,averse,1,2023-07-31,0.01045400565665533,0.05778114865218456,1.2434147489661285
19,control,15,averse,1,2023-08-31,-0.014771555061297903,0.1442057973984827,-0.8652051309152717
20,control,15,averse,1,2023-09-30,-0.06731902043543081,0.13066993349548298,-2.186132792544024
21,control,15,averse,1,2023-10-31,-0.0524619261261412,0.127898509452513,-1.4585111686902088
22,control,15,averse,1,2023-11-30,0.04325303894686239,0.1527784139401225,0.411629192293926
23,control,15,averse,1,2023-12-31,0.060721145692294254,0.14071919337986477,0.5532295172878572
24,control,15,averse,1,2024-01-31,0.06706998750658122,0.1457150038084152,0.49868019295403193
25,control,15,averse,1,2024-02-29,0.0806293088857637,0.1397998123124937,0.5703103213072118
26,control,15,averse,1,2024-03-31,0.07539824148595864,0.13680123649728781,0.41469142476207865
27,control,15,averse,1,2024-04-30,0.03466917324434693,0.14109911093209027,-0.009046649597310894
28,control,15,averse,1,2024-05-31,0.1132719904391255,0.13968252506332532,0.5791303432845626
29,control,15,averse,1,2024-06-30,0.18445635379908465,0.14177718799005062,0.975489276713396
30,control,15,averse,1,2024-07-31,0.1885174904984548,0.14491730118183702,0.8851284750045029
31,control,15,averse,1,2024-08-31,0.20845800276878612,0.1436346734282629,0.9244873771224043
32,control,15,averse,1,2024-09-30,0.2362440943940436,0.1438554297359327,0.9696226107362679
33,control,15,averse,1,2024-10-31,0.19415681654068062,0.1429718444933431,0.6890705495100549
34,control,15,averse,1,2024-11-30,0.24650062711952936,0.14212535049997846,0.8801147379204599
35,control,15,averse,1,2024-12-31,0.2578502146486057,0.13976726464100994,0.863004470423304
36,control,15,averse,2,2023-07-31,0.012329555598513231,0.06852489447475883,1.3651012520565171
37,control,15,averse,2,2023-08-31,-0.0011003480116884568,0.10830010879129386,-0.44984206462519016
38,control,15,averse,2,2023-09-30,-0.05855080997953932,0.10965537871956706,-2.3419030409371895
39,control,15,averse,2,2023-10-31,-0.040067231417913685,0.11782188185507125,-1.3053499310181862
40,control,15,averse,2,2023-11-30,0.053746307343976785,0.1452369228134656,0.6151674000669578
41,control,15,averse,2,2023-12-31,0.06841071883672911,0.13344949996839112,0.7009606689309393
42,control,15,averse,2,2024-01-31,0.082527017207489,0.13793076701899537,0.7242145882930783
43,control,15,averse,2,2024-02-29,0.11530885443488192,0.13265950950066627,1.007432409688696
44,control,15,averse,2,2024-03-31,0.10514208536754843,0.13003561472293093,0.7414329757375312
45,control,15,averse,2,2024-04-30,0.05736996003522865,0.13468193619131816,0.19135464656076515
46,control,15,averse,2,2024-05-31,0.12230160762874087,0.13273651758777347,0.6838183354379073
47,control,15,averse,2,2024-06-30,0.18652118293164133,0.13181486880746812,1.064534709615701
48,control,15,averse,2,2024-07-31,0.19480856962323068,0.13418086411140095,0.9980712116636662
49,control,15,averse,2,2024-08-31,0.21428058040417008,0.13398090482911806,1.0271127553195842
50,control,15,averse,2,2024-09-30,0.23635243243496507,0.13554206992046094,1.0296956443775365
51,control,15,averse,2,2024-10-31,0.20898868539680615,0.13435353489348767,0.8114970599405976
52,control,15,averse,2,2024-11-30,0.26736131006521324,0.13270306989393632,1.0458091825508218
53,control,15,averse,2,2024-12-31,0.28092200280102864,0.1307068802934513,1.029918341264087
54,control,15,averse,3,2023-07-31,0.012074480423108547,0.06860749834553742,1.3201223711509769
55,control,15,averse,3,2023-08-31,-0.0015748474512659039,0.07887011784692659,-0.6522371510703374
56,control,15,averse,3,2023-09-30,-0.03780243509007697,0.07724501186167128,-2.3979115055261038
57,control,15,averse,3,2023-10-31,-0.05511032729303955,0.07779742633834227,-2.486376071712874
58,control,15,averse,3,2023-11-30,0.006079363074534161,0.10242967011147312,-0.2728511932925899
59,control,15,averse,3,2023-12-31,0.04945693381056859,0.10249489166549101,0.5371157259011495
60,control,15,averse,3,2024-01-31,0.043293307317748386,0.09620019717842059,0.3254045512284124
61,control,15,averse,3,2024-02-29,0.0594023677570803,0.09071774248931187,0.5196159837561601
62,control,15,averse,3,2024-03-31,0.07676057021103899,0.08776671879535965,0.6670035887578267
63,control,15,averse,3,2024-04-30,0.03881861176053647,0.08838973931600683,0.04140397790271523
64,control,15,averse,3,2024-05-31,0.06929091996417913,0.08627444819620758,0.38134554942876386
65,control,15,averse,3,2024-06-30,0.08746296749347215,0.08347498496137885,0.5195192933491625
66,control,15,averse,3,2024-07-31,0.11629310599919629,0.08121793571963765,0.7780951715432826
67,control,15,averse,3,2024-08-31,0.14098949909636693,0.07997797823216433,0.9580558789490063
68,control,15,averse,3,2024-09-30,0.16032583483296103,0.07937015635332674,1.0321293863931496
69,control,15,averse,3,2024-10-31,0.14105588916559952,0.07878700557844194,0.7693032343199468
70,control,15,averse,3,2024-11-30,0.17486911391804782,0.08051278009267808,0.9629468344230185
71,control,15,averse,3,2024-12-31,0.14061306042856536,0.08013787382579605,0.6000122315832525
72,control,15,averse,4,2023-07-31,0.016100984907777782,0.08037319588629593,1.7211404746235226
73,control,15,averse,4,2023-08-31,-0.016849559255056268,0.15721477771689737,-0.8643820214224006
74,control,15,averse,4,2023-09-30,-0.08711954786471932,0.14447390135941007,-2.4080726072372682
75,control,15,averse,4,2023-10-31,-0.10214642569741494,0.13342754883049718,-2.3223319350247245
76,control,15,averse,4,2023-11-30,-0.016425922857990494,0.154716795550889,-0.5220378542300709
77,control,15,averse,4,2023-12-31,0.020245544950368455,0.14797720982699533,-0.02041101012673354
78,control,15,averse,4,2024-01-31,0.0030909740638802585,0.1445986225398084,-0.25717243943303186
79,control,15,averse,4,2024-02-29,0.005676533548111928,0.13749858532216086,-0.24677886172273145
80,control,15,averse,4,2024-03-31,-0.0010321695043566947,0.13217976903367717,-0.3307516690638794
81,control,15,averse,4,2024-04-30,-0.025732061612414925,0.13234672643242473,-0.5494358857924407
82,control,15,averse,4,2024-05-31,0.04453511437125646,0.13544292753447737,0.043986362435919496
83,control,15,averse,4,2024-06-30,0.09990815392526109,0.1371397851514862,0.40510945638088264
84,control,15,averse,4,2024-07-31,0.14585825527240792,0.1370578339732671,0.6557613417952356
85,control,15,averse,4,2024-08-31,0.1871251192510408,0.13603367358577698,0.8459732346860135
86,control,15,averse,4,2024-09-30,0.20690235875998786,0.13335291471304872,0.8798345724823994
87,control,15,averse,4,2024-10-31,0.16046421087464613,0.13297764878134352,0.560375737769962
88,control,15,averse,4,2024-11-30,0.20675037386813133,0.1346925811060537,0.7335175630678731
89,control,15,averse,4,2024-12-31,0.20279864832845274,0.13100742057675305,0.663017772371358
90,control,15,averse,5,2023-07-31,0.021374589853430992,0.1074182718411796,1.8957807458784974
91,control,15,averse,5,2023-08-31,-0.000799512144732839,0.12257320333702228,-0.3833436261629318
92,control,15,averse,5,2023-09-30,-0.0504004057209948,0.11554820089859694,-1.9839611382044662
93,control,15,averse,5,2023-10-31,-0.05536339700209214,0.11105942440056904,-1.747626082927423
94,control,15,averse,5,2023-11-30,-0.0009222942490917374,0.11642422413071332,-0.38270097596175073
95,control,15,averse,5,2023-12-31,0.0015082291655508229,0.10871315091274728,-0.36306831798375283
96,control,15,averse,5,2024-01-31,0.00902277873518531,0.10553773538370709,-0.25768862259393027
97,control,15,averse,5,2024-02-29,0.015709313299418604,0.10113973937967083,-0.18735178488543788
98,control,15,averse,5,2024-03-31,0.003738831296599132,0.09783229035650814,-0.38345072307984474
99,control,15,averse,5,2024-04-30,-0.016950769935489718,0.09728812898392239,-0.6411756664289195
100,control,15,averse,5,2024-05-31,0.03206987719761045,0.10257677032879957,-0.07398091618060823
101,control,15,averse,5,2024-06-30,0.06535932230478125,0.10167055159139392,0.21353647016359775
102,control,15,averse,5,2024-07-31,0.09767783130994379,0.10052028038252137,0.4612367532601421
103,control,15,averse,5,2024-08-31,0.13917213822554042,0.09846234719912211,0.7627669523102536
104,control,15,averse,5,2024-09-30,0.14546661391303628,0.09593658818413384,0.7354965811934279
105,control,15,averse,5,2024-10-31,0.12196163108522229,0.0962940451315504,0.48674140255441545
106,control,15,averse,5,2024-11-30,0.15981828407858045,0.09594972711211482,0.7027507161374165
107,control,15,averse,5,2024-12-31,0.1448319435545955,0.09364907050983956,0.5417770014784639
108,control,15,averse,6,2023-07-31,0.014452398654692722,0.08998942906786066,1.3175096242283708
109,control,15,averse,6,2023-08-31,-0.007268663375333939,0.10175708889379759,-0.8220675154245284
110,control,15,averse,6,2023-09-30,-0.05304468093331438,0.09858416742259468,-2.4168430472117843
111,control,15,averse,6,2023-10-31,-0.053687043079745145,0.09268635981239838,-2.0470563783528952
112,control,15,averse,6,2023-11-30,0.028257847395560143,0.12350063821551542,0.20814018334347395
113,control,15,averse,6,2023-12-31,0.06644502317766277,0.11719481573925641,0.7638672737000471
114,control,15,averse,6,2024-01-31,0.07518420463514452,0.11197980353306138,0.7762528449466466
115,control,15,averse,6,2024-02-29,0.10293539664556572,0.10715621444015706,1.0667945031968014
116,control,15,averse,6,2024-03-31,0.12768665727677098,0.10269131112323311,1.23384280167264
117,control,15,averse,6,2024-04-30,0.0788029408555384,0.10585764343839073,0.4856240202411345
118,control,15,averse,6,2024-05-31,0.12316710782935214,0.10197734958639514,0.8993602930632659
119,control,15,averse,6,2024-06-30,0.1591322439909768,0.09904906143793077,1.1461999703234764
120,control,15,averse,6,2024-07-31,0.1783283072935884,0.09594822799614704,1.2414126341538738
121,control,15,averse,6,2024-08-31,0.21368427562104886,0.09499061342241746,1.4435058651648405
122,control,15,averse,6,2024-09-30,0.2388508197795689,0.09796583828291354,1.443855125135748
123,control,15,averse,6,2024-10-31,0.192986437076357,0.0993097301533487,0.9836592660779312
124,control,15,averse,6,2024-11-30,0.23595180388209802,0.10136097173333065,1.1654898117855905
125,control,15,averse,6,2024-12-31,0.19872468049562841,0.10063068705595177,0.8381259698414586
126,control,15,averse,7,2023-07-31,0.009952298375327295,0.0725460376613624,0.9112247528089769
127,control,15,averse,7,2023-08-31,-0.012536328970704003,0.08151872623004174,-1.3821848323511932
128,control,15,averse,7,2023-09-30,-0.050987291802089496,0.07915441042587892,-2.921523362614883
129,control,15,averse,7,2023-10-31,-0.03639589588483161,0.07730184186008335,-1.8621235715337017
130,control,15,averse,7,2023-11-30,0.040954960915730254,0.10402938140012688,0.5492871437715494
131,control,15,averse,7,2023-12-31,0.0602964886204298,0.0968503798456613,0.7949006719834607
132,control,15,averse,7,2024-01-31,0.08187670865729446,0.09220858744672243,1.0708402563791763
133,control,15,averse,7,2024-02-29,0.125119179430353,0.09054579687868589,1.6460956628575727
134,control,15,averse,7,2024-03-31,0.17015348202326375,0.08819913341223205,2.08912316984426
135,control,15,averse,7,2024-04-30,0.12687409946564454,0.09011423649822813,1.2122154010572246
136,control,15,averse,7,2024-05-31,0.152021518750181,0.08475343678701343,1.4549366813115208
137,control,15,averse,7,2024-06-30,0.1732436313170742,0.08254905670017369,1.5425380920279803
138,control,15,averse,7,2024-07-31,0.17611603801559417,0.08263450208400915,1.4173475722199067
139,control,15,averse,7,2024-08-31,0.19294482785949918,0.083437733355519,1.4371936788811823
140,control,15,averse,7,2024-09-30,0.22869537595246192,0.08720916354176152,1.534195843887423
141,control,15,averse,7,2024-10-31,0.20416833389646083,0.08744286731388438,1.2078225835451841
142,control,15,averse,7,2024-11-30,0.2634425398623734,0.08718581492645176,1.5623467891537752
143,control,15,averse,7,2024-12-31,0.2352907054165847,0.08633978960669038,1.2375271005655717
144,control,15,averse,8,2023-07-31,0.014886082851231164,0.08161146031145772,1.5161342012668306
145,control,15,averse,8,2023-08-31,0.00047923950680806016,0.08843185998275159,-0.4478584456774476
146,control,15,averse,8,2023-09-30,-0.0352563449384079,0.08262702169499861,-2.131483557324869
147,control,15,averse,8,2023-10-31,-0.04252273546480989,0.08211103630068385,-1.9528351653504694
148,control,15,averse,8,2023-11-30,0.028148362239734492,0.10545539270380308,0.24120776110695213
149,control,15,averse,8,2023-12-31,0.05867843778727999,0.09977607425018663,0.7386431166994754
150,control,15,averse,8,2024-01-31,0.07565848065129654,0.09563618509189457,0.9176481547637468
151,control,15,averse,8,2024-02-29,0.10249820643327134,0.09186247004875628,1.2369853410448701
152,control,15,averse,8,2024-03-31,0.12079489006411359,0.08843808887176033,1.3277682303552323
153,control,15,averse,8,2024-04-30,0.07241841838971541,0.091744486911075,0.47698791314081546
154,control,15,averse,8,2024-05-31,0.11296245575512454,0.08865574526090568,0.9086388162284367
155,control,15,averse,8,2024-06-30,0.14407186178305809,0.08694089088196091,1.1363249804850049
156,control,15,averse,8,2024-07-31,0.15582931528452293,0.08536496046126242,1.1581124072140216
157,control,15,averse,8,2024-08-31,0.1790712074002665,0.08527006561604988,1.271060774660755
158,control,15,averse,8,2024-09-30,0.1983288288455829,0.08743324162193324,1.2676283210120873
159,control,15,averse,8,2024-10-31,0.17348352835774228,0.08717765456188471,0.9613984287667705
160,control,15,averse,8,2024-11-30,0.21016071472679276,0.08785353872016631,1.150376621764347
161,control,15,averse,8,2024-12-31,0.1839833224882279,0.08709789334813958,0.863414789247688
162,control,15,averse,9,2023-07-31,0.005702672446342039,0.07235568192798654,0.2563168319010616
163,control,15,averse,9,2023-08-31,-0.0072368940435839635,0.08378607482543796,-0.9962743253091401
164,control,15,averse,9,2023-09-30,-0.036541317044010535,0.08025079332258274,-2.2519916264469657
165,control,15,averse,9,2023-10-31,-0.024871805187718032,0.07599803817794737,-1.4810065411088345
166,control,15,averse,9,2023-11-30,0.0435875732463753,0.09681378734889456,0.658232247358054
167,control,15,averse,9,2023-12-31,0.06258428189712362,0.08952146779132265,0.9119896823490492
168,control,15,averse,9,2024-01-31,0.08482750578197074,0.08966793659032747,1.1594584697263097
169,control,15,averse,9,2024-02-29,0.10728312115491323,0.08759660799525992,1.3824101789138843
170,control,15,averse,9,2024-03-31,0.12374383021565438,0.08558236179224232,1.4184452515926917
171,control,15,averse,9,2024-04-30,0.07804094274568962,0.09006567825150433,0.5606355839409741
172,control,15,averse,9,2024-05-31,0.11748787356269497,0.08637313048916143,0.9899299017038297
173,control,15,averse,9,2024-06-30,0.1553359006597963,0.08563374738540112,1.2823865485081698
174,control,15,averse,9,2024-07-31,0.14415335561940923,0.0864812877791211,1.0214955108479116
175,control,15,averse,9,2024-08-31,0.15336158053527504,0.08635926884846672,1.0069396254261669
176,control,15,averse,9,2024-09-30,0.17419756715866486,0.08948895645005274,1.0336112789832166
177,control,15,averse,9,2024-10-31,0.14275133760607606,0.08995837521522196,0.6872992445283238
178,control,15,averse,9,2024-11-30,0.17897843922364842,0.08997574571327133,0.8922475977867677
179,control,15,averse,9,2024-12-31,0.1633598836206711,0.08973902207919535,0.6947881209495337
180,control,15,neutral,0,2023-07-31,0.020218357649163465,0.12029877105278045,1.57150158159806
181,control,15,neutral,0,2023-08-31,-0.0016732762961972902,0.17298594571148337,-0.3006389998579135
182,control,15,neutral,0,2023-09-30,-0.06353047626579733,0.16185850240521824,-1.6884600794412885
183,control,15,neutral,0,2023-10-31,-0.033122282776401946,0.15590964489001616,-0.86652613319004
184,control,15,neutral,0,2023-11-30,0.07707067280693791,0.19134044764198269,0.781073128093322
185,control,15,neutral,0,2023-12-31,0.13438843796939848,0.18194595652546494,1.277833340776579
186,control,15,neutral,0,2024-01-31,0.1684847014042261,0.1837706324960064,1.393550800013344
187,control,15,neutral,0,2024-02-29,0.35060876286782827,0.18112507478588175,2.873800547471003
188,control,15,neutral,0,2024-03-31,0.40523553496910436,0.1750215278234735,2.9359428936462377
189,control,15,neutral,0,2024-04-30,0.33796523968580927,0.19139063557798439,1.9244586642452326
190,control,15,neutral,0,2024-05-31,0.5064212529710703,0.18858297234503527,2.738151560080036
191,control,15,neutral,0,2024-06-30,0.5831463228729306,0.18514923347108098,2.846922638568142
192,control,15,neutral,0,2024-07-31,0.5994473813359804,0.18019124239152584,2.7332907200542214
193,control,15,neutral,0,2024-08-31,0.5670279508485412,0.19032774969574895,2.228610191411497
194,control,15,neutral,0,2024-09-30,0.6182892208045072,0.20323153003336564,2.0608371687506475
195,control,15,neutral,0,2024-10-31,0.6375531525808265,0.2010741040307324,1.9899403579121797
196,control,15,neutral,0,2024-11-30,0.8575609017331551,0.20149800617221159,2.4954647710421307
197,control,15,neutral,0,2024-12-31,0.8752281965685098,0.19941484094648393,2.3581487905853193
198,control,15,neutral,1,2023-07-31,0.009079578072769046,0.07389532624689775,0.7603232643015694
199,control,15,neutral,1,2023-08-31,-0.01563595462080669,0.14106085496239817,-0.9174011645244159
200,control,15,neutral,1,2023-09-30,-0.06933599339167384,0.13519737725776468,-2.1611837449720404
201,control,15,neutral,1,2023-10-31,-0.022046723888371145,0.13608298008482053,-0.7697517515951726
202,control,15,neutral,1,2023-11-30,0.08352376562015307,0.16630514026809703,1.0005569258296083
203,control,15,neutral,1,2023-12-31,0.11536747203105069,0.15523719180356566,1.2345408301321639
204,control,15,neutral,1,2024-01-31,0.12706315959039793,0.15839658171543922,1.135212151136427
205,control,15,neutral,1,2024-02-29,0.21681791479929124,0.1516208524193846,1.953099854476933
206,control,15,neutral,1,2024-03-31,0.23488090966593322,0.14626400059069017,1.8677788653125071
207,control,15,neutral,1,2024-04-30,0.17783666796975983,0.15621589994738572,1.094886539969075
208,control,15,neutral,1,2024-05-31,0.26881601335767513,0.1523504450370424,1.6531890501738913
209,control,15,neutral,1,2024-06-30,0.34671932807324835,0.15021403286132712,1.975845290394808
210,control,15,neutral,1,2024-07-31,0.35089244849294254,0.14994494561774885,1.8229418637649524
211,control,15,neutral,1,2024-08-31,0.3470184409410646,0.15342559434488537,1.6080763137816332
212,control,15,neutral,1,2024-09-30,0.3919832140186743,0.1610123034791298,1.5855847792071267
213,control,15,neutral,1,2024-10-31,0.3732447903790572,0.15944285164702282,1.400577560575252
214,control,15,neutral,1,2024-11-30,0.5058900582050492,0.15808085684744905,1.8404965866763012
215,control,15,neutral,1,2024-12-31,0.5345258623392359,0.15752479038777065,1.7979754846616065
216,control,15,neutral,2,2023-07-31,0.0027432268758433853,0.1272534187583301,-0.1059054537048112
217,control,15,neutral,2,2023-08-31,-0.029885485151352253,0.19735869316329085,-1.0294737539149255
218,control,15,neutral,2,2023-09-30,-0.06810107142176414,0.17941626679825382,-1.606301690113492
219,control,15,neutral,2,2023-10-31,-0.05498127485559268,0.16724360110829112,-1.154595174092785
220,control,15,neutral,2,2023-11-30,0.055374033630632535,0.18705055181772484,0.49976556549470247
221,control,15,neutral,2,2023-12-31,0.11684051248826655,0.17939503163980053,1.0858012122097151
222,control,15,neutral,2,2024-01-31,0.08769716792930349,0.1715692679121412,0.635646421638451
223,control,15,neutral,2,2024-02-29,0.23663040520434797,0.17319774968501994,1.8974715949329832
224,control,15,neutral,2,2024-03-31,0.2579339456647478,0.1709688870210871,1.7851487296689403
225,control,15,neutral,2,2024-04-30,0.20285878571204385,0.18369459155629678,1.0972672103807704
226,control,15,neutral,2,2024-05-31,0.2882074899699325,0.1815483811734446,1.505417222652632
227,control,15,neutral,2,2024-06-30,0.3357605961732948,0.17482353783831026,1.6365480587926362
228,control,15,neutral,2,2024-07-31,0.3776232713817895,0.17229917154195096,1.7241609556215927
229,control,15,neutral,2,2024-08-31,0.33218021357520366,0.17982990294581713,1.3045945233436589
230,control,15,neutral,2,2024-09-30,0.40965610321787915,0.19072427506299133,1.406543545901407
231,control,15,neutral,2,2024-10-31,0.4118978110678704,0.18840117510020674,1.3252686492032488
232,control,15,neutral,2,2024-11-30,0.6618930329417068,0.19852989133260687,1.94719966642118
233,control,15,neutral,2,2024-12-31,0.6989752527646327,0.19922988146951237,1.8827413040922512
234,control,15,neutral,3,2023-07-31,0.008871494223624543,0.07068969443163911,0.7615062341419461
235,control,15,neutral,3,2023-08-31,-0.03269614372811103,0.1500754658659036,-1.4467830799354089
236,control,15,neutral,3,2023-09-30,-0.06929402878583213,0.13139313343173858,-2.2227269401771155
237,control,15,neutral,3,2023-10-31,-0.02848063310962845,0.1250487180951842,-0.9792984356428961
238,control,15,neutral,3,2023-11-30,0.06171388783148268,0.14423666757118847,0.760385201443555
239,control,15,neutral,3,2023-12-31,0.11570849378899162,0.14211495375000735,1.3536464857103578
240,control,15,neutral,3,2024-01-31,0.11960951706094747,0.13442766344921547,1.2369920403106072
241,control,15,neutral,3,2024-02-29,0.2325355700225571,0.13441047397946473,2.3948904565946214
242,control,15,neutral,3,2024-03-31,0.2708368231133973,0.13153224002929637,2.457204498226635
243,control,15,neutral,3,2024-04-30,0.20711966980032992,0.13857092622204759,1.4921693897622974
244,control,15,neutral,3,2024-05-31,0.3130956820174884,0.13752691740917802,2.1876835237399512
245,control,15,neutral,3,2024-06-30,0.3425054806393799,0.13555821979899554,2.159134153992292
246,control,15,neutral,3,2024-07-31,0.39066314077870956,0.1311167041134098,2.3538808180737307
247,control,15,neutral,3,2024-08-31,0.4022922263604063,0.1332642372221893,2.1887208367647424
248,control,15,neutral,3,2024-09-30,0.4451493499014896,0.1414037134755543,2.0805207884481645
249,control,15,neutral,3,2024-10-31,0.4565016791541905,0.14107483994602282,1.983929613494407
250,control,15,neutral,3,2024-11-30,0.623032960339625,0.1440558458758812,2.5199622855221997
251,control,15,neutral,3,2024-12-31,0.6216557294136915,0.14163192807740202,2.3462212661663084
252,control,15,neutral,4,2023-07-31,0.01798840339084906,0.11593134770745177,1.391710119066787
253,control,15,neutral,4,2023-08-31,-0.009976217607935878,0.16063278742461062,-0.6142014036195496
254,control,15,neutral,4,2023-09-30,-0.05622831388736649,0.14986024655656677,-1.661692699470982
255,control,15,neutral,4,2023-10-31,-0.01918722120761429,0.14118247385527022,-0.685694693645651
256,control,15,neutral,4,2023-11-30,0.08359741337935733,0.16905679866303439,0.9854201031414968
257,control,15,neutral,4,2023-12-31,0.13909801173953973,0.1622741396835752,1.4956774758158187
258,control,15,neutral,4,2024-01-31,0.14577080350084826,0.16461024658811535,1.3002464035630463
259,control,15,neutral,4,2024-02-29,0.26674261576623826,0.1573160577093459,2.406173577734734
260,control,15,neutral,4,2024-03-31,0.3093167844445326,0.15080431583808693,2.50123692582067
261,control,15,neutral,4,2024-04-30,0.25231110379441146,0.1619172467954007,1.619500661759094
262,control,15,neutral,4,2024-05-31,0.35853528834579595,0.15583348456545448,2.2542884617518766
263,control,15,neutral,4,2024-06-30,0.41234313541601164,0.15075370424274392,2.393279500275099
264,control,15,neutral,4,2024-07-31,0.4174168788801078,0.14709259916463174,2.259285748756088
265,control,15,neutral,4,2024-08-31,0.3793716743406428,0.15330419664744774,1.7812141620686952
266,control,15,neutral,4,2024-09-30,0.4232232564063547,0.16576378550331278,1.6782334463402677
267,control,15,neutral,4,2024-10-31,0.41871774952913854,0.16379252096919172,1.5526687377311092
268,control,15,neutral,4,2024-11-30,0.5870812390692199,0.1660193414055513,2.0543804510308425
269,control,15,neutral,4,2024-12-31,0.6127910335165356,0.165953139786091,1.9725381016503298
270,control,15,neutral,5,2023-07-31,0.008386059395621093,0.061174380168072605,0.7904856223048374
271,control,15,neutral,5,2023-08-31,-0.021609153190630614,0.15499313703833506,-1.038482002040928
272,control,15,neutral,5,2023-09-30,-0.07202422209981985,0.13713706706646603,-2.1935470793126277
273,control,15,neutral,5,2023-10-31,-0.045817002040643096,0.13357466210265598,-1.2658666237394451
274,control,15,neutral,5,2023-11-30,0.05397213902134457,0.15929716650310521,0.5644694704341526
275,control,15,neutral,5,2023-12-31,0.07778322772049706,0.14750705248911775,0.7647912196749477
276,control,15,neutral,5,2024-01-31,0.08404736611653596,0.15119200787151177,0.6784998710429897
277,control,15,neutral,5,2024-02-29,0.11762273558084124,0.14431903204083976,0.9511719968696463
278,control,15,neutral,5,2024-03-31,0.11665887715733025,0.1400968611032757,0.7984791247814887
279,control,15,neutral,5,2024-04-30,0.07013701160629604,0.1470925732755813,0.2789456851257414
280,control,15,neutral,5,2024-05-31,0.1597755343538514,0.1459168562083194,0.9033438720911376
281,control,15,neutral,5,2024-06-30,0.23183860453251848,0.14778015352847654,1.2493211339071553
282,control,15,neutral,5,2024-07-31,0.237352790065962,0.1497153980830324,1.149341681161892
283,control,15,neutral,5,2024-08-31,0.2518363316328345,0.1487879729384111,1.1335191465301626
284,control,15,neutral,5,2024-09-30,0.2848727839066698,0.15101032034105738,1.1652393648376482
285,control,15,neutral,5,2024-10-31,0.2505556440936103,0.14993835293504293,0.9224252217390853
286,control,15,neutral,5,2024-11-30,0.32528314775866574,0.14886891959898085,1.1853566266508684
287,control,15,neutral,5,2024-12-31,0.3440361957274536,0.14683484310967854,1.1746242838314684
288,control,15,neutral,6,2023-07-31,0.0100251578841839,0.09982910551044609,0.6705227950497337
289,control,15,neutral,6,2023-08-31,-0.005078283370754333,0.12539469713005888,-0.5691195721064651
290,control,15,neutral,6,2023-09-30,-0.04811802880634808,0.13410172113420232,-1.650966074949457
291,control,15,neutral,6,2023-10-31,0.0025901638065517485,0.13121852159664935,-0.2657860498050082
292,control,15,neutral,6,2023-11-30,0.10595953610222009,0.15933031464515107,1.4209168489633275
293,control,15,neutral,6,2023-12-31,0.1458541750367881,0.14821433603364403,1.736873635887003
294,control,15,neutral,6,2024-01-31,0.18096397562705224,0.14722250221051653,1.8980752718308764
295,control,15,neutral,6,2024-02-29,0.3064585554994075,0.14563838816152624,3.057015050003629
296,control,15,neutral,6,2024-03-31,0.35745820165120334,0.14040288529400538,3.1724591889761933
297,control,15,neutral,6,2024-04-30,0.27905530316935323,0.15158305536545372,1.9475474110696267
298,control,15,neutral,6,2024-05-31,0.34580852259931505,0.14357667518338466,2.3482592505199427
299,control,15,neutral,6,2024-06-30,0.4102024678019882,0.1395767191527636,2.569977870853747
300,control,15,neutral,6,2024-07-31,0.38858355484708973,0.13822202757082125,2.2195442241427066
301,control,15,neutral,6,2024-08-31,0.37441465290621845,0.1460198554277321,1.8424666709117274
302,control,15,neutral,6,2024-09-30,0.42374733908624496,0.1589457985583556,1.752631696550491
303,control,15,neutral,6,2024-10-31,0.4108784705451327,0.15673798712852868,1.5885692938505904
304,control,15,neutral,6,2024-11-30,0.552830045518883,0.15604698080993956,2.050784583547432
305,control,15,neutral,6,2024-12-31,0.5530305573088594,0.1569476504944846,1.8714910455988374
306,control,15,neutral,7,2023-07-31,0.0385596272755222,0.1182908487396101,3.717575005042542
307,control,15,neutral,7,2023-08-31,0.03237025489562306,0.19511896391977554,0.8185606319984456
308,control,15,neutral,7,2023-09-30,-0.05634782030017815,0.1934915923339892,-1.2890660378051586
309,control,15,neutral,7,2023-10-31,-0.06798273130344856,0.19034103934826715,-1.1895302096162714
310,control,15,neutral,7,2023-11-30,0.037823860029302825,0.21720538845278378,0.22716230106224167
311,control,15,neutral,7,2023-12-31,0.07694233151676966,0.20118721104789583,0.5521072096335881
312,control,15,neutral,7,2024-01-31,0.10723387094661607,0.2066522912160281,0.6966272928908346
313,control,15,neutral,7,2024-02-29,0.19927713875649888,0.19900673552287157,1.3444995227140124
314,control,15,neutral,7,2024-03-31,0.21982726738991976,0.19081537581962488,1.3226326864346973
315,control,15,neutral,7,2024-04-30,0.19053099467132983,0.20587444872330302,0.9059373399274678
316,control,15,neutral,7,2024-05-31,0.33466657412854306,0.2032072280760829,1.5983025190268638
317,control,15,neutral,7,2024-06-30,0.44757787014838857,0.20380501815130675,1.9387805278857078
318,control,15,neutral,7,2024-07-31,0.4643551060618851,0.2064083569582883,1.810948892438869
319,control,15,neutral,7,2024-08-31,0.4856860350336265,0.2121731506049265,1.6921017302901789
320,control,15,neutral,7,2024-09-30,0.5239248948972526,0.2171186260176186,1.6178758487304319
321,control,15,neutral,7,2024-10-31,0.5235929852057579,0.21350771645689207,1.5215624706353177
322,control,15,neutral,7,2024-11-30,0.6142210225302458,0.210059335665308,1.7026100115951424
323,control,15,neutral,7,2024-12-31,0.6471495347237053,0.20567803168551144,1.6846082693271809
324,control,15,neutral,8,2023-07-31,0.0184546344445351,0.13925072040354924,1.1999122981185169
325,control,15,neutral,8,2023-08-31,-0.010096016212613468,0.17818834654519175,-0.5573904733000025
326,control,15,neutral,8,2023-09-30,-0.05144265181801644,0.16136745696108512,-1.4427142679716098
327,control,15,neutral,8,2023-10-31,-0.0037564920958905734,0.15094713714879168,-0.35237963294811664
328,control,15,neutral,8,2023-11-30,0.0951663872371058,0.17477492531896913,1.1290118991655316
329,control,15,neutral,8,2023-12-31,0.1605903005725342,0.1741494479208129,1.6641740603791864
330,control,15,neutral,8,2024-01-31,0.16433250213548778,0.17283093554032755,1.4370300301181733
331,control,15,neutral,8,2024-02-29,0.32023110015576006,0.16729271867775913,2.800942992988872
332,control,15,neutral,8,2024-03-31,0.3840329305807124,0.16178411255246677,2.987916547866941
333,control,15,neutral,8,2024-04-30,0.3325451120512848,0.17284933226061744,2.0918335164729838
334,control,15,neutral,8,2024-05-31,0.45068690988318294,0.16646934504662703,2.727169299960465
335,control,15,neutral,8,2024-06-30,0.49229658333007653,0.16097009172336274,2.725291711217841
336,control,15,neutral,8,2024-07-31,0.5015084861410659,0.15633651369374815,2.6004027190344647
337,control,15,neutral,8,2024-08-31,0.4454801675902287,0.16293493819925253,2.0046284256315188
338,control,15,neutral,8,2024-09-30,0.4968202107147608,0.1768721905038332,1.8753896481168786
339,control,15,neutral,8,2024-10-31,0.5171611042576572,0.17496051598696594,1.8322725000285203
340,control,15,neutral,8,2024-11-30,0.7296047692797933,0.17786112244799757,2.402131677975369
341,control,15,neutral,8,2024-12-31,0.7777484047857199,0.17748917046451,2.355198002895493
342,control,15,neutral,9,2023-07-31,0.005467266324913567,0.06423533682640241,0.24855742099873165
343,control,15,neutral,9,2023-08-31,-0.033988025309231285,0.1404422536260299,-1.5912191999484966
344,control,15,neutral,9,2023-09-30,-0.07911433217994501,0.12451399475710415,-2.5958647105584696
345,control,15,neutral,9,2023-10-31,-0.05577670745091812,0.11599173291747843,-1.6825520398889977
346,control,15,neutral,9,2023-11-30,0.03352793853427927,0.13801909249090355,0.28032146483356307
347,control,15,neutral,9,2023-12-31,0.09001026551387548,0.135508561806338,1.0197453549821802
348,control,15,neutral,9,2024-01-31,0.07394191229426728,0.12873283972196864,0.6582373699645444
349,control,15,neutral,9,2024-02-29,0.14169615999872764,0.12566549745925812,1.39433807018839
350,control,15,neutral,9,2024-03-31,0.16548750612624707,0.12279342982021287,1.4488079808082301
351,control,15,neutral,9,2024-04-30,0.10905330728026463,0.12810648819558804,0.6849427342377371
352,control,15,neutral,9,2024-05-31,0.19367713923119134,0.1291806302801289,1.3085645638688237
353,control,15,neutral,9,2024-06-30,0.221217026376763,0.12711366007400896,1.3707713906489967
354,control,15,neutral,9,2024-07-31,0.28159138444004594,0.1235114686316606,1.7133945108443471
355,control,15,neutral,9,2024-08-31,0.2995601256547553,0.12319237193566826,1.6876157728803787
356,control,15,neutral,9,2024-09-30,0.33781430455848316,0.12578424444609546,1.712016955823229
357,control,15,neutral,9,2024-10-31,0.3319619432651557,0.1265751778421925,1.5400815944031374
358,control,15,neutral,9,2024-11-30,0.45588250608049474,0.1288771574526452,2.014925557414194
359,control,15,neutral,9,2024-12-31,0.43887268063482066,0.1261306598737377,1.8095529803520933
360,control,15,seeking,0,2023-07-31,0.05182201955930932,0.22096255721796298,2.9364274766877667
361,control,15,seeking,0,2023-08-31,-0.08568600046722252,0.34468821358906987,-1.2951306554269089
362,control,15,seeking,0,2023-09-30,-0.16206935780197707,0.3382406933020098,-1.624268411786068
363,control,15,seeking,0,2023-10-31,-0.26260040764740367,0.30793292541447953,-2.0381259662766626
364,control,15,seeking,0,2023-11-30,-0.09204862733557695,0.3599790565263916,-0.6846132962137633
365,control,15,seeking,0,2023-12-31,0.046353692907214805,0.3544999465504061,0.13768793460489792
366,control,15,seeking,0,2024-01-31,-0.08558280820838893,0.3354291960059102,-0.5417968266901539
367,control,15,seeking,0,2024-02-29,0.10668880431723005,0.3416047798170361,0.3517713423290541
368,control,15,seeking,0,2024-03-31,0.13375906970465734,0.3355374983989935,0.4020279503986175
369,control,15,seeking,0,2024-04-30,0.039333561812561424,0.3446918519278231,0.012395188290519055
370,control,15,seeking,0,2024-05-31,0.10363255300138374,0.34664720436272184,0.20297777763786579
371,control,15,seeking,0,2024-06-30,0.07700717783392896,0.33553853808896955,0.09871783760390855
372,control,15,seeking,0,2024-07-31,0.13054430983511467,0.326522899962115,0.23295255567739176
373,control,15,seeking,0,2024-08-31,0.03220518894742863,0.33288113982107304,-0.045024771237846206
374,control,15,seeking,0,2024-09-30,0.10155980172855972,0.33217665638383775,0.11081858856044138
375,control,15,seeking,0,2024-10-31,0.09109914826679089,0.32832057101273754,0.07472188589979266
376,control,15,seeking,0,2024-11-30,0.34143019374167793,0.33528939841336797,0.557366878084384
377,control,15,seeking,0,2024-12-31,0.313601992051731,0.3330262298764597,0.46332027242152407
378,control,15,seeking,1,2023-07-31,0.06503022210327969,0.2852360792917086,3.0964320093279336
379,control,15,seeking,1,2023-08-31,-0.09013957314915377,0.36058995942749256,-1.283991838417388
380,control,15,seeking,1,2023-09-30,-0.15431225317226227,0.37392824647227946,-1.4197470564926513
381,control,15,seeking,1,2023-10-31,-0.2198285001847159,0.3237866157429937,-1.711719160126394
382,control,15,seeking,1,2023-11-30,-0.014464292723883165,0.3587798452991255,-0.2124668442871144
383,control,15,seeking,1,2023-12-31,0.11336785837297159,0.3413518387237636,0.5489625846686471
384,control,15,seeking,1,2024-01-31,-0.07142840578637466,0.3361936006753987,-0.4737475555737028
385,control,15,seeking,1,2024-02-29,0.08354617560486188,0.3288344872065896,0.25615375784840966
386,control,15,seeking,1,2024-03-31,0.059827223563778675,0.32285086826024567,0.11177539552947968
387,control,15,seeking,1,2024-04-30,-0.022067119624708087,0.3317567512602605,-0.20618647174600907
388,control,15,seeking,1,2024-05-31,-0.019137743150863362,0.33321414824523254,-0.18934667763843274
389,control,15,seeking,1,2024-06-30,-0.05815508598203856,0.3222380479122024,-0.308674994779955
390,control,15,seeking,1,2024-07-31,0.0013434318117309108,0.32003884851657777,-0.12858298959915399
391,control,15,seeking,1,2024-08-31,-0.06270368957875949,0.31622077280117983,-0.303847160579527
392,control,15,seeking,1,2024-09-30,0.07865739796337157,0.3161899291409087,0.06038831299620435
393,control,15,seeking,1,2024-10-31,0.11922185347559999,0.3211395887900679,0.1397951550830298
394,control,15,seeking,1,2024-11-30,0.37168820164258487,0.33386399253216337,0.6179129088309153
395,control,15,seeking,1,2024-12-31,0.4668722377166499,0.33300965772440105,0.734097062491877
396,control,15,seeking,2,2023-07-31,0.13051617520551262,0.3822601566000685,6.642687533520019
397,control,15,seeking,2,2023-08-31,-0.0690935799496466,0.4653880068276397,-0.8190094007206106
398,control,15,seeking,2,2023-09-30,-0.12096949423673231,0.43941695309277784,-1.0134339883908228
399,control,15,seeking,2,2023-10-31,-0.22906674819548534,0.3934234437426746,-1.4507123279203327
400,control,15,seeking,2,2023-11-30,-0.12230771845353827,0.39000790354562703,-0.7890222715777914
401,control,15,seeking,2,2023-12-31,0.008719422120233355,0.3820274884904035,-0.06679187116714674
402,control,15,seeking,2,2024-01-31,-0.2026258817668647,0.37346261346435383,-0.9596481914849392
403,control,15,seeking,2,2024-02-29,-0.006989651736683533,0.40831646892790996,-0.12917442027075565
404,control,15,seeking,2,2024-03-31,-0.09684996569372573,0.39317126213919235,-0.42325018189834884
405,control,15,seeking,2,2024-04-30,-0.13903336728878246,0.4008367312427902,-0.5102533071781606
406,control,15,seeking,2,2024-05-31,-0.05069679316940834,0.4148904869641483,-0.23423225919642784
407,control,15,seeking,2,2024-06-30,-0.11863433575546678,0.40306478429059917,-0.39425144973000803
408,control,15,seeking,2,2024-07-31,-0.05547452490309812,0.3946591787232775,-0.23592784848788498
409,control,15,seeking,2,2024-08-31,-0.1355692697855625,0.39545971735910457,-0.40248046725409375
410,control,15,seeking,2,2024-09-30,0.07658188925721388,0.4035885405218784,0.04332296633117497
411,control,15,seeking,2,2024-10-31,0.0023840230197287315,0.3985745630845459,-0.10187960847380957
412,control,15,seeking,2,2024-11-30,0.1707204759575469,0.40195333410334333,0.1859648410514028
413,control,15,seeking,2,2024-12-31,0.15944738031301298,0.39436557753840595,0.15189631017915659
414,control,15,seeking,3,2023-07-31,0.020102149379279677,0.21628482794257095,0.867336487688554
415,control,15,seeking,3,2023-08-31,-0.020494560955634067,0.26404562046081675,-0.5875506685314761
416,control,15,seeking,3,2023-09-30,-0.06714439949513862,0.2476590671991182,-1.1511590003750454
417,control,15,seeking,3,2023-10-31,-0.0953289129967777,0.22955473182317662,-1.279343567052148
418,control,15,seeking,3,2023-11-30,0.056427177015864194,0.2635923214934219,0.36481460907127994
419,control,15,seeking,3,2023-12-31,0.14958790338559647,0.24881060114840764,1.0674742111171598
420,control,15,seeking,3,2024-01-31,0.1298968583129123,0.23716097623222634,0.7799453772447343
421,control,15,seeking,3,2024-02-29,0.33882701499088586,0.23864070538793478,2.0964768565734087
422,control,15,seeking,3,2024-03-31,0.35742920795005584,0.23664942803688171,1.8820291116222654
423,control,15,seeking,3,2024-04-30,0.27710584161022767,0.26089244438166953,1.1223252264656083
424,control,15,seeking,3,2024-05-31,0.3735184120608521,0.25765021090935913,1.428109702697452
425,control,15,seeking,3,2024-06-30,0.4328888219620812,0.24832987934599976,1.533525334491498
426,control,15,seeking,3,2024-07-31,0.4584403377233064,0.24701212223471622,1.4921359914751298
427,control,15,seeking,3,2024-08-31,0.40342366948963937,0.259742657571098,1.126483173257651
428,control,15,seeking,3,2024-09-30,0.5130924963267867,0.27509611095465814,1.2485093546579018
429,control,15,seeking,3,2024-10-31,0.5110664723563463,0.27083252705480176,1.1686409410994154
430,control,15,seeking,3,2024-11-30,0.804960297287725,0.2822546778663806,1.6720817236560124
431,control,15,seeking,3,2024-12-31,0.8245879371891034,0.2811229051566444,1.5766655432338623
432,control,15,seeking,4,2023-07-31,0.05250902056389539,0.24456828532872033,2.7001209389828924
433,control,15,seeking,4,2023-08-31,-0.0643977851047749,0.36894490832991184,-0.980233608881593
434,control,15,seeking,4,2023-09-30,-0.13996151061958362,0.34720295773562565,-1.4264595489540297
435,control,15,seeking,4,2023-10-31,-0.20961983836298992,0.30624014970731656,-1.7487915322012255
436,control,15,seeking,4,2023-11-30,-0.0036089336534554928,0.3620475616894656,-0.14055140350811526
437,control,15,seeking,4,2023-12-31,0.10092862641217049,0.3435192925492717,0.4688663511694286
438,control,15,seeking,4,2024-01-31,-0.042028039234272785,0.3309859352552753,-0.33798277211382766
439,control,15,seeking,4,2024-02-29,0.10096372288805555,0.32152260176315406,0.34598774278578626
440,control,15,seeking,4,2024-03-31,0.08769760683883066,0.3127853277465215,0.23370644149152725
441,control,15,seeking,4,2024-04-30,0.021259371656815684,0.32842745764901426,-0.052383183492025996
442,control,15,seeking,4,2024-05-31,0.007927721980704794,0.32057699737511847,-0.10539081526861033
443,control,15,seeking,4,2024-06-30,0.05213789144559233,0.3092364346618295,0.028303146474081477
444,control,15,seeking,4,2024-07-31,0.1131964084841699,0.31288565366525856,0.19303223496304842
445,control,15,seeking,4,2024-08-31,0.09332751129852634,0.3116260355838138,0.1176143659677304
446,control,15,seeking,4,2024-09-30,0.19560542731515107,0.31433403990769776,0.34602499332527614
447,control,15,seeking,4,2024-10-31,0.20600145887146626,0.31282935128135214,0.3417628121004492
448,control,15,seeking,4,2024-11-30,0.5224055172471482,0.3317918684254802,0.9078165471100608
449,control,15,seeking,4,2024-12-31,0.5755320239512545,0.3313774672007688,0.9247371494104464
450,control,15,seeking,5,2023-07-31,0.01625847208840847,0.18851078187371853,0.743926417787408
451,control,15,seeking,5,2023-08-31,-0.004846627600407105,0.2880907495225942,-0.24317878621202535
452,control,15,seeking,5,2023-09-30,-0.06798551874004466,0.2640367547383065,-1.0900850483055693
453,control,15,seeking,5,2023-10-31,-0.10902735420130394,0.24394897711658392,-1.3361958266825191
454,control,15,seeking,5,2023-11-30,0.016576467152678465,0.26414076162327393,-0.01042100658306242
455,control,15,seeking,5,2023-12-31,0.08262555070329758,0.24923474616370866,0.49282305587872766
456,control,15,seeking,5,2024-01-31,0.024834981895546893,0.23376078744328932,-0.0015780621136334764
457,control,15,seeking,5,2024-02-29,0.21099543107546226,0.2447474977635689,1.1711093080537098
458,control,15,seeking,5,2024-03-31,0.2503231860972408,0.24695201722337637,1.193006780590918
459,control,15,seeking,5,2024-04-30,0.2380325819212914,0.2730132944517274,0.8961619977298464
460,control,15,seeking,5,2024-05-31,0.40920769422809045,0.28214770166641095,1.4449701605558827
461,control,15,seeking,5,2024-06-30,0.4577076216965936,0.27252307926965724,1.4861202025741027
462,control,15,seeking,5,2024-07-31,0.5238167871159565,0.27229169414735327,1.565100059995532
463,control,15,seeking,5,2024-08-31,0.47841234038222,0.2837948261546047,1.244447279213799
464,control,15,seeking,5,2024-09-30,0.6363969651458317,0.2986217290550669,1.4456206242356224
465,control,15,seeking,5,2024-10-31,0.6215217708357741,0.2995245889038511,1.3008003345307857
466,control,15,seeking,5,2024-11-30,0.9622705251808688,0.3054854935705218,1.8447277610910129
467,control,15,seeking,5,2024-12-31,1.026821414992925,0.30291272037502076,1.814598085771804
468,control,15,seeking,6,2023-07-31,0.013106888844172992,0.20212233421903172,0.5078482132727276
469,control,15,seeking,6,2023-08-31,-0.10692365004735882,0.3602463170089612,-1.4492512506707753
470,control,15,seeking,6,2023-09-30,-0.16893512414771295,0.36037070062102816,-1.5688113264858743
471,control,15,seeking,6,2023-10-31,-0.23345409679285367,0.32030764638838954,-1.8059404504084038
472,control,15,seeking,6,2023-11-30,-0.049323038805132,0.35428463844620406,-0.4376759167032027
473,control,15,seeking,6,2023-12-31,0.07177677653248038,0.3431924312910017,0.2926792555616203
474,control,15,seeking,6,2024-01-31,-0.06865627393015505,0.3321678621401877,-0.4661621257571566
475,control,15,seeking,6,2024-02-29,0.1181439877492807,0.33225657844751294,0.4156117143814489
476,control,15,seeking,6,2024-03-31,0.1336848226861551,0.32493218325666323,0.41484111180060484
477,control,15,seeking,6,2024-04-30,0.07534017809623794,0.3423911766420544,0.13802645515895562
478,control,15,seeking,6,2024-05-31,0.11692506911821665,0.34014382119934833,0.24956496982900722
479,control,15,seeking,6,2024-06-30,0.11272596084030684,0.32852503897698576,0.2073164210899702
480,control,15,seeking,6,2024-07-31,0.18718252422819104,0.32868802071125297,0.3866000886527145
481,control,15,seeking,6,2024-08-31,0.07896025788121297,0.33136563406252206,0.07409519750742284
482,control,15,seeking,6,2024-09-30,0.17480420205127323,0.3327331794548313,0.2793791641240341
483,control,15,seeking,6,2024-10-31,0.17342987059527037,0.3332940555777735,0.2513522365289832
484,control,15,seeking,6,2024-11-30,0.5172660516441678,0.3533748225637392,0.8433459917815576
485,control,15,seeking,6,2024-12-31,0.571258873338309,0.3542737042613734,0.8581725740747199
486,control,15,seeking,7,2023-07-31,0.030880978156547334,0.23975833793368242,1.3750050732186723
487,control,15,seeking,7,2023-08-31,-0.07450036331754861,0.32782888679597566,-1.2294237676765751
488,control,15,seeking,7,2023-09-30,-0.11204749366574251,0.3064537409856203,-1.3728285388453658
489,control,15,seeking,7,2023-10-31,-0.17942507749880476,0.27924771590550534,-1.710215883755414
490,control,15,seeking,7,2023-11-30,-0.011677943154273729,0.32062406411054994,-0.2175757230607039
491,control,15,seeking,7,2023-12-31,0.04829662961862824,0.30005479183592143,0.17568793171015742
492,control,15,seeking,7,2024-01-31,-0.07871108773050395,0.2915155286787922,-0.5861025162073923
493,control,15,seeking,7,2024-02-29,0.09452408665751588,0.30605223988515484,0.33076734848593586
494,control,15,seeking,7,2024-03-31,0.07873106835228794,0.2976046595269375,0.205509394638069
495,control,15,seeking,7,2024-04-30,0.029066271053314496,0.3116760068833091,-0.02546221160149661
496,control,15,seeking,7,2024-05-31,0.09440461508280151,0.31306751425199225,0.19256479351631867
497,control,15,seeking,7,2024-06-30,0.11624152113466701,0.3015904144742322,0.23724499853684866
498,control,15,seeking,7,2024-07-31,0.2027164083934081,0.29957810780782934,0.4707367032264866
499,control,15,seeking,7,2024-08-31,0.1498608886923225,0.30159123258474946,0.27864166421938785
500,control,15,seeking,7,2024-09-30,0.28186242804995865,0.30921204158911564,0.5617945178276393
501,control,15,seeking,7,2024-10-31,0.2567550070541995,0.30839440333220547,0.4625638020542435
502,control,15,seeking,7,2024-11-30,0.6698641624904713,0.3452492433370805,1.1336451687255753
503,control,15,seeking,7,2024-12-31,0.7203658802046,0.3446653493921444,1.1223066944877418
504,control,15,seeking,8,2023-07-31,0.07604500882453524,0.3066282555830391,3.5896687950140675
505,control,15,seeking,8,2023-08-31,-0.04172690086171116,0.368477878361074,-0.7073981864909077
506,control,15,seeking,8,2023-09-30,-0.07794321656072245,0.3573758038068954,-0.8941741926666703
507,control,15,seeking,8,2023-10-31,-0.16121348986523698,0.32263781813166087,-1.365610007482191
508,control,15,seeking,8,2023-11-30,-0.06499212611054828,0.3151899137959039,-0.6004055621863801
509,control,15,seeking,8,2023-12-31,0.032545403423314134,0.2989921933746456,0.0710608423301077
510,control,15,seeking,8,2024-01-31,-0.1329532456385104,0.2939321666917404,-0.8682344051804818
511,control,15,seeking,8,2024-02-29,-0.0252878409539794,0.2968110019790289,-0.26857437820986524
512,control,15,seeking,8,2024-03-31,-0.0845318226368671,0.2894776564581411,-0.5210990092947839
513,control,15,seeking,8,2024-04-30,-0.09754346314242501,0.30654266989751516,-0.5108750132880998
514,control,15,seeking,8,2024-05-31,-0.01991897852220159,0.31134425904697993,-0.205360910272615
515,control,15,seeking,8,2024-06-30,-0.0507877706851968,0.30142215858463206,-0.30598571607983366
516,control,15,seeking,8,2024-07-31,0.015859254682830004,0.30103164957463213,-0.09274433786660245
517,control,15,seeking,8,2024-08-31,-0.059970435070552774,0.3031098563042348,-0.3092309019779203
518,control,15,seeking,8,2024-09-30,0.12693489951453119,0.3090502532189626,0.18233413940168827
519,control,15,seeking,8,2024-10-31,0.05366357815400913,0.30804464648667146,-0.009030309431383629
520,control,15,seeking,8,2024-11-30,0.24498915882743266,0.32398821373756415,0.3830129108140642
521,control,15,seeking,8,2024-12-31,0.2767804720897624,0.3211832027721642,0.4113264172515383
522,control,15,seeking,9,2023-07-31,0.008027643266506734,0.20988154777747053,0.21122516987430634
523,control,15,seeking,9,2023-08-31,-0.05309670385401777,0.29958578807557834,-1.0439511935839272
524,control,15,seeking,9,2023-09-30,-0.08466619003901421,0.2842642715007743,-1.197505157288413
525,control,15,seeking,9,2023-10-31,-0.11555419473792572,0.2574589119667672,-1.3245613599185988
526,control,15,seeking,9,2023-11-30,0.03448984550934897,0.2813973744050197,0.1459480558801543
527,control,15,seeking,9,2023-12-31,0.11297423145274443,0.2687110268551607,0.694248294844493
528,control,15,seeking,9,2024-01-31,-0.003675854175953952,0.2589311128014418,-0.18744497385911296
529,control,15,seeking,9,2024-02-29,0.155776142309479,0.26952153540034,0.7331377054517448
530,control,15,seeking,9,2024-03-31,0.14479977803282074,0.26516200941987755,0.5650166749154253
531,control,15,seeking,9,2024-04-30,0.08755588081146914,0.2791013373628311,0.22179315946461658
532,control,15,seeking,9,2024-05-31,0.10002017192109602,0.2783528310361966,0.23860549485861413
533,control,15,seeking,9,2024-06-30,0.13735310893787078,0.2684637160712893,0.3435007071964728
534,control,15,seeking,9,2024-07-31,0.22316655111181527,0.26837338626905344,0.5938198182753318
535,control,15,seeking,9,2024-08-31,0.16510294059318986,0.2747756222210096,0.35211189868626125
536,control,15,seeking,9,2024-09-30,0.28475784859393816,0.2816272249578829,0.6245039091906405
537,control,15,seeking,9,2024-10-31,0.2906276472743299,0.2825432208232618,0.5885727230583205
538,control,15,seeking,9,2024-11-30,0.6465073825487415,0.3043258565194246,1.2396854971336142
539,control,15,seeking,9,2024-12-31,0.7212775466392416,0.3039640980178556,1.2742251717109698
540,control,30,averse,0,2023-07-31,0.016681979374182587,0.07419065188888413,1.9594607330935767
541,control,30,averse,0,2023-08-31,0.002264202531748749,0.08489796772668468,-0.3442255025448273
542,control,30,averse,0,2023-09-30,-0.03786244481736123,0.08379101652923551,-2.21313123059977
543,control,30,averse,0,2023-10-31,-0.04917728004154798,0.07936733263828398,-2.242014095730872
544,control,30,averse,0,2023-11-30,0.008822318424478448,0.10011168179480547,-0.2137487440150527
545,control,30,averse,0,2023-12-31,0.041163145592695294,0.09912973915067824,0.3874656593613289
546,control,30,averse,0,2024-01-31,0.048455153349097335,0.09394406490028744,0.4282301777325218
547,control,30,averse,0,2024-02-29,0.06609928658466524,0.08895668236750527,0.6451073028526452
548,control,30,averse,0,2024-03-31,0.08550159990325024,0.0854918171199612,0.8208167226578919
549,control,30,averse,0,2024-04-30,0.05369585115821751,0.08630019938383968,0.2478210692758229
550,control,30,averse,0,2024-05-31,0.0816523741793207,0.08467587654941404,0.5476576321695937
551,control,30,averse,0,2024-06-30,0.09755590023815941,0.08189174798212595,0.6502834530617883
552,control,30,averse,0,2024-07-31,0.12042577280563815,0.07931734822079925,0.8438081162866974
553,control,30,averse,0,2024-08-31,0.1522019293735437,0.07778951526125645,1.1054257819496773
554,control,30,averse,0,2024-09-30,0.17166367235410784,0.0763989675159396,1.185445470108126
555,control,30,averse,0,2024-10-31,0.14873435319875528,0.0766457295327908,0.8626709859105557
556,control,30,averse,0,2024-11-30,0.19703204532950203,0.07910822190697042,1.167180932133034
557,control,30,averse,0,2024-12-31,0.15432524682103588,0.07946485079343886,0.7134595552222825
558,control,30,averse,1,2023-07-31,0.013762079239689973,0.08530889064222345,1.2937942505231859
559,control,30,averse,1,2023-08-31,-0.0016174972771140217,0.09482683873012708,-0.5450626561875354
560,control,30,averse,1,2023-09-30,-0.04457098442044005,0.0920467183037627,-2.271583385180401
561,control,30,averse,1,2023-10-31,-0.06470877754098303,0.09202927814551908,-2.36999107671277
562,control,30,averse,1,2023-11-30,0.004579179734735872,0.11941481318981002,-0.26395166990118135
563,control,30,averse,1,2023-12-31,0.05315388747493799,0.11894664917860706,0.5255237071787866
564,control,30,averse,1,2024-01-31,0.04972315555709628,0.11139417788862147,0.3808712249503348
565,control,30,averse,1,2024-02-29,0.06950941656321019,0.1053396612987282,0.5944306856614636
566,control,30,averse,1,2024-03-31,0.0899293913834025,0.102115746801893,0.7450004742820544
567,control,30,averse,1,2024-04-30,0.044638616118603425,0.10308001511955613,0.10272785102910234
568,control,30,averse,1,2024-05-31,0.0805380122668895,0.10040126601731988,0.4497781401825714
569,control,30,averse,1,2024-06-30,0.10406980128995413,0.09732498258692503,0.612712922804721
570,control,30,averse,1,2024-07-31,0.13654380326577042,0.09470177084292196,0.8603610540176467
571,control,30,averse,1,2024-08-31,0.16449425245875537,0.09335544252497456,1.0309461327964182
572,control,30,averse,1,2024-09-30,0.18710591680185562,0.09299556071126228,1.100213810880964
573,control,30,averse,1,2024-10-31,0.16293718567397475,0.0923627282647201,0.8259290265387109
574,control,30,averse,1,2024-11-30,0.20380080550642732,0.09441476088639852,1.025672445122241
575,control,30,averse,1,2024-12-31,0.16389026531829431,0.09392988319230254,0.6673179543115351
576,control,30,averse,2,2023-07-31,0.019914198984333886,0.09056413336971104,2.0453675505177977
577,control,30,averse,2,2023-08-31,0.0017067143713491717,0.09780347704781187,-0.33205116950688457
578,control,30,averse,2,2023-09-30,-0.04248506127773344,0.09439018736315424,-2.1378377952915355
579,control,30,averse,2,2023-10-31,-0.06483612301167041,0.09435475499424845,-2.3150157469549217
580,control,30,averse,2,2023-11-30,0.005889371615863892,0.12246008966066389,-0.23191880017696515
581,control,30,averse,2,2023-12-31,0.05160595785923716,0.12161433603097564,0.4882958351066245
582,control,30,averse,2,2024-01-31,0.05339824976564689,0.11340904185046267,0.43034558427431385
583,control,30,averse,2,2024-02-29,0.0775494070395546,0.10722673075738462,0.6992760090792718
584,control,30,averse,2,2024-03-31,0.0965388436394905,0.10324025660645804,0.8223675877129719
585,control,30,averse,2,2024-04-30,0.047248494025833754,0.1045592773543619,0.1310154754912277
586,control,30,averse,2,2024-05-31,0.08249493189961488,0.10268264868537517,0.46056642649035884
587,control,30,averse,2,2024-06-30,0.10186715786352707,0.0991949908814933,0.5794161821427996
588,control,30,averse,2,2024-07-31,0.1390383644973361,0.09612806339387935,0.8710029972529041
589,control,30,averse,2,2024-08-31,0.17390305937052708,0.09498595291634722,1.0957640488173763
590,control,30,averse,2,2024-09-30,0.19324088779264392,0.09426383550203592,1.1348293290267404
591,control,30,averse,2,2024-10-31,0.17079764562136313,0.0939336582979914,0.8718608697333909
592,control,30,averse,2,2024-11-30,0.21552519615448706,0.09557701539922804,1.0946577572780285
593,control,30,averse,2,2024-12-31,0.1673463448701129,0.09551356107887711,0.6788554361727422
594,control,30,averse,3,2023-07-31,0.010400930818550425,0.05471691507886672,1.3019268104652164
595,control,30,averse,3,2023-08-31,-0.010160900104966286,0.11364950324122887,-0.8770612389386024
596,control,30,averse,3,2023-09-30,-0.05885946582489365,0.10461912674103095,-2.4644821167144677
597,control,30,averse,3,2023-10-31,-0.07170959508782848,0.09996230374273243,-2.358956155072939
598,control,30,averse,3,2023-11-30,-0.008070967614267288,0.11427665747868147,-0.5368464993161147
599,control,30,averse,3,2023-12-31,0.02107570694012395,0.10947945137037934,-0.012705316720131508
600,control,30,averse,3,2024-01-31,0.008216005771665813,0.1083318296740405,-0.26360729992937154
601,control,30,averse,3,2024-02-29,0.008572820477217302,0.10271361499685953,-0.2883145150315004
602,control,30,averse,3,2024-03-31,0.002258657060678404,0.09860954968220494,-0.3999594191432873
603,control,30,averse,3,2024-04-30,-0.019003200710801527,0.09948449976732253,-0.6513215013774506
604,control,30,averse,3,2024-05-31,0.03338407762467854,0.10174531413210551,-0.06055493170357278
605,control,30,averse,3,2024-06-30,0.0729398221122004,0.1035295663911916,0.28145066679293934
606,control,30,averse,3,2024-07-31,0.1022583103256367,0.10403068483932774,0.4855062799056935
607,control,30,averse,3,2024-08-31,0.12236661673015536,0.1027397979617496,0.5940756306847818
608,control,30,averse,3,2024-09-30,0.13823162437046754,0.10044081587099317,0.6473353718877788
609,control,30,averse,3,2024-10-31,0.11524638448906033,0.09910488603163069,0.42403103800289543
610,control,30,averse,3,2024-11-30,0.15130461277404228,0.09988480879869145,0.6176902030419151
611,control,30,averse,3,2024-12-31,0.15238938758853626,0.0972870597984314,0.5702851512498481
612,control,30,averse,4,2023-07-31,0.016161642118189157,0.08268302518986308,1.6819268156927387
613,control,30,averse,4,2023-08-31,-0.00043239824318741515,0.08337044624203313,-0.5382337558610905
614,control,30,averse,4,2023-09-30,-0.03768128477903143,0.07978668402903524,-2.3161123705341633
615,control,30,averse,4,2023-10-31,-0.060858119944462885,0.08239227549232594,-2.52774614057196
616,control,30,averse,4,2023-11-30,0.00039447026093752946,0.10812213247065146,-0.38331126739045346
617,control,30,averse,4,2023-12-31,0.04162118254482139,0.107983731956475,0.36417775491501636
618,control,30,averse,4,2024-01-31,0.03902034196666504,0.10004227366796793,0.23927781712189464
619,control,30,averse,4,2024-02-29,0.058360500747345334,0.09458612241813753,0.4815384382403294
620,control,30,averse,4,2024-03-31,0.07112716524077123,0.0911646012920517,0.5600734373537313
621,control,30,averse,4,2024-04-30,0.023887986277598694,0.09210196830883267,-0.1529272127808494
622,control,30,averse,4,2024-05-31,0.05353499564034614,0.09104820782401463,0.1729466544035941
623,control,30,averse,4,2024-06-30,0.06810334751455649,0.08786381590095138,0.2776950006495983
624,control,30,averse,4,2024-07-31,0.10634698119479591,0.08539888117960989,0.6347301551337554
625,control,30,averse,4,2024-08-31,0.1362775565308949,0.08444356741064636,0.860726811746382
626,control,30,averse,4,2024-09-30,0.14970786541079661,0.08359377185290272,0.8829181499353179
627,control,30,averse,4,2024-10-31,0.13197024689581416,0.08321439109301422,0.6498903851720644
628,control,30,averse,4,2024-11-30,0.16112274489055767,0.08380433519408831,0.8150618234905045
629,control,30,averse,4,2024-12-31,0.11929413290343382,0.08366253394722867,0.41386259632785954
630,control,30,averse,5,2023-07-31,0.014776497229622043,0.07765790647766153,1.5764663772923175
631,control,30,averse,5,2023-08-31,-0.00048384863130479516,0.09134425715112936,-0.49449640978203585
632,control,30,averse,5,2023-09-30,-0.04175901183440467,0.08935065381168508,-2.2298489621952315
633,control,30,averse,5,2023-10-31,-0.06121953433707905,0.08958152357412687,-2.335233079018622
634,control,30,averse,5,2023-11-30,0.008586334452711508,0.11733918496093426,-0.18717666738163796
635,control,30,averse,5,2023-12-31,0.057253355218082946,0.11632721293182002,0.6086908333649131
636,control,30,averse,5,2024-01-31,0.05280167126156532,0.10917004541712767,0.43756208578006467
637,control,30,averse,5,2024-02-29,0.07409168745638706,0.10299851775321803,0.6763035540594666
638,control,30,averse,5,2024-03-31,0.09542079768546619,0.09952409623713451,0.8380630160976653
639,control,30,averse,5,2024-04-30,0.052340468219287395,0.10068689682828853,0.19635201485876572
640,control,30,averse,5,2024-05-31,0.0883863152140707,0.098050525692418,0.5478631141313228
641,control,30,averse,5,2024-06-30,0.1109142907720444,0.09490254906383587,0.6989770003599496
642,control,30,averse,5,2024-07-31,0.141733628228212,0.09234285318359546,0.9330283174472839
643,control,30,averse,5,2024-08-31,0.17001028784923267,0.09111555189552467,1.1067325752814168
644,control,30,averse,5,2024-09-30,0.19387887128206405,0.09086729641253657,1.1825762046037496
645,control,30,averse,5,2024-10-31,0.17251809502258464,0.0901533823805982,0.9220298779806487
646,control,30,averse,5,2024-11-30,0.21411394182747157,0.09232138171871292,1.1231219813954827
647,control,30,averse,5,2024-12-31,0.1761304890487989,0.09182050329442164,0.765809503229983
648,control,30,averse,6,2023-07-31,0.012264287114216454,0.06876459472846466,1.3492697416774175
649,control,30,averse,6,2023-08-31,-0.001696872995019305,0.08045060746985237,-0.6481189600095689
650,control,30,averse,6,2023-09-30,-0.038815906388598886,0.07934145043009645,-2.3799956435846603
651,control,30,averse,6,2023-10-31,-0.05638453789157838,0.07986382395865643,-2.4634021930789625
652,control,30,averse,6,2023-11-30,0.005917243747935119,0.10543462359169735,-0.26873891722358223
653,control,30,averse,6,2023-12-31,0.050107268562284535,0.10505626934097906,0.5364910033609868
654,control,30,averse,6,2024-01-31,0.0437793326935807,0.0984802203505831,0.32639172360736196
655,control,30,averse,6,2024-02-29,0.061159664747590714,0.09280643436741905,0.536864971191052
656,control,30,averse,6,2024-03-31,0.07916316813804891,0.08976392839615553,0.6877510413517499
657,control,30,averse,6,2024-04-30,0.040381608814763714,0.09055755184671882,0.06095520812513574
658,control,30,averse,6,2024-05-31,0.07145365105108037,0.08836913911864375,0.3989701787519227
659,control,30,averse,6,2024-06-30,0.0902675127122392,0.08546731642575019,0.5395521926529714
660,control,30,averse,6,2024-07-31,0.11934388871932033,0.08311890165677926,0.7934584453702346
661,control,30,averse,6,2024-08-31,0.14476638120308305,0.0818686711516158,0.9744898705538408
662,control,30,averse,6,2024-09-30,0.1656773227247732,0.08132873592897644,1.057482089921605
663,control,30,averse,6,2024-10-31,0.14640277730263285,0.08072623414379176,0.7983557257579229
664,control,30,averse,6,2024-11-30,0.1813906236739229,0.08250825688560592,0.9925579612129988
665,control,30,averse,6,2024-12-31,0.14640147670885173,0.08215749755089405,0.6295605720203586
666,control,30,averse,7,2023-07-31,0.012693921920513551,0.039102079013021256,2.501213857819141
667,control,30,averse,7,2023-08-31,0.006026399311719333,0.0511961385006689,-0.13775999195346558
668,control,30,averse,7,2023-09-30,-0.012468806191388015,0.04992479764432327,-1.8292952392516433
669,control,30,averse,7,2023-10-31,-0.021560171334682576,0.05002476535597765,-2.067013054870343
670,control,30,averse,7,2023-11-30,0.013940455219564107,0.06025899002842342,-0.15123361932496446
671,control,30,averse,7,2023-12-31,0.034072674395236646,0.05716214293111225,0.42473312091527105
672,control,30,averse,7,2024-01-31,0.04037456305737264,0.05448582135175777,0.48214738768322796
673,control,30,averse,7,2024-02-29,0.06261105824094693,0.05176326246495155,1.0054369421882714
674,control,30,averse,7,2024-03-31,0.07706222493448145,0.05008327071108391,1.1768736646956357
675,control,30,averse,7,2024-04-30,0.05904463091784895,0.05212461722524526,0.5327930656531061
676,control,30,averse,7,2024-05-31,0.07935777080227235,0.05023954625089621,0.8732459131474728
677,control,30,averse,7,2024-06-30,0.09489085839016576,0.048588533453272756,1.042275111800932
678,control,30,averse,7,2024-07-31,0.10098356157369448,0.04791352366807888,1.0300735461780837
679,control,30,averse,7,2024-08-31,0.11164696352111902,0.04915546364862437,1.0587859518660612
680,control,30,averse,7,2024-09-30,0.1219512103504643,0.05184636794879919,1.012999645921881
681,control,30,averse,7,2024-10-31,0.11846273179371813,0.05117518896914268,0.8665505933574001
682,control,30,averse,7,2024-11-30,0.14569741509403467,0.05270378057153394,1.0989073357310313
683,control,30,averse,7,2024-12-31,0.13396667868998513,0.05215938137333615,0.8415946244369249
684,control,30,averse,8,2023-07-31,0.019997803397174385,0.07843174289970913,2.375108442882745
685,control,30,averse,8,2023-08-31,0.006944072547989677,0.09287876246943105,-0.017058297323935902
686,control,30,averse,8,2023-09-30,-0.029778717906087437,0.08765241264736182,-1.7829075401726218
687,control,30,averse,8,2023-10-31,-0.04858143824857575,0.08565645823295022,-2.059118810913671
688,control,30,averse,8,2023-11-30,0.017312315574884662,0.10707384630652765,-0.0090874049432371
689,control,30,averse,8,2023-12-31,0.06121552404224362,0.10408713813772644,0.7575938800379336
690,control,30,averse,8,2024-01-31,0.06720156166658908,0.09917771249365781,0.7350020613873666
691,control,30,averse,8,2024-02-29,0.09626528503942455,0.094215860472889,1.1031695503326937
692,control,30,averse,8,2024-03-31,0.1205261677994165,0.09108623250781533,1.2851975256010406
693,control,30,averse,8,2024-04-30,0.08344351228031077,0.09328765716493437,0.6106880516867174
694,control,30,averse,8,2024-05-31,0.12012792344242196,0.09003772175445945,0.9817027695178531
695,control,30,averse,8,2024-06-30,0.1450855589247324,0.08734083582006014,1.1424798626713333
696,control,30,averse,8,2024-07-31,0.1645697048628767,0.08566566801260389,1.245920975462591
697,control,30,averse,8,2024-08-31,0.18586209814766508,0.08620518554842642,1.3227858269474577
698,control,30,averse,8,2024-09-30,0.2067957799443132,0.08811525895418741,1.3306187589692315
699,control,30,averse,8,2024-10-31,0.19185049963600775,0.08708384710283268,1.112496005928372
700,control,30,averse,8,2024-11-30,0.24126483066105675,0.09001824537205456,1.3512653916628392
701,control,30,averse,8,2024-12-31,0.2142350900467287,0.0892582513534069,1.0521851890911482
702,control,30,averse,9,2023-07-31,0.02024847816280495,0.09470538121910414,2.0001805907784767
703,control,30,averse,9,2023-08-31,0.00280898010627717,0.09573473724698475,-0.2719818534109791
704,control,30,averse,9,2023-09-30,-0.04043528584780409,0.09195965027595829,-2.1158183064493463
705,control,30,averse,9,2023-10-31,-0.05758432676600067,0.09028169120869156,-2.2135071421555153
706,control,30,averse,9,2023-11-30,0.003805820895472767,0.11250525186881057,-0.29650293000535854
707,control,30,averse,9,2023-12-31,0.037565154530278644,0.1118581273971798,0.2791723988495899
708,control,30,averse,9,2024-01-31,0.045325374558071285,0.1045574872850839,0.33296713456602006
709,control,30,averse,9,2024-02-29,0.0661234850387098,0.09925658953184036,0.5785378397404499
710,control,30,averse,9,2024-03-31,0.08116110472037774,0.09519768187076083,0.6764170771805688
711,control,30,averse,9,2024-04-30,0.037369865307159245,0.09623980346708627,0.020114897853283745
712,control,30,averse,9,2024-05-31,0.06719163252903293,0.09571451433052994,0.3198428548080336
713,control,30,averse,9,2024-06-30,0.08209966344989539,0.0924459178452853,0.41227162670304746
714,control,30,averse,9,2024-07-31,0.11534973283043493,0.08971988183375665,0.6948615504520065
715,control,30,averse,9,2024-08-31,0.15477991577812,0.08821523859866529,0.9991737263080135
716,control,30,averse,9,2024-09-30,0.1686465297460329,0.08643395035785494,1.0212144138175567
717,control,30,averse,9,2024-10-31,0.14476393224523165,0.08674075646746295,0.7294452961539163
718,control,30,averse,9,2024-11-30,0.18650364675453868,0.0876996005218138,0.9727667010393792
719,control,30,averse,9,2024-12-31,0.13504098921298202,0.08823276312860433,0.5051904057199962
720,control,30,neutral,0,2023-07-31,0.03235102202500073,0.16825858768491644,2.0810465342731406
721,control,30,neutral,0,2023-08-31,0.02694322042205366,0.17265753344692789,0.7162211342985894
722,control,30,neutral,0,2023-09-30,-0.014824844172369955,0.16971017409524025,-0.5914245986808582
723,control,30,neutral,0,2023-10-31,0.018953256929053808,0.15228228843311745,0.08774755306476076
724,control,30,neutral,0,2023-11-30,0.10786952749226164,0.1670527059732682,1.3862711956721483
725,control,30,neutral,0,2023-12-31,0.17550661289427127,0.16233275922302776,1.9896566580126185
726,control,30,neutral,0,2024-01-31,0.18976587733137285,0.16245448984316763,1.822088769060703
727,control,30,neutral,0,2024-02-29,0.3175177543201859,0.15354627482963204,3.0216692123333795
728,control,30,neutral,0,2024-03-31,0.4004139301075387,0.14729604143599212,3.4414718787229415
729,control,30,neutral,0,2024-04-30,0.36870832158232747,0.15877507547021583,2.561552953061804
730,control,30,neutral,0,2024-05-31,0.4332536264818334,0.15001785003908494,2.896449476552003
731,control,30,neutral,0,2024-06-30,0.4799982016290343,0.1452350820763406,2.938091648011867
732,control,30,neutral,0,2024-07-31,0.4713343604786444,0.14234040681283805,2.6693139876497014
733,control,30,neutral,0,2024-08-31,0.42761051783705684,0.14758932531019828,2.1152181318487404
734,control,30,neutral,0,2024-09-30,0.47799453455519325,0.16128422713078655,1.9721080159277353
735,control,30,neutral,0,2024-10-31,0.5076308017485331,0.15741922863082047,1.9960086066543583
736,control,30,neutral,0,2024-11-30,0.6620609543239044,0.15999098125496347,2.416878708848585
737,control,30,neutral,0,2024-12-31,0.7145075386038167,0.15981039852776766,2.400437539451987
738,control,30,neutral,1,2023-07-31,0.028626095136741636,0.11082006040612687,2.6960474341430527
739,control,30,neutral,1,2023-08-31,0.0027781657622463207,0.13468103585772928,-0.19467134627147956
740,control,30,neutral,1,2023-09-30,-0.04388760090501864,0.1281875734459028,-1.6125210667145093
741,control,30,neutral,1,2023-10-31,-0.06824577945857335,0.1227279347954028,-1.8502839638063
742,control,30,neutral,1,2023-11-30,0.017451819769905175,0.15108342021666776,-0.004205927425724784
743,control,30,neutral,1,2023-12-31,0.07481536481166429,0.1466641815781786,0.7274680953793876
744,control,30,neutral,1,2024-01-31,0.06692750256633007,0.13950126334032498,0.5191024349405527
745,control,30,neutral,1,2024-02-29,0.10668386598940849,0.13141511431319483,0.9143473742410783
746,control,30,neutral,1,2024-03-31,0.1308951575408348,0.12662458688739162,1.03479856932237
747,control,30,neutral,1,2024-04-30,0.08528380651629708,0.13015453416846845,0.45466579950622643
748,control,30,neutral,1,2024-05-31,0.13103984974371397,0.1267257672160437,0.7916988708693672
749,control,30,neutral,1,2024-06-30,0.16896459634443217,0.12292935359918898,1.0017888743871308
750,control,30,neutral,1,2024-07-31,0.1901442121449488,0.12135128032645172,1.0690621094025936
751,control,30,neutral,1,2024-08-31,0.2153356422898236,0.12144307564512173,1.1403485836003846
752,control,30,neutral,1,2024-09-30,0.2501490600436962,0.12510341081476395,1.1985807905884818
753,control,30,neutral,1,2024-10-31,0.22885288671176873,0.1231220946694355,0.9994261136676099
754,control,30,neutral,1,2024-11-30,0.27633853834486577,0.1256772073799867,1.1510055774034278
755,control,30,neutral,1,2024-12-31,0.2432479200182105,0.12440715494968006,0.8979806702618967
756,control,30,neutral,2,2023-07-31,0.026656532323476423,0.11359650750993712,2.397153505751823
757,control,30,neutral,2,2023-08-31,0.015978910917862965,0.1425644881764477,0.3755588532748302
758,control,30,neutral,2,2023-09-30,-0.04010863163101874,0.13749877947713524,-1.4066661785072772
759,control,30,neutral,2,2023-10-31,-0.0379043641866984,0.13120867824739257,-1.12799428011197
760,control,30,neutral,2,2023-11-30,0.04563433326917932,0.1499091095901462,0.45934778057865605
761,control,30,neutral,2,2023-12-31,0.09326754185216446,0.14080704442143943,1.029693097240837
762,control,30,neutral,2,2024-01-31,0.08058241315231807,0.14514115372929245,0.6645367879250809
763,control,30,neutral,2,2024-02-29,0.11425580042322903,0.13610565690799228,0.9698065831164923
764,control,30,neutral,2,2024-03-31,0.13357471959807987,0.13035369702803934,1.0329327732722253
765,control,30,neutral,2,2024-04-30,0.11673515509972732,0.1365995656691539,0.7101226143377419
766,control,30,neutral,2,2024-05-31,0.1821207064308401,0.13386848841227952,1.1678685329398506
767,control,30,neutral,2,2024-06-30,0.24085431821832382,0.13096688690709907,1.4769774356292842
768,control,30,neutral,2,2024-07-31,0.2628448868338171,0.1308574620777187,1.4892478128468483
769,control,30,neutral,2,2024-08-31,0.2635101018882604,0.1286169016250361,1.3860888111109089
770,control,30,neutral,2,2024-09-30,0.29679173104747725,0.1307114733001921,1.4142512481683984
771,control,30,neutral,2,2024-10-31,0.2868006377543453,0.12826890769930574,1.2757091358816965
772,control,30,neutral,2,2024-11-30,0.3562637627409351,0.12858214109714158,1.5275489905956572
773,control,30,neutral,2,2024-12-31,0.3918536658838463,0.12668532481858477,1.5846749753662435
774,control,30,neutral,3,2023-07-31,0.006172901364034367,0.09409659433322005,0.25204131157485976
775,control,30,neutral,3,2023-08-31,-0.019076486649806546,0.14337365754281164,-1.0301261358973302
776,control,30,neutral,3,2023-09-30,-0.049065435313186856,0.12331349514364108,-1.8218686785870422
777,control,30,neutral,3,2023-10-31,-0.008661507844265781,0.11446504020452597,-0.5870354552642314
778,control,30,neutral,3,2023-11-30,0.08531549282717621,0.13701322173213298,1.2489862320900962
779,control,30,neutral,3,2023-12-31,0.16323459700581733,0.13472517098113349,2.194592683169628
780,control,30,neutral,3,2024-01-31,0.17964395327445426,0.12504484067280025,2.214901530253126
781,control,30,neutral,3,2024-02-29,0.3045565121965621,0.12812497188577485,3.4497739194864354
782,control,30,neutral,3,2024-03-31,0.36785372775637915,0.13050257372908408,3.5267596042674585
783,control,30,neutral,3,2024-04-30,0.2788060221674602,0.13833946120435156,2.13176415676125
784,control,30,neutral,3,2024-05-31,0.35705686666616465,0.13338842636401613,2.621296798061753
785,control,30,neutral,3,2024-06-30,0.36100294527525745,0.13005697288545723,2.389213890081743
786,control,30,neutral,3,2024-07-31,0.39202962261929164,0.12616751563737333,2.4558152737060794
787,control,30,neutral,3,2024-08-31,0.3924916394159095,0.1309951805884174,2.165927380859314
788,control,30,neutral,3,2024-09-30,0.4400683260867495,0.13948224912850374,2.0826272155243366
789,control,30,neutral,3,2024-10-31,0.4526115000312989,0.1380365561634759,2.0085849792965864
790,control,30,neutral,3,2024-11-30,0.6139695049519502,0.14171975474354784,2.5225547085820903
791,control,30,neutral,3,2024-12-31,0.5702390499244858,0.14079730189029988,2.1552451298889364
792,control,30,neutral,4,2023-07-31,0.024527625406997045,0.09549168574770246,2.557613215279374
793,control,30,neutral,4,2023-08-31,0.00010347228758056382,0.16474288502347384,-0.2536017199245066
794,control,30,neutral,4,2023-09-30,-0.057131328952082505,0.15332171679817144,-1.6439530269326026
795,control,30,neutral,4,2023-10-31,-0.04728107373141488,0.14801229237232963,-1.1685047615297246
796,control,30,neutral,4,2023-11-30,0.047243622954221465,0.1675009689790575,0.43526365637860553
797,control,30,neutral,4,2023-12-31,0.09315892633487155,0.15757763893968138,0.9186637334471887
798,control,30,neutral,4,2024-01-31,0.08481158883164186,0.15560966793706718,0.6679407305100056
799,control,30,neutral,4,2024-02-29,0.1297464792619416,0.14672077585431398,1.065522582041492
800,control,30,neutral,4,2024-03-31,0.14700536796074481,0.14040225209484467,1.0883571861835895
801,control,30,neutral,4,2024-04-30,0.12049689269902397,0.147825142769721,0.6868903551066642
802,control,30,neutral,4,2024-05-31,0.21137165068772923,0.14576131446718454,1.2932588673402803
803,control,30,neutral,4,2024-06-30,0.2526966147746861,0.14271893879289,1.4364298438751073
804,control,30,neutral,4,2024-07-31,0.29043997309704195,0.14202699909964053,1.545622309747753
805,control,30,neutral,4,2024-08-31,0.30749184066753577,0.1400138888108031,1.5313018217901844
806,control,30,neutral,4,2024-09-30,0.3368019599023371,0.14307980239981993,1.4998262628447094
807,control,30,neutral,4,2024-10-31,0.3438449763125624,0.14192556430157255,1.4312210483805832
808,control,30,neutral,4,2024-11-30,0.44893755400511237,0.14246943173501997,1.7920348232179801
809,control,30,neutral,4,2024-12-31,0.4788177440212913,0.1394585301512708,1.802325595550567
810,control,30,neutral,5,2023-07-31,0.01370649502319754,0.07791835709330512,1.4080762921164076
811,control,30,neutral,5,2023-08-31,-0.0034701613678308485,0.13012456938032574,-0.4784753805629437
812,control,30,neutral,5,2023-09-30,-0.0632563686962272,0.13189391219401828,-2.065226248679791
813,control,30,neutral,5,2023-10-31,-0.03960056385748145,0.12984897741125473,-1.1748284539356493
814,control,30,neutral,5,2023-11-30,0.05766941059249575,0.15763571961538048,0.6301190808043108
815,control,30,neutral,5,2023-12-31,0.09505236984269883,0.14659938093074715,1.014493853467529
816,control,30,neutral,5,2024-01-31,0.09459652407477148,0.15008264799217164,0.8084543788038016
817,control,30,neutral,5,2024-02-29,0.15726074427890047,0.14252449835535283,1.4030115363683993
818,control,30,neutral,5,2024-03-31,0.16641951765482865,0.13718732632639594,1.3060450649127204
819,control,30,neutral,5,2024-04-30,0.1202500409266738,0.14413191889009574,0.7024248343158708
820,control,30,neutral,5,2024-05-31,0.1922821388857121,0.14179293715518654,1.1813533292864211
821,control,30,neutral,5,2024-06-30,0.26513010671288817,0.13972889456362833,1.5540934563682955
822,control,30,neutral,5,2024-07-31,0.28148200302365045,0.13954520983922292,1.515825831174115
823,control,30,neutral,5,2024-08-31,0.28800618922759935,0.14093714861784132,1.4078573335766071
824,control,30,neutral,5,2024-09-30,0.3269870754006521,0.14505463458747989,1.429240899652689
825,control,30,neutral,5,2024-10-31,0.3043676297532545,0.14345416536690234,1.2257777821560314
826,control,30,neutral,5,2024-11-30,0.4044714544156045,0.14282599663994822,1.5907193201731782
827,control,30,neutral,5,2024-12-31,0.4250851203464321,0.1414126958357445,1.5572350647827684
828,control,30,neutral,6,2023-07-31,0.010185079824728271,0.1155124678790978,0.5953100861303142
829,control,30,neutral,6,2023-08-31,-0.02525281620387454,0.14403066288626729,-1.2480353697566404
830,control,30,neutral,6,2023-09-30,-0.08084479684230328,0.12837072469513724,-2.5598657167222854
831,control,30,neutral,6,2023-10-31,-0.11612991926161953,0.12295178164651499,-2.7843290765398976
832,control,30,neutral,6,2023-11-30,-0.031230642528301322,0.15411309970862655,-0.7437984146290778
833,control,30,neutral,6,2023-12-31,0.02505004211636841,0.15535965805439564,0.04136607041955782
834,control,30,neutral,6,2024-01-31,-0.0004790782394165083,0.1502594285672868,-0.287373323468509
835,control,30,neutral,6,2024-02-29,0.026314209462393823,0.14351768576475768,-0.021132886154812573
836,control,30,neutral,6,2024-03-31,0.03349969326962343,0.14138858206539132,0.00982881846276814
837,control,30,neutral,6,2024-04-30,-0.012677160246978625,0.14266135645272135,-0.4019437366709541
838,control,30,neutral,6,2024-05-31,0.039671404004336885,0.1395175054297926,0.004805726916345515
839,control,30,neutral,6,2024-06-30,0.05136604449263582,0.13609463162167373,0.05875177306219699
840,control,30,neutral,6,2024-07-31,0.06828457329483051,0.13696765116324944,0.14408894358254473
841,control,30,neutral,6,2024-08-31,0.07836105725291165,0.13906235508706946,0.17292589969
842,control,30,neutral,6,2024-09-30,0.11423155227782611,0.14239217903362827,0.32712831754420124
843,control,30,neutral,6,2024-10-31,0.07202515360093487,0.13989789582495238,0.07610004295511869
844,control,30,neutral,6,2024-11-30,0.10849918698333494,0.13879368422926106,0.23553147671948302
845,control,30,neutral,6,2024-12-31,0.08709686744916945,0.1362958575489516,0.10367799288432726
846,control,30,neutral,7,2023-07-31,0.007534483122768831,0.07398679530182686,0.524630946328586
847,control,30,neutral,7,2023-08-31,-0.02766101997400494,0.1630255915721216,-1.1777073656554315
848,control,30,neutral,7,2023-09-30,-0.09211781775604333,0.1565797034537029,-2.3182373095997364
849,control,30,neutral,7,2023-10-31,-0.07076327810659266,0.14780106570388918,-1.579346281618911
850,control,30,neutral,7,2023-11-30,0.03198772473032707,0.1749302249429378,0.19942594942657468
851,control,30,neutral,7,2023-12-31,0.09095369814980625,0.16802392847023884,0.8341248818345971
852,control,30,neutral,7,2024-01-31,0.08389391837116644,0.1675950995672402,0.6104707812572973
853,control,30,neutral,7,2024-02-29,0.15714710595010395,0.15782512372911744,1.2658458205296295
854,control,30,neutral,7,2024-03-31,0.17053288774816022,0.15221529626850636,1.2139115976492374
855,control,30,neutral,7,2024-04-30,0.12347629168386276,0.15974832516136686,0.6581304475449196
856,control,30,neutral,7,2024-05-31,0.2239948457069436,0.16239509008358843,1.246395630604315
857,control,30,neutral,7,2024-06-30,0.2886328631202977,0.15950697276334924,1.5052945516021967
858,control,30,neutral,7,2024-07-31,0.3540087498746305,0.15687966225192043,1.7600086078676263
859,control,30,neutral,7,2024-08-31,0.3541835575471539,0.1589835272169813,1.5886117722581636
860,control,30,neutral,7,2024-09-30,0.3898587084697307,0.1642385697003677,1.5449352536388488
861,control,30,neutral,7,2024-10-31,0.40259399231253234,0.16172834254105853,1.504696143499804
862,control,30,neutral,7,2024-11-30,0.5569969021017624,0.161828300709775,1.9933886141587043
863,control,30,neutral,7,2024-12-31,0.59295761360958,0.1594346303116179,1.983496738086286
864,control,30,neutral,8,2023-07-31,0.02303677138974214,0.14574307037836115,1.543073721444231
865,control,30,neutral,8,2023-08-31,-0.0013796121396772998,0.17882871773561895,-0.2813973874756836
866,control,30,neutral,8,2023-09-30,-0.05624999909641437,0.16861505366538013,-1.4772974653491433
867,control,30,neutral,8,2023-10-31,-0.03605832813328891,0.15527745369759946,-0.921164267376571
868,control,30,neutral,8,2023-11-30,0.0668218210051239,0.1821981182199779,0.6740959259202438
869,control,30,neutral,8,2023-12-31,0.12984090898322753,0.17515674326189473,1.2712730030065382
870,control,30,neutral,8,2024-01-31,0.11729403942567229,0.18247921457303803,0.8882980243657564
871,control,30,neutral,8,2024-02-29,0.23090034992577801,0.17116079918265426,1.864971916730366
872,control,30,neutral,8,2024-03-31,0.26675315558761525,0.16357249136718388,1.9410343415116007
873,control,30,neutral,8,2024-04-30,0.22663960342223555,0.1737420522347722,1.327706478898027
874,control,30,neutral,8,2024-05-31,0.34269210343611056,0.16823327915993896,1.9835247255882207
875,control,30,neutral,8,2024-06-30,0.39791577235280573,0.16212082015406942,2.138720678131993
876,control,30,neutral,8,2024-07-31,0.4074332682044346,0.15865416849924957,2.038951143223825
877,control,30,neutral,8,2024-08-31,0.357978243091599,0.1619330653001408,1.5787742893361782
878,control,30,neutral,8,2024-09-30,0.40101299475022323,0.1712287524879494,1.5296874698431822
879,control,30,neutral,8,2024-10-31,0.39348067760007255,0.16994601822454958,1.3953901215413076
880,control,30,neutral,8,2024-11-30,0.5577130573111915,0.17351429862034287,1.8616784943412563
881,control,30,neutral,8,2024-12-31,0.5988617316232132,0.1733881594927816,1.8429777218712424
882,control,30,neutral,9,2023-07-31,0.0017239977989540467,0.10194858897270664,-0.2383702087111402
883,control,30,neutral,9,2023-08-31,-0.010060362383513821,0.1421313269606153,-0.6974128866281678
884,control,30,neutral,9,2023-09-30,-0.04350932695127774,0.13867115753488385,-1.481071396408628
885,control,30,neutral,9,2023-10-31,0.022637923871926313,0.14015749951955142,0.17429669401999565
886,control,30,neutral,9,2023-11-30,0.10050156280197808,0.1486343980678125,1.4239306542382109
887,control,30,neutral,9,2023-12-31,0.15848186748837945,0.14429940335999497,1.976153882908258
888,control,30,neutral,9,2024-01-31,0.17540100687292282,0.1373813748845492,1.9581379277936317
889,control,30,neutral,9,2024-02-29,0.3385432177033303,0.14428304012320545,3.4641555795881285
890,control,30,neutral,9,2024-03-31,0.40179034955491866,0.1427578014914748,3.5647442163994594
891,control,30,neutral,9,2024-04-30,0.3337201755834809,0.14802815125435145,2.4524745178038954
892,control,30,neutral,9,2024-05-31,0.3810383053181299,0.14148435102962478,2.6597963214340767
893,control,30,neutral,9,2024-06-30,0.4094205297469222,0.13826279696678037,2.588887671650948
894,control,30,neutral,9,2024-07-31,0.42259926220637056,0.13251865693626866,2.542349862942957
895,control,30,neutral,9,2024-08-31,0.3851669397339019,0.14057269416363105,1.9760410892120772
896,control,30,neutral,9,2024-09-30,0.4387003435539383,0.15074433749588692,1.920416129729903
897,control,30,neutral,9,2024-10-31,0.4622331196594136,0.14804795833646203,1.9165804719267954
898,control,30,neutral,9,2024-11-30,0.652121534825381,0.1505241293525429,2.5289509588672643
899,control,30,neutral,9,2024-12-31,0.6663199392408503,0.15098086228072644,2.3652380459350155
900,control,30,seeking,0,2023-07-31,0.09806845868689495,0.195134594216049,8.216664302986107
901,control,30,seeking,0,2023-08-31,-0.07562310630541613,0.3361784305894941,-1.2121802650090685
902,control,30,seeking,0,2023-09-30,-0.12154714767330521,0.36067672133282785,-1.2390263152911076
903,control,30,seeking,0,2023-10-31,-0.20776935747152303,0.3331833824141204,-1.5970622708232398
904,control,30,seeking,0,2023-11-30,-0.1458769015894965,0.38588204035646034,-0.91609309590659
905,control,30,seeking,0,2023-12-31,-0.015176949936032802,0.3775199462754615,-0.18913250285048622
906,control,30,seeking,0,2024-01-31,-0.13012859974822744,0.37511279713998213,-0.6688538298634057
907,control,30,seeking,0,2024-02-29,-0.05087193741169471,0.37956459896379524,-0.30829047477664867
908,control,30,seeking,0,2024-03-31,-0.05276080897660562,0.3752181566890102,-0.2942726982321841
909,control,30,seeking,0,2024-04-30,-0.13393085772578583,0.37191858728719057,-0.5341405281950193
910,control,30,seeking,0,2024-05-31,-0.01316542872393045,0.3915500586743903,-0.14463478593894477
911,control,30,seeking,0,2024-06-30,-0.10238654462008734,0.38019615042703875,-0.3759437852756235
912,control,30,seeking,0,2024-07-31,-0.036871094695425266,0.3723685994391143,-0.20428412136949897
913,control,30,seeking,0,2024-08-31,-0.16230526450860372,0.3883138360397713,-0.46999384006106815
914,control,30,seeking,0,2024-09-30,-0.030212174708287298,0.3902539046108293,-0.16978131052865075
915,control,30,seeking,0,2024-10-31,-0.09065398833772143,0.38305208312434735,-0.2885675091196297
916,control,30,seeking,0,2024-11-30,0.06915553637560312,0.38869447512080896,0.014750733884666642
917,control,30,seeking,0,2024-12-31,0.08251687071586011,0.38233471264528746,0.02929086340495023
918,control,30,seeking,1,2023-07-31,0.002899231360488752,0.10514356786507834,-0.11233064049896145
919,control,30,seeking,1,2023-08-31,-0.04873269982460693,0.17259007472191457,-1.6982974386028271
920,control,30,seeking,1,2023-09-30,-0.09555929437892863,0.14859802457417606,-2.5116875944554513
921,control,30,seeking,1,2023-10-31,-0.08693775856926655,0.13673771824237801,-1.9997512022879633
922,control,30,seeking,1,2023-11-30,0.018234029128508134,0.1730327660648272,0.007273437761958933
923,control,30,seeking,1,2023-12-31,0.08313950371956413,0.16970274640684793,0.7300659757659645
924,control,30,seeking,1,2024-01-31,0.06846418415380295,0.17310739471772554,0.43389283811390156
925,control,30,seeking,1,2024-02-29,0.18994010384797488,0.1695201916487071,1.4891495426995098
926,control,30,seeking,1,2024-03-31,0.2065356891721397,0.16782687046734324,1.3947008605261058
927,control,30,seeking,1,2024-04-30,0.13150281794976548,0.1730314029464142,0.6636388209707206
928,control,30,seeking,1,2024-05-31,0.27559158322293853,0.1769539902356946,1.4656523853662666
929,control,30,seeking,1,2024-06-30,0.2975022640510494,0.17127421347808053,1.4524365846846212
930,control,30,seeking,1,2024-07-31,0.32571877667758686,0.16793110151533072,1.4943928108116322
931,control,30,seeking,1,2024-08-31,0.28535615970993766,0.17163023411245407,1.143404765212402
932,control,30,seeking,1,2024-09-30,0.3179210817894482,0.17641352757837767,1.1370231893037017
933,control,30,seeking,1,2024-10-31,0.28438004700620456,0.1787178996158688,0.9061663712941073
934,control,30,seeking,1,2024-11-30,0.4657212043900103,0.18592844858822216,1.429877311622631
935,control,30,seeking,1,2024-12-31,0.4409925927148246,0.18528785098738254,1.23846229065102
936,control,30,seeking,2,2023-07-31,-0.005873192984677811,0.07472045220521051,-1.3624063184947308
937,control,30,seeking,2,2023-08-31,-0.04816328449607998,0.19133278601964127,-1.5183714150072973
938,control,30,seeking,2,2023-09-30,-0.07878619039149304,0.1630293520354442,-1.9763060944351882
939,control,30,seeking,2,2023-10-31,-0.06423157805399349,0.15366711160651772,-1.4114474223166178
940,control,30,seeking,2,2023-11-30,0.030003852483972526,0.16485956284575567,0.18195588218576034
941,control,30,seeking,2,2023-12-31,0.07456583332326061,0.16177119379565363,0.6563578154856582
942,control,30,seeking,2,2024-01-31,0.026255080707082934,0.15260117995494082,0.013461663516202817
943,control,30,seeking,2,2024-02-29,0.12410445766685219,0.1573108782185977,0.9373220974803764
944,control,30,seeking,2,2024-03-31,0.12890451888361798,0.15541249530463977,0.8258443945418771
945,control,30,seeking,2,2024-04-30,0.09602374449999673,0.1668785323267844,0.43187886138757176
946,control,30,seeking,2,2024-05-31,0.1710168713098017,0.16980015958851516,0.8489246269425585
947,control,30,seeking,2,2024-06-30,0.20651770603009867,0.1644274490651246,0.9723098873055437
948,control,30,seeking,2,2024-07-31,0.2826194973650864,0.165182522784764,1.2867074078909326
949,control,30,seeking,2,2024-08-31,0.26825430499558767,0.16669619863955942,1.0928888971427593
950,control,30,seeking,2,2024-09-30,0.34109558763918235,0.17106272560150318,1.273068728736871
951,control,30,seeking,2,2024-10-31,0.35092287825624036,0.17088180325567737,1.2171961164446654
952,control,30,seeking,2,2024-11-30,0.5644351586361247,0.1812651433640785,1.8049011571056246
953,control,30,seeking,2,2024-12-31,0.6109961918454596,0.17926536214739472,1.820459533996074
954,control,30,seeking,3,2023-07-31,0.0023308906623757952,0.12182610698525216,-0.14667213746171204
955,control,30,seeking,3,2023-08-31,-0.10135369657561466,0.23758646098754854,-2.117365092902902
956,control,30,seeking,3,2023-09-30,-0.11558658063428462,0.25750060921762163,-1.6720753176930931
957,control,30,seeking,3,2023-10-31,-0.1264940678026113,0.24527910794463642,-1.4913221050152192
958,control,30,seeking,3,2023-11-30,-0.06764925878950068,0.2661126313655106,-0.7326267443315541
959,control,30,seeking,3,2023-12-31,0.04326250528503617,0.2655300493781898,0.16047287447792294
960,control,30,seeking,3,2024-01-31,-0.00395060600013819,0.2676982155775394,-0.1830233285236149
961,control,30,seeking,3,2024-02-29,0.14332115063634343,0.2817283127775601,0.631089755367199
962,control,30,seeking,3,2024-03-31,0.22165543351819283,0.28961196355237345,0.8801494855519026
963,control,30,seeking,3,2024-04-30,0.1237183873032468,0.2855152010506192,0.3692534627492581
964,control,30,seeking,3,2024-05-31,0.27403705549338153,0.30680131016686596,0.839743951983438
965,control,30,seeking,3,2024-06-30,0.1959161993272207,0.29948307620018727,0.49922311338556674
966,control,30,seeking,3,2024-07-31,0.2721381653114432,0.29226022815003144,0.6952119574963812
967,control,30,seeking,3,2024-08-31,0.11183014008481051,0.3175724303999152,0.16436830937018937
968,control,30,seeking,3,2024-09-30,0.2036542512396562,0.321006533327023,0.3578393307750658
969,control,30,seeking,3,2024-10-31,0.19280896643646184,0.31732404663706704,0.30744895621972174
970,control,30,seeking,3,2024-11-30,0.43344990010389006,0.32585526695481415,0.7535476606257454
971,control,30,seeking,3,2024-12-31,0.4537090577553007,0.3226884144296404,0.7339858870362943
972,control,30,seeking,4,2023-07-31,0.055266336023066964,0.2249548925054947,3.1443251180704532
973,control,30,seeking,4,2023-08-31,-0.0528284152099634,0.33628173767331426,-0.9264782426909957
974,control,30,seeking,4,2023-09-30,-0.07015652481159096,0.317776951440805,-0.9277845215497733
975,control,30,seeking,4,2023-10-31,-0.14698358431712388,0.2854603835397492,-1.4384816174299988
976,control,30,seeking,4,2023-11-30,-0.030615120130667473,0.31788200367004243,-0.3562177410370726
977,control,30,seeking,4,2023-12-31,0.05283570277502392,0.30745281603991675,0.20122265572184345
978,control,30,seeking,4,2024-01-31,-0.018539622456079208,0.2878078993242958,-0.2546146603482867
979,control,30,seeking,4,2024-02-29,0.10120307094110981,0.2918756195708332,0.3824077853838229
980,control,30,seeking,4,2024-03-31,0.10519091133541325,0.28664252428031084,0.3365798559079521
981,control,30,seeking,4,2024-04-30,0.033214469483318965,0.2938141625188395,-0.01023141543778834
982,control,30,seeking,4,2024-05-31,0.04557425323840536,0.29303124569936706,0.02418689937382794
983,control,30,seeking,4,2024-06-30,0.06232505282109546,0.28185847919384716,0.06647600527257605
984,control,30,seeking,4,2024-07-31,0.11392373306902881,0.27890794609442765,0.21890487869438272
985,control,30,seeking,4,2024-08-31,0.027204193938681343,0.2860209754537789,-0.0672421631048534
986,control,30,seeking,4,2024-09-30,0.1377771358651947,0.2921710383848896,0.22134465272778234
987,control,30,seeking,4,2024-10-31,0.15004064238995385,0.2885792149464119,0.23236706888156858
988,control,30,seeking,4,2024-11-30,0.4004295505435065,0.29999555393100286,0.7487694972584515
989,control,30,seeking,4,2024-12-31,0.42501140040125573,0.29564739439636445,0.744704065852016
990,control,30,seeking,5,2023-07-31,0.0018019148707428823,0.17066482896231477,-0.13756577967510603
991,control,30,seeking,5,2023-08-31,-0.02497319427048128,0.23193884060257727,-0.7688433288165288
992,control,30,seeking,5,2023-09-30,-0.06294626712954698,0.22561032228940403,-1.2028291474611923
993,control,30,seeking,5,2023-10-31,-0.0662796381819113,0.20862507720464002,-1.0645967817612954
994,control,30,seeking,5,2023-11-30,0.05012690290077226,0.22205323478234634,0.36107790924226885
995,control,30,seeking,5,2023-12-31,0.12192319443352284,0.21135744088107575,0.9730136207945932
996,control,30,seeking,5,2024-01-31,0.07122045233392726,0.20263737638633195,0.39454631680524244
997,control,30,seeking,5,2024-02-29,0.24184301230267846,0.2059979922138052,1.6370675385645637
998,control,30,seeking,5,2024-03-31,0.2554029124258568,0.2047678914953545,1.4732833382679615
999,control,30,seeking,5,2024-04-30,0.2031692523593298,0.21799167236066616,0.9263725758900928
1000,control,30,seeking,5,2024-05-31,0.26540589370218104,0.21419728471919613,1.1582601797522898
1001,control,30,seeking,5,2024-06-30,0.31636566497602203,0.2065100091729123,1.2937832239421336
1002,control,30,seeking,5,2024-07-31,0.3667203314705041,0.20386336984671796,1.40975409326357
1003,control,30,seeking,5,2024-08-31,0.2900291698177673,0.2144186308557883,0.9331302235916269
1004,control,30,seeking,5,2024-09-30,0.38545212783510463,0.22570954624394488,1.1098298217476918
1005,control,30,seeking,5,2024-10-31,0.3860355218085507,0.2234373962163516,1.0385867808168812
1006,control,30,seeking,5,2024-11-30,0.6832066558407219,0.23845249904705368,1.6750958765554627
1007,control,30,seeking,5,2024-12-31,0.7358940876549185,0.24087378102526347,1.6411017432148562
1008,control,30,seeking,6,2023-07-31,0.04533880663574874,0.12975217726681815,4.188868148411524
1009,control,30,seeking,6,2023-08-31,-0.0409704000571387,0.1940684409218581,-1.3247299281742304
1010,control,30,seeking,6,2023-09-30,-0.04984729261165166,0.1761995424942945,-1.2902813320120343
1011,control,30,seeking,6,2023-10-31,-0.010172514949572165,0.16696793355835254,-0.42812321675580767
1012,control,30,seeking,6,2023-11-30,0.08602198058735078,0.17293386665308882,1.0003568031079624
1013,control,30,seeking,6,2023-12-31,0.1555942350767796,0.16611489444608443,1.6783098583688103
1014,control,30,seeking,6,2024-01-31,0.11166508448489743,0.1597096575572882,0.951316596508796
1015,control,30,seeking,6,2024-02-29,0.292895431140878,0.18338792595576767,2.3029427432211973
1016,control,30,seeking,6,2024-03-31,0.36953889825074904,0.18472413736857093,2.5045899782445917
1017,control,30,seeking,6,2024-04-30,0.290900171044036,0.1842023809327562,1.6822074190771799
1018,control,30,seeking,6,2024-05-31,0.3447067785559379,0.18725090669113148,1.7940197924456391
1019,control,30,seeking,6,2024-06-30,0.3272935710906191,0.18230288504737127,1.5240823496522793
1020,control,30,seeking,6,2024-07-31,0.34903548418172603,0.17908827337122923,1.5170778714458915
1021,control,30,seeking,6,2024-08-31,0.31253950313619727,0.19316536635351342,1.1313538590090657
1022,control,30,seeking,6,2024-09-30,0.4190665612592135,0.2039027086061381,1.349421189422885
1023,control,30,seeking,6,2024-10-31,0.4392780046932292,0.19876988070845886,1.3495471825685257
1024,control,30,seeking,6,2024-11-30,0.6487690505897024,0.20585223264348326,1.8393697726099332
1025,control,30,seeking,6,2024-12-31,0.630309694802363,0.2045942002989783,1.6477699917392834
1026,control,30,seeking,7,2023-07-31,-0.04190683021989461,0.169663067806192,-2.367621891060782
1027,control,30,seeking,7,2023-08-31,-0.10257557131022799,0.30545313390968276,-1.660747112380373
1028,control,30,seeking,7,2023-09-30,-0.13505154904221517,0.289255066197342,-1.6686651806450363
1029,control,30,seeking,7,2023-10-31,-0.20559220030270353,0.2629754143270137,-2.00799411061554
1030,control,30,seeking,7,2023-11-30,-0.08126734158448168,0.2781085434410477,-0.8051759967768094
1031,control,30,seeking,7,2023-12-31,0.010497873418472636,0.2706960961992327,-0.08149619864152405
1032,control,30,seeking,7,2024-01-31,-0.08913782104533718,0.2617877244312255,-0.7156166095743882
1033,control,30,seeking,7,2024-02-29,0.00817742290808221,0.26085497725559653,-0.11578716569834746
1034,control,30,seeking,7,2024-03-31,-0.006119378849690049,0.26106876514592003,-0.1927650998925078
1035,control,30,seeking,7,2024-04-30,-0.03789453457042902,0.2740605224649885,-0.3174686115334748
1036,control,30,seeking,7,2024-05-31,0.03599077590361799,0.27819070401481205,-0.011967407638462515
1037,control,30,seeking,7,2024-06-30,0.05875417314771858,0.26968001864646496,0.056501050754144085
1038,control,30,seeking,7,2024-07-31,0.20282557980726312,0.27677122019700334,0.5098810696732792
1039,control,30,seeking,7,2024-08-31,0.1174119215650613,0.27774572315552515,0.20479706842685427
1040,control,30,seeking,7,2024-09-30,0.22073500843323934,0.28058459107735945,0.45543517651200843
1041,control,30,seeking,7,2024-10-31,0.24466361162721562,0.2860329892897396,0.46907883810560674
1042,control,30,seeking,7,2024-11-30,0.5759568741417782,0.31444294482076873,1.062977120759794
1043,control,30,seeking,7,2024-12-31,0.6529267183023562,0.3143014624812889,1.112598719175156
1044,control,30,seeking,8,2023-07-31,0.011785479416728917,0.06502713422981203,1.3411360263414873
1045,control,30,seeking,8,2023-08-31,-0.028705202241362193,0.14477459541351861,-1.3625267764644744
1046,control,30,seeking,8,2023-09-30,-0.07780309197492186,0.13466393720410208,-2.3697267447380974
1047,control,30,seeking,8,2023-10-31,-0.07209294424844725,0.12112895538506219,-1.9546817395806526
1048,control,30,seeking,8,2023-11-30,0.006332853198544486,0.13728049244103335,-0.19918214481429242
1049,control,30,seeking,8,2023-12-31,0.05515453305209972,0.13373886215218786,0.49765044231596955
1050,control,30,seeking,8,2024-01-31,0.03297209435746651,0.13185361342011456,0.10273874263981453
1051,control,30,seeking,8,2024-02-29,0.07827270838198186,0.12727142852786635,0.5978999566916305
1052,control,30,seeking,8,2024-03-31,0.08255899275290224,0.12279049950786189,0.5395694141407923
1053,control,30,seeking,8,2024-04-30,0.0430742640635966,0.12752684014326762,0.06842421909718986
1054,control,30,seeking,8,2024-05-31,0.12382419850748794,0.13087021792367623,0.7062964357177575
1055,control,30,seeking,8,2024-06-30,0.15474960454915054,0.1292367532241101,0.8452850397840361
1056,control,30,seeking,8,2024-07-31,0.21344643907816385,0.12652575447802955,1.1906685400037555
1057,control,30,seeking,8,2024-08-31,0.22177110252488963,0.12665591609048465,1.1354836853085
1058,control,30,seeking,8,2024-09-30,0.24707727432091953,0.12859317668373402,1.148098970925239
1059,control,30,seeking,8,2024-10-31,0.23664305373868433,0.12811351913453012,1.0032920461827042
1060,control,30,seeking,8,2024-11-30,0.34205354407169786,0.13063893328927792,1.433574000915734
1061,control,30,seeking,8,2024-12-31,0.3374763919303958,0.1273275670769166,1.3239055962309758
1062,control,30,seeking,9,2023-07-31,0.14433425668518485,0.313363148058497,9.642453965687126
1063,control,30,seeking,9,2023-08-31,-0.032711356494125376,0.37386972155362486,-0.5809553900835779
1064,control,30,seeking,9,2023-09-30,-0.07934519845467491,0.35941870843446116,-0.9012952753097053
1065,control,30,seeking,9,2023-10-31,-0.10963691493119543,0.3218725178262309,-1.0171065248171072
1066,control,30,seeking,9,2023-11-30,0.07506818829969641,0.3652112982379111,0.39489489711129394
1067,control,30,seeking,9,2023-12-31,0.18917474613180807,0.3456636056832937,1.0233255154945144
1068,control,30,seeking,9,2024-01-31,0.05882231649895786,0.3277411487522811,0.17772040915742507
1069,control,30,seeking,9,2024-02-29,0.2375080482407803,0.32486976176344284,1.0160492685878526
1070,control,30,seeking,9,2024-03-31,0.2823045716564938,0.3188364391713888,1.0640023832757042
1071,control,30,seeking,9,2024-04-30,0.18207487009459244,0.31832336129495,0.5535266314652848
1072,control,30,seeking,9,2024-05-31,0.29079539443141234,0.3219953343304955,0.8576821743569448
1073,control,30,seeking,9,2024-06-30,0.22814893470413544,0.3137919110172493,0.5768756966674434
1074,control,30,seeking,9,2024-07-31,0.2920257503756043,0.30878110462719344,0.7155058855053662
1075,control,30,seeking,9,2024-08-31,0.18397756980274105,0.3285850830430911,0.34226822149018066
1076,control,30,seeking,9,2024-09-30,0.3293027764510865,0.3273103372251374,0.6386474756370148
1077,control,30,seeking,9,2024-10-31,0.26976483016362063,0.3214542418011558,0.47208236819308574
1078,control,30,seeking,9,2024-11-30,0.6827183740554184,0.3428220330279542,1.1642684492592106
1079,control,30,seeking,9,2024-12-31,0.7117977615393083,0.3453320046344045,1.1065611468075987
1080,control,50,averse,0,2023-07-31,0.010364701977285895,0.09621615786766986,0.7360740840299147
1081,control,50,averse,0,2023-08-31,-0.012363663780542877,0.08688345499075541,-1.2860249184109354
1082,control,50,averse,0,2023-09-30,-0.05974298972578318,0.08265185413803976,-3.1550881059186606
1083,control,50,averse,0,2023-10-31,-0.06783917455600175,0.08690998701699193,-2.6010047126430296
1084,control,50,averse,0,2023-11-30,-0.011833836855906998,0.10755550203693494,-0.6519665938119704
1085,control,50,averse,0,2023-12-31,0.023935478034126767,0.10607999510262911,0.039888893046911025
1086,control,50,averse,0,2024-01-31,0.019668286863429918,0.09894448798873205,-0.09263554195501707
1087,control,50,averse,0,2024-02-29,0.02526569097289233,0.0960750216743671,-0.04798466661787441
1088,control,50,averse,0,2024-03-31,0.04257864909328668,0.09210106037134139,0.1446807510835855
1089,control,50,averse,0,2024-04-30,0.015188700985755421,0.09316104383035023,-0.26193459260825236
1090,control,50,averse,0,2024-05-31,0.03882181116373373,0.09245975467386075,-0.0027348825858134495
1091,control,50,averse,0,2024-06-30,0.05295976564047988,0.08900577102772564,0.10738576051805576
1092,control,50,averse,0,2024-07-31,0.10031043297069941,0.08693590709548199,0.5607063490318452
1093,control,50,averse,0,2024-08-31,0.15359081528055163,0.08868483175865872,0.9826923930492393
1094,control,50,averse,0,2024-09-30,0.16719333923044344,0.0862538052372049,1.0105031596049387
1095,control,50,averse,0,2024-10-31,0.106465754411605,0.09081986193286475,0.3928079130677186
1096,control,50,averse,0,2024-11-30,0.12029354779204104,0.09270184878824969,0.43921017877230584
1097,control,50,averse,0,2024-12-31,0.07727201140972495,0.09202253072887316,0.08515425826419593
1098,control,50,averse,1,2023-07-31,0.012980900428793296,0.06463279128188602,1.5652648948357022
1099,control,50,averse,1,2023-08-31,0.003852652897626818,0.07158728753613394,-0.2781419624647605
1100,control,50,averse,1,2023-09-30,-0.025183820140169066,0.06521390854738392,-2.1371282311152937
1101,control,50,averse,1,2023-10-31,-0.03938164128331878,0.0640074457706458,-2.3741640671405184
1102,control,50,averse,1,2023-11-30,0.01290747527988989,0.0804613199479353,-0.1441633970858787
1103,control,50,averse,1,2023-12-31,0.04584237623304577,0.07908523597458669,0.6042043707751371
1104,control,50,averse,1,2024-01-31,0.051987076213813266,0.07521932694980665,0.6162532904160798
1105,control,50,averse,1,2024-02-29,0.0678589527383644,0.071780411006922,0.8370612620356244
1106,control,50,averse,1,2024-03-31,0.08551323250056897,0.06949555760046815,1.0099726484318319
1107,control,50,averse,1,2024-04-30,0.05773575459937863,0.07049500353563327,0.37178149366568825
1108,control,50,averse,1,2024-05-31,0.0859954544620074,0.06819858791152197,0.7494298937238664
1109,control,50,averse,1,2024-06-30,0.1052607543883386,0.06658104388034226,0.9131512627466191
1110,control,50,averse,1,2024-07-31,0.12096913725496061,0.06553925726068201,1.0286871671144877
1111,control,50,averse,1,2024-08-31,0.13867823783559552,0.06534028412328101,1.1431048910958228
1112,control,50,averse,1,2024-09-30,0.15478109823694197,0.06561094326944078,1.1840278909471758
1113,control,50,averse,1,2024-10-31,0.13919245809092118,0.06499580386360848,0.9119471108131313
1114,control,50,averse,1,2024-11-30,0.17076341849807775,0.06687470581191318,1.1181803530381211
1115,control,50,averse,1,2024-12-31,0.15211472019505967,0.06627399626477236,0.8345523603148447
1116,control,50,averse,2,2023-07-31,0.010166903005460748,0.05938298519894286,1.154502811177683
1117,control,50,averse,2,2023-08-31,-0.0007556266883442797,0.06754397400267648,-0.6919201471439801
1118,control,50,averse,2,2023-09-30,-0.0315342397542967,0.06527993295885436,-2.4919146120040025
1119,control,50,averse,2,2023-10-31,-0.04632671955294654,0.0654805261843721,-2.6028304439941574
1120,control,50,averse,2,2023-11-30,0.006076437450624361,0.0861378406119185,-0.3245383214503719
1121,control,50,averse,2,2023-12-31,0.042798439865949334,0.08608019641803819,0.484211960030014
1122,control,50,averse,2,2024-01-31,0.03917804100564459,0.08087044344256351,0.2993601398894858
1123,control,50,averse,2,2024-02-29,0.052585360856289176,0.07638657995855652,0.480957152564333
1124,control,50,averse,2,2024-03-31,0.06758609529915205,0.07399273183486157,0.6265741928834461
1125,control,50,averse,2,2024-04-30,0.03621848042284603,0.07461321842981786,0.007587894308492329
1126,control,50,averse,2,2024-05-31,0.06186067985664834,0.07265428850020736,0.3414558689450785
1127,control,50,averse,2,2024-06-30,0.07735710564485032,0.07034896641071772,0.47572103386800707
1128,control,50,averse,2,2024-07-31,0.10018424358386135,0.06845248406815785,0.7104396033682145
1129,control,50,averse,2,2024-08-31,0.12055250448758748,0.06747417893543256,0.8820365030641291
1130,control,50,averse,2,2024-09-30,0.1376119714486288,0.06687740819789258,0.9651073788918496
1131,control,50,averse,2,2024-10-31,0.121260545683614,0.06640196696293292,0.6982419270840393
1132,control,50,averse,2,2024-11-30,0.1495286014263184,0.06795102306059572,0.8903586616435283
1133,control,50,averse,2,2024-12-31,0.1220857840616052,0.06764518302228756,0.5379858631727831
1134,control,50,averse,3,2023-07-31,0.012667687090099244,0.07784488517321034,1.2524330832500878
1135,control,50,averse,3,2023-08-31,-0.0027032979031422766,0.08142103785212665,-0.7110643576986649
1136,control,50,averse,3,2023-09-30,-0.04192231262195434,0.07976206373829241,-2.5051139330243073
1137,control,50,averse,3,2023-10-31,-0.053200790299879785,0.07806073126810752,-2.414375353640927
1138,control,50,averse,3,2023-11-30,0.0037214805883671875,0.10034473649032487,-0.33443219468726654
1139,control,50,averse,3,2023-12-31,0.0395101493915504,0.10080569078064748,0.34826501197652104
1140,control,50,averse,3,2024-01-31,0.04037151188690191,0.09436717723382106,0.27832706271949376
1141,control,50,averse,3,2024-02-29,0.05253390316442408,0.08935471129234301,0.4102782495495731
1142,control,50,averse,3,2024-03-31,0.07019147314834107,0.08585439727848658,0.580253333458497
1143,control,50,averse,3,2024-04-30,0.034526715571956634,0.08619787823891412,-0.01677393571340805
1144,control,50,averse,3,2024-05-31,0.05952374968829144,0.08556900910191124,0.2601887959443356
1145,control,50,averse,3,2024-06-30,0.07068509966095138,0.08265186835220618,0.32581450697754594
1146,control,50,averse,3,2024-07-31,0.1047483338763393,0.080480084901487,0.6555610676126153
1147,control,50,averse,3,2024-08-31,0.13898468098127603,0.07914427780722912,0.946967586643278
1148,control,50,averse,3,2024-09-30,0.15732700518133957,0.07731184593833719,1.0299882301082073
1149,control,50,averse,3,2024-10-31,0.13092371766637179,0.07794523326067679,0.6841612886064585
1150,control,50,averse,3,2024-11-30,0.17172275406903625,0.08002202722256252,0.9425050370490203
1151,control,50,averse,3,2024-12-31,0.12570911859400824,0.08073952145242147,0.4791185148927761
1152,control,50,averse,4,2023-07-31,0.012791467530584466,0.06975117963486137,1.418547527456602
1153,control,50,averse,4,2023-08-31,-0.003178823225071792,0.07321235306241364,-0.8277931604153591
1154,control,50,averse,4,2023-09-30,-0.035515942906053644,0.07235573063324283,-2.4469402653548697
1155,control,50,averse,4,2023-10-31,-0.05479942646723024,0.07487170614452311,-2.572753600722505
1156,control,50,averse,4,2023-11-30,-0.0014586710890700516,0.10082395826285304,-0.4544694249150028
1157,control,50,averse,4,2023-12-31,0.045171651430938375,0.10373451175060762,0.4476575676327167
1158,control,50,averse,4,2024-01-31,0.0364542118755502,0.09596709345777062,0.20344515525331522
1159,control,50,averse,4,2024-02-29,0.04416133722488036,0.09046869280068238,0.2645389770330109
1160,control,50,averse,4,2024-03-31,0.06796203939867529,0.08785394163792128,0.533389538830323
1161,control,50,averse,4,2024-04-30,0.031007198109639367,0.08716180451506586,-0.06458977919937982
1162,control,50,averse,4,2024-05-31,0.05501412670712735,0.08601110201548401,0.2017873002437121
1163,control,50,averse,4,2024-06-30,0.06084822093338205,0.08278829827804605,0.20883979928785054
1164,control,50,averse,4,2024-07-31,0.1005932234417739,0.08110163159649719,0.6041967501636171
1165,control,50,averse,4,2024-08-31,0.1252063424967702,0.0796987547570517,0.7956791208315144
1166,control,50,averse,4,2024-09-30,0.14275166544484263,0.07798471765511093,0.8781490186829847
1167,control,50,averse,4,2024-10-31,0.1254172812939529,0.07753861402988266,0.6366056135753768
1168,control,50,averse,4,2024-11-30,0.15724482654700922,0.07889318936003273,0.83274325730396
1169,control,50,averse,4,2024-12-31,0.11586856002983503,0.07943808509709512,0.40854518524367756
1170,control,50,averse,5,2023-07-31,0.011962451222619741,0.08113477728929942,1.1002275687955738
1171,control,50,averse,5,2023-08-31,-0.006762512321902836,0.08106363913688887,-0.997037665166601
1172,control,50,averse,5,2023-09-30,-0.04941673526365353,0.07670396884260615,-2.9446803175449543
1173,control,50,averse,5,2023-10-31,-0.06284239333922381,0.07717596283675827,-2.7644340005583756
1174,control,50,averse,5,2023-11-30,-0.002365269154338212,0.10211707213359386,-0.4696441888378141
1175,control,50,averse,5,2023-12-31,0.039129044194047724,0.10252181264208524,0.33501583878586755
1176,control,50,averse,5,2024-01-31,0.03241782064817733,0.09599769810041546,0.13121397741831875
1177,control,50,averse,5,2024-02-29,0.04081640514996754,0.09176583552397032,0.20553858080226398
1178,control,50,averse,5,2024-03-31,0.05944373008107218,0.08822320628338975,0.40328961457517
1179,control,50,averse,5,2024-04-30,0.02796463981238806,0.08827851419032866,-0.10472039485765469
1180,control,50,averse,5,2024-05-31,0.05594328212926514,0.0869141137011815,0.21132439475631615
1181,control,50,averse,5,2024-06-30,0.07346799890180589,0.08381142131677612,0.3538418261769424
1182,control,50,averse,5,2024-07-31,0.11298827746629247,0.08122192051424157,0.7412890372274888
1183,control,50,averse,5,2024-08-31,0.15425841726655043,0.08107301994379378,1.0818286736296743
1184,control,50,averse,5,2024-09-30,0.17151242716751214,0.07946867560090777,1.1382042394024143
1185,control,50,averse,5,2024-10-31,0.12890628263201798,0.08142210488684552,0.6371093436396454
1186,control,50,averse,5,2024-11-30,0.150752993662979,0.08323619080924065,0.7367722852576264
1187,control,50,averse,5,2024-12-31,0.11319003705972586,0.08266452475231256,0.3720472706483861
1188,control,50,averse,6,2023-07-31,0.017904116785158575,0.08475629202690932,1.891384305815945
1189,control,50,averse,6,2023-08-31,0.0017943255274084358,0.09387179905109422,-0.3405209425018183
1190,control,50,averse,6,2023-09-30,-0.038414777870907746,0.09162016672741459,-2.045473068013155
1191,control,50,averse,6,2023-10-31,-0.054850930611116344,0.09187110062936385,-2.09815935331127
1192,control,50,averse,6,2023-11-30,0.015441229578712745,0.11887069121106152,-0.04622374300752002
1193,control,50,averse,6,2023-12-31,0.06475764857863897,0.11743704184284691,0.7329424901603468
1194,control,50,averse,6,2024-01-31,0.06753377974962338,0.11021595264254534,0.6666753187194391
1195,control,50,averse,6,2024-02-29,0.09852189272226819,0.10462023042743517,1.0269864058857805
1196,control,50,averse,6,2024-03-31,0.12104941764345245,0.10082027117723998,1.1680954320757313
1197,control,50,averse,6,2024-04-30,0.07214647210137937,0.1019260748661617,0.42614724669905696
1198,control,50,averse,6,2024-05-31,0.1119478314501634,0.09971542899403155,0.7967379860666123
1199,control,50,averse,6,2024-06-30,0.13323733607555321,0.09636416486077948,0.9151640150234311
1200,control,50,averse,6,2024-07-31,0.1681144618852739,0.09343287555602633,1.1764928579583802
1201,control,50,averse,6,2024-08-31,0.20575063873002497,0.09218665533628487,1.4160806247488025
1202,control,50,averse,6,2024-09-30,0.22907433887915496,0.09263369922143115,1.447440205694935
1203,control,50,averse,6,2024-10-31,0.2052911315985586,0.09241634772661665,1.1514255307473868
1204,control,50,averse,6,2024-11-30,0.25049080716268746,0.09539607322135575,1.3387499714414823
1205,control,50,averse,6,2024-12-31,0.20718481003584865,0.09551179317626976,0.9377803762589344
1206,control,50,averse,7,2023-07-31,0.007281767415870721,0.06957172087822475,0.5174329001512246
1207,control,50,averse,7,2023-08-31,-0.005805401051012682,0.06959429136610429,-1.0842497160380677
1208,control,50,averse,7,2023-09-30,-0.039111938289060344,0.06588742687898151,-2.88193592265881
1209,control,50,averse,7,2023-10-31,-0.05464054966932108,0.06785674192807055,-2.8326405376944184
1210,control,50,averse,7,2023-11-30,-0.0006237623662833647,0.09154698261198176,-0.4789976233539557
1211,control,50,averse,7,2023-12-31,0.04115549906367777,0.09420609205682474,0.4075541385818271
1212,control,50,averse,7,2024-01-31,0.032505204645702834,0.08832341888847808,0.14431083187925442
1213,control,50,averse,7,2024-02-29,0.03755448693700525,0.08338377085767147,0.1669847030346894
1214,control,50,averse,7,2024-03-31,0.05129618127400981,0.0808655526822238,0.30686813139700325
1215,control,50,averse,7,2024-04-30,0.01539537102047528,0.0803304695547147,-0.30072248931067674
1216,control,50,averse,7,2024-05-31,0.03825353509843343,0.0791425759931012,-0.010998403414147156
1217,control,50,averse,7,2024-06-30,0.04882364248166238,0.07654743682633126,0.07189879184125966
1218,control,50,averse,7,2024-07-31,0.08379276168183991,0.07474356961801927,0.45211511199483667
1219,control,50,averse,7,2024-08-31,0.10881186620767958,0.0738238189496155,0.6727545484788229
1220,control,50,averse,7,2024-09-30,0.12664291860720756,0.07206106867137307,0.778868803219048
1221,control,50,averse,7,2024-10-31,0.10345176051440408,0.07200778209636216,0.4651236869063906
1222,control,50,averse,7,2024-11-30,0.12972386572731787,0.0733130490473597,0.6426450623221273
1223,control,50,averse,7,2024-12-31,0.09413011625727497,0.07333918417776125,0.25395886685635444
1224,control,50,averse,8,2023-07-31,0.015480766482310226,0.07446137209593764,1.7574186308446487
1225,control,50,averse,8,2023-08-31,-0.004432956459875181,0.08816234715094774,-0.7681281394503339
1226,control,50,averse,8,2023-09-30,-0.043557009694128124,0.08653421722209552,-2.3753467908949535
1227,control,50,averse,8,2023-10-31,-0.06399311583403255,0.0878157779201377,-2.462942370615309
1228,control,50,averse,8,2023-11-30,0.0014792196946582514,0.11830083282396041,-0.328629996798983
1229,control,50,averse,8,2023-12-31,0.05170958343649179,0.11906123821905701,0.5005229061117936
1230,control,50,averse,8,2024-01-31,0.04016103732296994,0.11062618526153549,0.23414272341352307
1231,control,50,averse,8,2024-02-29,0.05326579803823028,0.10398053400956095,0.3632915609929159
1232,control,50,averse,8,2024-03-31,0.08095443151030235,0.10100212253786246,0.634821375628065
1233,control,50,averse,8,2024-04-30,0.040698768425455834,0.10025934201427474,0.058822423766844
1234,control,50,averse,8,2024-05-31,0.07479382830543302,0.09860620348777577,0.3944632171858781
1235,control,50,averse,8,2024-06-30,0.08488816155322532,0.09483289046359974,0.4307005440343019
1236,control,50,averse,8,2024-07-31,0.12848967235742292,0.09279081584075535,0.7997543243017381
1237,control,50,averse,8,2024-08-31,0.15781831461310714,0.09151225975603923,0.9908787377908579
1238,control,50,averse,8,2024-09-30,0.1796089809769439,0.09008811855818065,1.072455932217509
1239,control,50,averse,8,2024-10-31,0.16039604059449908,0.08947590637487703,0.8322766566241889
1240,control,50,averse,8,2024-11-30,0.20266427795203268,0.0910087757110656,1.055752246924968
1241,control,50,averse,8,2024-12-31,0.15234797260255606,0.09143331263418149,0.6065119300794156
1242,control,50,averse,9,2023-07-31,0.010908427696533884,0.06559900970343001,1.1748391999975385
1243,control,50,averse,9,2023-08-31,-0.00260873000355899,0.07421871630342325,-0.7727983918509499
1244,control,50,averse,9,2023-09-30,-0.03689512815067064,0.07262313936368724,-2.5059384518118453
1245,control,50,averse,9,2023-10-31,-0.054433718469216186,0.07302400057962351,-2.6248397997414328
1246,control,50,averse,9,2023-11-30,0.0031247082769847445,0.09766628426104854,-0.3581138753543646
1247,control,50,averse,9,2023-12-31,0.04632775778501563,0.09866982561719409,0.4941559025439916
1248,control,50,averse,9,2024-01-31,0.0381812416932088,0.09255159985549298,0.24304057399108497
1249,control,50,averse,9,2024-02-29,0.051635495065444736,0.08716562646565033,0.40488655207110336
1250,control,50,averse,9,2024-03-31,0.06715451345779888,0.08456327796750623,0.5414856068873481
1251,control,50,averse,9,2024-04-30,0.03042170570995495,0.08489029398903403,-0.07451409857630902
1252,control,50,averse,9,2024-05-31,0.057165041531108685,0.08287685901825467,0.23766256474492192
1253,control,50,averse,9,2024-06-30,0.07227130547312899,0.08007478688386406,0.3557103343225048
1254,control,50,averse,9,2024-07-31,0.10189072478788308,0.07788476829389618,0.6442216829265278
1255,control,50,averse,9,2024-08-31,0.12454873882531103,0.07664530105641222,0.8201899233110239
1256,control,50,averse,9,2024-09-30,0.1433936040630357,0.07567687323033655,0.911425454488171
1257,control,50,averse,9,2024-10-31,0.12506468232333345,0.07510158551628937,0.6538798633008952
1258,control,50,averse,9,2024-11-30,0.15701947521112136,0.07673226277004706,0.8542187869616299
1259,control,50,averse,9,2024-12-31,0.12284356556910891,0.07656471228468328,0.4815747808160028
1260,control,50,neutral,0,2023-07-31,0.011994801694600321,0.07248118265601255,1.2367763205177458
1261,control,50,neutral,0,2023-08-31,-0.0031571734266417906,0.1277969366631098,-0.4732623567373232
1262,control,50,neutral,0,2023-09-30,-0.06503371927989621,0.12932440067163187,-2.151318368700214
1263,control,50,neutral,0,2023-10-31,-0.045197547038975716,0.13009094644155678,-1.2871678100565764
1264,control,50,neutral,0,2023-11-30,0.05378358430007224,0.15898105233692417,0.5625805735656176
1265,control,50,neutral,0,2023-12-31,0.08046974731123746,0.14688830634621644,0.8058104536982533
1266,control,50,neutral,0,2024-01-31,0.0809305748269391,0.15414944088141272,0.6296954157786198
1267,control,50,neutral,0,2024-02-29,0.11551005519698387,0.14742998312446873,0.908639475656572
1268,control,50,neutral,0,2024-03-31,0.11180705039820293,0.14297711565598514,0.7368243114314423
1269,control,50,neutral,0,2024-04-30,0.06972153456277774,0.14865621295424505,0.27266770672753105
1270,control,50,neutral,0,2024-05-31,0.13890401376813144,0.1466237445160098,0.7429800623563214
1271,control,50,neutral,0,2024-06-30,0.21960076360622893,0.14613113066297653,1.1815685613623244
1272,control,50,neutral,0,2024-07-31,0.22554990215387716,0.14859350309728292,1.0868675393717724
1273,control,50,neutral,0,2024-08-31,0.23618782332724497,0.1482799888783968,1.0502912294445954
1274,control,50,neutral,0,2024-09-30,0.2713860222009039,0.1496802954294969,1.108203300659545
1275,control,50,neutral,0,2024-10-31,0.23389299739783387,0.1481815144458344,0.8543603290942237
1276,control,50,neutral,0,2024-11-30,0.3032396585673993,0.1470063884086306,1.103226754674282
1277,control,50,neutral,0,2024-12-31,0.32294999947283154,0.14559522914708692,1.098225698755561
1278,control,50,neutral,1,2023-07-31,0.0185422733094327,0.07804745365502226,2.1547336575710307
1279,control,50,neutral,1,2023-08-31,-0.017656370240449637,0.17560790106992885,-0.7982742793315312
1280,control,50,neutral,1,2023-09-30,-0.07293024838820872,0.1595634355747649,-1.9033712471285575
1281,control,50,neutral,1,2023-10-31,-0.05907274087606751,0.1496015947628398,-1.3614667559132654
1282,control,50,neutral,1,2023-11-30,0.038913468690920494,0.17142978348438262,0.30363449851245256
1283,control,50,neutral,1,2023-12-31,0.08314191142844618,0.16164704119595574,0.7664798143015673
1284,control,50,neutral,1,2024-01-31,0.0767354922394683,0.15973696137376092,0.5612922065302172
1285,control,50,neutral,1,2024-02-29,0.13882193625146266,0.15116282689318067,1.1290395191421598
1286,control,50,neutral,1,2024-03-31,0.14823107261135027,0.14544406194930473,1.0620468850547675
1287,control,50,neutral,1,2024-04-30,0.10527607250983406,0.15303950047462117,0.5436387833273713
1288,control,50,neutral,1,2024-05-31,0.20598093455694721,0.15327324783103463,1.191168098401913
1289,control,50,neutral,1,2024-06-30,0.2673945847658974,0.15298287368239377,1.4339097801709966
1290,control,50,neutral,1,2024-07-31,0.30573365888847204,0.15154204829375645,1.5385602292004572
1291,control,50,neutral,1,2024-08-31,0.32558311679310603,0.1521440028079465,1.5065490014085763
1292,control,50,neutral,1,2024-09-30,0.36075193260676786,0.1572311164446516,1.477469660337455
1293,control,50,neutral,1,2024-10-31,0.35290812310631603,0.1554655948405684,1.3466735018871017
1294,control,50,neutral,1,2024-11-30,0.4697494705868086,0.15620800513225658,1.7180960828658909
1295,control,50,neutral,1,2024-12-31,0.4870157660466399,0.1531083829185889,1.6724491941145958
1296,control,50,neutral,2,2023-07-31,0.010690364634723615,0.09771011990998257,0.7630682149779583
1297,control,50,neutral,2,2023-08-31,0.002312390283513377,0.10665939075701444,-0.27135510672110624
1298,control,50,neutral,2,2023-09-30,-0.047271013531303696,0.12157805410374099,-1.796963723461056
1299,control,50,neutral,2,2023-10-31,-0.028574545438614152,0.11863058201842787,-1.0344455916410153
1300,control,50,neutral,2,2023-11-30,0.06638920310922813,0.14807471210804798,0.8218991135735157
1301,control,50,neutral,2,2023-12-31,0.10292243840215698,0.1378479205707281,1.1988983642608229
1302,control,50,neutral,2,2024-01-31,0.12038731135659941,0.13855759872521436,1.2102890376321522
1303,control,50,neutral,2,2024-02-29,0.17420775644176145,0.13495386147337102,1.6827150669766695
1304,control,50,neutral,2,2024-03-31,0.19697005178127935,0.13004059033465729,1.6989164089646744
1305,control,50,neutral,2,2024-04-30,0.13605908456784,0.13559261369057596,0.8875068514660007
1306,control,50,neutral,2,2024-05-31,0.18164101991790993,0.12952760769251,1.2029392834093124
1307,control,50,neutral,2,2024-06-30,0.2430736063587815,0.1262835856986381,1.548923925075524
1308,control,50,neutral,2,2024-07-31,0.23360865835794264,0.12597237335139858,1.3393509852743906
1309,control,50,neutral,2,2024-08-31,0.2406384477982093,0.12687100921518304,1.2564991886261883
1310,control,50,neutral,2,2024-09-30,0.27817523804539146,0.1319204327484618,1.2959083201028958
1311,control,50,neutral,2,2024-10-31,0.24286312233036633,0.13097132271789905,1.0147830323333757
1312,control,50,neutral,2,2024-11-30,0.31040250447524076,0.1306695628545227,1.2767304909255033
1313,control,50,neutral,2,2024-12-31,0.2971759917826857,0.13071149597847848,1.1049295590663477
1314,control,50,neutral,3,2023-07-31,0.015821444044058275,0.07953741676195913,1.6968080135813595
1315,control,50,neutral,3,2023-08-31,-0.007435219702708218,0.13882575335628053,-0.6092542940229352
1316,control,50,neutral,3,2023-09-30,-0.06230667232866505,0.1337392595610937,-2.013346610161207
1317,control,50,neutral,3,2023-10-31,-0.03752791731247407,0.12726317050202843,-1.1550183797440878
1318,control,50,neutral,3,2023-11-30,0.054935013157183965,0.15141338913259478,0.610018188462915
1319,control,50,neutral,3,2023-12-31,0.10155157368650736,0.14319566396011868,1.1339480643945101
1320,control,50,neutral,3,2024-01-31,0.0985890453630609,0.1429169809123092,0.8988699027052042
1321,control,50,neutral,3,2024-02-29,0.18173886123022354,0.13594969709930674,1.759507463641216
1322,control,50,neutral,3,2024-03-31,0.2007242822470976,0.13083608441034963,1.7279750329428412
1323,control,50,neutral,3,2024-04-30,0.1560810302923441,0.13812922123757498,1.0468133970515674
1324,control,50,neutral,3,2024-05-31,0.2349107586705006,0.13681597314803,1.5673566756909056
1325,control,50,neutral,3,2024-06-30,0.29314046117358616,0.13411205725260514,1.8231490634420577
1326,control,50,neutral,3,2024-07-31,0.3267736351508561,0.13163681776492275,1.9135513922000136
1327,control,50,neutral,3,2024-08-31,0.32937252527015803,0.1347231031761286,1.7243551808516426
1328,control,50,neutral,3,2024-09-30,0.3692831534446863,0.14066814152609355,1.6961654490671623
1329,control,50,neutral,3,2024-10-31,0.36554317396407243,0.13917588027368144,1.5666160341465005
1330,control,50,neutral,3,2024-11-30,0.4988819661461057,0.13976728518459816,2.050436758451972
1331,control,50,neutral,3,2024-12-31,0.5180029044742305,0.13823199229667316,1.9808236587306958
1332,control,50,neutral,4,2023-07-31,0.026738888339857825,0.19748654308432365,1.3844258458520808
1333,control,50,neutral,4,2023-08-31,0.03183616121555266,0.21633046301805015,0.7217103880625546
1334,control,50,neutral,4,2023-09-30,-0.01683794307925146,0.21601791802030698,-0.500174971394182
1335,control,50,neutral,4,2023-10-31,-0.05823312929415814,0.20772943385282405,-0.9700780110398567
1336,control,50,neutral,4,2023-11-30,0.039667499519099536,0.21729394260837398,0.24819107460225118
1337,control,50,neutral,4,2023-12-31,0.08641018100614528,0.20268488283366384,0.6447753866590481
1338,control,50,neutral,4,2024-01-31,0.04133476579401152,0.19427451155659017,0.14374066142333145
1339,control,50,neutral,4,2024-02-29,0.10451455722914393,0.1845594902233231,0.632723066078046
1340,control,50,neutral,4,2024-03-31,0.109162652690872,0.1842656842935791,0.5524713025740445
1341,control,50,neutral,4,2024-04-30,0.11718426469889054,0.1979823295356531,0.4926903784509168
1342,control,50,neutral,4,2024-05-31,0.14105899788746923,0.1924606197707077,0.5782934334491621
1343,control,50,neutral,4,2024-06-30,0.2195268348970858,0.18697665845648676,0.9230654166517688
1344,control,50,neutral,4,2024-07-31,0.2425785013179984,0.19870524188550753,0.8895203760301337
1345,control,50,neutral,4,2024-08-31,0.20600085171447335,0.19812748128997146,0.6599348116571473
1346,control,50,neutral,4,2024-09-30,0.28307849336170987,0.2011627563242857,0.8680657065235684
1347,control,50,neutral,4,2024-10-31,0.27901665562750555,0.19992761874990997,0.7913376058347915
1348,control,50,neutral,4,2024-11-30,0.42546678079218836,0.20723707935123012,1.1605212805640093
1349,control,50,neutral,4,2024-12-31,0.5182771027055282,0.2088804602481494,1.311609930949852
1350,control,50,neutral,5,2023-07-31,0.02177258234345758,0.10969277044626258,1.902588843132173
1351,control,50,neutral,5,2023-08-31,0.015226382356049672,0.12364380434386271,0.395164142715448
1352,control,50,neutral,5,2023-09-30,-0.04026024071589884,0.14432965404058512,-1.3438063774922926
1353,control,50,neutral,5,2023-10-31,-0.02567398849392233,0.13954705762593334,-0.8223865678665908
1354,control,50,neutral,5,2023-11-30,0.07557587200261495,0.16966007786442516,0.8578622233442214
1355,control,50,neutral,5,2023-12-31,0.12011011062815746,0.15803158057964076,1.276784128406224
1356,control,50,neutral,5,2024-01-31,0.141920276936631,0.1585007872646258,1.305730403111182
1357,control,50,neutral,5,2024-02-29,0.2270664488794134,0.15433623540313746,2.0274824463720558
1358,control,50,neutral,5,2024-03-31,0.2563469292250562,0.1488686425128913,2.035318874467066
1359,control,50,neutral,5,2024-04-30,0.19067071553675952,0.15560222032478052,1.1997245049353191
1360,control,50,neutral,5,2024-05-31,0.2441484711326558,0.1487214479976988,1.5103916862939384
1361,control,50,neutral,5,2024-06-30,0.3161251592065386,0.14430611540086916,1.8498484073863355
1362,control,50,neutral,5,2024-07-31,0.30533338710605573,0.14410159640128875,1.6155258169280722
1363,control,50,neutral,5,2024-08-31,0.3146229834181362,0.14745231693090527,1.4936652965719792
1364,control,50,neutral,5,2024-09-30,0.3558815572313767,0.1550796524147099,1.4747794728873886
1365,control,50,neutral,5,2024-10-31,0.3305208800068027,0.15277391517099004,1.2694675568761566
1366,control,50,neutral,5,2024-11-30,0.42225242118206396,0.15334057453234207,1.5551627968843948
1367,control,50,neutral,5,2024-12-31,0.41074929239727087,0.15345458874313095,1.3804611459821572
1368,control,50,neutral,6,2023-07-31,0.02025251093046787,0.07174653488448768,2.640942926843754
1369,control,50,neutral,6,2023-08-31,-0.0040245299193527595,0.13227958561547426,-0.494463898589453
1370,control,50,neutral,6,2023-09-30,-0.06095288251885156,0.1261207442169285,-2.099488816732162
1371,control,50,neutral,6,2023-10-31,-0.07848783572147455,0.12333548097083549,-2.048912477308176
1372,control,50,neutral,6,2023-11-30,0.0071737739208115325,0.14824022412281987,-0.17092436001219846
1373,control,50,neutral,6,2023-12-31,0.052575892740576835,0.14224063679770085,0.43125316588573265
1374,control,50,neutral,6,2024-01-31,0.03869392954951434,0.1382492668242905,0.16908619694348767
1375,control,50,neutral,6,2024-02-29,0.055823763808623195,0.12998121250518155,0.32062300400786997
1376,control,50,neutral,6,2024-03-31,0.060951565251228246,0.12440337502417438,0.3020365542372857
1377,control,50,neutral,6,2024-04-30,0.023360699671093332,0.12627315286855387,-0.11649907388732793
1378,control,50,neutral,6,2024-05-31,0.08665418922789092,0.12601277729147095,0.4112966321314279
1379,control,50,neutral,6,2024-06-30,0.13225044540312725,0.12474759720754812,0.6991959952188579
1380,control,50,neutral,6,2024-07-31,0.17417914442745341,0.12374977819518841,0.9323625592261003
1381,control,50,neutral,6,2024-08-31,0.2074038941488725,0.1223745487312263,1.0779574579358968
1382,control,50,neutral,6,2024-09-30,0.23316208316688503,0.12175771423037612,1.126527626247204
1383,control,50,neutral,6,2024-10-31,0.20781495765118518,0.12069592974270468,0.8964429224783076
1384,control,50,neutral,6,2024-11-30,0.2649248752632918,0.1224516074439399,1.1203282460803765
1385,control,50,neutral,6,2024-12-31,0.24720835766673033,0.1196075360260649,0.9542361253062523
1386,control,50,neutral,7,2023-07-31,-0.005118044579342729,0.11470858875481242,-0.8224538889735707
1387,control,50,neutral,7,2023-08-31,-0.03995343445074784,0.2462359520285531,-1.024483803648491
1388,control,50,neutral,7,2023-09-30,-0.0821420582016601,0.21356506727832117,-1.5575244833977562
1389,control,50,neutral,7,2023-10-31,-0.12493615441147976,0.206963815586473,-1.7505390656617936
1390,control,50,neutral,7,2023-11-30,-0.015837545627656713,0.21861461133198365,-0.3632319733649339
1391,control,50,neutral,7,2023-12-31,0.024718127574353987,0.20629795918034743,0.02798215034991566
1392,control,50,neutral,7,2024-01-31,-0.06197973629710485,0.19908062159716935,-0.7240566633407287
1393,control,50,neutral,7,2024-02-29,-0.0069113766489700135,0.19349247108456794,-0.27199064521571165
1394,control,50,neutral,7,2024-03-31,-0.03892125172294214,0.19430876425856064,-0.47695515836625046
1395,control,50,neutral,7,2024-04-30,-0.049580544767240275,0.2126384061902095,-0.47359503996893343
1396,control,50,neutral,7,2024-05-31,0.0007136736473567495,0.21416929714405225,-0.19425705637815296
1397,control,50,neutral,7,2024-06-30,0.06101708256333871,0.20853577368640022,0.08370258040955694
1398,control,50,neutral,7,2024-07-31,0.15084431767874418,0.22211706856405167,0.42487080542649774
1399,control,50,neutral,7,2024-08-31,0.13994827391060194,0.21962967875238454,0.3449115713058522
1400,control,50,neutral,7,2024-09-30,0.23323622048174242,0.2186511953894131,0.6275716879175768
1401,control,50,neutral,7,2024-10-31,0.21553925778656735,0.22249685200361835,0.510832588055897
1402,control,50,neutral,7,2024-11-30,0.419273429553378,0.23599588552854237,1.0024910040773498
1403,control,50,neutral,7,2024-12-31,0.4944585702483755,0.23436175357861344,1.1108473718235463
1404,control,50,neutral,8,2023-07-31,0.021267196613508288,0.10515636926565577,1.923607904617194
1405,control,50,neutral,8,2023-08-31,0.006092117352603177,0.12462909405468488,-0.05345426415013717
1406,control,50,neutral,8,2023-09-30,-0.03909003403902933,0.11585698406512042,-1.6382750509794437
1407,control,50,neutral,8,2023-10-31,-0.060980061775885774,0.11397919489240789,-1.829979557231734
1408,control,50,neutral,8,2023-11-30,0.022172539448962025,0.13755171105048225,0.07869882696666351
1409,control,50,neutral,8,2023-12-31,0.06884980831942866,0.13066190686184376,0.7227975763816233
1410,control,50,neutral,8,2024-01-31,0.07799839924280594,0.12477962312614718,0.7363960555132386
1411,control,50,neutral,8,2024-02-29,0.11948375870816097,0.11941707228539251,1.1739678307878638
1412,control,50,neutral,8,2024-03-31,0.13768929797649765,0.11530882482752824,1.2158965283728198
1413,control,50,neutral,8,2024-04-30,0.08769620484475626,0.11986152740750312,0.5178572175044647
1414,control,50,neutral,8,2024-05-31,0.12886928763987693,0.1168347834171395,0.8383902319947957
1415,control,50,neutral,8,2024-06-30,0.1696465143037531,0.11402018781420055,1.0859159345234521
1416,control,50,neutral,8,2024-07-31,0.17987674458874192,0.11367696065236588,1.0600537076582837
1417,control,50,neutral,8,2024-08-31,0.20487689621663385,0.11806847315976063,1.0995242387051627
1418,control,50,neutral,8,2024-09-30,0.23048133015107775,0.12341934931953416,1.0949879066811123
1419,control,50,neutral,8,2024-10-31,0.19895205778425584,0.122172033761078,0.8342271813821281
1420,control,50,neutral,8,2024-11-30,0.2487212330132249,0.12559294685340733,1.0076020652606104
1421,control,50,neutral,8,2024-12-31,0.22164106637390635,0.12415574324328471,0.7931439219010047
1422,control,50,neutral,9,2023-07-31,0.025316596397700453,0.1041849504750279,2.4434664906801444
1423,control,50,neutral,9,2023-08-31,0.016247750007822415,0.14312317241404415,0.38580701733498607
1424,control,50,neutral,9,2023-09-30,-0.04437333487235706,0.14310139645332318,-1.4563243994690107
1425,control,50,neutral,9,2023-10-31,-0.03506344935119299,0.1414600757022579,-0.9921664894303308
1426,control,50,neutral,9,2023-11-30,0.05793983748274778,0.16420916958616896,0.6090973659231421
1427,control,50,neutral,9,2023-12-31,0.09001817284880853,0.1516190148513226,0.9114999244447771
1428,control,50,neutral,9,2024-01-31,0.08837639135774289,0.16100730757976817,0.684836943772139
1429,control,50,neutral,9,2024-02-29,0.11656132739585523,0.15323013189519993,0.8849965493926908
1430,control,50,neutral,9,2024-03-31,0.12553242912169948,0.14892352074438214,0.8313157580553501
1431,control,50,neutral,9,2024-04-30,0.10271329459755574,0.1554973365462649,0.515214586117214
1432,control,50,neutral,9,2024-05-31,0.17275980029899962,0.1510439627722233,0.9670087511187557
1433,control,50,neutral,9,2024-06-30,0.2536472224635302,0.14915517287111196,1.3806725422818913
1434,control,50,neutral,9,2024-07-31,0.25255755041910355,0.15264470138691702,1.2164268931187927
1435,control,50,neutral,9,2024-08-31,0.2539857813065296,0.1508022042799383,1.1301319067820714
1436,control,50,neutral,9,2024-09-30,0.28684751735365244,0.1530596094545568,1.1592752424293162
1437,control,50,neutral,9,2024-10-31,0.261246159006846,0.15003244358841697,0.9717666126423821
1438,control,50,neutral,9,2024-11-30,0.3205775784106566,0.149566862332549,1.1594822056100893
1439,control,50,neutral,9,2024-12-31,0.36526946571469976,0.14785027743237264,1.2517723360220592
1440,control,50,seeking,0,2023-07-31,0.009515994276449113,0.20590520956106576,0.296911379020295
1441,control,50,seeking,0,2023-08-31,-0.056729093425136656,0.31006638576131934,-1.0603433535214393
1442,control,50,seeking,0,2023-09-30,-0.08608959962054685,0.28214522142324744,-1.2219388431679268
1443,control,50,seeking,0,2023-10-31,-0.12432756365719444,0.2557814519705927,-1.4110911900289698
1444,control,50,seeking,0,2023-11-30,0.02526949007865209,0.2786038588564355,0.0659826537414356
1445,control,50,seeking,0,2023-12-31,0.10616878672443453,0.2651793658751767,0.6490732669953858
1446,control,50,seeking,0,2024-01-31,-0.0032481174291131287,0.25492800072412897,-0.18758051393782843
1447,control,50,seeking,0,2024-02-29,0.14303903187935862,0.26334300826815293,0.6734507888135004
1448,control,50,seeking,0,2024-03-31,0.13448995043636147,0.26042431298146673,0.5217721722051044
1449,control,50,seeking,0,2024-04-30,0.0783631479002469,0.2767977042394451,0.18381677331288584
1450,control,50,seeking,0,2024-05-31,0.10797113381141865,0.27626720734589155,0.27184321178608767
1451,control,50,seeking,0,2024-06-30,0.14678538304237865,0.26590326521388274,0.3815245255622643
1452,control,50,seeking,0,2024-07-31,0.23220929718735528,0.2672948744172836,0.6265284555172712
1453,control,50,seeking,0,2024-08-31,0.18584547655019712,0.2724536252401217,0.4184828894748438
1454,control,50,seeking,0,2024-09-30,0.30814333620258005,0.2806450246949275,0.6888239399183727
1455,control,50,seeking,0,2024-10-31,0.3116897736073341,0.2816365311114057,0.6423858974367513
1456,control,50,seeking,0,2024-11-30,0.6458154346836722,0.30395537007759416,1.2398171675627603
1457,control,50,seeking,0,2024-12-31,0.7093130439642512,0.3028055840696025,1.2574722443757953
1458,control,50,seeking,1,2023-07-31,0.012790668072410138,0.12422238515369535,0.7964425558180356
1459,control,50,seeking,1,2023-08-31,-0.03992343215479288,0.1692420123048681,-1.4897132660944494
1460,control,50,seeking,1,2023-09-30,-0.07227313752525577,0.14798514698155535,-2.0381230709791667
1461,control,50,seeking,1,2023-10-31,-0.04281888984778415,0.13845047245897252,-1.1638618851023166
1462,control,50,seeking,1,2023-11-30,0.061620862780542796,0.1619081033513785,0.6759195697933872
1463,control,50,seeking,1,2023-12-31,0.13744333424043975,0.15651972131567365,1.527711530656311
1464,control,50,seeking,1,2024-01-31,0.1408225320758354,0.15053988729007348,1.3614023940149687
1465,control,50,seeking,1,2024-02-29,0.30185153364309514,0.15708881423497445,2.784613937582004
1466,control,50,seeking,1,2024-03-31,0.3604097377890636,0.16104481225778033,2.791950938378178
1467,control,50,seeking,1,2024-04-30,0.2679404622354935,0.1708948662931898,1.6471482348716793
1468,control,50,seeking,1,2024-05-31,0.3705348628441716,0.16902922869468506,2.1572260972025883
1469,control,50,seeking,1,2024-06-30,0.38102877660177037,0.16406770368301735,2.0129816817016835
1470,control,50,seeking,1,2024-07-31,0.3882018810031158,0.15854923073741892,1.9328481610843056
1471,control,50,seeking,1,2024-08-31,0.34909825240511294,0.17069397527843322,1.4553330795032002
1472,control,50,seeking,1,2024-09-30,0.40857905216437884,0.18917574458052364,1.4138860953639567
1473,control,50,seeking,1,2024-10-31,0.4113189685722405,0.18610735059946376,1.3394884681502934
1474,control,50,seeking,1,2024-11-30,0.5980213554810481,0.19093665571805174,1.8213438087563283
1475,control,50,seeking,1,2024-12-31,0.5560975176675889,0.18963389891570212,1.5580669756105823
1476,control,50,seeking,2,2023-07-31,0.05094298834969346,0.2255438070637344,2.811865665350183
1477,control,50,seeking,2,2023-08-31,-0.0828955565233589,0.35578686296348394,-1.2249763095524384
1478,control,50,seeking,2,2023-09-30,-0.1574853019838609,0.33539541556719604,-1.605618234079077
1479,control,50,seeking,2,2023-10-31,-0.19437511813274544,0.2899203531309813,-1.7480394130175017
1480,control,50,seeking,2,2023-11-30,0.019908003911751404,0.3462089953938811,0.015362001589707488
1481,control,50,seeking,2,2023-12-31,0.13920854645324532,0.3328876611038549,0.7298256432239297
1482,control,50,seeking,2,2024-01-31,0.0046809184441032325,0.31984145967595434,-0.10790583825198674
1483,control,50,seeking,2,2024-02-29,0.19588228429427534,0.3165515024149975,0.827855956017421
1484,control,50,seeking,2,2024-03-31,0.21305747831076882,0.3070947836044871,0.791433583746628
1485,control,50,seeking,2,2024-04-30,0.12185073108234112,0.32041866756411563,0.3219952122453937
1486,control,50,seeking,2,2024-05-31,0.1120927840265844,0.31344658034317874,0.2539683079753775
1487,control,50,seeking,2,2024-06-30,0.13695063105095295,0.30208722842626384,0.3039636905126764
1488,control,50,seeking,2,2024-07-31,0.19899201683523793,0.30040252776749327,0.458314506667555
1489,control,50,seeking,2,2024-08-31,0.17707286227647656,0.29941956945116543,0.35642501081925115
1490,control,50,seeking,2,2024-09-30,0.27910122138878024,0.3043550343177601,0.5639771517271035
1491,control,50,seeking,2,2024-10-31,0.31422148311208664,0.3013980812654907,0.6060850166818571
1492,control,50,seeking,2,2024-11-30,0.6801217116857889,0.32085002393169254,1.2391253246032845
1493,control,50,seeking,2,2024-12-31,0.715821464462338,0.3201141224228732,1.2006159151343043
1494,control,50,seeking,3,2023-07-31,0.11546116567557752,0.31938248856284873,6.491003115379982
1495,control,50,seeking,3,2023-08-31,-0.027740078138285496,0.4042759935046175,-0.47590223761534234
1496,control,50,seeking,3,2023-09-30,-0.1153683532105797,0.3770281694399333,-1.1403825115235555
1497,control,50,seeking,3,2023-10-31,-0.20310600220444142,0.3359430007091464,-1.557970402933608
1498,control,50,seeking,3,2023-11-30,0.06433707055155735,0.4270810323688161,0.2725819448280277
1499,control,50,seeking,3,2023-12-31,0.15838665207315006,0.3974516061355658,0.7169368354636982
1500,control,50,seeking,3,2024-01-31,0.011150523540468527,0.37963772601975926,-0.062170864367448724
1501,control,50,seeking,3,2024-02-29,0.10402267510779084,0.36355224484931037,0.31909631745460076
1502,control,50,seeking,3,2024-03-31,0.11703563570660402,0.34803354033596806,0.3228732353024921
1503,control,50,seeking,3,2024-04-30,0.04850993994134711,0.3570131839521266,0.04258222005187545
1504,control,50,seeking,3,2024-05-31,0.030167605822277288,0.34614960603487277,-0.027891947922885393
1505,control,50,seeking,3,2024-06-30,0.07355728775275105,0.3360057959242861,0.08852071516967079
1506,control,50,seeking,3,2024-07-31,0.11741958885492254,0.3356253820871895,0.1913235439769233
1507,control,50,seeking,3,2024-08-31,0.13183071417884906,0.33583003892405155,0.20534732634089367
1508,control,50,seeking,3,2024-09-30,0.2412330040741837,0.33755693737100334,0.4243480282201364
1509,control,50,seeking,3,2024-10-31,0.2397386308123981,0.3337037397681781,0.3917004895040264
1510,control,50,seeking,3,2024-11-30,0.5327307112781912,0.347828970777655,0.8843513355876254
1511,control,50,seeking,3,2024-12-31,0.6005286317083949,0.3513618898085631,0.912122130572562
1512,control,50,seeking,4,2023-07-31,0.042820721591110056,0.24008295908005756,2.1002382047383024
1513,control,50,seeking,4,2023-08-31,-0.0888212762319931,0.3783850657605536,-1.2107441112952797
1514,control,50,seeking,4,2023-09-30,-0.1575990218050941,0.36245610236371023,-1.4864944297419116
1515,control,50,seeking,4,2023-10-31,-0.2185898784077297,0.31785168527959634,-1.736626081896834
1516,control,50,seeking,4,2023-11-30,-0.011112568292308,0.3753812865375853,-0.1823329949874471
1517,control,50,seeking,4,2023-12-31,0.11437150527655926,0.36075891191538345,0.5253517097506569
1518,control,50,seeking,4,2024-01-31,-0.03799722653387261,0.34660120923379967,-0.3037804025215144
1519,control,50,seeking,4,2024-02-29,0.13784725669198794,0.34213216623288645,0.4943313322442344
1520,control,50,seeking,4,2024-03-31,0.14633988946832366,0.3317981453648947,0.4578278072551856
1521,control,50,seeking,4,2024-04-30,0.06423988344433296,0.345967624318323,0.09821328780181446
1522,control,50,seeking,4,2024-05-31,0.06320084289844297,0.34195523604352335,0.07681541499814415
1523,control,50,seeking,4,2024-06-30,0.07665067194659181,0.32978867774775716,0.09937984512183932
1524,control,50,seeking,4,2024-07-31,0.15458139342250532,0.32761565619299177,0.29833153707460675
1525,control,50,seeking,4,2024-08-31,0.09851096825606942,0.329908016714968,0.12431062687280207
1526,control,50,seeking,4,2024-09-30,0.19928120306343255,0.33244323573641343,0.335560732946689
1527,control,50,seeking,4,2024-10-31,0.21030933477482217,0.33040241761643063,0.33281140746004295
1528,control,50,seeking,4,2024-11-30,0.5642886761574022,0.35010999447896946,0.9342079929730968
1529,control,50,seeking,4,2024-12-31,0.6068322243975259,0.34880663229596853,0.9289263067476714
1530,control,50,seeking,5,2023-07-31,-0.00598317006922322,0.14153662426628277,-0.7268875203472276
1531,control,50,seeking,5,2023-08-31,-0.0756368679155891,0.2661316930856661,-1.5314352885219362
1532,control,50,seeking,5,2023-09-30,-0.1050430028597178,0.2295759437436806,-1.7460859295910336
1533,control,50,seeking,5,2023-10-31,-0.12812707135675994,0.20946194160166046,-1.7637465062504827
1534,control,50,seeking,5,2023-11-30,-0.023419337490110714,0.22233382923717782,-0.4356084396171603
1535,control,50,seeking,5,2023-12-31,0.05125336675162839,0.22220007110531703,0.26405226845014423
1536,control,50,seeking,5,2024-01-31,-0.01932640567102506,0.20909992081846962,-0.35668543885372767
1537,control,50,seeking,5,2024-02-29,0.09135976650963662,0.21361744779579303,0.45091555117202303
1538,control,50,seeking,5,2024-03-31,0.08369150748840881,0.21185672267260444,0.3198480580244064
1539,control,50,seeking,5,2024-04-30,0.03924280179993955,0.22775307785019097,0.018285172865356473
1540,control,50,seeking,5,2024-05-31,0.22360763845166276,0.254764259269316,0.792818966060303
1541,control,50,seeking,5,2024-06-30,0.3113452762524558,0.2520188542346417,1.0407111214381286
1542,control,50,seeking,5,2024-07-31,0.3684985472708546,0.24858094124298574,1.1625006623496816
1543,control,50,seeking,5,2024-08-31,0.32265268015551807,0.25020133430067615,0.9065326512120511
1544,control,50,seeking,5,2024-09-30,0.4229132752984559,0.2492323562898567,1.1152793975371624
1545,control,50,seeking,5,2024-10-31,0.44060436949502435,0.24648188140838553,1.091952284923428
1546,control,50,seeking,5,2024-11-30,0.7362273278761926,0.25678316088868963,1.6792291537909487
1547,control,50,seeking,5,2024-12-31,0.8122543854258457,0.25221552130566227,1.731134843307139
1548,control,50,seeking,6,2023-07-31,0.0456293165517796,0.20392390802686156,2.687788806063235
1549,control,50,seeking,6,2023-08-31,0.002306483240449797,0.25575954087974306,-0.11329813181322668
1550,control,50,seeking,6,2023-09-30,-0.07396711949269752,0.2652849845139569,-1.1572744669436725
1551,control,50,seeking,6,2023-10-31,-0.12440086488732627,0.24456802589962573,-1.4764633663988493
1552,control,50,seeking,6,2023-11-30,0.027045168263833963,0.2763475641568892,0.08225327800713508
1553,control,50,seeking,6,2023-12-31,0.09403356629409898,0.25846191432492693,0.5671661444011199
1554,control,50,seeking,6,2024-01-31,0.018842398621853995,0.2474676770112927,-0.042709222576467386
1555,control,50,seeking,6,2024-02-29,0.12582346848054282,0.2396203104861482,0.6266382353752366
1556,control,50,seeking,6,2024-03-31,0.12769352357850505,0.23502124013705875,0.5391605831667109
1557,control,50,seeking,6,2024-04-30,0.1070354484332372,0.24744128854203082,0.34479275568967127
1558,control,50,seeking,6,2024-05-31,0.10567851354909874,0.239393789766349,0.3032517980087608
1559,control,50,seeking,6,2024-06-30,0.18225840576984575,0.23243282299497972,0.5857713498593291
1560,control,50,seeking,6,2024-07-31,0.20890763736123485,0.2423231361128797,0.604888927442041
1561,control,50,seeking,6,2024-08-31,0.1885025105519691,0.2410993627935012,0.48206504476786594
1562,control,50,seeking,6,2024-09-30,0.27274883428307395,0.243439803549105,0.6855760311932162
1563,control,50,seeking,6,2024-10-31,0.2792257015096764,0.24082960626281757,0.6575437767785839
1564,control,50,seeking,6,2024-11-30,0.48681460851159764,0.24693391951181867,1.1300857134123656
1565,control,50,seeking,6,2024-12-31,0.5661034563830376,0.24883372140449345,1.2101194274654865
1566,control,50,seeking,7,2023-07-31,0.02808788457549638,0.20156525757419672,1.4461620082008577
1567,control,50,seeking,7,2023-08-31,-0.06635734212191358,0.28866378945279736,-1.2812437005886899
1568,control,50,seeking,7,2023-09-30,-0.129403158778289,0.2845928623371568,-1.6441232833776338
1569,control,50,seeking,7,2023-10-31,-0.19004849216912156,0.2573334735277302,-1.936943799167664
1570,control,50,seeking,7,2023-11-30,-0.001532124278304292,0.31166875689545126,-0.14757548840509793
1571,control,50,seeking,7,2023-12-31,0.11323713315096962,0.29800244493979094,0.6278851651206179
1572,control,50,seeking,7,2024-01-31,0.03256815842435001,0.28879390856891773,0.04450904621532371
1573,control,50,seeking,7,2024-02-29,0.18381904300172547,0.2806999894623649,0.8641169175821882
1574,control,50,seeking,7,2024-03-31,0.1635994311399609,0.2771500325102683,0.6326350829211849
1575,control,50,seeking,7,2024-04-30,0.09762279999097889,0.29650621459351423,0.24955000177910092
1576,control,50,seeking,7,2024-05-31,0.11075076742514,0.28760883550073524,0.2716842511273933
1577,control,50,seeking,7,2024-06-30,0.1440588837324519,0.27759794675356114,0.35583982663366287
1578,control,50,seeking,7,2024-07-31,0.1716419870371917,0.2876167298707195,0.39322196746549015
1579,control,50,seeking,7,2024-08-31,0.15849604668163342,0.286983723062113,0.31793757866664085
1580,control,50,seeking,7,2024-09-30,0.266764133612827,0.29259152140561273,0.5550885291125686
1581,control,50,seeking,7,2024-10-31,0.24929301491579858,0.29026787415403577,0.47342909208484557
1582,control,50,seeking,7,2024-11-30,0.4807872851559707,0.30221297793542085,0.9109136234106952
1583,control,50,seeking,7,2024-12-31,0.4918568341640863,0.3010200323875637,0.8598991811086812
1584,control,50,seeking,8,2023-07-31,0.0016730764584973468,0.1976590762013404,-0.12566892886654993
1585,control,50,seeking,8,2023-08-31,-0.01710952917784747,0.2492736480798536,-0.5507107195842421
1586,control,50,seeking,8,2023-09-30,-0.05792426876457257,0.2507400056809896,-1.0158289377310241
1587,control,50,seeking,8,2023-10-31,-0.11653824226768716,0.24616224170787507,-1.3944952405305615
1588,control,50,seeking,8,2023-11-30,0.017981910305405524,0.27228868247917365,0.0023793231927194537
1589,control,50,seeking,8,2023-12-31,0.09418773835577432,0.25612234161235276,0.5736069605855563
1590,control,50,seeking,8,2024-01-31,0.05027411539838411,0.24762077966178653,0.17519564835593007
1591,control,50,seeking,8,2024-02-29,0.16582050698217055,0.23895415468216935,0.8940640893274208
1592,control,50,seeking,8,2024-03-31,0.12125087044684246,0.24179686559194286,0.4881731074448839
1593,control,50,seeking,8,2024-04-30,0.09266791708271205,0.26122370061689404,0.2604655937712269
1594,control,50,seeking,8,2024-05-31,0.11631973816561536,0.2533462754465348,0.33245466589208156
1595,control,50,seeking,8,2024-06-30,0.1857295155872205,0.2458408134640307,0.5676326416833424
1596,control,50,seeking,8,2024-07-31,0.2117652509363881,0.2678935464712781,0.5567220210339566
1597,control,50,seeking,8,2024-08-31,0.1884632081984723,0.27098015555656085,0.42878753990632384
1598,control,50,seeking,8,2024-09-30,0.31132249951980806,0.276488916311949,0.70773350597606
1599,control,50,seeking,8,2024-10-31,0.2684121609245358,0.2785862382284794,0.5413324274593778
1600,control,50,seeking,8,2024-11-30,0.4501831088031918,0.28827317308290973,0.8883725444017706
1601,control,50,seeking,8,2024-12-31,0.5005787136518971,0.28735252809887507,0.9182076083977664
1602,control,50,seeking,9,2023-07-31,0.05446538603974038,0.22946353745836925,3.022567093564491
1603,control,50,seeking,9,2023-08-31,-0.01637718732411453,0.2952359862795026,-0.4517549137920844
1604,control,50,seeking,9,2023-09-30,-0.10582344838832092,0.2964374380872613,-1.3597949691380122
1605,control,50,seeking,9,2023-10-31,-0.16044297107348282,0.2678684984361254,-1.6388603644820297
1606,control,50,seeking,9,2023-11-30,0.026015151020741145,0.3209759058161866,0.06295614930142926
1607,control,50,seeking,9,2023-12-31,0.11011945927492506,0.30193205741088697,0.5977784778468208
1608,control,50,seeking,9,2024-01-31,0.014078140239156323,0.29061529831025024,-0.06417310434372983
1609,control,50,seeking,9,2024-02-29,0.13909500510292472,0.2808554029968672,0.6092137559030426
1610,control,50,seeking,9,2024-03-31,0.12757233634535448,0.27352818872946755,0.4626611438980295
1611,control,50,seeking,9,2024-04-30,0.07177049836486282,0.2862318077327551,0.15017734953064668
1612,control,50,seeking,9,2024-05-31,0.06307821387075374,0.27818194645949423,0.09394536934388005
1613,control,50,seeking,9,2024-06-30,0.1418831225056405,0.2695986910290048,0.3584997808819681
1614,control,50,seeking,9,2024-07-31,0.16774789219794561,0.2741052226918447,0.3998217112560501
1615,control,50,seeking,9,2024-08-31,0.14645817032968833,0.27714806082084387,0.2929615827499558
1616,control,50,seeking,9,2024-09-30,0.23023571253096797,0.2806123497206254,0.4809392868266111
1617,control,50,seeking,9,2024-10-31,0.23034431473241956,0.27630474600354943,0.44914902783730565
1618,control,50,seeking,9,2024-11-30,0.47590430972668174,0.28411729395497376,0.9581786398390619
1619,control,50,seeking,9,2024-12-31,0.5372579787268237,0.28614632207493196,0.9952207286932027
1620,engineered,15,averse,0,2023-07-31,0.020692342400913333,0.09044762842846701,2.156083796112427
1621,engineered,15,averse,0,2023-08-31,0.0003499560909638877,0.10518344098745729,-0.3836479073026793
1622,engineered,15,averse,0,2023-09-30,-0.037672746501843046,0.09968376665870479,-1.8535063000657717
1623,engineered,15,averse,0,2023-10-31,-0.05866785325307422,0.09644416255376688,-2.1010559242124267
1624,engineered,15,averse,0,2023-11-30,0.011071778243715968,0.12171315787360824,-0.1315354186325483
1625,engineered,15,averse,0,2023-12-31,0.05661390163914959,0.11774170479071407,0.5903683830387556
1626,engineered,15,averse,0,2024-01-31,0.05409963678509233,0.11073615488889711,0.4517411275939861
1627,engineered,15,averse,0,2024-02-29,0.08129760653646168,0.10458966807457305,0.7721646059418799
1628,engineered,15,averse,0,2024-03-31,0.10651242163867924,0.10035499030952612,0.9790117005948578
1629,engineered,15,averse,0,2024-04-30,0.06956114721968065,0.10161998533986996,0.39698751591655246
1630,engineered,15,averse,0,2024-05-31,0.10815346388082747,0.09882310456550311,0.7619734860017184
1631,engineered,15,averse,0,2024-06-30,0.12620525483040668,0.09511496722529816,0.8548126263625613
1632,engineered,15,averse,0,2024-07-31,0.15163885212101835,0.09351906158360931,1.0167659377909322
1633,engineered,15,averse,0,2024-08-31,0.17799994599791136,0.0936600537790551,1.1476834802041327
1634,engineered,15,averse,0,2024-09-30,0.2016249028307262,0.09502214394045996,1.1926825642929968
1635,engineered,15,averse,0,2024-10-31,0.17654301610302037,0.09407151710013555,0.9141225458972775
1636,engineered,15,averse,0,2024-11-30,0.211243549520858,0.09533936652778081,1.0675917549635756
1637,engineered,15,averse,0,2024-12-31,0.1787570453602514,0.09475523299805755,0.7593460674715595
1638,engineered,15,averse,1,2023-07-31,0.015614950815258322,0.07546898484589326,1.7553318997307046
1639,engineered,15,averse,1,2023-08-31,-0.00252633145668979,0.08201669832712496,-0.6935884659609729
1640,engineered,15,averse,1,2023-09-30,-0.04415382048337202,0.07882712314361494,-2.634061759724956
1641,engineered,15,averse,1,2023-10-31,-0.05625406730922167,0.07676057453958066,-2.5585907353306045
1642,engineered,15,averse,1,2023-11-30,0.00327973740847054,0.1000076554332414,-0.3460496887527358
1643,engineered,15,averse,1,2023-12-31,0.04027231829300604,0.09771246038884789,0.37486636760845626
1644,engineered,15,averse,1,2024-01-31,0.03907947558521063,0.09109305448465714,0.26390262755049687
1645,engineered,15,averse,1,2024-02-29,0.05720395347918039,0.08726490630677679,0.5017025507838051
1646,engineered,15,averse,1,2024-03-31,0.07857794045304001,0.0835325175607815,0.729738735651408
1647,engineered,15,averse,1,2024-04-30,0.04940858645013191,0.08474680301544565,0.19202754743379816
1648,engineered,15,averse,1,2024-05-31,0.0798935986911462,0.08301330139290655,0.5355247395238536
1649,engineered,15,averse,1,2024-06-30,0.10066779332473863,0.08005456144003431,0.7032776973649615
1650,engineered,15,averse,1,2024-07-31,0.13374359183717166,0.07720921146141332,1.0225643106034068
1651,engineered,15,averse,1,2024-08-31,0.17368651051691963,0.07662683807743886,1.355946677186271
1652,engineered,15,averse,1,2024-09-30,0.19089889822352424,0.07677321835488961,1.3702130065142355
1653,engineered,15,averse,1,2024-10-31,0.15350076740057372,0.0785043720923965,0.8857464428137738
1654,engineered,15,averse,1,2024-11-30,0.1811558831236535,0.08072163927895884,1.0125815810217997
1655,engineered,15,averse,1,2024-12-31,0.14741773943885828,0.08006528942175266,0.6539842565933189
1656,engineered,15,averse,2,2023-07-31,0.008090523050955145,0.07344456063068305,0.6132171775433769
1657,engineered,15,averse,2,2023-08-31,-0.006011737181100707,0.06563120264656296,-1.1673787903887562
1658,engineered,15,averse,2,2023-09-30,-0.03553107001066236,0.06237407494886934,-2.839391802178926
1659,engineered,15,averse,2,2023-10-31,-0.05592804255331296,0.06484515771810062,-3.015712325064
1660,engineered,15,averse,2,2023-11-30,-0.010768545721034362,0.08715218488655016,-0.7761521656307866
1661,engineered,15,averse,2,2023-12-31,0.021359934073984288,0.08983388605933511,-0.009270719801077397
1662,engineered,15,averse,2,2024-01-31,0.013383907459887157,0.0832735815634133,-0.23807086361061366
1663,engineered,15,averse,2,2024-02-29,0.01776194800089037,0.07903406398113952,-0.20085514388247025
1664,engineered,15,averse,2,2024-03-31,0.02059284390358851,0.07687643055219957,-0.20193537423027413
1665,engineered,15,averse,2,2024-04-30,-0.021053815273543997,0.07662963291357092,-0.8770882279711697
1666,engineered,15,averse,2,2024-05-31,-0.0024653406562843427,0.07747735645312531,-0.5814289475419266
1667,engineered,15,averse,2,2024-06-30,0.0033516401855226974,0.07470603895462084,-0.5232343915005796
1668,engineered,15,averse,2,2024-07-31,0.0425620954756305,0.07400431575722147,-0.04891441179580438
1669,engineered,15,averse,2,2024-08-31,0.07029237338430616,0.07434064412048853,0.23192738288066378
1670,engineered,15,averse,2,2024-09-30,0.07765585239765027,0.07224796343148224,0.25353761044006173
1671,engineered,15,averse,2,2024-10-31,0.05948006056225652,0.07207929558328441,0.020510297990668613
1672,engineered,15,averse,2,2024-11-30,0.06728590137514767,0.07137425501999341,0.062280952078937926
1673,engineered,15,averse,2,2024-12-31,0.029404310786552035,0.0715254891221336,-0.32321801296576935
1674,engineered,15,averse,3,2023-07-31,0.02559293418167896,0.09796331331578542,2.6358064241007546
1675,engineered,15,averse,3,2023-08-31,0.0013475789511638858,0.1339743107992954,-0.25800429434914274
1676,engineered,15,averse,3,2023-09-30,-0.0436444385055994,0.12387063818782636,-1.6618523597616555
1677,engineered,15,averse,3,2023-10-31,-0.06221864563175272,0.1166281669420437,-1.815623336741828
1678,engineered,15,averse,3,2023-11-30,0.009496269433532545,0.13572992848877058,-0.14577361157526805
1679,engineered,15,averse,3,2023-12-31,0.051668043605278324,0.12856105158139194,0.46288554627936274
1680,engineered,15,averse,3,2024-01-31,0.048908502925086195,0.1238061887900578,0.33128413798578626
1681,engineered,15,averse,3,2024-02-29,0.07765139088850992,0.11685529176038072,0.6430021214239002
1682,engineered,15,averse,3,2024-03-31,0.09553784804353782,0.11121723245472998,0.7513570355622881
1683,engineered,15,averse,3,2024-04-30,0.06494025566016415,0.11270606560269623,0.30890798493353294
1684,engineered,15,averse,3,2024-05-31,0.1266788812779589,0.11171259750012341,0.855376256257098
1685,engineered,15,averse,3,2024-06-30,0.15789599309596714,0.10842577070513051,1.0359204070069625
1686,engineered,15,averse,3,2024-07-31,0.18870799327906695,0.10858119710437948,1.1829083761611683
1687,engineered,15,averse,3,2024-08-31,0.2251915009512997,0.11128357881642054,1.317768407269834
1688,engineered,15,averse,3,2024-09-30,0.25344561532202836,0.1131792544661096,1.3467397591792551
1689,engineered,15,averse,3,2024-10-31,0.22757528006367056,0.11176274550734955,1.0929511524581554
1690,engineered,15,averse,3,2024-11-30,0.28158307489365564,0.11324339047263136,1.3076309327510536
1691,engineered,15,averse,3,2024-12-31,0.26240899547762453,0.11165962515796948,1.1050770913402983
1692,engineered,15,averse,4,2023-07-31,0.02495366087784623,0.1076468000158977,2.320606564248882
1693,engineered,15,averse,4,2023-08-31,0.001930066156957011,0.1262391850740984,-0.2469441784053931
1694,engineered,15,averse,4,2023-09-30,-0.04152450985716394,0.1183730995147715,-1.6761648092458479
1695,engineered,15,averse,4,2023-10-31,-0.06596657242343873,0.11327557705301201,-1.9537027463219003
1696,engineered,15,averse,4,2023-11-30,0.014850550627951264,0.14152536043308794,-0.048893802787343746
1697,engineered,15,averse,4,2023-12-31,0.06974562087042369,0.13714507467119438,0.7020142882795823
1698,engineered,15,averse,4,2024-01-31,0.06673802220771319,0.12964116217725466,0.5560222326159299
1699,engineered,15,averse,4,2024-02-29,0.09884291134089129,0.12224539491611316,0.8830009841539642
1700,engineered,15,averse,4,2024-03-31,0.12433656986980202,0.11775636912557357,1.0376675781313887
1701,engineered,15,averse,4,2024-04-30,0.08051799835012763,0.11998904709413911,0.44556020469429963
1702,engineered,15,averse,4,2024-05-31,0.12545811950740782,0.11645402113424994,0.8090803600490547
1703,engineered,15,averse,4,2024-06-30,0.15022912301645142,0.11228441570544993,0.9335094695423413
1704,engineered,15,averse,4,2024-07-31,0.17596956024459365,0.11072196297070613,1.0566112289670873
1705,engineered,15,averse,4,2024-08-31,0.2024895803743032,0.11126419228313059,1.1489677495571269
1706,engineered,15,averse,4,2024-09-30,0.2304916792112759,0.11361151938995266,1.1895844587624007
1707,engineered,15,averse,4,2024-10-31,0.20365627877149306,0.11207850172773243,0.9390990241771231
1708,engineered,15,averse,4,2024-11-30,0.2469714132648888,0.11394377531746853,1.1005115818388032
1709,engineered,15,averse,4,2024-12-31,0.2128987488360352,0.11313436631689872,0.8228525414749523
1710,engineered,15,averse,5,2023-07-31,0.014307549371603612,0.0782084219765832,1.4939456834565656
1711,engineered,15,averse,5,2023-08-31,-0.0008288715964276383,0.08977281936476451,-0.5252885015569584
1712,engineered,15,averse,5,2023-09-30,-0.03858079219755417,0.08325759757378637,-2.2580144849118042
1713,engineered,15,averse,5,2023-10-31,-0.0401644944875037,0.07771128584021057,-1.982451516606491
1714,engineered,15,averse,5,2023-11-30,0.029854944316324294,0.10134698030768405,0.29236944202262105
1715,engineered,15,averse,5,2023-12-31,0.05987541154186693,0.09532953439602931,0.7986029670509445
1716,engineered,15,averse,5,2024-01-31,0.07639689327926069,0.09224176700091251,0.965528249706733
1717,engineered,15,averse,5,2024-02-29,0.10171108420784858,0.08940983585148092,1.2572055548734926
1718,engineered,15,averse,5,2024-03-31,0.12525847079953234,0.08630604926449616,1.4301833592627857
1719,engineered,15,averse,5,2024-04-30,0.0874331461549318,0.08921176934977891,0.6922347670217123
1720,engineered,15,averse,5,2024-05-31,0.12793864453856307,0.08570881492904721,1.1309775286207577
1721,engineered,15,averse,5,2024-06-30,0.16206954864765355,0.08389355232986082,1.3875181670455918
1722,engineered,15,averse,5,2024-07-31,0.17035556168245702,0.0827541042204037,1.3526794245212963
1723,engineered,15,averse,5,2024-08-31,0.1968963637868555,0.08279141867276177,1.4880449620446212
1724,engineered,15,averse,5,2024-09-30,0.21909960890591118,0.0854530841307347,1.4809623173506707
1725,engineered,15,averse,5,2024-10-31,0.18406210914211085,0.08599548882728335,1.0622117217697546
1726,engineered,15,averse,5,2024-11-30,0.22244444547518638,0.08758205318201903,1.2469258207118448
1727,engineered,15,averse,5,2024-12-31,0.20086348435590784,0.08671758868013846,0.9878508384248934
1728,engineered,15,averse,6,2023-07-31,0.022379074788184683,0.10487908280232353,2.0637563096873968
1729,engineered,15,averse,6,2023-08-31,-0.0022431828879443394,0.11960826248455148,-0.46207863417413747
1730,engineered,15,averse,6,2023-09-30,-0.04491280929421526,0.11298729905173918,-1.8611265107523651
1731,engineered,15,averse,6,2023-10-31,-0.0701474030536392,0.1085879328330529,-2.1354049943419877
1732,engineered,15,averse,6,2023-11-30,0.007812471150233424,0.13897748803811136,-0.17134264949735975
1733,engineered,15,averse,6,2023-12-31,0.06314300707500564,0.13577706633683137,0.6096847749164717
1734,engineered,15,averse,6,2024-01-31,0.054673785217182136,0.1276740468178402,0.3996297061237554
1735,engineered,15,averse,6,2024-02-29,0.08103708325443781,0.12028547190219054,0.6680642461995963
1736,engineered,15,averse,6,2024-03-31,0.10677930635768207,0.11572066517250244,0.8521068297732757
1737,engineered,15,averse,6,2024-04-30,0.0635384819771696,0.11664455106673012,0.2841135901710425
1738,engineered,15,averse,6,2024-05-31,0.10448634527336931,0.11363214725853502,0.6274129668587795
1739,engineered,15,averse,6,2024-06-30,0.12160018404440809,0.10928402775625103,0.7027306780220888
1740,engineered,15,averse,6,2024-07-31,0.15457385496949838,0.10724492718753795,0.911290574060557
1741,engineered,15,averse,6,2024-08-31,0.18329400318773437,0.10692208192648546,1.0465175489091287
1742,engineered,15,averse,6,2024-09-30,0.21082672822352588,0.10760678797647664,1.117945244054734
1743,engineered,15,averse,6,2024-10-31,0.18052211398743823,0.10648448254104842,0.8341735321458109
1744,engineered,15,averse,6,2024-11-30,0.21757968202516698,0.10787164693108561,0.9825203226541697
1745,engineered,15,averse,6,2024-12-31,0.17751829213029957,0.10738944650527697,0.6628310534469354
1746,engineered,15,averse,7,2023-07-31,0.019907549731610796,0.08652725630674345,2.13983102431133
1747,engineered,15,averse,7,2023-08-31,-0.001201868664014949,0.09566900367284702,-0.5153318993324186
1748,engineered,15,averse,7,2023-09-30,-0.0477100355197102,0.09227844404602101,-2.383968912519519
1749,engineered,15,averse,7,2023-10-31,-0.06362073219405961,0.08913758160334051,-2.4157644011604273
1750,engineered,15,averse,7,2023-11-30,0.004939992141846039,0.1163652314686162,-0.26349253721202126
1751,engineered,15,averse,7,2023-12-31,0.04956038837777377,0.11400118960041887,0.4847316190721982
1752,engineered,15,averse,7,2024-01-31,0.04799750502119071,0.1063666851674072,0.3707657819040717
1753,engineered,15,averse,7,2024-02-29,0.0725030912862592,0.10132305515900654,0.6633787776860146
1754,engineered,15,averse,7,2024-03-31,0.09741930974463697,0.0971959827634524,0.8856155687997294
1755,engineered,15,averse,7,2024-04-30,0.06155423114548486,0.09887458615573312,0.31119491395363125
1756,engineered,15,averse,7,2024-05-31,0.09649498563693482,0.09651795528015317,0.6482484919031819
1757,engineered,15,averse,7,2024-06-30,0.11966202135241288,0.09297149824754514,0.8056203105573021
1758,engineered,15,averse,7,2024-07-31,0.15768368490956064,0.08970499816165034,1.1207006930765648
1759,engineered,15,averse,7,2024-08-31,0.2003250063619595,0.08894808217631099,1.417040590136726
1760,engineered,15,averse,7,2024-09-30,0.21996916889695428,0.08979217776260448,1.416712062638034
1761,engineered,15,averse,7,2024-10-31,0.18143616563813691,0.09117018570616509,0.9814295580837693
1762,engineered,15,averse,7,2024-11-30,0.22016873864236475,0.09404374548354089,1.1452272023163497
1763,engineered,15,averse,7,2024-12-31,0.17919200525039125,0.09339864400969868,0.7732730101258
1764,engineered,15,averse,8,2023-07-31,0.015118798303240144,0.062296081583970486,2.030911012122451
1765,engineered,15,averse,8,2023-08-31,0.0037318804238131165,0.07194897253110988,-0.2866192306128718
1766,engineered,15,averse,8,2023-09-30,-0.029107801193630878,0.06778311789149521,-2.2693352239685494
1767,engineered,15,averse,8,2023-10-31,-0.03764074689667607,0.06450129166154105,-2.2835899284390013
1768,engineered,15,averse,8,2023-11-30,0.011133981302182905,0.07945063579916743,-0.19962502644519473
1769,engineered,15,averse,8,2023-12-31,0.04626610745483095,0.07966578149015084,0.6104811954017471
1770,engineered,15,averse,8,2024-01-31,0.046124551418638804,0.0755659368177122,0.47899869460102684
1771,engineered,15,averse,8,2024-02-29,0.061524595856125686,0.07191990426365469,0.7005378357083628
1772,engineered,15,averse,8,2024-03-31,0.08854843467922979,0.07007394779450926,1.0593723671411424
1773,engineered,15,averse,8,2024-04-30,0.06415264013709243,0.06901183293781384,0.4908482743060993
1774,engineered,15,averse,8,2024-05-31,0.08785550647947926,0.06736688920885543,0.7888023765085553
1775,engineered,15,averse,8,2024-06-30,0.0993661267850765,0.06527246733440299,0.8430166350400333
1776,engineered,15,averse,8,2024-07-31,0.12505389653065402,0.06400511854820622,1.1109753606495336
1777,engineered,15,averse,8,2024-08-31,0.14425322056377698,0.06386844838886717,1.2424189057299184
1778,engineered,15,averse,8,2024-09-30,0.1656049353125446,0.06439454356504136,1.3347167136064793
1779,engineered,15,averse,8,2024-10-31,0.15551623007058835,0.06391777480941449,1.1104558126622872
1780,engineered,15,averse,8,2024-11-30,0.1841758871137944,0.06617223254176857,1.2657296629349257
1781,engineered,15,averse,8,2024-12-31,0.15658349051891585,0.06591660711737586,0.8815649886117144
1782,engineered,15,averse,9,2023-07-31,0.02645434752250231,0.09584854507947338,2.812959922491937
1783,engineered,15,averse,9,2023-08-31,0.011293249810218287,0.11880157795009534,0.20755940173709492
1784,engineered,15,averse,9,2023-09-30,-0.032755841255243445,0.11244753151795736,-1.4860458765509057
1785,engineered,15,averse,9,2023-10-31,-0.05363154692097316,0.10981581182479193,-1.7264339263317354
1786,engineered,15,averse,9,2023-11-30,0.027014263281184503,0.13399476227457618,0.16907182698060616
1787,engineered,15,averse,9,2023-12-31,0.07612065001337776,0.12851193160397562,0.8511472855733164
1788,engineered,15,averse,9,2024-01-31,0.08819315408709305,0.12309468401892547,0.8931194501279347
1789,engineered,15,averse,9,2024-02-29,0.1297776086508058,0.11691832848899823,1.3375436933449247
1790,engineered,15,averse,9,2024-03-31,0.15755090191000254,0.11331642011409586,1.474742155751297
1791,engineered,15,averse,9,2024-04-30,0.11305539304785484,0.1174205327028598,0.7883355418936034
1792,engineered,15,averse,9,2024-05-31,0.1622467308058151,0.11327072787026532,1.18763023705482
1793,engineered,15,averse,9,2024-06-30,0.20045504980667994,0.1102019464552136,1.3969528156523003
1794,engineered,15,averse,9,2024-07-31,0.2153185668227282,0.10920396132000365,1.3949062503383969
1795,engineered,15,averse,9,2024-08-31,0.23879825792413856,0.11092063795817705,1.423482504640877
1796,engineered,15,averse,9,2024-09-30,0.26466234870677785,0.11527505229128877,1.3952627021352817
1797,engineered,15,averse,9,2024-10-31,0.24982383675206354,0.11361534983332341,1.2128081776511255
1798,engineered,15,averse,9,2024-11-30,0.31325217624996493,0.11710447780752173,1.4403979505977114
1799,engineered,15,averse,9,2024-12-31,0.28703954186201974,0.11579456281901213,1.1944811778982212
1800,engineered,15,neutral,0,2023-07-31,0.03756495693494899,0.11507916821920638,3.69361900145029
1801,engineered,15,neutral,0,2023-08-31,-0.02930409435974668,0.20122823166634393,-0.9952161595324268
1802,engineered,15,neutral,0,2023-09-30,-0.09579478483293569,0.18399037150344327,-2.0323261740467915
1803,engineered,15,neutral,0,2023-10-31,-0.06781095929638026,0.16784073758395823,-1.346406750735761
1804,engineered,15,neutral,0,2023-11-30,0.052169071827605995,0.1920329215171473,0.44443018396954204
1805,engineered,15,neutral,0,2023-12-31,0.08530003369295747,0.18001886009183002,0.7131403926077499
1806,engineered,15,neutral,0,2024-01-31,0.06224597266682408,0.18147935811921326,0.3538829850672153
1807,engineered,15,neutral,0,2024-02-29,0.1297762108013174,0.1732136792140183,0.9028222828880725
1808,engineered,15,neutral,0,2024-03-31,0.12552805612589135,0.16579228930976803,0.74669684496038
1809,engineered,15,neutral,0,2024-04-30,0.08507300302374254,0.1699079164164174,0.3467993415585554
1810,engineered,15,neutral,0,2024-05-31,0.14911427572770708,0.1642733549623697,0.7312466679873209
1811,engineered,15,neutral,0,2024-06-30,0.2092612162950116,0.16046663167084793,1.0130243483206183
1812,engineered,15,neutral,0,2024-07-31,0.22540580227150753,0.15962052282729178,1.0109747581887227
1813,engineered,15,neutral,0,2024-08-31,0.19659990030147068,0.16152746245582597,0.761178549471567
1814,engineered,15,neutral,0,2024-09-30,0.23082240344880178,0.16642496618130997,0.8135789278472567
1815,engineered,15,neutral,0,2024-10-31,0.19626576807284946,0.16493622144236664,0.6063805790712392
1816,engineered,15,neutral,0,2024-11-30,0.2906929475944666,0.16462082118025367,0.9356085948818761
1817,engineered,15,neutral,0,2024-12-31,0.3128330567368858,0.16474166097999737,0.9338055366210304
1818,engineered,15,neutral,1,2023-07-31,0.05718113503422706,0.18749060696614855,3.950240863901974
1819,engineered,15,neutral,1,2023-08-31,0.060289119698475835,0.20888374676619634,1.7239287432451214
1820,engineered,15,neutral,1,2023-09-30,-0.018853291626794277,0.20560790310109447,-0.5626448731287549
1821,engineered,15,neutral,1,2023-10-31,-0.03538759693237725,0.20090761273738827,-0.7029452034772731
1822,engineered,15,neutral,1,2023-11-30,0.07335088398520861,0.22433404787562253,0.6229316526351426
1823,engineered,15,neutral,1,2023-12-31,0.12282465394601161,0.2070670971202788,1.0025044162262957
1824,engineered,15,neutral,1,2024-01-31,0.14813891106866972,0.213179304017811,1.024456018973907
1825,engineered,15,neutral,1,2024-02-29,0.23901423575964853,0.20363118665833682,1.6331791787565757
1826,engineered,15,neutral,1,2024-03-31,0.2809541516402634,0.1960540236442344,1.7207069239657098
1827,engineered,15,neutral,1,2024-04-30,0.2664989476867812,0.21131716244377544,1.3236530715153223
1828,engineered,15,neutral,1,2024-05-31,0.3772543368265884,0.20268810612731708,1.835869727616441
1829,engineered,15,neutral,1,2024-06-30,0.4910784563046209,0.19895867317406993,2.198970721866313
1830,engineered,15,neutral,1,2024-07-31,0.47991582648046616,0.2022274860212938,1.916244265713962
1831,engineered,15,neutral,1,2024-08-31,0.47260704259086217,0.20551893546893132,1.6956829423498
1832,engineered,15,neutral,1,2024-09-30,0.5132358739524652,0.21337723417316354,1.6101227098112973
1833,engineered,15,neutral,1,2024-10-31,0.5284851565097115,0.20815762844942523,1.5763305533689582
1834,engineered,15,neutral,1,2024-11-30,0.6291477637200809,0.20767026480595266,1.765943314979467
1835,engineered,15,neutral,1,2024-12-31,0.6945746768443528,0.20436286697010947,1.8236219170346544
1836,engineered,15,neutral,2,2023-07-31,0.01553242407148514,0.07827121122115488,1.6798085603082982
1837,engineered,15,neutral,2,2023-08-31,0.0005704238247532523,0.10426334077296315,-0.37478935508498146
1838,engineered,15,neutral,2,2023-09-30,-0.08122968794870833,0.1331386792610887,-2.477165983031685
1839,engineered,15,neutral,2,2023-10-31,-0.0697154048409111,0.14105364281428717,-1.636192645436431
1840,engineered,15,neutral,2,2023-11-30,0.006847299909118476,0.15975800595003395,-0.16347798976643985
1841,engineered,15,neutral,2,2023-12-31,0.03162534123991656,0.14894125918466264,0.13040096831657688
1842,engineered,15,neutral,2,2024-01-31,0.028892154394678737,0.14485153902640618,0.04528779332423212
1843,engineered,15,neutral,2,2024-02-29,0.05967559216301188,0.1376178082151836,0.3455649212023934
1844,engineered,15,neutral,2,2024-03-31,0.06762934328690795,0.132305079547663,0.35085027043075057
1845,engineered,15,neutral,2,2024-04-30,0.04582765300109948,0.13290773755857632,0.0903315543930776
1846,engineered,15,neutral,2,2024-05-31,0.12443317040905355,0.13688206974661143,0.6801427855018717
1847,engineered,15,neutral,2,2024-06-30,0.15730773484063176,0.1324722305860171,0.8435345318023892
1848,engineered,15,neutral,2,2024-07-31,0.19795821139101788,0.1347017881349502,1.0152098007430723
1849,engineered,15,neutral,2,2024-08-31,0.22625624575987469,0.13451764696008472,1.0967095258396606
1850,engineered,15,neutral,2,2024-09-30,0.2516685775875198,0.13530126399308304,1.1166800146682978
1851,engineered,15,neutral,2,2024-10-31,0.23700907532717963,0.13475388035535718,0.955762565833984
1852,engineered,15,neutral,2,2024-11-30,0.30525605240668874,0.13435361687016711,1.2168687343038203
1853,engineered,15,neutral,2,2024-12-31,0.31388967894914677,0.1311024016246715,1.178241610898116
1854,engineered,15,neutral,3,2023-07-31,0.035072126246520785,0.12278624807650036,3.166505541313428
1855,engineered,15,neutral,3,2023-08-31,-0.01530573953690173,0.1516412534647417,-0.8417132092746548
1856,engineered,15,neutral,3,2023-09-30,-0.07658597019017499,0.14578307791120973,-2.1627401248262794
1857,engineered,15,neutral,3,2023-10-31,-0.07680808213789703,0.15322128353401304,-1.6220858469203632
1858,engineered,15,neutral,3,2023-11-30,-0.0001259532087418691,0.1685482588729854,-0.2531900891199635
1859,engineered,15,neutral,3,2023-12-31,0.027896593414784343,0.1640421948728651,0.0734147547240362
1860,engineered,15,neutral,3,2024-01-31,0.0059108325918699745,0.15752274838557656,-0.2059530088254941
1861,engineered,15,neutral,3,2024-02-29,0.012656130377979968,0.15180970823964973,-0.15490447432087004
1862,engineered,15,neutral,3,2024-03-31,0.010340988515725291,0.1468372600186818,-0.1969049215381225
1863,engineered,15,neutral,3,2024-04-30,-0.0004811133753938046,0.14359525516968408,-0.2990741600655593
1864,engineered,15,neutral,3,2024-05-31,0.08203281955348074,0.14426238065132543,0.3243274490930149
1865,engineered,15,neutral,3,2024-06-30,0.06106185328835734,0.14547796286498518,0.12028529226880176
1866,engineered,15,neutral,3,2024-07-31,0.10256790663741211,0.14314079511976702,0.35480859359044564
1867,engineered,15,neutral,3,2024-08-31,0.1590808734470357,0.14372145610101847,0.6382535368710555
1868,engineered,15,neutral,3,2024-09-30,0.1741656143245427,0.14447474942040445,0.6400596863984924
1869,engineered,15,neutral,3,2024-10-31,0.13752091250400666,0.14410466940987424,0.4029828528187568
1870,engineered,15,neutral,3,2024-11-30,0.17779848738601234,0.14147632987010036,0.5618676961102788
1871,engineered,15,neutral,3,2024-12-31,0.1728812568153153,0.13736611431209872,0.4971581148107772
1872,engineered,15,neutral,4,2023-07-31,0.03375108903358526,0.1455595084333517,2.5413691309209625
1873,engineered,15,neutral,4,2023-08-31,0.01843246559184375,0.18119911087348461,0.3803624794652558
1874,engineered,15,neutral,4,2023-09-30,-0.038591497839622124,0.1702126619691384,-1.104705804105348
1875,engineered,15,neutral,4,2023-10-31,-0.0186046617850808,0.16137051496957605,-0.5898517908664727
1876,engineered,15,neutral,4,2023-11-30,0.07688338687408658,0.18071943647057442,0.8242671728790232
1877,engineered,15,neutral,4,2023-12-31,0.12699250927879646,0.1708235612936537,1.2676056677607528
1878,engineered,15,neutral,4,2024-01-31,0.12462085480406349,0.17637879461228206,0.9943056745469965
1879,engineered,15,neutral,4,2024-02-29,0.20242263063777166,0.1649277125183325,1.6532833820543549
1880,engineered,15,neutral,4,2024-03-31,0.2360459626387308,0.1583615143505176,1.7352862949918342
1881,engineered,15,neutral,4,2024-04-30,0.21796811097644953,0.1694873510415128,1.2983233268856955
1882,engineered,15,neutral,4,2024-05-31,0.309836249420145,0.16425380283625007,1.8097214205115533
1883,engineered,15,neutral,4,2024-06-30,0.3858072013784677,0.1602042007802775,2.0906126331029284
1884,engineered,15,neutral,4,2024-07-31,0.39438395441131324,0.16055920193736314,1.9427746471235288
1885,engineered,15,neutral,4,2024-08-31,0.37684035081027734,0.1613035562466746,1.680120945256499
1886,engineered,15,neutral,4,2024-09-30,0.4184621723905071,0.1697360513763324,1.6184452319388651
1887,engineered,15,neutral,4,2024-10-31,0.42816655467677456,0.1659494344222289,1.5711137664514652
1888,engineered,15,neutral,4,2024-11-30,0.5505772396508786,0.16572514529120622,1.9226384153390632
1889,engineered,15,neutral,4,2024-12-31,0.6208242889047446,0.16469656030667582,2.0148318435125034
1890,engineered,15,neutral,5,2023-07-31,0.03966671843327485,0.16386045651255302,2.7844972044884946
1891,engineered,15,neutral,5,2023-08-31,0.029749706561967404,0.2023513152924825,0.7027042259948313
1892,engineered,15,neutral,5,2023-09-30,-0.040191100995195406,0.19001993866418287,-1.0194014472208144
1893,engineered,15,neutral,5,2023-10-31,-0.03023852027181928,0.18178606813653528,-0.7000558766951349
1894,engineered,15,neutral,5,2023-11-30,0.07240138824271525,0.20595876643894234,0.6665148611617447
1895,engineered,15,neutral,5,2023-12-31,0.11873499455587022,0.19316637059608235,1.0293315402901613
1896,engineered,15,neutral,5,2024-01-31,0.13189750104519726,0.20285039893561319,0.9298485791576641
1897,engineered,15,neutral,5,2024-02-29,0.22871794439079718,0.19152252426459737,1.64797819078593
1898,engineered,15,neutral,5,2024-03-31,0.26374196660105964,0.18251354739497422,1.7165794445350981
1899,engineered,15,neutral,5,2024-04-30,0.2505549690730773,0.19822658350037434,1.3119495203279006
1900,engineered,15,neutral,5,2024-05-31,0.3896536933988053,0.1928608032908929,2.000976232097096
1901,engineered,15,neutral,5,2024-06-30,0.4894095117565527,0.18962817660382097,2.298598916436026
1902,engineered,15,neutral,5,2024-07-31,0.4919899264259331,0.19029960798306286,2.0922592928884414
1903,engineered,15,neutral,5,2024-08-31,0.46728879907329923,0.19234704872400676,1.78953541966095
1904,engineered,15,neutral,5,2024-09-30,0.5082426376458409,0.20036267799745136,1.6967188933631985
1905,engineered,15,neutral,5,2024-10-31,0.5204686424230411,0.19605991464952627,1.6463437377177892
1906,engineered,15,neutral,5,2024-11-30,0.6502603113607861,0.19507517200536637,1.9456161848382565
1907,engineered,15,neutral,5,2024-12-31,0.7321788234869995,0.19268833445532366,2.040976041745823
1908,engineered,15,neutral,6,2023-07-31,0.012042026488234159,0.07996385337440798,1.127916117175532
1909,engineered,15,neutral,6,2023-08-31,-0.0160836889445094,0.1554026643855623,-0.8481583461434118
1910,engineered,15,neutral,6,2023-09-30,-0.07391827845159926,0.14818196937869163,-2.070780864452622
1911,engineered,15,neutral,6,2023-10-31,-0.029991356013911008,0.14414559774865382,-0.8781846249727624
1912,engineered,15,neutral,6,2023-11-30,0.06964236443128602,0.16917958615412007,0.7690859024141166
1913,engineered,15,neutral,6,2023-12-31,0.11574380415303809,0.16147812831330313,1.1917940334536339
1914,engineered,15,neutral,6,2024-01-31,0.11038953377228822,0.16117806909349458,0.9283932875020544
1915,engineered,15,neutral,6,2024-02-29,0.21764117878326994,0.15416273645475487,1.9296254679857494
1916,engineered,15,neutral,6,2024-03-31,0.23721848155345393,0.14897106117116082,1.8555759884124206
1917,engineered,15,neutral,6,2024-04-30,0.18935687154628877,0.15814130771024484,1.1703278358911335
1918,engineered,15,neutral,6,2024-05-31,0.2865889228284937,0.15759571708839026,1.7228596835191035
1919,engineered,15,neutral,6,2024-06-30,0.35436084432773574,0.15479701188239053,1.9655071743698518
1920,engineered,15,neutral,6,2024-07-31,0.3923346568778934,0.15148515132241766,2.047160566644285
1921,engineered,15,neutral,6,2024-08-31,0.3864163839416035,0.15516814399444456,1.79671197176524
1922,engineered,15,neutral,6,2024-09-30,0.43391957225187583,0.16229902239792246,1.7622019524884873
1923,engineered,15,neutral,6,2024-10-31,0.43739942449574465,0.1607503991784208,1.660825377196189
1924,engineered,15,neutral,6,2024-11-30,0.6080854644830911,0.1608782214280598,2.199848027685896
1925,engineered,15,neutral,6,2024-12-31,0.6488017143858862,0.15930287846526411,2.180775011533625
1926,engineered,15,neutral,7,2023-07-31,0.014546022704423622,0.12583406359445212,0.9510676964952987
1927,engineered,15,neutral,7,2023-08-31,-0.0018744655275859667,0.2148556892767103,-0.2474169047835406
1928,engineered,15,neutral,7,2023-09-30,-0.06137268666880602,0.1992514010467108,-1.3358935078383647
1929,engineered,15,neutral,7,2023-10-31,-0.09775593628828882,0.19879521509178205,-1.5064107618724445
1930,engineered,15,neutral,7,2023-11-30,0.011117646680012028,0.21600684256801803,-0.07360660955512895
1931,engineered,15,neutral,7,2023-12-31,0.04589584804507174,0.2012735482984826,0.23793983314661074
1932,engineered,15,neutral,7,2024-01-31,-0.01099396621887938,0.1949013004275584,-0.3116952274753091
1933,engineered,15,neutral,7,2024-02-29,0.04647437895429696,0.18535234818393562,0.14806284275220716
1934,engineered,15,neutral,7,2024-03-31,0.017135164412361403,0.18648572243145392,-0.1074845046092446
1935,engineered,15,neutral,7,2024-04-30,0.007999061635552751,0.20104044662329562,-0.16373208109988163
1936,engineered,15,neutral,7,2024-05-31,0.059817526317210934,0.2007546429763283,0.11249501372967136
1937,engineered,15,neutral,7,2024-06-30,0.1468639730995811,0.19678985933199683,0.515908317753855
1938,engineered,15,neutral,7,2024-07-31,0.20195974523813143,0.21067346145441213,0.6661645406737249
1939,engineered,15,neutral,7,2024-08-31,0.19537460416068364,0.21105318846382903,0.577740359626394
1940,engineered,15,neutral,7,2024-09-30,0.2716679533823241,0.21117899387558278,0.7864763768098665
1941,engineered,15,neutral,7,2024-10-31,0.25208765379924025,0.2100141313905144,0.6636754690778122
1942,engineered,15,neutral,7,2024-11-30,0.4173436002668689,0.2165917595219017,1.0866594192331338
1943,engineered,15,neutral,7,2024-12-31,0.49539807137477365,0.2162187948266446,1.2065516492623007
1944,engineered,15,neutral,8,2023-07-31,0.016892135855131052,0.13499615222285458,1.0958055756686715
1945,engineered,15,neutral,8,2023-08-31,-0.007393788970991855,0.1741550684768118,-0.48433371187418084
1946,engineered,15,neutral,8,2023-09-30,-0.06125424459467543,0.16142639612722598,-1.646489064526052
1947,engineered,15,neutral,8,2023-10-31,-0.01371978127859208,0.15300970029328403,-0.5326492790299274
1948,engineered,15,neutral,8,2023-11-30,0.09249579794442497,0.17962510065021847,1.0588135155992286
1949,engineered,15,neutral,8,2023-12-31,0.15424964451897427,0.17228969608189995,1.60098511713534
1950,engineered,15,neutral,8,2024-01-31,0.18076910340818375,0.17424216293020675,1.6016418601655047
1951,engineered,15,neutral,8,2024-02-29,0.3276018056134544,0.16634832198984048,2.8922869251340937
1952,engineered,15,neutral,8,2024-03-31,0.37930796068669914,0.1607011021622702,2.965937187443578
1953,engineered,15,neutral,8,2024-04-30,0.31629937343823267,0.1736707285331949,1.9655944054516772
1954,engineered,15,neutral,8,2024-05-31,0.4414395949528589,0.1668864263758498,2.6584514440917295
1955,engineered,15,neutral,8,2024-06-30,0.492782163498769,0.1612288995310589,2.7238496940404695
1956,engineered,15,neutral,8,2024-07-31,0.48292683216331844,0.1571392701779443,2.4829634277224586
1957,engineered,15,neutral,8,2024-08-31,0.45439441451193385,0.16295451904428723,2.0485330276124443
1958,engineered,15,neutral,8,2024-09-30,0.5014597608503346,0.17587704666653128,1.9050742590281518
1959,engineered,15,neutral,8,2024-10-31,0.5268965224664577,0.1736700465164692,1.8832662487466
1960,engineered,15,neutral,8,2024-11-30,0.7427984966103072,0.17643621400966325,2.4661298281550277
1961,engineered,15,neutral,8,2024-12-31,0.7824939017922157,0.17662002597310636,2.381309728083056
1962,engineered,15,neutral,9,2023-07-31,0.017488415250641376,0.10375329143201299,1.495937236891631
1963,engineered,15,neutral,9,2023-08-31,-0.011972025503572126,0.17501516612867737,-0.6262317155919713
1964,engineered,15,neutral,9,2023-09-30,-0.06957270969516238,0.17262055875512614,-1.697070935426475
1965,engineered,15,neutral,9,2023-10-31,-0.08972026550191459,0.18022377981881474,-1.5546863600252046
1966,engineered,15,neutral,9,2023-11-30,0.02611551911154386,0.20689494844761908,0.09885747700389066
1967,engineered,15,neutral,9,2023-12-31,0.05514629295385998,0.19261228641703648,0.34545317202705855
1968,engineered,15,neutral,9,2024-01-31,0.019447615964385934,0.18460749447865393,-0.051681665406765866
1969,engineered,15,neutral,9,2024-02-29,0.08765472489640591,0.17716014109112282,0.5113156652933897
1970,engineered,15,neutral,9,2024-03-31,0.07804043290121498,0.17687111071261538,0.3405992581709116
1971,engineered,15,neutral,9,2024-04-30,0.05893812181816904,0.18458108182976937,0.14976855327922767
1972,engineered,15,neutral,9,2024-05-31,0.10559371318867528,0.184968520878472,0.39197998541058
1973,engineered,15,neutral,9,2024-06-30,0.17866663955878903,0.18001522793743177,0.7368238058680795
1974,engineered,15,neutral,9,2024-07-31,0.22355626356713354,0.18971965915962627,0.8418459705329266
1975,engineered,15,neutral,9,2024-08-31,0.21752616212607756,0.19102297048666977,0.7344748243403184
1976,engineered,15,neutral,9,2024-09-30,0.2739067877791612,0.1902344208220304,0.881876355001794
1977,engineered,15,neutral,9,2024-10-31,0.2668629793865356,0.1872131800171488,0.7997568713064027
1978,engineered,15,neutral,9,2024-11-30,0.4510484428820656,0.1910572704322525,1.343253685066594
1979,engineered,15,neutral,9,2024-12-31,0.5148766014441242,0.1890511376880594,1.438914015688536
1980,engineered,15,seeking,0,2023-07-31,0.02075019314059201,0.22956405969003318,0.852669362697172
1981,engineered,15,seeking,0,2023-08-31,-0.07946137408407361,0.3588378081940357,-1.1776619735846785
1982,engineered,15,seeking,0,2023-09-30,-0.1500899750575866,0.3388545691709177,-1.5363281261864252
1983,engineered,15,seeking,0,2023-10-31,-0.19093456526192643,0.29189912087364694,-1.71346098372044
1984,engineered,15,seeking,0,2023-11-30,0.02720476690371121,0.34656040191676807,0.06671780096326435
1985,engineered,15,seeking,0,2023-12-31,0.1306356312903929,0.32925940170926205,0.681488019608232
1986,engineered,15,seeking,0,2024-01-31,0.025751530941319878,0.314393879776069,0.003800278923032875
1987,engineered,15,seeking,0,2024-02-29,0.21229429186997129,0.3108269369989194,0.9289555462624217
1988,engineered,15,seeking,0,2024-03-31,0.23055431272697735,0.30143290308103204,0.8864323768852491
1989,engineered,15,seeking,0,2024-04-30,0.1475903304116608,0.3092870965174151,0.43422379964624225
1990,engineered,15,seeking,0,2024-05-31,0.1527796618152757,0.30508824191328704,0.40690513356753527
1991,engineered,15,seeking,0,2024-06-30,0.17776708975910238,0.29333113215152357,0.4491840127664613
1992,engineered,15,seeking,0,2024-07-31,0.2267100735687002,0.2906450252983474,0.559242663948187
1993,engineered,15,seeking,0,2024-08-31,0.20465832910891346,0.2912806845931648,0.44506171079615053
1994,engineered,15,seeking,0,2024-09-30,0.315332708960957,0.29863164467244135,0.6652427443109523
1995,engineered,15,seeking,0,2024-10-31,0.3327587054272596,0.2950520352733333,0.662547136403772
1996,engineered,15,seeking,0,2024-11-30,0.7822744147801932,0.3205629045284838,1.4304624048677748
1997,engineered,15,seeking,0,2024-12-31,0.7960414038791728,0.31999398761322395,1.3372011644664883
1998,engineered,15,seeking,1,2023-07-31,0.012863765216787115,0.2205392710717299,0.452495215602651
1999,engineered,15,seeking,1,2023-08-31,-0.061328793468025555,0.294736360474415,-1.1829191379481943
2000,engineered,15,seeking,1,2023-09-30,-0.107659745810184,0.3076744265607778,-1.3271475304524354
2001,engineered,15,seeking,1,2023-10-31,-0.1756546070131717,0.2907100817542007,-1.6168823238321957
2002,engineered,15,seeking,1,2023-11-30,-0.0914471932309957,0.30295360143831357,-0.8093638854753618
2003,engineered,15,seeking,1,2023-12-31,-0.004959306770527916,0.2912605572081706,-0.1782129118597055
2004,engineered,15,seeking,1,2024-01-31,-0.07966704827121118,0.27826871750236326,-0.6194529274051602
2005,engineered,15,seeking,1,2024-02-29,0.030821028021203567,0.285147621542558,0.013169098586910582
2006,engineered,15,seeking,1,2024-03-31,0.0164670026492848,0.28540094021606044,-0.07329088804307869
2007,engineered,15,seeking,1,2024-04-30,-0.04648320197475864,0.2959884835881109,-0.3279742912287046
2008,engineered,15,seeking,1,2024-05-31,0.03767730761274901,0.3037943103147223,-0.004926457790277663
2009,engineered,15,seeking,1,2024-06-30,0.027946584098900384,0.29313411047678867,-0.05105150654834142
2010,engineered,15,seeking,1,2024-07-31,0.07743433272916511,0.29266118751486364,0.09578085863158307
2011,engineered,15,seeking,1,2024-08-31,-0.05078554297489657,0.30613427196220566,-0.28038381427349685
2012,engineered,15,seeking,1,2024-09-30,0.061882515206217015,0.31790541696336583,0.01908301043695161
2013,engineered,15,seeking,1,2024-10-31,0.019362213082366964,0.3158121187146584,-0.0887528554333145
2014,engineered,15,seeking,1,2024-11-30,0.28415026582335123,0.33185142752647706,0.4512735280529038
2015,engineered,15,seeking,1,2024-12-31,0.3446947665848781,0.3354623258271641,0.5153114096919482
2016,engineered,15,seeking,2,2023-07-31,0.06656514078800169,0.2345348556077021,3.8897077528356965
2017,engineered,15,seeking,2,2023-08-31,-0.20583641189405466,0.43815345072689216,-1.7763580504974803
2018,engineered,15,seeking,2,2023-09-30,-0.27163484488846124,0.4406662974984367,-1.726771613363684
2019,engineered,15,seeking,2,2023-10-31,-0.2814510467379501,0.3964121563732693,-1.6586354145698938
2020,engineered,15,seeking,2,2023-11-30,-0.26792465258074294,0.4415180244118117,-1.2771895552117158
2021,engineered,15,seeking,2,2023-12-31,-0.21529329429952782,0.42219321587538167,-0.98403783184283
2022,engineered,15,seeking,2,2024-01-31,-0.3189073988530121,0.4103637293496062,-1.260607440660834
2023,engineered,15,seeking,2,2024-02-29,-0.24439962731740805,0.42421902417021745,-0.9026812849451695
2024,engineered,15,seeking,2,2024-03-31,-0.26266513360923427,0.4134706254046951,-0.8935480714362664
2025,engineered,15,seeking,2,2024-04-30,-0.3542571284900071,0.40542309010299094,-1.100071554116129
2026,engineered,15,seeking,2,2024-05-31,-0.23723232486963775,0.44795509558875063,-0.6621865907396337
2027,engineered,15,seeking,2,2024-06-30,-0.24575398336173382,0.43210289742592345,-0.6574977242295498
2028,engineered,15,seeking,2,2024-07-31,-0.17468118635140306,0.4227616386748899,-0.4802741788451333
2029,engineered,15,seeking,2,2024-08-31,-0.24510094437402352,0.4219869211287491,-0.6054759214771742
2030,engineered,15,seeking,2,2024-09-30,-0.1646658020365458,0.4218033434577034,-0.41380817364438255
2031,engineered,15,seeking,2,2024-10-31,-0.17730920143678974,0.4158439514419122,-0.4264665971929595
2032,engineered,15,seeking,2,2024-11-30,0.05835289162435853,0.4214319499351828,-0.004079721293488971
2033,engineered,15,seeking,2,2024-12-31,0.0536731361437397,0.4128394096628149,-0.01783843667570205
2034,engineered,15,seeking,3,2023-07-31,0.04425000445727956,0.20746062114513672,2.5374433791435176
2035,engineered,15,seeking,3,2023-08-31,-0.13079034248384092,0.32854209130933026,-1.8185311406828353
2036,engineered,15,seeking,3,2023-09-30,-0.21375528285116507,0.3197318667118362,-2.06494781800123
2037,engineered,15,seeking,3,2023-10-31,-0.24824472572659817,0.27697304915902504,-2.180167536926148
2038,engineered,15,seeking,3,2023-11-30,-0.03416880918080212,0.36166049716385135,-0.3353034754965214
2039,engineered,15,seeking,3,2023-12-31,0.0801271250142479,0.3513667322170979,0.3348505634334269
2040,engineered,15,seeking,3,2024-01-31,-0.06376766228366704,0.3352343961651615,-0.43854593646366263
2041,engineered,15,seeking,3,2024-02-29,0.11593106045260404,0.33574559060614695,0.4009594403558621
2042,engineered,15,seeking,3,2024-03-31,0.11250037048741435,0.3286025446626083,0.3234288302960933
2043,engineered,15,seeking,3,2024-04-30,-0.030273803507356867,0.3469987650883533,-0.2249457758285016
2044,engineered,15,seeking,3,2024-05-31,-0.003641668096150852,0.33994057668657374,-0.1362638384269743
2045,engineered,15,seeking,3,2024-06-30,-0.08446703186316318,0.33202030948503364,-0.377441967442883
2046,engineered,15,seeking,3,2024-07-31,-0.057826516140821904,0.32116671057779467,-0.2966302817721655
2047,engineered,15,seeking,3,2024-08-31,-0.10016208776346736,0.32520054188862224,-0.3948874260975891
2048,engineered,15,seeking,3,2024-09-30,-0.04134339004603227,0.33398369965485664,-0.2248490594087151
2049,engineered,15,seeking,3,2024-10-31,-0.009370990126399414,0.33272399804393415,-0.14831149628842308
2050,engineered,15,seeking,3,2024-11-30,0.2736900914176932,0.3478222812996828,0.41091036885344484
2051,engineered,15,seeking,3,2024-12-31,0.2571051340997812,0.34343295833857024,0.3498973401065635
2052,engineered,15,seeking,4,2023-07-31,0.014501889179256988,0.07481908469023467,1.5925227985527215
2053,engineered,15,seeking,4,2023-08-31,-0.027491675982964314,0.174358937962526,-1.0962464944622587
2054,engineered,15,seeking,4,2023-09-30,-0.07804126303397585,0.15706583174252114,-2.0364939434620855
2055,engineered,15,seeking,4,2023-10-31,-0.05247957294109551,0.14626868557340905,-1.2756486382905832
2056,engineered,15,seeking,4,2023-11-30,0.04624958086224651,0.16797152612713936,0.4191573296446683
2057,engineered,15,seeking,4,2023-12-31,0.0966361624102281,0.1608103015220405,0.9454879576544979
2058,engineered,15,seeking,4,2024-01-31,0.08859527181941251,0.15654032998029924,0.7068632876701799
2059,engineered,15,seeking,4,2024-02-29,0.1702090548349926,0.1505711129531131,1.4655621377305104
2060,engineered,15,seeking,4,2024-03-31,0.18874687856907202,0.14529132752156101,1.4430123150418614
2061,engineered,15,seeking,4,2024-04-30,0.13734876658617456,0.15324593939157552,0.7954499089326467
2062,engineered,15,seeking,4,2024-05-31,0.24343489873330904,0.1536837478638249,1.4565002633232194
2063,engineered,15,seeking,4,2024-06-30,0.29398446125796096,0.15236298192910666,1.6101702141811705
2064,engineered,15,seeking,4,2024-07-31,0.3419163795212363,0.1489342395320254,1.7817468423900067
2065,engineered,15,seeking,4,2024-08-31,0.3553563008297742,0.15026120258072706,1.6871888227578395
2066,engineered,15,seeking,4,2024-09-30,0.39426047342451476,0.15677644768193752,1.6390919532366146
2067,engineered,15,seeking,4,2024-10-31,0.3949287308334244,0.15562050941415453,1.5301876810363386
2068,engineered,15,seeking,4,2024-11-30,0.5410672044799043,0.1573855491218102,1.9872120452023225
2069,engineered,15,seeking,4,2024-12-31,0.5528196682918487,0.15427872503784532,1.9030925752689587
2070,engineered,15,seeking,5,2023-07-31,0.025774441244592827,0.2517767674371547,1.0350762244530227
2071,engineered,15,seeking,5,2023-08-31,-0.0302185753455273,0.315853734121172,-0.6485250051115602
2072,engineered,15,seeking,5,2023-09-30,-0.059306188315368935,0.2888427562876755,-0.8977911759000469
2073,engineered,15,seeking,5,2023-10-31,-0.10380544666382885,0.25887985463527363,-1.212015456466263
2074,engineered,15,seeking,5,2023-11-30,0.01636237187806522,0.2689677559875763,-0.0121577947792233
2075,engineered,15,seeking,5,2023-12-31,0.09702893829003023,0.25936250907538644,0.5893999480619324
2076,engineered,15,seeking,5,2024-01-31,-0.011975058901031788,0.24641000571960955,-0.2531661881754725
2077,engineered,15,seeking,5,2024-02-29,0.11475573270662354,0.2499531919881629,0.5312157719371482
2078,engineered,15,seeking,5,2024-03-31,0.13845871329769865,0.2435300753761758,0.5799834488347687
2079,engineered,15,seeking,5,2024-04-30,0.12262148646942927,0.26050148943264284,0.3996271612033958
2080,engineered,15,seeking,5,2024-05-31,0.15722648930026684,0.26022911934559145,0.4957845117985709
2081,engineered,15,seeking,5,2024-06-30,0.17701506643401155,0.2504329000937806,0.5231904060308853
2082,engineered,15,seeking,5,2024-07-31,0.23582408737615412,0.25247448798856637,0.6761288264109696
2083,engineered,15,seeking,5,2024-08-31,0.17041448443489005,0.25476975768679233,0.39713195349267855
2084,engineered,15,seeking,5,2024-09-30,0.28661405022357833,0.26613542651646543,0.6660663433810604
2085,engineered,15,seeking,5,2024-10-31,0.31208089376869874,0.2654953103645156,0.6824613660683387
2086,engineered,15,seeking,5,2024-11-30,0.5819315644770051,0.27996830954760665,1.2069615586185831
2087,engineered,15,seeking,5,2024-12-31,0.673993691041292,0.2796354477497424,1.2921987204173
2088,engineered,15,seeking,6,2023-07-31,0.01897977051406463,0.23449182306279379,0.7402820832967749
2089,engineered,15,seeking,6,2023-08-31,-0.014036149280058252,0.25626551576030865,-0.47139835623865045
2090,engineered,15,seeking,6,2023-09-30,-0.03879271649287608,0.2388248156979595,-0.7903279692897656
2091,engineered,15,seeking,6,2023-10-31,-0.0842394669432871,0.2211924449196994,-1.20645378414428
2092,engineered,15,seeking,6,2023-11-30,0.036285100477847276,0.23688167282842573,0.19215839591679315
2093,engineered,15,seeking,6,2023-12-31,0.12113241172018774,0.2284290518061609,0.8928813677812145
2094,engineered,15,seeking,6,2024-01-31,0.08061862959263921,0.22465014813038522,0.42962652096792836
2095,engineered,15,seeking,6,2024-02-29,0.21412562200587648,0.21612146587523684,1.3498567889531787
2096,engineered,15,seeking,6,2024-03-31,0.23548783551385832,0.20996808419647667,1.3051003812858997
2097,engineered,15,seeking,6,2024-04-30,0.21611468168320358,0.2315321735756805,0.9406007000401795
2098,engineered,15,seeking,6,2024-05-31,0.31169628720397324,0.23072869140584257,1.297257926206564
2099,engineered,15,seeking,6,2024-06-30,0.3397400744646162,0.22228164812732087,1.3046067452657497
2100,engineered,15,seeking,6,2024-07-31,0.3458206290129897,0.22581062356711484,1.190527371275377
2101,engineered,15,seeking,6,2024-08-31,0.2602894585550213,0.2294893729348445,0.7652712074035015
2102,engineered,15,seeking,6,2024-09-30,0.34928594306493155,0.24113200423008793,0.9282642319730006
2103,engineered,15,seeking,6,2024-10-31,0.330655445458784,0.23821029783871642,0.8145509024040242
2104,engineered,15,seeking,6,2024-11-30,0.5422358899335522,0.25215306808450305,1.2432152221775783
2105,engineered,15,seeking,6,2024-12-31,0.5989975662752656,0.25288327713131986,1.2639296604644352
2106,engineered,15,seeking,7,2023-07-31,-0.015772014676466384,0.08575324374167646,-2.2712659086931333
2107,engineered,15,seeking,7,2023-08-31,-0.07368695926203361,0.24680337212587802,-1.6198614336977448
2108,engineered,15,seeking,7,2023-09-30,-0.1250400183087348,0.2152448866063881,-2.1199233228767738
2109,engineered,15,seeking,7,2023-10-31,-0.12255243898053969,0.20377165417125737,-1.75163030282349
2110,engineered,15,seeking,7,2023-11-30,-0.02096882506959541,0.21352720568032335,-0.42726619747671607
2111,engineered,15,seeking,7,2023-12-31,0.023261265940859532,0.20776973373658902,0.013979819285075388
2112,engineered,15,seeking,7,2024-01-31,-0.061297179916359634,0.1972585682320713,-0.7251852939844076
2113,engineered,15,seeking,7,2024-02-29,0.016182768174816786,0.19901772505854326,-0.09164945508838354
2114,engineered,15,seeking,7,2024-03-31,0.017659186462738452,0.19602680417166496,-0.09875977375597789
2115,engineered,15,seeking,7,2024-04-30,0.0077378891957169404,0.2114453802050332,-0.15713688886617597
2116,engineered,15,seeking,7,2024-05-31,0.10571062593871727,0.21911361935713114,0.33147952333399366
2117,engineered,15,seeking,7,2024-06-30,0.13513967424483608,0.21142593648157168,0.42592235124966055
2118,engineered,15,seeking,7,2024-07-31,0.24709308130356744,0.21841823765582621,0.8277356409525116
2119,engineered,15,seeking,7,2024-08-31,0.2327988629153308,0.21660128678116944,0.7060744407147788
2120,engineered,15,seeking,7,2024-09-30,0.33726996981315893,0.21917784530363485,0.9806718713410194
2121,engineered,15,seeking,7,2024-10-31,0.3293422652126925,0.22189144306189074,0.87037102647905
2122,engineered,15,seeking,7,2024-11-30,0.5827883716355402,0.23484115129512714,1.4411285185807436
2123,engineered,15,seeking,7,2024-12-31,0.6507266680504686,0.23218392332105953,1.5008426356142144
2124,engineered,15,seeking,8,2023-07-31,-0.010381439980552076,0.11263792667495037,-1.2893193928108153
2125,engineered,15,seeking,8,2023-08-31,-0.055478559663548754,0.2378896233358397,-1.3590060021220496
2126,engineered,15,seeking,8,2023-09-30,-0.09673553484176556,0.20680988088766739,-1.821508564169266
2127,engineered,15,seeking,8,2023-10-31,-0.07751139310624455,0.19834998766126075,-1.261829785171841
2128,engineered,15,seeking,8,2023-11-30,0.03930228198825647,0.21262534384817455,0.24936051486482402
2129,engineered,15,seeking,8,2023-12-31,0.09102102091480768,0.207875369324111,0.6748922989527332
2130,engineered,15,seeking,8,2024-01-31,0.023415902686897416,0.19875590943620633,-0.014027421753752323
2131,engineered,15,seeking,8,2024-02-29,0.15675482991313272,0.2023410772977863,0.9842623155933239
2132,engineered,15,seeking,8,2024-03-31,0.14869731569557576,0.19994806753547548,0.775702568157566
2133,engineered,15,seeking,8,2024-04-30,0.11288440533165622,0.21571960760283718,0.428151770337429
2134,engineered,15,seeking,8,2024-05-31,0.20622842719742174,0.2197208393988092,0.8321765953032755
2135,engineered,15,seeking,8,2024-06-30,0.2631093678601404,0.2123680166056523,1.0132311850161926
2136,engineered,15,seeking,8,2024-07-31,0.34938749650577705,0.21373357015729233,1.2726295776043652
2137,engineered,15,seeking,8,2024-08-31,0.30330673194181323,0.21683371548945798,0.9729734570434757
2138,engineered,15,seeking,8,2024-09-30,0.4002203775882349,0.22192724247741408,1.1776159622442697
2139,engineered,15,seeking,8,2024-10-31,0.40479418465334804,0.22174449407812008,1.1041985933149854
2140,engineered,15,seeking,8,2024-11-30,0.7035729098142529,0.23340183374392023,1.7637727672884471
2141,engineered,15,seeking,8,2024-12-31,0.7946468710454966,0.23300861956917077,1.8331716954811879
2142,engineered,15,seeking,9,2023-07-31,0.00722927338604884,0.19733117523986787,0.1794666765813787
2143,engineered,15,seeking,9,2023-08-31,-0.10173845506281909,0.3291975641736747,-1.5321804474102256
2144,engineered,15,seeking,9,2023-09-30,-0.14511328594483475,0.33997715616121543,-1.4949906996951898
2145,engineered,15,seeking,9,2023-10-31,-0.2627963844862896,0.3237311523522342,-1.9396479347848052
2146,engineered,15,seeking,9,2023-11-30,-0.17481434959835984,0.3345969868556309,-1.217582238249181
2147,engineered,15,seeking,9,2023-12-31,-0.05617872153896375,0.32558709632185995,-0.4538113631254942
2148,engineered,15,seeking,9,2024-01-31,-0.20451790836697303,0.31477703164357934,-1.1472023142736147
2149,engineered,15,seeking,9,2024-02-29,-0.10550845258434938,0.31781453458433523,-0.6136917165187066
2150,engineered,15,seeking,9,2024-03-31,-0.11465543861936422,0.31332702716950467,-0.6025447271147694
2151,engineered,15,seeking,9,2024-04-30,-0.14465929183931292,0.32749430226415843,-0.6442698640422385
2152,engineered,15,seeking,9,2024-05-31,-0.010449956109979897,0.35426796192344107,-0.15156015549442764
2153,engineered,15,seeking,9,2024-06-30,-0.08690830876149924,0.3430073836205781,-0.3723466955878939
2154,engineered,15,seeking,9,2024-07-31,-0.025684799155598625,0.3356569136440004,-0.19613914159315238
2155,engineered,15,seeking,9,2024-08-31,-0.16404647900106162,0.34674573929176356,-0.5307316970046273
2156,engineered,15,seeking,9,2024-09-30,-0.06373437189267062,0.3463534119662255,-0.26834015131667244
2157,engineered,15,seeking,9,2024-10-31,-0.13952423898851518,0.3464156282898073,-0.4272355558486251
2158,engineered,15,seeking,9,2024-11-30,-0.011223676444400699,0.35301083271831585,-0.14242394977912018
2159,engineered,15,seeking,9,2024-12-31,-0.0031543498594890362,0.34930894918313177,-0.1272640407858353
2160,engineered,30,averse,0,2023-07-31,0.02079283904617024,0.09179466369426365,2.138254042569686
2161,engineered,30,averse,0,2023-08-31,0.0019433971645954617,0.11328951537073714,-0.27448517902818514
2162,engineered,30,averse,0,2023-09-30,-0.048226049554560335,0.11123040297719823,-1.9937893416767456
2163,engineered,30,averse,0,2023-10-31,-0.0718986907216772,0.10980372978487644,-2.1518508328178743
2164,engineered,30,averse,0,2023-11-30,0.00883206638681111,0.1405576240388729,-0.15207590457288445
2165,engineered,30,averse,0,2023-12-31,0.06566111874214253,0.13823330785149962,0.6360220153722126
2166,engineered,30,averse,0,2024-01-31,0.06178251863719586,0.13016571417529615,0.48716906810701094
2167,engineered,30,averse,0,2024-02-29,0.092154771003776,0.12272378709758062,0.7949235812842886
2168,engineered,30,averse,0,2024-03-31,0.11892254133791158,0.11847954035598406,0.9698480359348847
2169,engineered,30,averse,0,2024-04-30,0.06710489090174998,0.12002854602170633,0.3116252035872948
2170,engineered,30,averse,0,2024-05-31,0.10873668260594549,0.11689315848673673,0.6496346834710786
2171,engineered,30,averse,0,2024-06-30,0.13506129142828205,0.1129699595592272,0.7964445777610526
2172,engineered,30,averse,0,2024-07-31,0.16846535156071685,0.10993528358185657,1.002761617327902
2173,engineered,30,averse,0,2024-08-31,0.20132767954298414,0.10888547238279235,1.1652152257440143
2174,engineered,30,averse,0,2024-09-30,0.23034105143858863,0.11013987642793904,1.2260493880694958
2175,engineered,30,averse,0,2024-10-31,0.20534326086821753,0.10929633314776994,0.9739343321759681
2176,engineered,30,averse,0,2024-11-30,0.2583086924700235,0.11196832011212762,1.186470890254949
2177,engineered,30,averse,0,2024-12-31,0.21016955457236275,0.11152631007456741,0.8196317267595767
2178,engineered,30,averse,1,2023-07-31,0.022520773692088047,0.1007684060990687,2.1659619293144154
2179,engineered,30,averse,1,2023-08-31,-0.0007887145001715945,0.11662335309398296,-0.4023680073255236
2180,engineered,30,averse,1,2023-09-30,-0.04387057445145215,0.11097839097715963,-1.8620348760511924
2181,engineered,30,averse,1,2023-10-31,-0.06894456140821859,0.10801332349576463,-2.1186892490628777
2182,engineered,30,averse,1,2023-11-30,0.008571045731865956,0.13830534824851473,-0.15906628518465257
2183,engineered,30,averse,1,2023-12-31,0.06386583742316532,0.13540462016067617,0.6222460984643146
2184,engineered,30,averse,1,2024-01-31,0.056503486341578535,0.12723932834891216,0.4260167219958265
2185,engineered,30,averse,1,2024-02-29,0.08485980434624896,0.11992222220561308,0.7193164645664715
2186,engineered,30,averse,1,2024-03-31,0.11131893694992168,0.11541082968626322,0.9071419942137414
2187,engineered,30,averse,1,2024-04-30,0.06651102222426353,0.11630299917868013,0.31550152875213905
2188,engineered,30,averse,1,2024-05-31,0.10722008890252277,0.11327238605431197,0.6557712529395839
2189,engineered,30,averse,1,2024-06-30,0.1252884105167149,0.10891696884609144,0.7382498661594217
2190,engineered,30,averse,1,2024-07-31,0.15910857708042525,0.10651999947769965,0.9558364379332452
2191,engineered,30,averse,1,2024-08-31,0.18831058855255223,0.10593636735631268,1.0956207617938227
2192,engineered,30,averse,1,2024-09-30,0.2143442104435651,0.10664890689383563,1.1529308863578542
2193,engineered,30,averse,1,2024-10-31,0.18640384251769748,0.10553719175328784,0.8813064671280567
2194,engineered,30,averse,1,2024-11-30,0.22819856234292946,0.10723161189243802,1.0539309949418454
2195,engineered,30,averse,1,2024-12-31,0.1857782346768806,0.10682932098102758,0.7143780173364837
2196,engineered,30,averse,2,2023-07-31,0.018657972616714202,0.08924015362646691,1.9005160223795097
2197,engineered,30,averse,2,2023-08-31,-0.0012118756081083149,0.10011686768100034,-0.49301157521179984
2198,engineered,30,averse,2,2023-09-30,-0.037109831123272374,0.09327197256034493,-1.9593890200944912
2199,engineered,30,averse,2,2023-10-31,-0.058870076894295464,0.0904612869407571,-2.245774232709827
2200,engineered,30,averse,2,2023-11-30,0.006920536988680448,0.11555777326327712,-0.22449536800125644
2201,engineered,30,averse,2,2023-12-31,0.053842502228477196,0.11339258323873454,0.5635383753748914
2202,engineered,30,averse,2,2024-01-31,0.047917973415359416,0.10679639514190255,0.3679845001763369
2203,engineered,30,averse,2,2024-02-29,0.06860294985105231,0.10074710647030001,0.6077194859870548
2204,engineered,30,averse,2,2024-03-31,0.09061594457889055,0.0970228198082113,0.7935477784322692
2205,engineered,30,averse,2,2024-04-30,0.054482179668232655,0.0973477945434455,0.22933491545165308
2206,engineered,30,averse,2,2024-05-31,0.08818301100861903,0.09487289076204243,0.5638751114547149
2207,engineered,30,averse,2,2024-06-30,0.10195569585752207,0.09122959595495218,0.6309563344357924
2208,engineered,30,averse,2,2024-07-31,0.1300879791606897,0.0894451666397002,0.8457974262928836
2209,engineered,30,averse,2,2024-08-31,0.1539069933977799,0.08877895385131897,0.9846231223740406
2210,engineered,30,averse,2,2024-09-30,0.17567047304784578,0.08890827299634284,1.0529757211838553
2211,engineered,30,averse,2,2024-10-31,0.1500580800838176,0.08804410075097852,0.7617637303131012
2212,engineered,30,averse,2,2024-11-30,0.18114289013115425,0.08929603515803992,0.9152540275647807
2213,engineered,30,averse,2,2024-12-31,0.14777075069619738,0.08895581541610594,0.5911150466048212
2214,engineered,30,averse,3,2023-07-31,0.023988699169678274,0.10387357315764482,2.2836375398314024
2215,engineered,30,averse,3,2023-08-31,-0.003190445638181827,0.1181356235992936,-0.5135692298179071
2216,engineered,30,averse,3,2023-09-30,-0.04347608817912718,0.11127134072772664,-1.844729583284497
2217,engineered,30,averse,3,2023-10-31,-0.06930511173480147,0.10725296352504335,-2.1421920584516974
2218,engineered,30,averse,3,2023-11-30,0.005772941965103362,0.1356978391881734,-0.21133855308154822
2219,engineered,30,averse,3,2023-12-31,0.05890616246354696,0.13287386750416025,0.5581331901113272
2220,engineered,30,averse,3,2024-01-31,0.04669032814989782,0.1249764004559072,0.29745332981301764
2221,engineered,30,averse,3,2024-02-29,0.07337022013467398,0.11774793496309131,0.5821646415250239
2222,engineered,30,averse,3,2024-03-31,0.09779068179669603,0.11310499321934729,0.7654369230701983
2223,engineered,30,averse,3,2024-04-30,0.05943171941428371,0.11356654358254281,0.24861120051099797
2224,engineered,30,averse,3,2024-05-31,0.09693492711222174,0.11125170904438088,0.5667140175997115
2225,engineered,30,averse,3,2024-06-30,0.11386023017604385,0.10696215169949427,0.6471378055246987
2226,engineered,30,averse,3,2024-07-31,0.1463884104223725,0.10506115198543009,0.8600241476731096
2227,engineered,30,averse,3,2024-08-31,0.17403603285465286,0.10409899345070807,1.0009020489664446
2228,engineered,30,averse,3,2024-09-30,0.20554248741700487,0.10465720377493269,1.1112361313708106
2229,engineered,30,averse,3,2024-10-31,0.17503883823848776,0.1035673163615022,0.8199602268875102
2230,engineered,30,averse,3,2024-11-30,0.20633173806843041,0.1048725807067706,0.9394368639820292
2231,engineered,30,averse,3,2024-12-31,0.16773684307603598,0.10444818463289234,0.6231193335590929
2232,engineered,30,averse,4,2023-07-31,0.019533066653278475,0.09481247764898387,1.9034871547118357
2233,engineered,30,averse,4,2023-08-31,-0.0022120752215598616,0.10716910012859857,-0.5140529705273625
2234,engineered,30,averse,4,2023-09-30,-0.041962536447267995,0.10075969473266616,-1.9844695368118765
2235,engineered,30,averse,4,2023-10-31,-0.06556513736388381,0.09816951230966267,-2.2439445951900363
2236,engineered,30,averse,4,2023-11-30,0.005757025626010659,0.12649025350989612,-0.22702224628444284
2237,engineered,30,averse,4,2023-12-31,0.05753388120252656,0.12462040702811417,0.5727491477164522
2238,engineered,30,averse,4,2024-01-31,0.04894552094748783,0.11717836052369987,0.3505695357792616
2239,engineered,30,averse,4,2024-02-29,0.07081214580544803,0.11040640129286367,0.5852687683368687
2240,engineered,30,averse,4,2024-03-31,0.09401102876173928,0.10639322082123782,0.7662549130506835
2241,engineered,30,averse,4,2024-04-30,0.05320977973463603,0.10668831324863136,0.19502693777823452
2242,engineered,30,averse,4,2024-05-31,0.08939303623643613,0.1041400933991017,0.5263740997119
2243,engineered,30,averse,4,2024-06-30,0.10491703909694916,0.10013874224556772,0.6037819933944831
2244,engineered,30,averse,4,2024-07-31,0.13692327477455968,0.09794746681413043,0.8353460539830124
2245,engineered,30,averse,4,2024-08-31,0.16386180598728695,0.09698879414022119,0.9868898358518824
2246,engineered,30,averse,4,2024-09-30,0.18754222319754055,0.09683685197464874,1.0599937914485944
2247,engineered,30,averse,4,2024-10-31,0.15957223891629813,0.0959313799660115,0.7701302215288455
2248,engineered,30,averse,4,2024-11-30,0.19317727466184764,0.09721263444593087,0.9233845660495935
2249,engineered,30,averse,4,2024-12-31,0.15498796589083197,0.09690260086639842,0.5893573111349536
2250,engineered,30,averse,5,2023-07-31,0.018868713309566187,0.09454050803660798,1.8215739278377403
2251,engineered,30,averse,5,2023-08-31,-0.0030081296466484275,0.1057656329393431,-0.5638215870978929
2252,engineered,30,averse,5,2023-09-30,-0.04274592884922401,0.10004492302355017,-2.026155596289244
2253,engineered,30,averse,5,2023-10-31,-0.06620240794956711,0.09689320724773634,-2.290207688628167
2254,engineered,30,averse,5,2023-11-30,0.005209172658058758,0.12572920107661503,-0.23877284011417352
2255,engineered,30,averse,5,2023-12-31,0.056822674995090194,0.12382137219366311,0.5647985746326011
2256,engineered,30,averse,5,2024-01-31,0.04827345825814944,0.11633333882928985,0.3431088283198931
2257,engineered,30,averse,5,2024-02-29,0.06937208754303237,0.10961534007882086,0.5693211594132942
2258,engineered,30,averse,5,2024-03-31,0.09288621710490741,0.10559444155792803,0.757827325964553
2259,engineered,30,averse,5,2024-04-30,0.05245885864663191,0.10600033114238128,0.1878418314037976
2260,engineered,30,averse,5,2024-05-31,0.08847555362813964,0.10338181775788381,0.5205521390805656
2261,engineered,30,averse,5,2024-06-30,0.10278336956498246,0.09944487748157559,0.5869830425925289
2262,engineered,30,averse,5,2024-07-31,0.1360004599899025,0.09736716197217427,0.8317748607054241
2263,engineered,30,averse,5,2024-08-31,0.16308937989235583,0.09660138459253151,0.9841819608717635
2264,engineered,30,averse,5,2024-09-30,0.18802789597070158,0.09636518872184215,1.0690104807881646
2265,engineered,30,averse,5,2024-10-31,0.15993550767371634,0.09553184902730916,0.7760701960556392
2266,engineered,30,averse,5,2024-11-30,0.19398334276036788,0.0968749273180735,0.9321508277609156
2267,engineered,30,averse,5,2024-12-31,0.15512794216938364,0.09655627553459348,0.5923795529062328
2268,engineered,30,averse,6,2023-07-31,0.03131067676120747,0.11218188547059718,2.9918235921456815
2269,engineered,30,averse,6,2023-08-31,0.0033166378636666494,0.12673164754406438,-0.18197353728223853
2270,engineered,30,averse,6,2023-09-30,-0.040080885999533966,0.12214270508480618,-1.5827119710469273
2271,engineered,30,averse,6,2023-10-31,-0.07255675424332542,0.11407496342230292,-2.0857451779116167
2272,engineered,30,averse,6,2023-11-30,0.0035591654894209235,0.14547551836744,-0.233331837879088
2273,engineered,30,averse,6,2023-12-31,0.06702341052595995,0.14236739710721655,0.637111319610375
2274,engineered,30,averse,6,2024-01-31,0.06114272846679136,0.13447333552525237,0.463253631784492
2275,engineered,30,averse,6,2024-02-29,0.09847163419773608,0.126547580249186,0.8484192139528217
2276,engineered,30,averse,6,2024-03-31,0.13044372767335077,0.12213996638824261,1.067808200077618
2277,engineered,30,averse,6,2024-04-30,0.08252666613881998,0.12362976185933162,0.4519161989210212
2278,engineered,30,averse,6,2024-05-31,0.12784720251418014,0.11950901010096417,0.8102709820322211
2279,engineered,30,averse,6,2024-06-30,0.13734895438841122,0.11478484374245011,0.8033587627521724
2280,engineered,30,averse,6,2024-07-31,0.1813462808641373,0.1121416568519097,1.0863485777794335
2281,engineered,30,averse,6,2024-08-31,0.19782333692988696,0.11578156170697541,1.0706958442539334
2282,engineered,30,averse,6,2024-09-30,0.21602347918369347,0.11888669466648445,1.0449301945734335
2283,engineered,30,averse,6,2024-10-31,0.19078759733171524,0.11751137441754239,0.8180110526182031
2284,engineered,30,averse,6,2024-11-30,0.2520670383545267,0.12141722020705642,1.0603743162718093
2285,engineered,30,averse,6,2024-12-31,0.20272378464780294,0.12090548551754711,0.7180318052572964
2286,engineered,30,averse,7,2023-07-31,0.013097121524515698,0.06423463187226158,1.5962209408980752
2287,engineered,30,averse,7,2023-08-31,0.004356267223230237,0.06822536497364469,-0.2483555955775896
2288,engineered,30,averse,7,2023-09-30,-0.025440473258790397,0.06296886036157769,-2.2284204609048675
2289,engineered,30,averse,7,2023-10-31,-0.03411308141390845,0.05907428265061771,-2.332369438673581
2290,engineered,30,averse,7,2023-11-30,0.011942313616237321,0.07228508382875817,-0.19256542042934707
2291,engineered,30,averse,7,2023-12-31,0.035482962820541086,0.07109518919166356,0.38092758129172766
2292,engineered,30,averse,7,2024-01-31,0.04797292954011945,0.06847713186657481,0.5752953267557636
2293,engineered,30,averse,7,2024-02-29,0.05961644532667987,0.06571230649680883,0.7223229006496118
2294,engineered,30,averse,7,2024-03-31,0.07587752850475926,0.06324401769631215,0.9070763408622909
2295,engineered,30,averse,7,2024-04-30,0.05400634405014615,0.06363470041452883,0.3419120360771432
2296,engineered,30,averse,7,2024-05-31,0.0777733191120078,0.06204190562415409,0.6792850103525624
2297,engineered,30,averse,7,2024-06-30,0.0933576774923699,0.060727390715361346,0.8092051466183886
2298,engineered,30,averse,7,2024-07-31,0.10562220655649868,0.05909309726845703,0.9061949125618249
2299,engineered,30,averse,7,2024-08-31,0.12781642895755319,0.05839801011700115,1.1233407134521878
2300,engineered,30,averse,7,2024-09-30,0.1424918539547626,0.05740261444868552,1.1895488041650835
2301,engineered,30,averse,7,2024-10-31,0.12348036985261102,0.05753340703260295,0.8336968057774963
2302,engineered,30,averse,7,2024-11-30,0.15757169579011032,0.05926486716138924,1.1122558434613836
2303,engineered,30,averse,7,2024-12-31,0.1342632851918406,0.05903552508373338,0.7467380023246889
2304,engineered,30,averse,8,2023-07-31,0.015241563396648283,0.07866081476928094,1.6270973280362404
2305,engineered,30,averse,8,2023-08-31,0.00017977338809527232,0.08894415801882946,-0.4647627311896958
2306,engineered,30,averse,8,2023-09-30,-0.03923919001833476,0.08671411914832294,-2.1949694261608372
2307,engineered,30,averse,8,2023-10-31,-0.05610485277135446,0.08670132451906294,-2.2607777943465925
2308,engineered,30,averse,8,2023-11-30,0.009014742003704335,0.11120650477943116,-0.18828382942780877
2309,engineered,30,averse,8,2023-12-31,0.05365799647355618,0.1098178904175121,0.5784856818828331
2310,engineered,30,averse,8,2024-01-31,0.052818665044672475,0.1028475213480182,0.4647480964296351
2311,engineered,30,averse,8,2024-02-29,0.07606320488999763,0.09731902844356224,0.7469474610102892
2312,engineered,30,averse,8,2024-03-31,0.09800272095265039,0.09379749017913519,0.9260186107116014
2313,engineered,30,averse,8,2024-04-30,0.05601909665562066,0.09498777186748823,0.25434275790283245
2314,engineered,30,averse,8,2024-05-31,0.08991301421065967,0.09288738194477152,0.5962489319817061
2315,engineered,30,averse,8,2024-06-30,0.11041706336814072,0.08985644209191289,0.7328113259530362
2316,engineered,30,averse,8,2024-07-31,0.1424669912823009,0.0872771338264952,0.9947597229979585
2317,engineered,30,averse,8,2024-08-31,0.1712225417458737,0.08639429040881323,1.1788997194683988
2318,engineered,30,averse,8,2024-09-30,0.19161011913604198,0.08679435130065857,1.2182313260143651
2319,engineered,30,averse,8,2024-10-31,0.17051790793697186,0.08645298128918429,0.9449937526868454
2320,engineered,30,averse,8,2024-11-30,0.21386494472336093,0.08894464989770266,1.163903664627242
2321,engineered,30,averse,8,2024-12-31,0.1825604902818021,0.08838602366089426,0.8408275851452287
2322,engineered,30,averse,9,2023-07-31,0.018615307804997983,0.0878442975741676,1.9247068741424231
2323,engineered,30,averse,9,2023-08-31,-3.8479416313963455e-05,0.10364995763354165,-0.41099265952340974
2324,engineered,30,averse,9,2023-09-30,-0.04828974348025494,0.10285152950920393,-2.1583503446295724
2325,engineered,30,averse,9,2023-10-31,-0.07176314761834846,0.10249438914073515,-2.3019904601540784
2326,engineered,30,averse,9,2023-11-30,0.004427757589575032,0.13313013336342674,-0.2394637875993828
2327,engineered,30,averse,9,2023-12-31,0.058648247271291254,0.13174398113988617,0.5589448075378379
2328,engineered,30,averse,9,2024-01-31,0.05346425725843784,0.1233576757937343,0.3965685652886434
2329,engineered,30,averse,9,2024-02-29,0.0801800670491768,0.11639236531321344,0.6790504046990276
2330,engineered,30,averse,9,2024-03-31,0.10842745326968428,0.11217632476787766,0.8987250082038817
2331,engineered,30,averse,9,2024-04-30,0.05866946621077673,0.11281824566018957,0.24219153212572203
2332,engineered,30,averse,9,2024-05-31,0.09641140478595522,0.1102717316131837,0.5665674661125019
2333,engineered,30,averse,9,2024-06-30,0.11626447683345376,0.10632349647775331,0.6731653462983652
2334,engineered,30,averse,9,2024-07-31,0.15435711299138277,0.10335266790938522,0.9437205582512833
2335,engineered,30,averse,9,2024-08-31,0.18841990600519964,0.10211756863496915,1.137482324059965
2336,engineered,30,averse,9,2024-09-30,0.21489773701001158,0.10220573377157663,1.2071466567963016
2337,engineered,30,averse,9,2024-10-31,0.18923334131720426,0.10178693844968974,0.9335335610977059
2338,engineered,30,averse,9,2024-11-30,0.2393875238193568,0.10413528398109026,1.1561995785304218
2339,engineered,30,averse,9,2024-12-31,0.18729986707814517,0.10409902357166624,0.7421897516314695
2340,engineered,30,neutral,0,2023-07-31,0.02441375632416798,0.10690072580972436,2.2707460451444548
2341,engineered,30,neutral,0,2023-08-31,-0.0008374255633079031,0.12389269677303756,-0.38102210614920107
2342,engineered,30,neutral,0,2023-09-30,-0.044538944969234384,0.1172572168953883,-1.7822358570908587
2343,engineered,30,neutral,0,2023-10-31,-0.07057246079720458,0.11271431164837219,-2.0667213931049426
2344,engineered,30,neutral,0,2023-11-30,0.009930220168830939,0.14267148428124335,-0.1313964771686434
2345,engineered,30,neutral,0,2023-12-31,0.06555418990620532,0.1389813981081651,0.6310269626674666
2346,engineered,30,neutral,0,2024-01-31,0.0581641137209965,0.13056219080681444,0.43733076507373386
2347,engineered,30,neutral,0,2024-02-29,0.0891069609054802,0.12296639972522096,0.7549458130386008
2348,engineered,30,neutral,0,2024-03-31,0.11556528289221135,0.11824690098867614,0.9335983713274717
2349,engineered,30,neutral,0,2024-04-30,0.07078846669602479,0.1198440386305975,0.3488728462703437
2350,engineered,30,neutral,0,2024-05-31,0.11355225748562181,0.11669659827468441,0.6958278381031723
2351,engineered,30,neutral,0,2024-06-30,0.1322103763491831,0.11219893118328231,0.7770466120983175
2352,engineered,30,neutral,0,2024-07-31,0.16510872453834913,0.11010019156220864,0.9738207589277977
2353,engineered,30,neutral,0,2024-08-31,0.19493279151077125,0.1100097851308803,1.1050571083045906
2354,engineered,30,neutral,0,2024-09-30,0.2229302118122971,0.11133395910090749,1.1626792395905454
2355,engineered,30,neutral,0,2024-10-31,0.19247636066132845,0.11014372471290744,0.8836164913454329
2356,engineered,30,neutral,0,2024-11-30,0.2327736795393469,0.11180018580392707,1.0379000171711796
2357,engineered,30,neutral,0,2024-12-31,0.19263733498565183,0.11134712379195938,0.72360867769316
2358,engineered,30,neutral,1,2023-07-31,0.02178439291623091,0.0800835637130404,2.607908976436246
2359,engineered,30,neutral,1,2023-08-31,-0.012201611505388454,0.15469571325148027,-0.7165788182693458
2360,engineered,30,neutral,1,2023-09-30,-0.06013042377777089,0.1422913891495458,-1.8417230281559496
2361,engineered,30,neutral,1,2023-10-31,-0.04780282316887585,0.13253148740111748,-1.315369332526507
2362,engineered,30,neutral,1,2023-11-30,0.045318650795290294,0.1545987173712524,0.4402857187847878
2363,engineered,30,neutral,1,2023-12-31,0.09300092402360916,0.14597420451562074,0.9894242833484876
2364,engineered,30,neutral,1,2024-01-31,0.09698534776723955,0.14215969112594629,0.8835007722488758
2365,engineered,30,neutral,1,2024-02-29,0.17733207370730386,0.1347703051874686,1.7222677634669679
2366,engineered,30,neutral,1,2024-03-31,0.20098893216864333,0.12951326002647331,1.748430640341596
2367,engineered,30,neutral,1,2024-04-30,0.15013702390007255,0.13633187279081768,1.007735389859677
2368,engineered,30,neutral,1,2024-05-31,0.24656411138014667,0.13483009979845426,1.6857724935103946
2369,engineered,30,neutral,1,2024-06-30,0.2950946577105842,0.13299534274414238,1.852803916600866
2370,engineered,30,neutral,1,2024-07-31,0.3328370399957199,0.13058893499901603,1.9702186426962855
2371,engineered,30,neutral,1,2024-08-31,0.3578140559394254,0.1324978315061451,1.9284992936912273
2372,engineered,30,neutral,1,2024-09-30,0.3922782149597668,0.13996364849098905,1.8255835256728996
2373,engineered,30,neutral,1,2024-10-31,0.38961351926939347,0.1387900883625008,1.6896181151203993
2374,engineered,30,neutral,1,2024-11-30,0.5139185350926689,0.14084163969928867,2.1012142761325596
2375,engineered,30,neutral,1,2024-12-31,0.5115159039677286,0.13844802636288456,1.9509721059166678
2376,engineered,30,neutral,2,2023-07-31,-0.013870329792062042,0.1323527491486869,-1.34172260315981
2377,engineered,30,neutral,2,2023-08-31,-0.08002864936788179,0.19987957470390688,-2.1252454514387935
2378,engineered,30,neutral,2,2023-09-30,-0.13441344936058075,0.17607774277185897,-2.731840871191986
2379,engineered,30,neutral,2,2023-10-31,-0.14673074231836736,0.15699276284237698,-2.6121484456131223
2380,engineered,30,neutral,2,2023-11-30,-0.035879972200496546,0.19206041535739152,-0.6514546868997039
2381,engineered,30,neutral,2,2023-12-31,0.06206117873952821,0.19453563461092382,0.414202734089707
2382,engineered,30,neutral,2,2024-01-31,0.060113662209108965,0.18748297605663278,0.3226899145120505
2383,engineered,30,neutral,2,2024-02-29,0.14362700701801012,0.17877177421992066,0.9972538693718337
2384,engineered,30,neutral,2,2024-03-31,0.17286303829344396,0.17296714761962875,1.0866374653928788
2385,engineered,30,neutral,2,2024-04-30,0.09316297798583006,0.17787268058732977,0.385862439584923
2386,engineered,30,neutral,2,2024-05-31,0.24434565076349024,0.18179006317437357,1.2368397461109868
2387,engineered,30,neutral,2,2024-06-30,0.25881425625767096,0.17590120687189995,1.1994358955896762
2388,engineered,30,neutral,2,2024-07-31,0.35810461492433676,0.17475195345381433,1.6008268778994401
2389,engineered,30,neutral,2,2024-08-31,0.31834794480163775,0.1786374869652335,1.2499814385246186
2390,engineered,30,neutral,2,2024-09-30,0.33377087648000137,0.1856381399948377,1.1438855758274196
2391,engineered,30,neutral,2,2024-10-31,0.35563553661131975,0.1836577505824316,1.150158272907924
2392,engineered,30,neutral,2,2024-11-30,0.5556498593636128,0.19065591721888508,1.6876306033022574
2393,engineered,30,neutral,2,2024-12-31,0.5404081392464724,0.18783632820938892,1.5256274206815732
2394,engineered,30,neutral,3,2023-07-31,0.010548837555672375,0.11592526968330355,0.6291462401990249
2395,engineered,30,neutral,3,2023-08-31,-0.002320389863247785,0.16016537313140455,-0.34782590008592223
2396,engineered,30,neutral,3,2023-09-30,-0.05137912813070489,0.1629666536052998,-1.4272260128670502
2397,engineered,30,neutral,3,2023-10-31,-0.09087700942914079,0.16018539320494998,-1.7666163554858303
2398,engineered,30,neutral,3,2023-11-30,0.005551338380923143,0.18626277036464947,-0.1568001142652255
2399,engineered,30,neutral,3,2023-12-31,0.05988124920441584,0.1783283643732339,0.4269781432424085
2400,engineered,30,neutral,3,2024-01-31,0.013552367589102499,0.16832975421134544,-0.11608086004642056
2401,engineered,30,neutral,3,2024-02-29,0.06392994817488162,0.16057273205260045,0.3366914018221576
2402,engineered,30,neutral,3,2024-03-31,0.06286655172265188,0.15877032250004197,0.2526235178825481
2403,engineered,30,neutral,3,2024-04-30,0.03204169007808533,0.16500587222279953,-0.026667302384744403
2404,engineered,30,neutral,3,2024-05-31,0.057345668927472504,0.1611311400913249,0.12346040959296554
2405,engineered,30,neutral,3,2024-06-30,0.1060609141785942,0.15598265283517065,0.39480121157866616
2406,engineered,30,neutral,3,2024-07-31,0.16078587533919553,0.15824024594842648,0.65296964464501
2407,engineered,30,neutral,3,2024-08-31,0.16377923813088247,0.15723555025833022,0.6083129878200305
2408,engineered,30,neutral,3,2024-09-30,0.2282197601879128,0.15782076154548766,0.8454984687851627
2409,engineered,30,neutral,3,2024-10-31,0.20740694024056605,0.15704734921548544,0.6871065689287326
2410,engineered,30,neutral,3,2024-11-30,0.3328382303589086,0.1646958311862033,1.1010673757020288
2411,engineered,30,neutral,3,2024-12-31,0.3377951108263719,0.16322471375076278,1.0339096933331169
2412,engineered,30,neutral,4,2023-07-31,0.02560220226228549,0.10881748500052303,2.3740170866378523
2413,engineered,30,neutral,4,2023-08-31,-0.00039971311485009764,0.12386271518019946,-0.3607567946123558
2414,engineered,30,neutral,4,2023-09-30,-0.0417265103266764,0.11637019535662588,-1.7111260003486315
2415,engineered,30,neutral,4,2023-10-31,-0.06819914102893965,0.11138731953738512,-2.0376074396473034
2416,engineered,30,neutral,4,2023-11-30,0.010042528485865398,0.13967495749597064,-0.13228894616291695
2417,engineered,30,neutral,4,2023-12-31,0.06385788053062513,0.13542396733037138,0.6220373677437685
2418,engineered,30,neutral,4,2024-01-31,0.05714552475489554,0.12732571177919355,0.43450874552485136
2419,engineered,30,neutral,4,2024-02-29,0.08890727822829891,0.12009169044123366,0.7704425861540388
2420,engineered,30,neutral,4,2024-03-31,0.11682258660427602,0.11529965423657816,0.972114007713654
2421,engineered,30,neutral,4,2024-04-30,0.07523526875470332,0.11658994227914479,0.40426651333638547
2422,engineered,30,neutral,4,2024-05-31,0.11718195200023329,0.11355251574879532,0.7500393159317951
2423,engineered,30,neutral,4,2024-06-30,0.1326225304414379,0.10906527481608558,0.8030716415145244
2424,engineered,30,neutral,4,2024-07-31,0.16448468868616817,0.10726840950844403,0.9942920184275715
2425,engineered,30,neutral,4,2024-08-31,0.1929087839545789,0.10750802141058748,1.1151376877860315
2426,engineered,30,neutral,4,2024-09-30,0.2192659694017245,0.10913613985117976,1.1607380812776715
2427,engineered,30,neutral,4,2024-10-31,0.18824438013573652,0.10797097271186686,0.8735571236562156
2428,engineered,30,neutral,4,2024-11-30,0.22650691990998162,0.10944242586672437,1.0224210066926043
2429,engineered,30,neutral,4,2024-12-31,0.1878764443864802,0.1090151956223669,0.7120024836795232
2430,engineered,30,neutral,5,2023-07-31,0.024965588093270208,0.10982987720066484,2.2759040582581864
2431,engineered,30,neutral,5,2023-08-31,-0.006678140142574729,0.12495749888198568,-0.6430304166540819
2432,engineered,30,neutral,5,2023-09-30,-0.0503816884319509,0.11976754341893942,-1.9135320131236433
2433,engineered,30,neutral,5,2023-10-31,-0.07662206503060731,0.11441013788697371,-2.16830347970759
2434,engineered,30,neutral,5,2023-11-30,0.002551786203747408,0.14620265066577484,-0.24852541777982917
2435,engineered,30,neutral,5,2023-12-31,0.05773184655404995,0.14313879702883717,0.5014559523195794
2436,engineered,30,neutral,5,2024-01-31,0.04029723265398322,0.1343025598985926,0.19461251673292954
2437,engineered,30,neutral,5,2024-02-29,0.06907312751311534,0.12650486107941625,0.4896846308826595
2438,engineered,30,neutral,5,2024-03-31,0.09546005310225225,0.12130294034386682,0.688028755941262
2439,engineered,30,neutral,5,2024-04-30,0.05393865153664179,0.12201352677183488,0.17765818302911368
2440,engineered,30,neutral,5,2024-05-31,0.09157807005552798,0.11990049909045675,0.47706988183503696
2441,engineered,30,neutral,5,2024-06-30,0.11133090631147224,0.11535561531369586,0.5785816486551582
2442,engineered,30,neutral,5,2024-07-31,0.1456788916820535,0.11335121415713628,0.7914828384205054
2443,engineered,30,neutral,5,2024-08-31,0.1750551051730318,0.112341550385269,0.9350167884212673
2444,engineered,30,neutral,5,2024-09-30,0.20897392531440606,0.11311046674625284,1.0511541506378828
2445,engineered,30,neutral,5,2024-10-31,0.17835590659171463,0.1118413936885892,0.780428551037762
2446,engineered,30,neutral,5,2024-11-30,0.20935162778229288,0.11298836125709638,0.8897146603039154
2447,engineered,30,neutral,5,2024-12-31,0.16581074410013552,0.11236494751962364,0.5685133596326164
2448,engineered,30,neutral,6,2023-07-31,0.010808519911817749,0.06979018667766188,1.0878065762691256
2449,engineered,30,neutral,6,2023-08-31,-0.026665394242341045,0.14814127093193477,-1.2619922621890112
2450,engineered,30,neutral,6,2023-09-30,-0.07047659015964824,0.13160631518124496,-2.248047690379968
2451,engineered,30,neutral,6,2023-10-31,-0.04474053407706369,0.12246800114338978,-1.3574037065175708
2452,engineered,30,neutral,6,2023-11-30,0.04515338257155155,0.1435719796069068,0.47121089253980386
2453,engineered,30,neutral,6,2023-12-31,0.0940910555933363,0.1383394944728891,1.0605155002035551
2454,engineered,30,neutral,6,2024-01-31,0.09187393090606943,0.13215584355249158,0.8814121621632478
2455,engineered,30,neutral,6,2024-02-29,0.1736084350045215,0.12822530070013985,1.7635081213766337
2456,engineered,30,neutral,6,2024-03-31,0.2032091699955867,0.12410572643926851,1.8491904833197943
2457,engineered,30,neutral,6,2024-04-30,0.1508494779334153,0.13074855971957516,1.0573744136639023
2458,engineered,30,neutral,6,2024-05-31,0.24402535173840234,0.13038765953984102,1.7217258928324595
2459,engineered,30,neutral,6,2024-06-30,0.28013754642937205,0.1286502680301179,1.8018556824237093
2460,engineered,30,neutral,6,2024-07-31,0.3267077018088014,0.1249845422509793,2.014930286919659
2461,engineered,30,neutral,6,2024-08-31,0.34145471452558596,0.1264886084759638,1.9146370092704872
2462,engineered,30,neutral,6,2024-09-30,0.3793859968491431,0.1326633806305658,1.854596885242791
2463,engineered,30,neutral,6,2024-10-31,0.3799074968966192,0.13233310874197296,1.7219502385471532
2464,engineered,30,neutral,6,2024-11-30,0.5163904588648762,0.13465892254617792,2.2090896876485506
2465,engineered,30,neutral,6,2024-12-31,0.5136973649540477,0.1320147705318833,2.0554878363528144
2466,engineered,30,neutral,7,2023-07-31,0.0322293956425892,0.15324183744748127,2.2738481015455605
2467,engineered,30,neutral,7,2023-08-31,0.01969963862869184,0.1858788493116987,0.4138942017762106
2468,engineered,30,neutral,7,2023-09-30,-0.04533490486878444,0.17846840607817277,-1.1865049060312378
2469,engineered,30,neutral,7,2023-10-31,-0.024755125479874907,0.16939241902357555,-0.6625570485795813
2470,engineered,30,neutral,7,2023-11-30,0.07354082132561413,0.19179372212717075,0.7311984716926055
2471,engineered,30,neutral,7,2023-12-31,0.11781126246103057,0.18087660649959075,1.0883618114220486
2472,engineered,30,neutral,7,2024-01-31,0.1087505775300266,0.1926138228249785,0.7615590643729381
2473,engineered,30,neutral,7,2024-02-29,0.18786437912515463,0.17950810731257535,1.3876063803685632
2474,engineered,30,neutral,7,2024-03-31,0.2069941895772902,0.17199031539932821,1.364605345501171
2475,engineered,30,neutral,7,2024-04-30,0.19521654156747825,0.18291534315965446,1.0509083349818917
2476,engineered,30,neutral,7,2024-05-31,0.29680011219464886,0.1783167549058956,1.5860310587162563
2477,engineered,30,neutral,7,2024-06-30,0.38490237612096645,0.17389843292746748,1.9209064184915123
2478,engineered,30,neutral,7,2024-07-31,0.3883188936885056,0.17505791955958563,1.7511650440946005
2479,engineered,30,neutral,7,2024-08-31,0.3552530994142482,0.1757841716536244,1.4417390551398006
2480,engineered,30,neutral,7,2024-09-30,0.39588677727651467,0.18232736177857642,1.4159420130982174
2481,engineered,30,neutral,7,2024-10-31,0.39409591570462443,0.17863117345827093,1.3298945707631518
2482,engineered,30,neutral,7,2024-11-30,0.5232566145582525,0.17939316195551766,1.681970038683071
2483,engineered,30,neutral,7,2024-12-31,0.6116212599795061,0.17933955630353632,1.821655430652334
2484,engineered,30,neutral,8,2023-07-31,0.009577571730846834,0.0637009382816505,0.9707209375461796
2485,engineered,30,neutral,8,2023-08-31,-0.029890197270345142,0.14139057076475295,-1.4371477881505
2486,engineered,30,neutral,8,2023-09-30,-0.0733238884761549,0.1266367282835995,-2.40816574647281
2487,engineered,30,neutral,8,2023-10-31,-0.04987908760448856,0.11595536068112987,-1.5504641666935182
2488,engineered,30,neutral,8,2023-11-30,0.036512641895751985,0.1354366819368441,0.34025861357193854
2489,engineered,30,neutral,8,2023-12-31,0.08937105845582471,0.13227052650403948,1.034631505947936
2490,engineered,30,neutral,8,2024-01-31,0.07415515161740727,0.1258569558086718,0.6762613316466743
2491,engineered,30,neutral,8,2024-02-29,0.1416877936873906,0.1234998743374179,1.418681046248993
2492,engineered,30,neutral,8,2024-03-31,0.16760220593065656,0.12096962671888124,1.4944514927069323
2493,engineered,30,neutral,8,2024-04-30,0.11353656405981427,0.1264419142757725,0.7366753500319951
2494,engineered,30,neutral,8,2024-05-31,0.1974267060669892,0.12742361102157884,1.3589642905829444
2495,engineered,30,neutral,8,2024-06-30,0.224320369938936,0.12532216979433305,1.4145703566761092
2496,engineered,30,neutral,8,2024-07-31,0.2816962292510379,0.12174341374398207,1.7390465266007753
2497,engineered,30,neutral,8,2024-08-31,0.297267631381535,0.12160081172637763,1.6942403078892971
2498,engineered,30,neutral,8,2024-09-30,0.33480353378353556,0.12517750803589411,1.7024952964174833
2499,engineered,30,neutral,8,2024-10-31,0.33184393197669837,0.12527057239585715,1.5554703790647464
2500,engineered,30,neutral,8,2024-11-30,0.4537525285635804,0.1277804382517399,2.0217413106155275
2501,engineered,30,neutral,8,2024-12-31,0.43919474714545514,0.12500186597885746,1.8273911843720567
2502,engineered,30,neutral,9,2023-07-31,0.006687416788272227,0.07664444820352483,0.3835829020138664
2503,engineered,30,neutral,9,2023-08-31,-0.037126430990383597,0.14793612515746657,-1.6137182064156657
2504,engineered,30,neutral,9,2023-09-30,-0.07750047493905976,0.1308247729557216,-2.4320081995783562
2505,engineered,30,neutral,9,2023-10-31,-0.04441836831798218,0.12276175881560142,-1.3471999269687553
2506,engineered,30,neutral,9,2023-11-30,0.0510423973233769,0.145889118172439,0.5654502311860018
2507,engineered,30,neutral,9,2023-12-31,0.11876247161301179,0.14427022337409387,1.3786001427839194
2508,engineered,30,neutral,9,2024-01-31,0.11081828739073885,0.13482320732569072,1.1156002665271014
2509,engineered,30,neutral,9,2024-02-29,0.22015597737785386,0.13612150980423365,2.215591633662022
2510,engineered,30,neutral,9,2024-03-31,0.2684621027230438,0.13550901220378397,2.3606197993002715
2511,engineered,30,neutral,9,2024-04-30,0.1927587943900546,0.1422453982244441,1.3302890072051439
2512,engineered,30,neutral,9,2024-05-31,0.28400899866099283,0.14022341717417894,1.9159518494102379
2513,engineered,30,neutral,9,2024-06-30,0.30050933616568476,0.1364770687975858,1.8442713074073522
2514,engineered,30,neutral,9,2024-07-31,0.36264757983289986,0.13218412321364845,2.1468667115938693
2515,engineered,30,neutral,9,2024-08-31,0.37436569816306653,0.134461260652553,2.000553144569091
2516,engineered,30,neutral,9,2024-09-30,0.4194883548930872,0.14169920405397277,1.943971183173998
2517,engineered,30,neutral,9,2024-10-31,0.42820112253247866,0.14206914698588186,1.835365923524036
2518,engineered,30,neutral,9,2024-11-30,0.597811254990859,0.14608429802338305,2.3796730085711526
2519,engineered,30,neutral,9,2024-12-31,0.5620989428727254,0.14374776537976852,2.0790327818359398
2520,engineered,30,seeking,0,2023-07-31,0.017995335589496175,0.2312643881031761,0.698023947022081
2521,engineered,30,seeking,0,2023-08-31,-0.06459370129790987,0.2999094876500467,-1.2086159088715527
2522,engineered,30,seeking,0,2023-09-30,-0.12130470134168969,0.2984789505899216,-1.4950142179756913
2523,engineered,30,seeking,0,2023-10-31,-0.15010506821015024,0.26442176365376785,-1.5781036317618216
2524,engineered,30,seeking,0,2023-11-30,0.04364790735854274,0.30485011810149604,0.20953612849194184
2525,engineered,30,seeking,0,2023-12-31,0.14154405339386011,0.29061146918095226,0.8534752992217643
2526,engineered,30,seeking,0,2024-01-31,0.02614217122424134,0.2805267866698114,0.006635808087525043
2527,engineered,30,seeking,0,2024-02-29,0.2207061326558153,0.28044394386362387,1.0786115976587716
2528,engineered,30,seeking,0,2024-03-31,0.22802902197034824,0.27583185203086424,0.956043560062748
2529,engineered,30,seeking,0,2024-04-30,0.14221151758833717,0.2880425033572057,0.4436314131932464
2530,engineered,30,seeking,0,2024-05-31,0.14700665168144766,0.28489207390731186,0.41354137797044377
2531,engineered,30,seeking,0,2024-06-30,0.1776512745882297,0.2748479346716607,0.47897895007731806
2532,engineered,30,seeking,0,2024-07-31,0.23722563325672574,0.27227542537045546,0.6315674318285495
2533,engineered,30,seeking,0,2024-08-31,0.17039642400613952,0.2758375767041869,0.36674542424467194
2534,engineered,30,seeking,0,2024-09-30,0.2737727173217186,0.2823777677554388,0.593753871050842
2535,engineered,30,seeking,0,2024-10-31,0.30987247904473025,0.28256170543786463,0.6358260588196172
2536,engineered,30,seeking,0,2024-11-30,0.6756286814385204,0.30088572046651957,1.3123466775458337
2537,engineered,30,seeking,0,2024-12-31,0.7628480875657264,0.30314281783478836,1.3523446307302007
2538,engineered,30,seeking,1,2023-07-31,-0.012364912623213598,0.1431215306763888,-1.1441448062017727
2539,engineered,30,seeking,1,2023-08-31,-0.05312496481108786,0.2448956297554622,-1.2776003799825475
2540,engineered,30,seeking,1,2023-09-30,-0.09111441125760433,0.22101872010685494,-1.6287328194908686
2541,engineered,30,seeking,1,2023-10-31,-0.08144460312092827,0.21090504402340735,-1.2327878020880798
2542,engineered,30,seeking,1,2023-11-30,0.03965555674566157,0.22515832010948755,0.23939000389582543
2543,engineered,30,seeking,1,2023-12-31,0.09738722954208545,0.2186068834428032,0.7027234556992024
2544,engineered,30,seeking,1,2024-01-31,0.02754237817826377,0.21186902771127594,0.020072691031426892
2545,engineered,30,seeking,1,2024-02-29,0.19050170218583884,0.21649759843037414,1.1702159091230344
2546,engineered,30,seeking,1,2024-03-31,0.18383375451494754,0.21415077283000386,0.9476232398442597
2547,engineered,30,seeking,1,2024-04-30,0.14215791807562983,0.22955205041074067,0.5563871371478498
2548,engineered,30,seeking,1,2024-05-31,0.235251195598976,0.23171114155338643,0.927080072873133
2549,engineered,30,seeking,1,2024-06-30,0.2884501445877403,0.22293420960719101,1.0762213744543254
2550,engineered,30,seeking,1,2024-07-31,0.3597446310747068,0.2225442078950042,1.2635874347347402
2551,engineered,30,seeking,1,2024-08-31,0.28199078570672076,0.2288617993482781,0.8453912488613586
2552,engineered,30,seeking,1,2024-09-30,0.3842874461217751,0.23602897224603442,1.0576786171137844
2553,engineered,30,seeking,1,2024-10-31,0.3803744308577557,0.2358505316466484,0.9675208828066316
2554,engineered,30,seeking,1,2024-11-30,0.71058768327553,0.25098182850905054,1.6569825756420424
2555,engineered,30,seeking,1,2024-12-31,0.7987840470258776,0.2527660626132647,1.6987003028832053
2556,engineered,30,seeking,2,2023-07-31,0.11523521890922916,0.24879773361401664,8.306168258984439
2557,engineered,30,seeking,2,2023-08-31,-0.0051076545972496,0.32963423110169277,-0.21699866169993495
2558,engineered,30,seeking,2,2023-09-30,-0.08135403735134406,0.3130729444887896,-1.0546816687103087
2559,engineered,30,seeking,2,2023-10-31,-0.14710619728366892,0.2900736631728842,-1.4165085082790008
2560,engineered,30,seeking,2,2023-11-30,0.08977629794967812,0.3731052283235848,0.49034356188071543
2561,engineered,30,seeking,2,2023-12-31,0.10468069246229539,0.34459842754365055,0.49035676236147036
2562,engineered,30,seeking,2,2024-01-31,0.001811575749421257,0.3283649150651253,-0.11979486362523924
2563,engineered,30,seeking,2,2024-02-29,0.11055473484191602,0.32495854884190156,0.38837396777822153
2564,engineered,30,seeking,2,2024-03-31,0.07607238337092626,0.31217139315154246,0.18459759958895114
2565,engineered,30,seeking,2,2024-04-30,0.04238136235522694,0.31781828600253914,0.02485944865278096
2566,engineered,30,seeking,2,2024-05-31,0.05232591089058891,0.3115187465882378,0.046324657306770246
2567,engineered,30,seeking,2,2024-06-30,0.14737597917973289,0.3029606739184977,0.3367650669080683
2568,engineered,30,seeking,2,2024-07-31,0.1981815289192168,0.3070063414143286,0.446085573059012
2569,engineered,30,seeking,2,2024-08-31,0.24278194657931484,0.30515096109359624,0.5282078172991236
2570,engineered,30,seeking,2,2024-09-30,0.360143321458519,0.30441281066481124,0.7616466626078824
2571,engineered,30,seeking,2,2024-10-31,0.36163039052809065,0.30009357934929853,0.7176138682630862
2572,engineered,30,seeking,2,2024-11-30,0.6676552539436384,0.311989851013172,1.2502237776792184
2573,engineered,30,seeking,2,2024-12-31,0.7935194920827966,0.31347172787810995,1.360687639084121
2574,engineered,30,seeking,3,2023-07-31,0.028278219067447097,0.11521110211178377,2.552414525909912
2575,engineered,30,seeking,3,2023-08-31,-0.07291284590901348,0.1962054341850799,-2.0217500769280297
2576,engineered,30,seeking,3,2023-09-30,-0.11332703996600113,0.17212121846985515,-2.465030308975027
2577,engineered,30,seeking,3,2023-10-31,-0.0945089708727187,0.15668660820149788,-1.8617887095626813
2578,engineered,30,seeking,3,2023-11-30,-0.021682411687001468,0.17095987480258565,-0.5432313223955775
2579,engineered,30,seeking,3,2023-12-31,0.031070945401371786,0.16037874189610324,0.11425082036007876
2580,engineered,30,seeking,3,2024-01-31,-0.004259997816690175,0.15383539683373967,-0.3218541054190938
2581,engineered,30,seeking,3,2024-02-29,0.08177533629721712,0.16299314056906394,0.5000072550703705
2582,engineered,30,seeking,3,2024-03-31,0.08913365307474042,0.16822050048613804,0.4459317607629135
2583,engineered,30,seeking,3,2024-04-30,0.031062340223661833,0.1737367829044586,-0.03202678513279344
2584,engineered,30,seeking,3,2024-05-31,0.08089330785376059,0.1806063054960595,0.2521822036855298
2585,engineered,30,seeking,3,2024-06-30,0.06439209656213718,0.17386484324335374,0.11941758286685826
2586,engineered,30,seeking,3,2024-07-31,0.1189361540068612,0.1701113313042931,0.3855303472276228
2587,engineered,30,seeking,3,2024-08-31,0.11345646935652498,0.17136644899315742,0.31256737107252053
2588,engineered,30,seeking,3,2024-09-30,0.21653676900827246,0.18082433072933649,0.6891564559684302
2589,engineered,30,seeking,3,2024-10-31,0.20155760481636653,0.1767658523941104,0.5870253163533451
2590,engineered,30,seeking,3,2024-11-30,0.26483487296795016,0.1754307140620031,0.7816591173766906
2591,engineered,30,seeking,3,2024-12-31,0.31027441059206406,0.17423720777255403,0.8741048991302351
2592,engineered,30,seeking,4,2023-07-31,0.016549572640423227,0.26424893974612845,0.5440548674230644
2593,engineered,30,seeking,4,2023-08-31,-0.11904610489291234,0.3577988170579378,-1.5695724993964484
2594,engineered,30,seeking,4,2023-09-30,-0.16405591224129346,0.33191289860381196,-1.6692695885925848
2595,engineered,30,seeking,4,2023-10-31,-0.15620368393406447,0.30529030304592153,-1.4090044691625445
2596,engineered,30,seeking,4,2023-11-30,0.05653853314876822,0.3390571962523847,0.2844535216210647
2597,engineered,30,seeking,4,2023-12-31,0.25147853371247053,0.3611445115190735,1.3789809708205876
2598,engineered,30,seeking,4,2024-01-31,0.08585335517336312,0.354046314743667,0.2987891244117514
2599,engineered,30,seeking,4,2024-02-29,0.38175466765459265,0.36272838840152777,1.5834525648268198
2600,engineered,30,seeking,4,2024-03-31,0.40682993291248803,0.36518167113532474,1.4134034543125245
2601,engineered,30,seeking,4,2024-04-30,0.24654653641452362,0.3745417096775906,0.6811816079367076
2602,engineered,30,seeking,4,2024-05-31,0.2829879663098367,0.36654557754691813,0.7298736262399643
2603,engineered,30,seeking,4,2024-06-30,0.2506338737570539,0.35504118855042216,0.5717378198634661
2604,engineered,30,seeking,4,2024-07-31,0.3271283759619279,0.3497855865444559,0.7210403090000255
2605,engineered,30,seeking,4,2024-08-31,0.23102749100509534,0.3539788408063173,0.42791362727943355
2606,engineered,30,seeking,4,2024-09-30,0.3563828909647544,0.3619304935203633,0.6329352329680614
2607,engineered,30,seeking,4,2024-10-31,0.37242329784769623,0.3587428621568833,0.6209171111965363
2608,engineered,30,seeking,4,2024-11-30,1.137589057639972,0.41051108995878,1.6152341981163232
2609,engineered,30,seeking,4,2024-12-31,1.1168634927493226,0.41127297879812375,1.4488495408173898
2610,engineered,30,seeking,5,2023-07-31,-0.008076240085419517,0.14409683318591548,-0.8553467947053696
2611,engineered,30,seeking,5,2023-08-31,-0.04962257651678115,0.2499091387478862,-1.1890320037085147
2612,engineered,30,seeking,5,2023-09-30,-0.06266454415422618,0.22432104816228843,-1.205607100419369
2613,engineered,30,seeking,5,2023-10-31,-0.08511451741274134,0.20939953881243464,-1.2846127701091437
2614,engineered,30,seeking,5,2023-11-30,0.02649482624781707,0.21275932399380965,0.10049838930483523
2615,engineered,30,seeking,5,2023-12-31,0.08207490001843598,0.20259356968058737,0.60064834419351
2616,engineered,30,seeking,5,2024-01-31,-0.008463676833292078,0.1972225687061899,-0.2866480539435503
2617,engineered,30,seeking,5,2024-02-29,0.08950664648577011,0.20014906037245664,0.46691190636766505
2618,engineered,30,seeking,5,2024-03-31,0.08138589476863922,0.20283144900695182,0.3189470684764179
2619,engineered,30,seeking,5,2024-04-30,0.06512738008246521,0.21976259929524142,0.15944250177639854
2620,engineered,30,seeking,5,2024-05-31,0.1234087764859324,0.2271166351126537,0.40498458196951387
2621,engineered,30,seeking,5,2024-06-30,0.16097383492267103,0.21849261010356988,0.5278522730878689
2622,engineered,30,seeking,5,2024-07-31,0.2704694914267014,0.2243140650701603,0.899151042006276
2623,engineered,30,seeking,5,2024-08-31,0.23123071938934947,0.22526528044871577,0.6731635659124591
2624,engineered,30,seeking,5,2024-09-30,0.35396807728520896,0.23072970252519037,0.9851127428723088
2625,engineered,30,seeking,5,2024-10-31,0.3588389370206073,0.2340624284312776,0.9118737829429211
2626,engineered,30,seeking,5,2024-11-30,0.6108284560898911,0.2507021393870726,1.4183399101614933
2627,engineered,30,seeking,5,2024-12-31,0.6806565900698605,0.2495182664535115,1.4628976642640328
2628,engineered,30,seeking,6,2023-07-31,-0.0114465962651209,0.13511622724420808,-1.1487751921855833
2629,engineered,30,seeking,6,2023-08-31,-0.07202210657716412,0.25346647764533653,-1.5508389208435016
2630,engineered,30,seeking,6,2023-09-30,-0.09989518108133966,0.2194837048544103,-1.7585422186803565
2631,engineered,30,seeking,6,2023-10-31,-0.10162590849260211,0.20437754355245194,-1.5101247093241064
2632,engineered,30,seeking,6,2023-11-30,0.012195235486208711,0.2134255901608541,-0.062372708852371186
2633,engineered,30,seeking,6,2023-12-31,0.0670532353754183,0.20703870624737106,0.43839569500160963
2634,engineered,30,seeking,6,2024-01-31,-0.0162518816279259,0.20089527471959165,-0.34589145955310757
2635,engineered,30,seeking,6,2024-02-29,0.11853712397215999,0.2091150247369617,0.6633020408479083
2636,engineered,30,seeking,6,2024-03-31,0.11483532334938396,0.2077823043779536,0.5265829233467203
2637,engineered,30,seeking,6,2024-04-30,0.0822306295032631,0.22089798158070714,0.25131673108129454
2638,engineered,30,seeking,6,2024-05-31,0.17625676123174516,0.22650171142831949,0.6618066098371742
2639,engineered,30,seeking,6,2024-06-30,0.2072366567142372,0.2177168336675277,0.7375512456835248
2640,engineered,30,seeking,6,2024-07-31,0.29225774060658694,0.2186004992785883,1.0116245548915528
2641,engineered,30,seeking,6,2024-08-31,0.23095166602808725,0.22210708474736235,0.6816967773159712
2642,engineered,30,seeking,6,2024-09-30,0.33417575395176136,0.22887104129859454,0.92912091099397
2643,engineered,30,seeking,6,2024-10-31,0.3271778601439319,0.22970628171716986,0.83425329671932
2644,engineered,30,seeking,6,2024-11-30,0.6090858090855225,0.2455529181925885,1.4437537307916914
2645,engineered,30,seeking,6,2024-12-31,0.670006503103098,0.2451551216719878,1.4649619453900415
2646,engineered,30,seeking,7,2023-07-31,0.0025904429510692495,0.15043711361627551,-0.10041448541903307
2647,engineered,30,seeking,7,2023-08-31,-0.07429767976009571,0.27314608644753285,-1.4725864711509804
2648,engineered,30,seeking,7,2023-09-30,-0.1267077019700087,0.2586296000722791,-1.7815368173336763
2649,engineered,30,seeking,7,2023-10-31,-0.1484951090880725,0.23128695749734177,-1.7893704508102795
2650,engineered,30,seeking,7,2023-11-30,-0.007851238075510136,0.2586584026062623,-0.23519550190602556
2651,engineered,30,seeking,7,2023-12-31,0.07348935891759578,0.24924850448211733,0.4171132382458124
2652,engineered,30,seeking,7,2024-01-31,-0.02895195451118915,0.23974408180075976,-0.3773352768165465
2653,engineered,30,seeking,7,2024-02-29,0.10267074268705634,0.24048517183531906,0.4736313660742488
2654,engineered,30,seeking,7,2024-03-31,0.12410201619774153,0.23758684487539974,0.5129751417875703
2655,engineered,30,seeking,7,2024-04-30,0.08205038490449801,0.25183406148447895,0.21958611361500047
2656,engineered,30,seeking,7,2024-05-31,0.12370397995506899,0.24739382894847664,0.3730960450153017
2657,engineered,30,seeking,7,2024-06-30,0.14061323485237165,0.23797423835905124,0.40091838043231076
2658,engineered,30,seeking,7,2024-07-31,0.23317522748256603,0.24051427021136484,0.6998878731704744
2659,engineered,30,seeking,7,2024-08-31,0.2116012251463979,0.23926624059236812,0.5658700231318908
2660,engineered,30,seeking,7,2024-09-30,0.3282102364023205,0.2455978034283876,0.8478312729267401
2661,engineered,30,seeking,7,2024-10-31,0.3415191566602451,0.24800252690831273,0.8125932587626553
2662,engineered,30,seeking,7,2024-11-30,0.6467817615115057,0.2668435452669702,1.4144415126234111
2663,engineered,30,seeking,7,2024-12-31,0.6819935014396044,0.2651430249822238,1.3794686940645011
2664,engineered,30,seeking,8,2023-07-31,0.01904003394622311,0.15879759782225922,1.0978642342523062
2665,engineered,30,seeking,8,2023-08-31,-0.0346512259099373,0.22525063740028645,-1.0065116160174956
2666,engineered,30,seeking,8,2023-09-30,-0.08672548856473916,0.20190959363949498,-1.7171236870452704
2667,engineered,30,seeking,8,2023-10-31,-0.08560268851582498,0.17600456337504317,-1.5351242060490609
2668,engineered,30,seeking,8,2023-11-30,0.007988498137726285,0.1947263781799749,-0.12012865748328637
2669,engineered,30,seeking,8,2023-12-31,0.1013814614622417,0.19009869305483534,0.8522844166950173
2670,engineered,30,seeking,8,2024-01-31,0.05797525710357698,0.18567380517364873,0.3057497691700876
2671,engineered,30,seeking,8,2024-02-29,0.21456154522536774,0.19487471679844526,1.5006808276716626
2672,engineered,30,seeking,8,2024-03-31,0.3056578062425508,0.19912112808100602,1.8684217945912398
2673,engineered,30,seeking,8,2024-04-30,0.24764018607426386,0.20475519002711925,1.2526000745518742
2674,engineered,30,seeking,8,2024-05-31,0.4479068615277657,0.21540482190882365,2.093192609302351
2675,engineered,30,seeking,8,2024-06-30,0.39023055328280165,0.2117221736674465,1.6022792857626342
2676,engineered,30,seeking,8,2024-07-31,0.3786394132618074,0.2041486759300972,1.4595871979710973
2677,engineered,30,seeking,8,2024-08-31,0.3129406890244095,0.21182359699265865,1.0332508830239548
2678,engineered,30,seeking,8,2024-09-30,0.37752704154322303,0.22775841120763043,1.074247304256169
2679,engineered,30,seeking,8,2024-10-31,0.34252990887993917,0.22458562017670497,0.900419726508762
2680,engineered,30,seeking,8,2024-11-30,0.5077170231964976,0.22356010377713675,1.3065111519540333
2681,engineered,30,seeking,8,2024-12-31,0.4910527779717444,0.2220870348940964,1.163441232956925
2682,engineered,30,seeking,9,2023-07-31,0.009489390525513786,0.19418405775376674,0.3132759563891348
2683,engineered,30,seeking,9,2023-08-31,-0.07144473464972523,0.28715614079435337,-1.3607513693842768
2684,engineered,30,seeking,9,2023-09-30,-0.12226856485738602,0.28342654345906276,-1.58362616221363
2685,engineered,30,seeking,9,2023-10-31,-0.13627355358783144,0.2529397137025288,-1.53175798501768
2686,engineered,30,seeking,9,2023-11-30,0.03165954296979545,0.2796154039438367,0.12186763539415861
2687,engineered,30,seeking,9,2023-12-31,0.12459887071519282,0.27069381655330815,0.7809280047921267
2688,engineered,30,seeking,9,2024-01-31,0.02313940503598122,0.26235518601152186,-0.012422555565761573
2689,engineered,30,seeking,9,2024-02-29,0.24074200593031603,0.2687658666598501,1.2479849900566344
2690,engineered,30,seeking,9,2024-03-31,0.2576681657382771,0.2648907743810551,1.1507941965832804
2691,engineered,30,seeking,9,2024-04-30,0.18826647192121415,0.2791674808440637,0.658197554319645
2692,engineered,30,seeking,9,2024-05-31,0.22695718420897104,0.2731049294365268,0.7530899257837325
2693,engineered,30,seeking,9,2024-06-30,0.25431598603547156,0.2637955863113317,0.7831359275766603
2694,engineered,30,seeking,9,2024-07-31,0.3151906883201918,0.2619951840248739,0.9220849686366431
2695,engineered,30,seeking,9,2024-08-31,0.23685298465005133,0.2660427056119696,0.5874497050253675
2696,engineered,30,seeking,9,2024-09-30,0.34939511406854185,0.2744732297668584,0.815798800960296
2697,engineered,30,seeking,9,2024-10-31,0.3683975597014355,0.27362938422300326,0.8039772312123875
2698,engineered,30,seeking,9,2024-11-30,0.7649661454645542,0.29411392604582987,1.5242247025335014
2699,engineered,30,seeking,9,2024-12-31,0.8247682626545985,0.29702368504167037,1.4925861558229867
2700,engineered,50,averse,0,2023-07-31,0.016005556352307826,0.08641993474373126,1.587374875650954
2701,engineered,50,averse,0,2023-08-31,-0.0014442093925838284,0.09621557223324638,-0.5268653540732574
2702,engineered,50,averse,0,2023-09-30,-0.04446866410436945,0.09384185235613861,-2.224325025060787
2703,engineered,50,averse,0,2023-10-31,-0.06527534126608525,0.09357411460133656,-2.3462706123597483
2704,engineered,50,averse,0,2023-11-30,0.006916094328724087,0.12309880091330405,-0.21082890055958964
2705,engineered,50,averse,0,2023-12-31,0.05933470369541727,0.12304846436901236,0.609773861791703
2706,engineered,50,averse,0,2024-01-31,0.05357245731358762,0.11521615958326148,0.42622318003689735
2707,engineered,50,averse,0,2024-02-29,0.0750753251000269,0.10865162606191837,0.6550443201547633
2708,engineered,50,averse,0,2024-03-31,0.09735135207460321,0.104884018272172,0.8198335110723446
2709,engineered,50,averse,0,2024-04-30,0.05070524961811662,0.1057181053660542,0.16855968506604746
2710,engineered,50,averse,0,2024-05-31,0.08585665445874424,0.10330493048983616,0.4932838838371921
2711,engineered,50,averse,0,2024-06-30,0.1052044660519349,0.09976719319219875,0.6088518702269905
2712,engineered,50,averse,0,2024-07-31,0.1436009043100499,0.09696567788926187,0.9059098683671372
2713,engineered,50,averse,0,2024-08-31,0.1739601986005539,0.09564243506993819,1.088740183429067
2714,engineered,50,averse,0,2024-09-30,0.1973515861480577,0.0952213523379672,1.1561674710641214
2715,engineered,50,averse,0,2024-10-31,0.17423905550731789,0.09467980127750092,0.8909085525206654
2716,engineered,50,averse,0,2024-11-30,0.2213606901041869,0.09741186918625218,1.1137330161133991
2717,engineered,50,averse,0,2024-12-31,0.17631224678682011,0.09718668485193747,0.7246897687425643
2718,engineered,50,averse,1,2023-07-31,0.017768223882001832,0.08370759370120598,1.8951438157900289
2719,engineered,50,averse,1,2023-08-31,-0.0029513033562800217,0.09888882638892907,-0.5997569949613576
2720,engineered,50,averse,1,2023-09-30,-0.04562720864042635,0.09483722557570835,-2.2435332481303245
2721,engineered,50,averse,1,2023-10-31,-0.06773272896826399,0.09557368249640152,-2.3624072520872477
2722,engineered,50,averse,1,2023-11-30,0.004974775111567409,0.12642757579877661,-0.2418665336497336
2723,engineered,50,averse,1,2023-12-31,0.05852255707126619,0.1265459627982594,0.5798876486434406
2724,engineered,50,averse,1,2024-01-31,0.050729141628314434,0.11781146178947671,0.3749317437809108
2725,engineered,50,averse,1,2024-02-29,0.06680632490483251,0.11090204812854168,0.5272256762553935
2726,engineered,50,averse,1,2024-03-31,0.09871956545339633,0.10743494501879376,0.8173943864694893
2727,engineered,50,averse,1,2024-04-30,0.05512594822132333,0.10710932227782886,0.21560664990375197
2728,engineered,50,averse,1,2024-05-31,0.09375027669566371,0.10485459205057737,0.5681351886434887
2729,engineered,50,averse,1,2024-06-30,0.10711226423500664,0.10090604432072331,0.6204948843834616
2730,engineered,50,averse,1,2024-07-31,0.1500764665622889,0.0984007012018282,0.9520168122419775
2731,engineered,50,averse,1,2024-08-31,0.18095003842244206,0.09746003326516797,1.1281180406845606
2732,engineered,50,averse,1,2024-09-30,0.20546083757911537,0.09644526802462638,1.2052124370430342
2733,engineered,50,averse,1,2024-10-31,0.18399714365895026,0.09571028568192459,0.9539121834966511
2734,engineered,50,averse,1,2024-11-30,0.23304022806788516,0.09789243362759571,1.1871542185056687
2735,engineered,50,averse,1,2024-12-31,0.18667985817465005,0.0979778748131732,0.7846296343360738
2736,engineered,50,averse,2,2023-07-31,0.01677235139554134,0.122592573770156,1.1947880411214185
2737,engineered,50,averse,2,2023-08-31,-0.00112172196321636,0.10443091264738857,-0.4676851238390411
2738,engineered,50,averse,2,2023-09-30,-0.04129636001674075,0.0985144045550806,-2.005889074393003
2739,engineered,50,averse,2,2023-10-31,-0.05762888631886243,0.09257959919549008,-2.159808962929982
2740,engineered,50,averse,2,2023-11-30,-0.008844252808453024,0.1078713211975039,-0.5854729553265577
2741,engineered,50,averse,2,2023-12-31,0.010444595477889784,0.10971531032545684,-0.20201653353883617
2742,engineered,50,averse,2,2024-01-31,0.02217046257975186,0.10235993885421488,-0.047961127693859004
2743,engineered,50,averse,2,2024-02-29,0.030621965105761317,0.09821451594342383,0.035178177788696405
2744,engineered,50,averse,2,2024-03-31,0.03452135916408183,0.09431256077836707,0.02895946780856368
2745,engineered,50,averse,2,2024-04-30,-0.009782865532988128,0.09519421606464111,-0.5665084224620942
2746,engineered,50,averse,2,2024-05-31,0.01074151164583892,0.09702031326910672,-0.31679178197593943
2747,engineered,50,averse,2,2024-06-30,0.01586796439285587,0.0941047511880976,-0.28490395660059137
2748,engineered,50,averse,2,2024-07-31,0.05571620220914708,0.09400089735392779,0.08861594128569258
2749,engineered,50,averse,2,2024-08-31,0.10150182434019839,0.09340293042194861,0.4659923479843379
2750,engineered,50,averse,2,2024-09-30,0.10586545369007916,0.09039750880866304,0.4439658871843324
2751,engineered,50,averse,2,2024-10-31,0.07879956000221155,0.09099645297798478,0.17127531202397908
2752,engineered,50,averse,2,2024-11-30,0.09987367066725228,0.09013270147881246,0.29739580955010275
2753,engineered,50,averse,2,2024-12-31,0.044163749481213266,0.09105483345101786,-0.1485085490959481
2754,engineered,50,averse,3,2023-07-31,0.006626455830480937,0.08137181378695464,0.3530056004326982
2755,engineered,50,averse,3,2023-08-31,-0.004733361471184527,0.07590483209838716,-0.9145395929068454
2756,engineered,50,averse,3,2023-09-30,-0.039065566822854225,0.06671032488393795,-2.843919122294984
2757,engineered,50,averse,3,2023-10-31,-0.05772209869275058,0.07117288938024248,-2.812797788581333
2758,engineered,50,averse,3,2023-11-30,0.001034120084734358,0.09202383385227313,-0.4339208390067626
2759,engineered,50,averse,3,2023-12-31,0.04614922739156824,0.09658276950374954,0.5011219357373456
2760,engineered,50,averse,3,2024-01-31,0.04185449834303734,0.09180119012124334,0.31395409272134345
2761,engineered,50,averse,3,2024-02-29,0.03698449746381072,0.08722017345461171,0.14975649108125447
2762,engineered,50,averse,3,2024-03-31,0.05306690035916062,0.0846445387245833,0.3207813808608029
2763,engineered,50,averse,3,2024-04-30,0.01717208703467099,0.0833194966745657,-0.26465891792219987
2764,engineered,50,averse,3,2024-05-31,0.040364256501035145,0.081565591922437,0.017452598751198794
2765,engineered,50,averse,3,2024-06-30,0.05052290432188156,0.07923852948845819,0.09047800717811262
2766,engineered,50,averse,3,2024-07-31,0.08520631721657379,0.07722818443777925,0.4541491366072072
2767,engineered,50,averse,3,2024-08-31,0.10979791619003754,0.07716574044688974,0.6543462163103888
2768,engineered,50,averse,3,2024-09-30,0.12802219346263133,0.07484782760099642,0.7640240460017355
2769,engineered,50,averse,3,2024-10-31,0.1000710066702668,0.07473598712629177,0.41536774162930756
2770,engineered,50,averse,3,2024-11-30,0.1247021300730724,0.0761673677188363,0.5738533413546025
2771,engineered,50,averse,3,2024-12-31,0.08998395159545258,0.07602434928360638,0.21015543653304952
2772,engineered,50,averse,4,2023-07-31,0.019329180536642454,0.09159954489008686,1.9425145331119626
2773,engineered,50,averse,4,2023-08-31,-0.0008965337704734955,0.10568942444103485,-0.44986485906176965
2774,engineered,50,averse,4,2023-09-30,-0.041296071361658804,0.10102623529670134,-1.9560062768365647
2775,engineered,50,averse,4,2023-10-31,-0.06270771346846571,0.09862372484512649,-2.159760496463113
2776,engineered,50,averse,4,2023-11-30,0.008884856025964005,0.126652228202356,-0.16777551358474763
2777,engineered,50,averse,4,2023-12-31,0.059486867585906156,0.12362940758702093,0.6094090511719007
2778,engineered,50,averse,4,2024-01-31,0.05538719627886812,0.11597361756330438,0.45064780099030993
2779,engineered,50,averse,4,2024-02-29,0.08205530665156457,0.10933189373276103,0.7493689252031938
2780,engineered,50,averse,4,2024-03-31,0.10669882323711688,0.10528496422666289,0.9355420266917187
2781,engineered,50,averse,4,2024-04-30,0.06397831347349459,0.10641927774001768,0.3163522451257542
2782,engineered,50,averse,4,2024-05-31,0.10403903793889957,0.1035265324163285,0.683937503325832
2783,engineered,50,averse,4,2024-06-30,0.12036597477228139,0.09951441659545358,0.759577614239312
2784,engineered,50,averse,4,2024-07-31,0.15065941914563008,0.09719544423014233,0.9692269438005041
2785,engineered,50,averse,4,2024-08-31,0.17958916850628714,0.0969843986838401,1.1219779876382414
2786,engineered,50,averse,4,2024-09-30,0.20038141209960014,0.09768545830998758,1.1505178963517582
2787,engineered,50,averse,4,2024-10-31,0.17486669833835378,0.09688729468779676,0.8752272243936762
2788,engineered,50,averse,4,2024-11-30,0.2146135379137566,0.09843051220889648,1.0567814942246696
2789,engineered,50,averse,4,2024-12-31,0.175848867468543,0.0982513137252582,0.7139002145672944
2790,engineered,50,averse,5,2023-07-31,0.011517864707269565,0.11642073937707596,0.7224387474880402
2791,engineered,50,averse,5,2023-08-31,-0.016095753915915556,0.11907601632467102,-1.107448681360461
2792,engineered,50,averse,5,2023-09-30,-0.07602119795144102,0.10995886683424491,-2.8511615892359745
2793,engineered,50,averse,5,2023-10-31,-0.1106863555992279,0.11459692463388145,-2.8780050125808927
2794,engineered,50,averse,5,2023-11-30,-0.028577967476185018,0.14974336747458808,-0.7253302898915874
2795,engineered,50,averse,5,2023-12-31,0.03296248713069794,0.15222781895809978,0.14500793481087146
2796,engineered,50,averse,5,2024-01-31,0.021730761632827944,0.14118683219359057,-0.040073070693025487
2797,engineered,50,averse,5,2024-02-29,0.039072522676166566,0.13435938500939656,0.12072656425084946
2798,engineered,50,averse,5,2024-03-31,0.05424151681768774,0.12985259769966617,0.22104697860137407
2799,engineered,50,averse,5,2024-04-30,-0.009554496511062549,0.12932780487157042,-0.41490622145200956
2800,engineered,50,averse,5,2024-05-31,0.02685705733201038,0.1275003560999072,-0.10391834722282314
2801,engineered,50,averse,5,2024-06-30,0.04657870030480793,0.12367924921749382,0.02670633236154576
2802,engineered,50,averse,5,2024-07-31,0.09605213550274039,0.12010205173280436,0.3737865896907391
2803,engineered,50,averse,5,2024-08-31,0.13657715651778712,0.11937138344250794,0.6109794766027639
2804,engineered,50,averse,5,2024-09-30,0.1540309891452134,0.11667904673505253,0.6608891899768429
2805,engineered,50,averse,5,2024-10-31,0.11725540089801134,0.11629869303243918,0.3738162948251144
2806,engineered,50,averse,5,2024-11-30,0.1516742680143841,0.11808295361995447,0.5246054218814011
2807,engineered,50,averse,5,2024-12-31,0.08685703180938109,0.11799097988550498,0.11846202782294869
2808,engineered,50,averse,6,2023-07-31,0.021045289765580177,0.10033178781761229,1.9881022509178878
2809,engineered,50,averse,6,2023-08-31,-0.0015760154208336319,0.11318681966050595,-0.45454690526948505
2810,engineered,50,averse,6,2023-09-30,-0.0432966171201804,0.10659074410046239,-1.9198392438250373
2811,engineered,50,averse,6,2023-10-31,-0.06822333871863318,0.10378503207444517,-2.1874522548588207
2812,engineered,50,averse,6,2023-11-30,0.007522746645064471,0.13289234189229573,-0.1843954602864957
2813,engineered,50,averse,6,2023-12-31,0.06188822388157256,0.1307047727300572,0.6137880066693675
2814,engineered,50,averse,6,2024-01-31,0.05364408211916927,0.12288943908648599,0.40062245676236435
2815,engineered,50,averse,6,2024-02-29,0.07873440792327013,0.11584123616706729,0.6630383559027891
2816,engineered,50,averse,6,2024-03-31,0.10334180669179904,0.1116273645696537,0.8421023339244319
2817,engineered,50,averse,6,2024-04-30,0.06009902165968439,0.11232712982404279,0.2584496912016919
2818,engineered,50,averse,6,2024-05-31,0.09893940284220704,0.1095679117049442,0.5953968725598366
2819,engineered,50,averse,6,2024-06-30,0.11551690188808128,0.10535949116928175,0.6723773881739905
2820,engineered,50,averse,6,2024-07-31,0.1496810561038675,0.10315683322608654,0.9046689953994581
2821,engineered,50,averse,6,2024-08-31,0.1783191654139622,0.10220000671416672,1.0543806972991243
2822,engineered,50,averse,6,2024-09-30,0.203637406195049,0.10233775045703039,1.1223229198234175
2823,engineered,50,averse,6,2024-10-31,0.17425820750742815,0.10135584690253334,0.8323614158561872
2824,engineered,50,averse,6,2024-11-30,0.21234700317173605,0.10303116372971921,0.9949987386053616
2825,engineered,50,averse,6,2024-12-31,0.17196381010553607,0.10270541485036817,0.6593687814096799
2826,engineered,50,averse,7,2023-07-31,0.011862011856207832,0.06891789813154128,1.2783204195806297
2827,engineered,50,averse,7,2023-08-31,-0.0016850552756996207,0.07918388719781956,-0.6576316926571492
2828,engineered,50,averse,7,2023-09-30,-0.037988655067412,0.07745172537266844,-2.4000765300650384
2829,engineered,50,averse,7,2023-10-31,-0.05510212041301321,0.07800357299719488,-2.4795320311615145
2830,engineered,50,averse,7,2023-11-30,0.006070037224127578,0.10263231466914752,-0.2725290131645324
2831,engineered,50,averse,7,2023-12-31,0.04938297561329086,0.10282720924231545,0.5339313826121755
2832,engineered,50,averse,7,2024-01-31,0.04347204874658139,0.09646036956035146,0.3277258554993731
2833,engineered,50,averse,7,2024-02-29,0.05994311403781993,0.09096959117082326,0.5272610489040799
2834,engineered,50,averse,7,2024-03-31,0.07713741428479959,0.08804754590067085,0.6705653210593657
2835,engineered,50,averse,7,2024-04-30,0.039004593175944624,0.08868616246542903,0.043761211003939995
2836,engineered,50,averse,7,2024-05-31,0.06916497912258013,0.08650771663710599,0.3787312743334204
2837,engineered,50,averse,7,2024-06-30,0.08750852653899854,0.0836996744938534,0.5186578588916317
2838,engineered,50,averse,7,2024-07-31,0.11635628820150612,0.08140228947134123,0.7770342852987053
2839,engineered,50,averse,7,2024-08-31,0.14134705524134983,0.08018326694066012,0.959330993824207
2840,engineered,50,averse,7,2024-09-30,0.1607949452904831,0.07961658725002838,1.0334326573513892
2841,engineered,50,averse,7,2024-10-31,0.14145892118263315,0.07901399901245398,0.770755722677506
2842,engineered,50,averse,7,2024-11-30,0.17496947166780052,0.0806635107103457,0.9619807979339241
2843,engineered,50,averse,7,2024-12-31,0.14078488607000894,0.08033905655261292,0.599855552655548
2844,engineered,50,averse,8,2023-07-31,0.021804724264582465,0.09827624930866354,2.1277734643379596
2845,engineered,50,averse,8,2023-08-31,-0.000325508469983693,0.10699514213836883,-0.4136292502134651
2846,engineered,50,averse,8,2023-09-30,-0.04049712341794154,0.1002697092212222,-1.9426448331109487
2847,engineered,50,averse,8,2023-10-31,-0.06821308650271785,0.09496283451744061,-2.390397111424998
2848,engineered,50,averse,8,2023-11-30,0.0012380621146956816,0.12431493665653556,-0.31732524273381524
2849,engineered,50,averse,8,2023-12-31,0.058609634507357455,0.12355377611086388,0.5953619772879216
2850,engineered,50,averse,8,2024-01-31,0.051620022589126346,0.11676897661453574,0.3915168741308063
2851,engineered,50,averse,8,2024-02-29,0.07328898531378947,0.10990840762335499,0.6225526652269736
2852,engineered,50,averse,8,2024-03-31,0.09869548106512038,0.10650386610367475,0.8242378204215819
2853,engineered,50,averse,8,2024-04-30,0.05540930402313449,0.10699194989241372,0.2190038468138786
2854,engineered,50,averse,8,2024-05-31,0.09378778041054225,0.1038237239776271,0.5741704764093345
2855,engineered,50,averse,8,2024-06-30,0.10389349291048311,0.09975215078978945,0.596073516523522
2856,engineered,50,averse,8,2024-07-31,0.14392361830354128,0.09757083334061059,0.9032732290848321
2857,engineered,50,averse,8,2024-08-31,0.16337128275696378,0.09799160582588085,0.9726174846528263
2858,engineered,50,averse,8,2024-09-30,0.1826827816384211,0.09801435903187733,1.009579493529701
2859,engineered,50,averse,8,2024-10-31,0.1543964893687082,0.09726648461266531,0.7214849772335475
2860,engineered,50,averse,8,2024-11-30,0.19873674675444675,0.10001820442357982,0.9345188740094197
2861,engineered,50,averse,8,2024-12-31,0.15707471405863238,0.09974052995083796,0.585693751753299
2862,engineered,50,averse,9,2023-07-31,0.009626221003266933,0.07992411953731605,0.7806071485733281
2863,engineered,50,averse,9,2023-08-31,-0.0053988488578283755,0.08019945885837765,-0.9123606707885543
2864,engineered,50,averse,9,2023-09-30,-0.04290242490323992,0.07598770944796579,-2.6748475433558103
2865,engineered,50,averse,9,2023-10-31,-0.05976615961524934,0.07743529610169299,-2.653336851818866
2866,engineered,50,averse,9,2023-11-30,0.0011087714005910687,0.10338501157593008,-0.3845272363030857
2867,engineered,50,averse,9,2023-12-31,0.04718012949096195,0.1055908763198056,0.47798473131802943
2868,engineered,50,averse,9,2024-01-31,0.039742398310185,0.09879441811908521,0.2548848271831197
2869,engineered,50,averse,9,2024-02-29,0.04832593273107677,0.0933351202098889,0.3241786653828999
2870,engineered,50,averse,9,2024-03-31,0.06515059301532644,0.09020737882316009,0.4781665967326862
2871,engineered,50,averse,9,2024-04-30,0.024430135437803147,0.08993343826446946,-0.14945929833678429
2872,engineered,50,averse,9,2024-05-31,0.05091444012835744,0.08865223903909976,0.14546140071695235
2873,engineered,50,averse,9,2024-06-30,0.06310205435151817,0.0857275299136498,0.22744493504202845
2874,engineered,50,averse,9,2024-07-31,0.10281989869747599,0.0836293458770588,0.6100192256563005
2875,engineered,50,averse,9,2024-08-31,0.1319916447231917,0.08247851281423768,0.8377515518855607
2876,engineered,50,averse,9,2024-09-30,0.15184832546499716,0.08072750018115264,0.9345437902433691
2877,engineered,50,averse,9,2024-10-31,0.12592159021999483,0.08077150224490826,0.6156244857381484
2878,engineered,50,averse,9,2024-11-30,0.1588452193689518,0.08258704547452451,0.808533193929979
2879,engineered,50,averse,9,2024-12-31,0.11787174512761478,0.08265077320234752,0.40802665730812104
2880,engineered,50,neutral,0,2023-07-31,0.02269080371073051,0.07674683974783648,2.872331158776028
2881,engineered,50,neutral,0,2023-08-31,-0.002534016918702142,0.15414615576427287,-0.36932290884123437
2882,engineered,50,neutral,0,2023-09-30,-0.06270264827962202,0.14406978704714785,-1.8780381892820686
2883,engineered,50,neutral,0,2023-10-31,-0.07827419377986344,0.13952278939601226,-1.8074079725558068
2884,engineered,50,neutral,0,2023-11-30,0.012499477017950289,0.16169988817576883,-0.07780265588154235
2885,engineered,50,neutral,0,2023-12-31,0.05606389141830559,0.1534437902850317,0.445743394873488
2886,engineered,50,neutral,0,2024-01-31,0.04269904895536514,0.15257308861457167,0.1984512837540473
2887,engineered,50,neutral,0,2024-02-29,0.059567433985066254,0.1436937594040999,0.3298028451967705
2888,engineered,50,neutral,0,2024-03-31,0.056214975881738516,0.13835182234853463,0.22631238297703732
2889,engineered,50,neutral,0,2024-04-30,0.021752812938947708,0.1419388717788712,-0.11708320090516953
2890,engineered,50,neutral,0,2024-05-31,0.09447646121531084,0.14174741885920888,0.4258575046306178
2891,engineered,50,neutral,0,2024-06-30,0.15378674278767512,0.14188040462384421,0.763317200632935
2892,engineered,50,neutral,0,2024-07-31,0.18826933959805014,0.14236216027679607,0.8994486176768891
2893,engineered,50,neutral,0,2024-08-31,0.21858834361948554,0.14100834965864387,1.0012247980920985
2894,engineered,50,neutral,0,2024-09-30,0.24534829853445528,0.14095785449755466,1.038165705603143
2895,engineered,50,neutral,0,2024-10-31,0.2202595441690649,0.13900461985110904,0.8416398500754034
2896,engineered,50,neutral,0,2024-11-30,0.2789301511776128,0.1401489413480976,1.044234525312037
2897,engineered,50,neutral,0,2024-12-31,0.2788511487469507,0.1368383428731474,0.9746140225338621
2898,engineered,50,neutral,1,2023-07-31,0.03224596341022101,0.11018712110847302,3.16444280059763
2899,engineered,50,neutral,1,2023-08-31,0.0018119445635105258,0.13032562256838462,-0.24448480657075602
2900,engineered,50,neutral,1,2023-09-30,-0.04554575870022615,0.12868287116254226,-1.6512471548013152
2901,engineered,50,neutral,1,2023-10-31,-0.07831796155014059,0.12194272586818881,-2.06886465269732
2902,engineered,50,neutral,1,2023-11-30,0.003208539476337924,0.15679556369763545,-0.22179612830628778
2903,engineered,50,neutral,1,2023-12-31,0.0691916245463795,0.15305931089037494,0.6216047119229323
2904,engineered,50,neutral,1,2024-01-31,0.05843517135244203,0.14433328350344277,0.3988777278094044
2905,engineered,50,neutral,1,2024-02-29,0.09924276102335217,0.13566111088665736,0.8002643528473767
2906,engineered,50,neutral,1,2024-03-31,0.13175047863629108,0.13069840672686872,1.0113726126141425
2907,engineered,50,neutral,1,2024-04-30,0.08106160597275602,0.13251265582013455,0.4083680075303708
2908,engineered,50,neutral,1,2024-05-31,0.12923017810552295,0.1286019714968473,0.7647478437187354
2909,engineered,50,neutral,1,2024-06-30,0.1440927134950336,0.12350921203935677,0.8000497363327577
2910,engineered,50,neutral,1,2024-07-31,0.1907199325861133,0.12070340228480368,1.079085609254028
2911,engineered,50,neutral,1,2024-08-31,0.21210802983561572,0.12306375346502318,1.1036031594378235
2912,engineered,50,neutral,1,2024-09-30,0.23698971484018783,0.1260109591523688,1.1113879221270448
2913,engineered,50,neutral,1,2024-10-31,0.21066746595880348,0.12453214075892147,0.885032418283509
2914,engineered,50,neutral,1,2024-11-30,0.27189130022740016,0.12829802655764733,1.1048278842761776
2915,engineered,50,neutral,1,2024-12-31,0.21836468407867216,0.1276641248282176,0.7555643810934414
2916,engineered,50,neutral,2,2023-07-31,0.023952355877946196,0.10436725972371083,2.2683105317736523
2917,engineered,50,neutral,2,2023-08-31,-0.00010824429418909709,0.1217471540899925,-0.3532100340786072
2918,engineered,50,neutral,2,2023-09-30,-0.044675876279023696,0.11648535592750632,-1.798145897590954
2919,engineered,50,neutral,2,2023-10-31,-0.07010540367725782,0.11240781562413123,-2.0618980160242146
2920,engineered,50,neutral,2,2023-11-30,0.01066133040795747,0.14325170204877172,-0.11863136286500119
2921,engineered,50,neutral,2,2023-12-31,0.06705307347223455,0.1395940923881353,0.6502033491451207
2922,engineered,50,neutral,2,2024-01-31,0.06070867290073778,0.13124293334132903,0.4688816675674679
2923,engineered,50,neutral,2,2024-02-29,0.0920907870976444,0.12364418675555137,0.7882037632320114
2924,engineered,50,neutral,2,2024-03-31,0.11939286830786022,0.11894118348894078,0.9714009348317377
2925,engineered,50,neutral,2,2024-04-30,0.07348444913241736,0.12053990223669318,0.37362813370546893
2926,engineered,50,neutral,2,2024-05-31,0.11687084186097008,0.11721889997791389,0.7236776029324616
2927,engineered,50,neutral,2,2024-06-30,0.13756511063671129,0.11279802356265572,0.8193846861598152
2928,engineered,50,neutral,2,2024-07-31,0.17028060226764263,0.1105171430616885,1.0122622056807316
2929,engineered,50,neutral,2,2024-08-31,0.19957680894840268,0.11049579876722418,1.1350853257318496
2930,engineered,50,neutral,2,2024-09-30,0.22734092941663953,0.11194973498219722,1.1860170418094444
2931,engineered,50,neutral,2,2024-10-31,0.19996801371010564,0.11068105687574982,0.9273444030103931
2932,engineered,50,neutral,2,2024-11-30,0.2451555286979794,0.1125955097227703,1.1030742005259335
2933,engineered,50,neutral,2,2024-12-31,0.20323575638590952,0.11202242899240665,0.7777938092178875
2934,engineered,50,neutral,3,2023-07-31,0.012260717991118275,0.0726977350442644,1.2756980980381667
2935,engineered,50,neutral,3,2023-08-31,0.002271942582643627,0.12185598730636643,-0.2394534669293238
2936,engineered,50,neutral,3,2023-09-30,-0.05669380761351128,0.12437976235309642,-2.0146825547042533
2937,engineered,50,neutral,3,2023-10-31,-0.030940090271590726,0.12573491256602395,-1.0273332104357848
2938,engineered,50,neutral,3,2023-11-30,0.062203513256850806,0.1524255204554367,0.7277757033082726
2939,engineered,50,neutral,3,2023-12-31,0.08127542314919145,0.1402592636232095,0.8557841788419096
2940,engineered,50,neutral,3,2024-01-31,0.08845511687575547,0.15056705390295264,0.7332521033002565
2941,engineered,50,neutral,3,2024-02-29,0.12840811920166884,0.14517370725961332,1.062348733889296
2942,engineered,50,neutral,3,2024-03-31,0.12355407485642278,0.14172572922687865,0.8547384669986205
2943,engineered,50,neutral,3,2024-04-30,0.08833056551884577,0.14788027582686245,0.4248872437314976
2944,engineered,50,neutral,3,2024-05-31,0.1540078771971285,0.14568760264473538,0.8613530203720509
2945,engineered,50,neutral,3,2024-06-30,0.23909984192211753,0.1451601928406924,1.3207528306526755
2946,engineered,50,neutral,3,2024-07-31,0.23348615506466497,0.14964498352753952,1.126743441873453
2947,engineered,50,neutral,3,2024-08-31,0.23516384684425784,0.15063605559756427,1.0282472284575448
2948,engineered,50,neutral,3,2024-09-30,0.26897616760543985,0.1523802767254565,1.0767236178058737
2949,engineered,50,neutral,3,2024-10-31,0.2357519719051011,0.1503311949510262,0.8508443929006595
2950,engineered,50,neutral,3,2024-11-30,0.30687500967113834,0.14877688378594758,1.1059617452466821
2951,engineered,50,neutral,3,2024-12-31,0.34186587895566145,0.1484037217071868,1.1535031512617946
2952,engineered,50,neutral,4,2023-07-31,0.012537838149686786,0.07683758711244437,1.2490809199579362
2953,engineered,50,neutral,4,2023-08-31,-0.019014197076361206,0.1343255155828586,-1.0970711471452697
2954,engineered,50,neutral,4,2023-09-30,-0.06770325641906438,0.12146893378672936,-2.3619868988142025
2955,engineered,50,neutral,4,2023-10-31,-0.06750183870643989,0.11284522009468033,-1.995650057095471
2956,engineered,50,neutral,4,2023-11-30,0.021148205476710258,0.1385553722218708,0.06013633001623987
2957,engineered,50,neutral,4,2023-12-31,0.07305654184451482,0.1326602807361019,0.7769836771278258
2958,engineered,50,neutral,4,2024-01-31,0.06284191844494758,0.12859514033592304,0.5075156463732516
2959,engineered,50,neutral,4,2024-02-29,0.1167707413223511,0.12166224839725946,1.1173260376729452
2960,engineered,50,neutral,4,2024-03-31,0.13480642172919932,0.11709480884527132,1.1640948383644172
2961,engineered,50,neutral,4,2024-04-30,0.08448582444800956,0.12199423410625818,0.4772329772376711
2962,engineered,50,neutral,4,2024-05-31,0.1633131915431607,0.12096518922273619,1.121758138391726
2963,engineered,50,neutral,4,2024-06-30,0.1985879335576468,0.11854874341594447,1.2831963000711333
2964,engineered,50,neutral,4,2024-07-31,0.23992873598978903,0.11563698119580205,1.507998791271466
2965,engineered,50,neutral,4,2024-08-31,0.2561651723358649,0.11575620059419525,1.4878078189432096
2966,engineered,50,neutral,4,2024-09-30,0.2875747668090527,0.11850856297711593,1.501843549055457
2967,engineered,50,neutral,4,2024-10-31,0.26768374396435557,0.1188375177952578,1.2647412394099469
2968,engineered,50,neutral,4,2024-11-30,0.3645638898758474,0.12176517001302527,1.6567794476586535
2969,engineered,50,neutral,4,2024-12-31,0.34320442991993083,0.11979513279864673,1.4356246979265173
2970,engineered,50,neutral,5,2023-07-31,0.028958629976827854,0.1202413344069213,2.5223614975316924
2971,engineered,50,neutral,5,2023-08-31,-0.0022221031863656204,0.139328927208228,-0.3958110031736802
2972,engineered,50,neutral,5,2023-09-30,-0.04701271836783838,0.13048488390770624,-1.6674537598291206
2973,engineered,50,neutral,5,2023-10-31,-0.07434241035750999,0.12405814439871841,-1.9539032141049788
2974,engineered,50,neutral,5,2023-11-30,0.010611317931241704,0.15540545427657537,-0.11012530988319197
2975,engineered,50,neutral,5,2023-12-31,0.06798676487316047,0.14984427010356932,0.6184748617660272
2976,engineered,50,neutral,5,2024-01-31,0.05790695096452514,0.14130741692238147,0.40090385925622785
2977,engineered,50,neutral,5,2024-02-29,0.09255835840328941,0.13309513258760686,0.7376823889604706
2978,engineered,50,neutral,5,2024-03-31,0.12063443060877854,0.1274416319965065,0.9197106971397337
2979,engineered,50,neutral,5,2024-04-30,0.07864476560984701,0.12902887618446968,0.39694592494122805
2980,engineered,50,neutral,5,2024-05-31,0.12544284025944186,0.12604389519988396,0.7473899854939632
2981,engineered,50,neutral,5,2024-06-30,0.14358103392672916,0.12110308356693691,0.8118105314164844
2982,engineered,50,neutral,5,2024-07-31,0.1738221147330059,0.11954838576710176,0.9624429395228739
2983,engineered,50,neutral,5,2024-08-31,0.20402049889349794,0.12035328475528967,1.0727490231679562
2984,engineered,50,neutral,5,2024-09-30,0.23790143723467838,0.12280557184301166,1.145987453843572
2985,engineered,50,neutral,5,2024-10-31,0.2039518352548788,0.12122726239791545,0.8699539980042252
2986,engineered,50,neutral,5,2024-11-30,0.2382547585292185,0.12245114725293953,0.9771592814992184
2987,engineered,50,neutral,5,2024-12-31,0.19912983778658688,0.12189079803164245,0.6939969651992205
2988,engineered,50,neutral,6,2023-07-31,0.02129003909345939,0.08736310563340655,2.318703960754509
2989,engineered,50,neutral,6,2023-08-31,0.003424505551748558,0.11167232189861967,-0.2008417993461629
2990,engineered,50,neutral,6,2023-09-30,-0.04564151506923342,0.10771338010278238,-1.9758010746032344
2991,engineered,50,neutral,6,2023-10-31,-0.05531637081588947,0.10352743082235788,-1.8735937204724809
2992,engineered,50,neutral,6,2023-11-30,0.021431994572687074,0.12922302656978965,0.06982141641704956
2993,engineered,50,neutral,6,2023-12-31,0.07493047386962504,0.12883817683967952,0.8299599902285317
2994,engineered,50,neutral,6,2024-01-31,0.0682803222782713,0.12176163513770859,0.6142124611716852
2995,engineered,50,neutral,6,2024-02-29,0.09573261378092845,0.1149665898671507,0.8968574193106181
2996,engineered,50,neutral,6,2024-03-31,0.12885886131182556,0.11213199074527323,1.1440533966136035
2997,engineered,50,neutral,6,2024-04-30,0.08798828736831688,0.11201913184779586,0.5572411552330953
2998,engineered,50,neutral,6,2024-05-31,0.1298172679093288,0.10939050489220774,0.9049284730423025
2999,engineered,50,neutral,6,2024-06-30,0.15777881583227793,0.10610633193542307,1.0574846718629358
3000,engineered,50,neutral,6,2024-07-31,0.19423907550963238,0.10409499267909327,1.2816231930865039
3001,engineered,50,neutral,6,2024-08-31,0.22453032157088626,0.10329368367280936,1.4144037446173228
3002,engineered,50,neutral,6,2024-09-30,0.2587473990901199,0.1052824919901385,1.4855550988050434
3003,engineered,50,neutral,6,2024-10-31,0.24751178634986326,0.10402384587051199,1.3090405690469347
3004,engineered,50,neutral,6,2024-11-30,0.2899387478309059,0.10745435102802578,1.4287867535165797
3005,engineered,50,neutral,6,2024-12-31,0.25057390415885683,0.10664238786490893,1.0895019062187354
3006,engineered,50,neutral,7,2023-07-31,0.024818229769283162,0.10105534724869707,2.4544101017851516
3007,engineered,50,neutral,7,2023-08-31,0.0035830015373239377,0.11603198899368193,-0.18527032064740914
3008,engineered,50,neutral,7,2023-09-30,-0.03675027778356088,0.10549171859575468,-1.7202430278777012
3009,engineered,50,neutral,7,2023-10-31,-0.050954637274677306,0.0978169464946374,-1.8667779546111651
3010,engineered,50,neutral,7,2023-11-30,0.019513405409205875,0.11605921781313165,0.037572347887738174
3011,engineered,50,neutral,7,2023-12-31,0.06345622538838858,0.11384913069013206,0.7327216281510589
3012,engineered,50,neutral,7,2024-01-31,0.06254152935823165,0.10832242789029667,0.597650737348166
3013,engineered,50,neutral,7,2024-02-29,0.08715878494621432,0.10281061419693886,0.8736191590693767
3014,engineered,50,neutral,7,2024-03-31,0.11567122574811428,0.09942986846475177,1.1117125781414932
3015,engineered,50,neutral,7,2024-04-30,0.08822075663283391,0.09980180291448273,0.6282517486459311
3016,engineered,50,neutral,7,2024-05-31,0.1254927718221881,0.09775786632430848,0.964204483117514
3017,engineered,50,neutral,7,2024-06-30,0.15343517721144062,0.09543308079891714,1.1312193723411315
3018,engineered,50,neutral,7,2024-07-31,0.1753312427392928,0.09587787374552621,1.214210825829263
3019,engineered,50,neutral,7,2024-08-31,0.1950276651286864,0.09606722493555388,1.2662578017587658
3020,engineered,50,neutral,7,2024-09-30,0.23213357192204187,0.09858621493606645,1.3834414294790363
3021,engineered,50,neutral,7,2024-10-31,0.21608540926892328,0.09695649029187592,1.1762438187183581
3022,engineered,50,neutral,7,2024-11-30,0.24709695927885011,0.09969769128094148,1.25859545940019
3023,engineered,50,neutral,7,2024-12-31,0.22423159507817303,0.09861869203320901,1.0146675615958192
3024,engineered,50,neutral,8,2023-07-31,0.021464330646949525,0.10099625258707028,2.0276053254405415
3025,engineered,50,neutral,8,2023-08-31,0.0001042625316798329,0.11746096489871195,-0.35564590246836963
3026,engineered,50,neutral,8,2023-09-30,-0.044369346054171754,0.11127673037031079,-1.8727017797181087
3027,engineered,50,neutral,8,2023-10-31,-0.06821044253863873,0.10820081696168979,-2.0978788127101393
3028,engineered,50,neutral,8,2023-11-30,0.010831304964597832,0.13859282140854262,-0.11967782723205574
3029,engineered,50,neutral,8,2023-12-31,0.06697614052478951,0.13547297485203105,0.6688212742597602
3030,engineered,50,neutral,8,2024-01-31,0.06349563658352864,0.1275120632951863,0.5207904410744866
3031,engineered,50,neutral,8,2024-02-29,0.09313378095038782,0.1201872829632598,0.8243344926286857
3032,engineered,50,neutral,8,2024-03-31,0.11921415749251207,0.11588373040027229,0.9949564336834483
3033,engineered,50,neutral,8,2024-04-30,0.07140047460966903,0.11760455872370941,0.3617436431509595
3034,engineered,50,neutral,8,2024-05-31,0.11495079177374024,0.11416860609643588,0.7246260060490493
3035,engineered,50,neutral,8,2024-06-30,0.13506274642148774,0.10985108971110781,0.8190700348057158
3036,engineered,50,neutral,8,2024-07-31,0.16726709366507442,0.10736742523160041,1.0167004957754395
3037,engineered,50,neutral,8,2024-08-31,0.19766410281347335,0.10725299551919773,1.1546032988715507
3038,engineered,50,neutral,8,2024-09-30,0.22160279854794762,0.10825165146804999,1.1865263181930878
3039,engineered,50,neutral,8,2024-10-31,0.19401140707653286,0.10715599565262823,0.9184225729965002
3040,engineered,50,neutral,8,2024-11-30,0.2392989196259332,0.10905380483095985,1.1035172700830573
3041,engineered,50,neutral,8,2024-12-31,0.19826149377722202,0.10868807984981198,0.773356241247739
3042,engineered,50,neutral,9,2023-07-31,0.0261659914277379,0.1050787855081737,2.5294356825628466
3043,engineered,50,neutral,9,2023-08-31,6.871937695374086e-05,0.12377506603030099,-0.3391632704243893
3044,engineered,50,neutral,9,2023-09-30,-0.04488717858953284,0.11870315010131337,-1.7707561567363435
3045,engineered,50,neutral,9,2023-10-31,-0.06956686291525882,0.11384957938876958,-2.023867894811166
3046,engineered,50,neutral,9,2023-11-30,0.011838002410155202,0.14298002353247913,-0.09910592525207643
3047,engineered,50,neutral,9,2023-12-31,0.06623467168220443,0.1396769424287183,0.637838545730933
3048,engineered,50,neutral,9,2024-01-31,0.05720698963059778,0.13161642213350877,0.42115713400959226
3049,engineered,50,neutral,9,2024-02-29,0.09176596832250938,0.12403703981350211,0.7816468739698446
3050,engineered,50,neutral,9,2024-03-31,0.1171869891843369,0.11923609109278895,0.9441279109949046
3051,engineered,50,neutral,9,2024-04-30,0.07370312077802432,0.12160048202949057,0.37252226603896976
3052,engineered,50,neutral,9,2024-05-31,0.11491516450194728,0.11874554645347767,0.696367954830872
3053,engineered,50,neutral,9,2024-06-30,0.14540078673685652,0.11489610436789352,0.87116648909699
3054,engineered,50,neutral,9,2024-07-31,0.17282805122494982,0.11292040882112316,1.011015304094354
3055,engineered,50,neutral,9,2024-08-31,0.1989198900433249,0.1124191159516469,1.110816206678537
3056,engineered,50,neutral,9,2024-09-30,0.2324016578546524,0.11462917955933982,1.1915842067124067
3057,engineered,50,neutral,9,2024-10-31,0.2099265156409469,0.1130533316481859,0.970258214704314
3058,engineered,50,neutral,9,2024-11-30,0.2542814972980729,0.1154915903231504,1.127379300451042
3059,engineered,50,neutral,9,2024-12-31,0.21635819779453924,0.11446353624114163,0.831912122625676
3060,engineered,50,seeking,0,2023-07-31,0.0307351768383175,0.19522760174662676,1.6783083547211115
3061,engineered,50,seeking,0,2023-08-31,-0.040042848789381136,0.2761604622553984,-0.9150108598662408
3062,engineered,50,seeking,0,2023-09-30,-0.10560381012929221,0.27257435389670603,-1.4765358028344948
3063,engineered,50,seeking,0,2023-10-31,-0.1486467984690446,0.24844545017026395,-1.6670921131935337
3064,engineered,50,seeking,0,2023-11-30,0.006500610740669099,0.2855669259678885,-0.0943520731559079
3065,engineered,50,seeking,0,2023-12-31,0.1220120394836508,0.27403219590517436,0.7511672753704326
3066,engineered,50,seeking,0,2024-01-31,0.08124037237990822,0.2550732423101223,0.38269416105914683
3067,engineered,50,seeking,0,2024-02-29,0.2760557799221586,0.25288067228350974,1.5583558060383436
3068,engineered,50,seeking,0,2024-03-31,0.3361879828378078,0.24626805961113601,1.6859173473531515
3069,engineered,50,seeking,0,2024-04-30,0.25717999535328184,0.26395293301993894,1.016172142102319
3070,engineered,50,seeking,0,2024-05-31,0.3648082083812909,0.2666588889606763,1.3435381232180923
3071,engineered,50,seeking,0,2024-06-30,0.3799569718864688,0.2581260370421843,1.2754237504938808
3072,engineered,50,seeking,0,2024-07-31,0.40862453336213034,0.25144664027874014,1.2907021926858016
3073,engineered,50,seeking,0,2024-08-31,0.3022595993949473,0.26574034286165094,0.7906777501091902
3074,engineered,50,seeking,0,2024-09-30,0.36173814008073824,0.2734942092267382,0.8520546490038018
3075,engineered,50,seeking,0,2024-10-31,0.3579058937826336,0.268550650519795,0.7923822529842182
3076,engineered,50,seeking,0,2024-11-30,0.6085437984133584,0.27442910732553427,1.2906330602837266
3077,engineered,50,seeking,0,2024-12-31,0.6196722537579549,0.2743526755066414,1.207179302492234
3078,engineered,50,seeking,1,2023-07-31,-0.011527734771634157,0.2119967087766223,-0.7357433410621272
3079,engineered,50,seeking,1,2023-08-31,-0.07229204750089235,0.35846757278360486,-1.0996146344255755
3080,engineered,50,seeking,1,2023-09-30,-0.09610792459151707,0.33755833894512394,-1.1104863916809498
3081,engineered,50,seeking,1,2023-10-31,-0.16271289750691276,0.3138337715759633,-1.4138053702393685
3082,engineered,50,seeking,1,2023-11-30,-0.013589167854468398,0.3261513058603854,-0.2275011827111455
3083,engineered,50,seeking,1,2023-12-31,0.05558276328118428,0.3086633830004504,0.21843258524319442
3084,engineered,50,seeking,1,2024-01-31,-0.09499184902081947,0.30548397303253905,-0.6433640244286928
3085,engineered,50,seeking,1,2024-02-29,0.03980600476511631,0.31382472617685775,0.05522560232803195
3086,engineered,50,seeking,1,2024-03-31,0.006121675269448845,0.3125276075387575,-0.1101073658463504
3087,engineered,50,seeking,1,2024-04-30,-0.02375074581394876,0.33375091692709236,-0.21089118831552928
3088,engineered,50,seeking,1,2024-05-31,-0.00999404412735494,0.33092135094327224,-0.1607615383691761
3089,engineered,50,seeking,1,2024-06-30,0.033056856331029394,0.3192922585620936,-0.03117497261315123
3090,engineered,50,seeking,1,2024-07-31,0.151335735210673,0.3304940298003603,0.2868852703697334
3091,engineered,50,seeking,1,2024-08-31,0.09163919741594295,0.33162910314487404,0.10623657676497389
3092,engineered,50,seeking,1,2024-09-30,0.24162721327057723,0.3356613034515766,0.42762833314456766
3093,engineered,50,seeking,1,2024-10-31,0.23948304963940048,0.34517397757204876,0.37816367607091456
3094,engineered,50,seeking,1,2024-11-30,0.6328300294687499,0.3768835708700329,0.9790058571706908
3095,engineered,50,seeking,1,2024-12-31,0.7446937630257848,0.3755275881636621,1.0654113515245238
3096,engineered,50,seeking,2,2023-07-31,0.010651467698791661,0.1953489295754591,0.3793853117208108
3097,engineered,50,seeking,2,2023-08-31,-0.06749894023679837,0.27851846643802386,-1.3449234356268593
3098,engineered,50,seeking,2,2023-09-30,-0.12175252399726078,0.27973771901201855,-1.5995148621439408
3099,engineered,50,seeking,2,2023-10-31,-0.11314738673994207,0.25156149532738764,-1.333639243643206
3100,engineered,50,seeking,2,2023-11-30,0.056913479085480834,0.27827132034367397,0.35002350060282905
3101,engineered,50,seeking,2,2023-12-31,0.1533474135791284,0.2707144285116006,1.0115807250386353
3102,engineered,50,seeking,2,2024-01-31,0.06097560181919226,0.25978818602368864,0.23866918698124806
3103,engineered,50,seeking,2,2024-02-29,0.3031056431342076,0.268358808201907,1.6379195672975695
3104,engineered,50,seeking,2,2024-03-31,0.3343915097619503,0.26447019339680694,1.5602535126690338
3105,engineered,50,seeking,2,2024-04-30,0.25644768891568437,0.2769461581095514,0.9652397420585485
3106,engineered,50,seeking,2,2024-05-31,0.2882204918376272,0.27018156373086233,1.0116176758042896
3107,engineered,50,seeking,2,2024-06-30,0.3189943206671704,0.2614131729152856,1.0318716970763846
3108,engineered,50,seeking,2,2024-07-31,0.37499409594851096,0.257703176971312,1.1437159269914745
3109,engineered,50,seeking,2,2024-08-31,0.29459595604194444,0.26287101340127733,0.775395365594844
3110,engineered,50,seeking,2,2024-09-30,0.409891496035486,0.2726165970212953,0.9846591582278705
3111,engineered,50,seeking,2,2024-10-31,0.44382687590042513,0.2705822282140464,1.00274580696958
3112,engineered,50,seeking,2,2024-11-30,0.8612205773714472,0.2877101896427587,1.7551334692610236
3113,engineered,50,seeking,2,2024-12-31,0.9305832540484567,0.29098229492898464,1.7165797717781368
3114,engineered,50,seeking,3,2023-07-31,0.006130377267216991,0.09051961171420353,0.2568253864299064
3115,engineered,50,seeking,3,2023-08-31,-0.04231739921074096,0.17513711733795326,-1.5041908966698343
3116,engineered,50,seeking,3,2023-09-30,-0.09466588037414392,0.1551344024741107,-2.388792814350922
3117,engineered,50,seeking,3,2023-10-31,-0.08795685622203586,0.14276460666357332,-1.9326789123684707
3118,engineered,50,seeking,3,2023-11-30,0.017036470532603598,0.17502941573335368,-0.0093717836549894
3119,engineered,50,seeking,3,2023-12-31,0.07626056164405681,0.16871301176480338,0.6500446961390204
3120,engineered,50,seeking,3,2024-01-31,0.0510137411195557,0.17329188470392984,0.2577441471307653
3121,engineered,50,seeking,3,2024-02-29,0.14180592274352,0.16648687139427143,1.0535011400349519
3122,engineered,50,seeking,3,2024-03-31,0.14443075122806937,0.1626100143662881,0.9182791371541834
3123,engineered,50,seeking,3,2024-04-30,0.08190649107424064,0.16940467912425455,0.32541458164379305
3124,engineered,50,seeking,3,2024-05-31,0.21363912125888596,0.17245487633781095,1.107555234933821
3125,engineered,50,seeking,3,2024-06-30,0.25048232657807934,0.16787387302103415,1.2083024570748713
3126,engineered,50,seeking,3,2024-07-31,0.28652914057613454,0.1645937856749822,1.312508675080598
3127,engineered,50,seeking,3,2024-08-31,0.2629880605722035,0.16628840832255723,1.0694943398418155
3128,engineered,50,seeking,3,2024-09-30,0.29540428984976774,0.17004823766779878,1.08101234203132
3129,engineered,50,seeking,3,2024-10-31,0.2628784982326622,0.17164971585855637,0.856037947723765
3130,engineered,50,seeking,3,2024-11-30,0.4140933311363286,0.17683765126825746,1.3192991678785737
3131,engineered,50,seeking,3,2024-12-31,0.4028154851759518,0.17490019579601063,1.1846231617477299
3132,engineered,50,seeking,4,2023-07-31,0.02885678904006861,0.14534603120361034,2.077164448091931
3133,engineered,50,seeking,4,2023-08-31,-0.06068214498120961,0.2752433672587897,-1.2566460487799842
3134,engineered,50,seeking,4,2023-09-30,-0.12761108482204842,0.2731772819854678,-1.6954596560556248
3135,engineered,50,seeking,4,2023-10-31,-0.18759451389433146,0.24559283816369276,-2.0100990116814645
3136,engineered,50,seeking,4,2023-11-30,-0.06420838437258569,0.28297254868949123,-0.6627870491097311
3137,engineered,50,seeking,4,2023-12-31,0.036618587146504566,0.2735888538719347,0.10724909742077292
3138,engineered,50,seeking,4,2024-01-31,-0.05782762578679712,0.25751478860636745,-0.5338188913837912
3139,engineered,50,seeking,4,2024-02-29,0.05031301771096519,0.24924998293156614,0.1335179282030537
3140,engineered,50,seeking,4,2024-03-31,0.09251481457841715,0.24349511559581694,0.32660415599393705
3141,engineered,50,seeking,4,2024-04-30,0.06614705785543773,0.2485290801971038,0.14589271502595777
3142,engineered,50,seeking,4,2024-05-31,0.1498494630933016,0.25411965458731733,0.4758785649642172
3143,engineered,50,seeking,4,2024-06-30,0.11300242450160525,0.24757833765380224,0.2761927258835047
3144,engineered,50,seeking,4,2024-07-31,0.16586847024687335,0.241231824909924,0.4472946513881546
3145,engineered,50,seeking,4,2024-08-31,0.06457824327186756,0.25121022507470187,0.04942969011491876
3146,engineered,50,seeking,4,2024-09-30,0.13406963938574323,0.2543555279128867,0.2430745237891353
3147,engineered,50,seeking,4,2024-10-31,0.08861831357930194,0.2522030941007964,0.09012639571357993
3148,engineered,50,seeking,4,2024-11-30,0.23967469030641997,0.25311378736706286,0.4764279559754277
3149,engineered,50,seeking,4,2024-12-31,0.2511380425906986,0.25175003512997113,0.46288402523323685
3150,engineered,50,seeking,5,2023-07-31,-0.017289879972729683,0.11717321432572349,-1.7774104856829849
3151,engineered,50,seeking,5,2023-08-31,-0.05386578956233545,0.19204798296204476,-1.6463087143611645
3152,engineered,50,seeking,5,2023-09-30,-0.11096527532921974,0.21871908864608686,-1.90962842302261
3153,engineered,50,seeking,5,2023-10-31,-0.11411674952414297,0.22071634209426622,-1.530118156883857
3154,engineered,50,seeking,5,2023-11-30,-0.03866980996609026,0.23086556322427154,-0.569075489386919
3155,engineered,50,seeking,5,2023-12-31,0.04927420910787461,0.22308687383973932,0.24512265674025413
3156,engineered,50,seeking,5,2024-01-31,0.01437276983502267,0.20902150111386184,-0.08683660132687661
3157,engineered,50,seeking,5,2024-02-29,0.1267925528090028,0.2056951151150828,0.737405269025646
3158,engineered,50,seeking,5,2024-03-31,0.21077299750468081,0.20225388677867148,1.186128132982315
3159,engineered,50,seeking,5,2024-04-30,0.1950093910306674,0.20602230365248636,0.9318135818156618
3160,engineered,50,seeking,5,2024-05-31,0.32061429203006986,0.21597068800748465,1.4316735310886741
3161,engineered,50,seeking,5,2024-06-30,0.28666996889431995,0.21134308024777693,1.1270219167089157
3162,engineered,50,seeking,5,2024-07-31,0.35425483777144606,0.2046870406736252,1.350003228384578
3163,engineered,50,seeking,5,2024-08-31,0.23925570424405285,0.21809517537511058,0.7256987841624446
3164,engineered,50,seeking,5,2024-09-30,0.3014234445529349,0.22161776914272976,0.8497109884089203
3165,engineered,50,seeking,5,2024-10-31,0.270626005154498,0.21934473560434403,0.6945890480090149
3166,engineered,50,seeking,5,2024-11-30,0.43797904175741054,0.22023374171354412,1.1279183019172396
3167,engineered,50,seeking,5,2024-12-31,0.45447967000502754,0.21818739424032255,1.0875745549699647
3168,engineered,50,seeking,6,2023-07-31,0.006985034626548092,0.14027726964776377,0.23310573018384084
3169,engineered,50,seeking,6,2023-08-31,-0.0797534276020786,0.29822020364368307,-1.4208457207288492
3170,engineered,50,seeking,6,2023-09-30,-0.10368921107601603,0.31273898811294487,-1.2693295555562847
3171,engineered,50,seeking,6,2023-10-31,-0.1926060956911727,0.30022933034450827,-1.6766771313236246
3172,engineered,50,seeking,6,2023-11-30,-0.08440906593214914,0.32124780509424933,-0.7175963283348216
3173,engineered,50,seeking,6,2023-12-31,-0.0015928265890977622,0.30371291158571523,-0.14962311021430266
3174,engineered,50,seeking,6,2024-01-31,-0.10329349812365118,0.28950472221347934,-0.7236905906283094
3175,engineered,50,seeking,6,2024-02-29,0.02634976048305493,0.2939807357673538,-0.010134858736743208
3176,engineered,50,seeking,6,2024-03-31,0.04243872476910626,0.2876647206553769,0.04568187202000086
3177,engineered,50,seeking,6,2024-04-30,0.020442485823376932,0.300360449892036,-0.06050435544119167
3178,engineered,50,seeking,6,2024-05-31,0.11102656589819437,0.318067451565079,0.24661499383489321
3179,engineered,50,seeking,6,2024-06-30,0.09233448830701962,0.3073217244948892,0.1566394752957785
3180,engineered,50,seeking,6,2024-07-31,0.18909764164906484,0.30335443076744956,0.4245585643643621
3181,engineered,50,seeking,6,2024-08-31,0.06048463230350043,0.3182727086835242,0.028147864273744848
3182,engineered,50,seeking,6,2024-09-30,0.14505896406026353,0.3175138372090903,0.22124693365452675
3183,engineered,50,seeking,6,2024-10-31,0.1249385236290168,0.3153067973038924,0.15545650434064212
3184,engineered,50,seeking,6,2024-11-30,0.3522683966873934,0.32545971259270257,0.5956190780260363
3185,engineered,50,seeking,6,2024-12-31,0.40927990951741466,0.32063221501393785,0.658006473379142
3186,engineered,50,seeking,7,2023-07-31,0.006147949235421057,0.12165129869300875,0.19269259873289626
3187,engineered,50,seeking,7,2023-08-31,-0.0073017571710183304,0.16418079269337285,-0.5106312377667547
3188,engineered,50,seeking,7,2023-09-30,-0.051114156877334005,0.16238376081128397,-1.426775065978816
3189,engineered,50,seeking,7,2023-10-31,0.008514340823665867,0.15561622515932624,-0.11298173381427587
3190,engineered,50,seeking,7,2023-11-30,0.09679481946249169,0.16863550556499157,1.195978157918507
3191,engineered,50,seeking,7,2023-12-31,0.16714650000680575,0.16215283019904292,1.8769120825734402
3192,engineered,50,seeking,7,2024-01-31,0.1850801854761206,0.155556318833273,1.8461264041618213
3193,engineered,50,seeking,7,2024-02-29,0.36105919353371085,0.16006733416521085,3.3643204623526115
3194,engineered,50,seeking,7,2024-03-31,0.4316920645441249,0.1580225314530176,3.493485552074592
3195,engineered,50,seeking,7,2024-04-30,0.363373158190192,0.16599547879546234,2.4099310360035298
3196,engineered,50,seeking,7,2024-05-31,0.42078193429151955,0.15864118441363229,2.6512773234853113
3197,engineered,50,seeking,7,2024-06-30,0.47079230348855483,0.15438054358239714,2.705961563922521
3198,engineered,50,seeking,7,2024-07-31,0.4762634927487066,0.14844895014216242,2.588752419839668
3199,engineered,50,seeking,7,2024-08-31,0.4447877727723406,0.15880266783308472,2.0532714224330575
3200,engineered,50,seeking,7,2024-09-30,0.5038962877411801,0.17273481349515857,1.9499233655931476
3201,engineered,50,seeking,7,2024-10-31,0.5248845979438928,0.1694914178934103,1.9217861331337402
3202,engineered,50,seeking,7,2024-11-30,0.7449193128179727,0.1717119887756689,2.5413357490025357
3203,engineered,50,seeking,7,2024-12-31,0.7584686685833673,0.17152189583367383,2.3762427619372817
3204,engineered,50,seeking,8,2023-07-31,0.0014934058828470764,0.11380311912879111,-0.2349335713549268
3205,engineered,50,seeking,8,2023-08-31,-0.035518603438323804,0.20395700915796652,-1.1323107920793807
3206,engineered,50,seeking,8,2023-09-30,-0.07210418619713932,0.18203411867784436,-1.6539327050003032
3207,engineered,50,seeking,8,2023-10-31,-0.05906358027475378,0.166335592992499,-1.2243561661036768
3208,engineered,50,seeking,8,2023-11-30,0.04050946224270158,0.17767978000003,0.31534307315094284
3209,engineered,50,seeking,8,2023-12-31,0.1020815553625476,0.17022141694027393,0.9604727223015673
3210,engineered,50,seeking,8,2024-01-31,0.05208609782995888,0.16332632334577052,0.2848656888906192
3211,engineered,50,seeking,8,2024-02-29,0.18551161882836187,0.16661856099449623,1.4721531080553305
3212,engineered,50,seeking,8,2024-03-31,0.2158530799548981,0.16506164315182217,1.4957899093501705
3213,engineered,50,seeking,8,2024-04-30,0.18114624991931394,0.17793011673720674,0.983921058287335
3214,engineered,50,seeking,8,2024-05-31,0.25926217783105665,0.1771952453831412,1.3618312410908338
3215,engineered,50,seeking,8,2024-06-30,0.30616194311067657,0.17069566344536433,1.5068868068026704
3216,engineered,50,seeking,8,2024-07-31,0.37373476403010897,0.16981099743821285,1.7291104329595393
3217,engineered,50,seeking,8,2024-08-31,0.32719198095346513,0.17584601294537486,1.3109646394223025
3218,engineered,50,seeking,8,2024-09-30,0.411055348632954,0.1848659712338799,1.4566601250668536
3219,engineered,50,seeking,8,2024-10-31,0.4171692240420828,0.18378373230548148,1.378054433543443
3220,engineered,50,seeking,8,2024-11-30,0.6618905807275739,0.1936973885576151,1.9957721650605411
3221,engineered,50,seeking,8,2024-12-31,0.722844221279225,0.19426571220373348,1.998165850809522
3222,engineered,50,seeking,9,2023-07-31,0.02162726520395264,0.09882302278195969,2.093146011988429
3223,engineered,50,seeking,9,2023-08-31,-0.01165681820813358,0.1481582126817796,-0.7281363575447379
3224,engineered,50,seeking,9,2023-09-30,-0.0764899520096658,0.14124568501136417,-2.23007485320363
3225,engineered,50,seeking,9,2023-10-31,-0.06513259682569428,0.13019537687034993,-1.683524724441455
3226,engineered,50,seeking,9,2023-11-30,0.020993007401294284,0.1512075946000899,0.052608465514890075
3227,engineered,50,seeking,9,2023-12-31,0.05774177226244137,0.14368194192215064,0.49970049684900125
3228,engineered,50,seeking,9,2024-01-31,0.031405149771341456,0.14703314239568188,0.0738679136240058
3229,engineered,50,seeking,9,2024-02-29,0.10838312984341703,0.14032934754689347,0.8751703687890977
3230,engineered,50,seeking,9,2024-03-31,0.10869430556377058,0.13713334239782815,0.7377744035738675
3231,engineered,50,seeking,9,2024-04-30,0.07602135945646071,0.1389262131110223,0.34604572575990855
3232,engineered,50,seeking,9,2024-05-31,0.19656209867716345,0.14355410867565815,1.1996406074647141
3233,engineered,50,seeking,9,2024-06-30,0.1987367503449582,0.14280808736983852,1.0662338688742463
3234,engineered,50,seeking,9,2024-07-31,0.21715986624617423,0.13828636223906063,1.1134899227066757
3235,engineered,50,seeking,9,2024-08-31,0.22181952333021693,0.1429505458293781,1.0063326458706334
3236,engineered,50,seeking,9,2024-09-30,0.2637091932264217,0.14898471039401592,1.074770960909262
3237,engineered,50,seeking,9,2024-10-31,0.20947544716248556,0.14980460441411572,0.7300967341881671
3238,engineered,50,seeking,9,2024-11-30,0.30495999348375347,0.1491036425545269,1.0952013395963924
3239,engineered,50,seeking,9,2024-12-31,0.30219459283761707,0.14759818463003407,0.9989778096295492
