,cond,age,risk-taking,iteration,date,portfolio_cumulative_return,portfolio_std_dev,sharpe_ratio
0,control,15,averse,0,2023-07-31,0.017757925201024927,0.08547550173130575,1.8544675470946763
1,control,15,averse,0,2023-08-31,-0.0009119568165047998,0.10407908990834999,-0.4576777590737013
2,control,15,averse,0,2023-09-30,-0.04869604903987457,0.10448176309851386,-2.138073619128619
3,control,15,averse,0,2023-10-31,-0.04506305113484432,0.09734919002818739,-1.7164271344508375
4,control,15,averse,0,2023-11-30,0.03073028834594349,0.12189766854640355,0.260757153858465
5,control,15,averse,0,2023-12-31,0.057471729213725675,0.11678309724944923,0.6101068864635788
6,control,15,averse,0,2024-01-31,0.07857357143197108,0.1135484823201057,0.8181753430432831
7,control,15,averse,0,2024-02-29,0.10612295742967937,0.1081933637032778,1.1025053748033085
8,control,15,averse,0,2024-03-31,0.12990252004329816,0.10324005152216748,1.256219625477578
9,control,15,averse,0,2024-04-30,0.08547760171020502,0.10537816694254053,0.5637722218994621
10,control,15,averse,0,2024-05-31,0.12545259274557852,0.10267704729712535,0.9175820423637093
11,control,15,averse,0,2024-06-30,0.1553438342389255,0.09997586587995784,1.0984983974876845
12,control,15,averse,0,2024-07-31,0.1636822863252423,0.0972093601399175,1.0897489533882692
13,control,15,averse,0,2024-08-31,0.20131823770465695,0.09479528535627794,1.3383279128771786
14,control,15,averse,0,2024-09-30,0.22747720157104667,0.09484740657758574,1.400956521362369
15,control,15,averse,0,2024-10-31,0.19078962844545444,0.09601339548287016,1.0011836908394511
16,control,15,averse,0,2024-11-30,0.2551608391896971,0.0983491193151705,1.3297570435376256
17,control,15,averse,0,2024-12-31,0.2045444932014271,0.09852993503968475,0.8925090968518651
18,control,15,averse,1,2023-07-31,0.014965475214677948,0.06878232854467034,1.8127183290922328
19,control,15,averse,1,2023-08-31,-0.010005220166132367,0.12322947960766077,-0.8019234115335309
20,control,15,averse,1,2023-09-30,-0.05813485976280308,0.11396726612294268,-2.2411085696904522
21,control,15,averse,1,2023-10-31,-0.05910139704491668,0.10710373935435766,-1.9023741590005203
22,control,15,averse,1,2023-11-30,0.024931342039934412,0.1315558443940395,0.1334511737433158
23,control,15,averse,1,2023-12-31,0.05943403703309058,0.12334864582976816,0.6099259703935384
24,control,15,averse,1,2024-01-31,0.058205885945313396,0.12493999392391027,0.45759301803663416
25,control,15,averse,1,2024-02-29,0.0722305003464836,0.11892759082459607,0.5616576615925043
26,control,15,averse,1,2024-03-31,0.07551076138994439,0.11482084517590035,0.4953787156533676
27,control,15,averse,1,2024-04-30,0.03355364603224631,0.11778687762058737,-0.02209829575131717
28,control,15,averse,1,2024-05-31,0.09735973372127904,0.11649903211324081,0.5451691605758225
29,control,15,averse,1,2024-06-30,0.14540898919031275,0.11617052026924089,0.8616787006178728
30,control,15,averse,1,2024-07-31,0.1684081893765743,0.11581811157610603,0.9513835146214032
31,control,15,averse,1,2024-08-31,0.18257355781635098,0.11549614469449734,0.9636401352221932
32,control,15,averse,1,2024-09-30,0.2056059956578027,0.11630717977430244,1.0003420061436585
33,control,15,averse,1,2024-10-31,0.16984701036729843,0.11562599156193948,0.7024275800345084
34,control,15,averse,1,2024-11-30,0.2237099488232397,0.11715158120051065,0.9393464386057941
35,control,15,averse,1,2024-12-31,0.2139225566086087,0.1149735882913385,0.8151758143133568
36,control,15,averse,2,2023-07-31,0.005932010134560128,0.04355176540976386,0.4836715402499615
37,control,15,averse,2,2023-08-31,-0.013023573511592446,0.11099291896995292,-1.0389973072071406
38,control,15,averse,2,2023-09-30,-0.0552386414820526,0.09905529280437277,-2.4803185212208834
39,control,15,averse,2,2023-10-31,-0.04754368143383236,0.09553131410956742,-1.8176783918357078
40,control,15,averse,2,2023-11-30,0.023058574040286883,0.11223887506850826,0.11568426754332942
41,control,15,averse,2,2023-12-31,0.038851631669804654,0.1042238275674123,0.32423386116505704
42,control,15,averse,2,2024-01-31,0.036994579101660374,0.10764564605111676,0.19000193485770406
43,control,15,averse,2,2024-02-29,0.03490203126519731,0.10364933610275899,0.09565245246125018
44,control,15,averse,2,2024-03-31,0.02607781444108137,0.1008355161520294,-0.08274957161099891
45,control,15,averse,2,2024-04-30,0.00024209902523519844,0.10308810090260398,-0.4083006959248908
46,control,15,averse,2,2024-05-31,0.05828674649880017,0.10425561680082264,0.20063766652275503
47,control,15,averse,2,2024-06-30,0.10822127627695322,0.10716691835033984,0.5943781466318429
48,control,15,averse,2,2024-07-31,0.12125198380760738,0.10933860118564359,0.6189474983464532
49,control,15,averse,2,2024-08-31,0.13819624953089638,0.10771441639398777,0.6896728476464841
50,control,15,averse,2,2024-09-30,0.15801852874825073,0.10581260274983172,0.7575512280772473
51,control,15,averse,2,2024-10-31,0.1251077313537039,0.10503994799722358,0.4678071537377453
52,control,15,averse,2,2024-11-30,0.1569716393060827,0.10457648374342546,0.6264692580548596
53,control,15,averse,2,2024-12-31,0.16811720911237993,0.10250996832594722,0.6372171909759972
54,control,15,averse,3,2023-07-31,0.017991585954467038,0.08034399849078577,2.008637494082023
55,control,15,averse,3,2023-08-31,0.0035543446904156006,0.09800942403917974,-0.22105730216020664
56,control,15,averse,3,2023-09-30,-0.03757378173810877,0.09545246733843375,-1.9319736428642649
57,control,15,averse,3,2023-10-31,-0.027749144292162575,0.08878394445025752,-1.3567502982700534
58,control,15,averse,3,2023-11-30,0.042722122196435564,0.10843578474235788,0.5677003229081865
59,control,15,averse,3,2023-12-31,0.056314427161046954,0.10161404030875767,0.6780964675110185
60,control,15,averse,3,2024-01-31,0.09169814318812697,0.10146094363054299,1.1449807248139936
61,control,15,averse,3,2024-02-29,0.12377350202551507,0.09826285336341942,1.495280670159249
62,control,15,averse,3,2024-03-31,0.14884988539894883,0.09447568311614502,1.643883290656388
63,control,15,averse,3,2024-04-30,0.11193594098160276,0.09708658149749211,0.9395520534973154
64,control,15,averse,3,2024-05-31,0.1540947346070638,0.0940797223771128,1.3348645079606998
65,control,15,averse,3,2024-06-30,0.1901823927055526,0.09250383532271039,1.555632326487313
66,control,15,averse,3,2024-07-31,0.18043646436385252,0.09194826408335705,1.3160328849483203
67,control,15,averse,3,2024-08-31,0.2104576222199006,0.09088461911315651,1.479302817293357
68,control,15,averse,3,2024-09-30,0.2345729566639998,0.09238449113338132,1.496209589359548
69,control,15,averse,3,2024-10-31,0.20179100976191955,0.09325857963065498,1.1144434843352973
70,control,15,averse,3,2024-11-30,0.2635462551361478,0.09465879224073888,1.439723245708763
71,control,15,averse,3,2024-12-31,0.23118828881380327,0.0941634682405516,1.1080116014112504
72,control,15,averse,4,2023-07-31,0.018639920996681214,0.08189631450080581,2.0682126637531075
73,control,15,averse,4,2023-08-31,0.002532278616569128,0.09541308993559282,-0.2898693816798557
74,control,15,averse,4,2023-09-30,-0.04083875741580967,0.09318212486699586,-2.103353347918722
75,control,15,averse,4,2023-10-31,-0.05702857371047543,0.08967858703757373,-2.212378888265617
76,control,15,averse,4,2023-11-30,0.010424386414014553,0.11472808254805807,-0.1530772651132487
77,control,15,averse,4,2023-12-31,0.052536768043647486,0.1135293228699626,0.5396201817080784
78,control,15,averse,4,2024-01-31,0.05691868958013968,0.10712621750882508,0.5127509436954415
79,control,15,averse,4,2024-02-29,0.07926815903824003,0.10129382542263776,0.7663845110001265
80,control,15,averse,4,2024-03-31,0.10158524604614771,0.09760785637832048,0.9389646065094215
81,control,15,averse,4,2024-04-30,0.06221617014728409,0.09874140855573589,0.31962423603045
82,control,15,averse,4,2024-05-31,0.09578162781846311,0.09638311212343134,0.641075797352022
83,control,15,averse,4,2024-06-30,0.11587433701729499,0.0932035304177427,0.7638262906408967
84,control,15,averse,4,2024-07-31,0.14337960959482143,0.09028668315798395,0.97071505052493
85,control,15,averse,4,2024-08-31,0.17549269608290885,0.0890170007119851,1.1841050546095462
86,control,15,averse,4,2024-09-30,0.1982179842518217,0.08822384945248427,1.2553159856820844
87,control,15,averse,4,2024-10-31,0.1748083689533424,0.0879949954473482,0.9632005299642443
88,control,15,averse,4,2024-11-30,0.22747544216251692,0.09077074162931272,1.2397900374609587
89,control,15,averse,4,2024-12-31,0.18302700944367323,0.09079719133023614,0.8216923745043234
90,control,15,averse,5,2023-07-31,0.021142872222513764,0.12042175346238485,1.6666816675109841
91,control,15,averse,5,2023-08-31,-0.003111529695601245,0.13099525726748062,-0.45972417090029577
92,control,15,averse,5,2023-09-30,-0.052125825638163814,0.12002119364582214,-1.95912816663281
93,control,15,averse,5,2023-10-31,-0.07435101297180724,0.11913810144960567,-2.034773777126996
94,control,15,averse,5,2023-11-30,-0.011352333601292064,0.12993861976396875,-0.5310388068483682
95,control,15,averse,5,2023-12-31,0.010937315634650835,0.12391256766519848,-0.17113658958276817
96,control,15,averse,5,2024-01-31,0.0044902750857716,0.11634288926340597,-0.29940413671660876
97,control,15,averse,5,2024-02-29,0.005792718309811873,0.11102371502356229,-0.30406699061768977
98,control,15,averse,5,2024-03-31,-0.0028628978992828458,0.10717473161890757,-0.43011289988335594
99,control,15,averse,5,2024-04-30,-0.03692188805089758,0.10481199410183746,-0.8192198195815409
100,control,15,averse,5,2024-05-31,0.015723297473977604,0.1109678378131033,-0.22828585998645787
101,control,15,averse,5,2024-06-30,0.04673437503648992,0.10884274605187498,0.03174878782486495
102,control,15,averse,5,2024-07-31,0.10545616183825457,0.10745987331561098,0.49692699624915965
103,control,15,averse,5,2024-08-31,0.14495714579546748,0.10698305043253073,0.7472173932562562
104,control,15,averse,5,2024-09-30,0.1490646867780172,0.10447850077482251,0.7017181341825968
105,control,15,averse,5,2024-10-31,0.12882603244675783,0.10393537503782353,0.49855016962934606
106,control,15,averse,5,2024-11-30,0.1502079358517392,0.10339073732924753,0.5895957467828992
107,control,15,averse,5,2024-12-31,0.1289523032154285,0.10075484253598586,0.40427711129650246
108,control,15,averse,6,2023-07-31,0.01874017942387307,0.08610113465173017,1.9816223351992845
109,control,15,averse,6,2023-08-31,-0.0020224627664702233,0.1103194863937613,-0.48954264959217064
110,control,15,averse,6,2023-09-30,-0.04690946795678297,0.10091489594180655,-2.1525068421918103
111,control,15,averse,6,2023-10-31,-0.05677231496948376,0.10169007976966307,-1.9445383499817785
112,control,15,averse,6,2023-11-30,0.02214743709704381,0.12480951295092423,0.08624362919984747
113,control,15,averse,6,2023-12-31,0.05323054433113206,0.11745439918754133,0.5335191970764112
114,control,15,averse,6,2024-01-31,0.06119437146090623,0.11384538304730414,0.5479839532974405
115,control,15,averse,6,2024-02-29,0.08497836527546099,0.10836552450599482,0.7977194797543239
116,control,15,averse,6,2024-03-31,0.09203679226225492,0.10424970515125065,0.756725527139224
117,control,15,averse,6,2024-04-30,0.044058472433700535,0.10665190707102422,0.0928078418607524
118,control,15,averse,6,2024-05-31,0.09775236977431745,0.1053126566095941,0.6071477988614477
119,control,15,averse,6,2024-06-30,0.13777574413050653,0.10377841573739344,0.892585702269517
120,control,15,averse,6,2024-07-31,0.16263494546513968,0.1024082443498299,1.0252193475415643
121,control,15,averse,6,2024-08-31,0.19004997168962223,0.10200778957370142,1.1519846942780554
122,control,15,averse,6,2024-09-30,0.20709055545406008,0.10357380327021881,1.1341765618015622
123,control,15,averse,6,2024-10-31,0.18123112331269287,0.10299601871470097,0.8673266029943011
124,control,15,averse,6,2024-11-30,0.22486972962968554,0.10350869191708492,1.0705701617742467
125,control,15,averse,6,2024-12-31,0.203486833113123,0.10162604337424144,0.8588889458205367
126,control,15,averse,7,2023-07-31,0.011080183491035012,0.09442476815284401,0.837152299531623
127,control,15,averse,7,2023-08-31,-0.00646888979416671,0.09672081502463241,-0.8186445985313091
128,control,15,averse,7,2023-09-30,-0.043178450129657486,0.0883813504889751,-2.3107038161373246
129,control,15,averse,7,2023-10-31,-0.0340609782730954,0.08590375976789681,-1.6022823229944774
130,control,15,averse,7,2023-11-30,0.041689227534913,0.11055960703302055,0.533432288476211
131,control,15,averse,7,2023-12-31,0.08546557650819131,0.10552736715144603,1.2198036910818626
132,control,15,averse,7,2024-01-31,0.10588487189176288,0.09683160423131693,1.4616728659961367
133,control,15,averse,7,2024-02-29,0.1803781218856455,0.09514240361946735,2.491135753175886
134,control,15,averse,7,2024-03-31,0.20778122492656292,0.09318356788212177,2.530291208395806
135,control,15,averse,7,2024-04-30,0.1385496823236716,0.09952070751635299,1.2394654083121015
136,control,15,averse,7,2024-05-31,0.18329836555637957,0.09742819671235389,1.6179562380223056
137,control,15,averse,7,2024-06-30,0.17535131228475898,0.09720609940777732,1.3311584273788097
138,control,15,averse,7,2024-07-31,0.2194020305701192,0.09370759908773096,1.6646550987240185
139,control,15,averse,7,2024-08-31,0.24731512077616968,0.09388649904822428,1.7566370778841716
140,control,15,averse,7,2024-09-30,0.26225643925457276,0.09722626701795138,1.6357220808897113
141,control,15,averse,7,2024-10-31,0.27828409448895286,0.09871314417586764,1.5975520607957407
142,control,15,averse,7,2024-11-30,0.3735320116812917,0.10038908168286723,2.066739617898315
143,control,15,averse,7,2024-12-31,0.33303099548510295,0.0991319548282619,1.6737176755762622
144,control,15,averse,8,2023-07-31,0.015615971202586065,0.06083732594901991,2.177699140913391
145,control,15,averse,8,2023-08-31,0.0062100637566211425,0.0732682151939298,-0.08134805798862275
146,control,15,averse,8,2023-09-30,-0.022955272106072844,0.06935759362185272,-1.8899818763821987
147,control,15,averse,8,2023-10-31,-0.03645042141978694,0.06839163196437098,-2.1068723534286553
148,control,15,averse,8,2023-11-30,0.01600604741838385,0.08468267542959004,-0.04878114704802201
149,control,15,averse,8,2023-12-31,0.04669941936798394,0.08130535996279988,0.6088755408706973
150,control,15,averse,8,2024-01-31,0.0549004951893759,0.077258108082342,0.6655174832610607
151,control,15,averse,8,2024-02-29,0.07898442839896602,0.07363342054802714,1.0483363622992952
152,control,15,averse,8,2024-03-31,0.09862291300282333,0.07109584842507019,1.233369839151293
153,control,15,averse,8,2024-04-30,0.07120250792566996,0.07314076019097354,0.5784160920985604
154,control,15,averse,8,2024-05-31,0.10153980733346102,0.07059662665819702,0.9642955411297417
155,control,15,averse,8,2024-06-30,0.12305520512048784,0.06863532522744159,1.139671174251322
156,control,15,averse,8,2024-07-31,0.1351974939242626,0.06771653289280623,1.1852814852092235
157,control,15,averse,8,2024-08-31,0.15254748365840642,0.06832006873345697,1.2628647534622484
158,control,15,averse,8,2024-09-30,0.16908063211291857,0.0701702134984904,1.2626223690732938
159,control,15,averse,8,2024-10-31,0.1577885736780027,0.06940435119593466,1.0460999651235101
160,control,15,averse,8,2024-11-30,0.1942468587869437,0.07149198818999272,1.2655642407239809
161,control,15,averse,8,2024-12-31,0.17642788862049286,0.07074731106222346,0.9965354611541977
162,control,15,averse,9,2023-07-31,0.016161690719824984,0.08268275278762253,1.6819394644263825
163,control,15,averse,9,2023-08-31,-0.00043234507431511027,0.08337031807327511,-0.5382309061767143
164,control,15,averse,9,2023-09-30,-0.0376812892238545,0.07978660184779136,-2.316114954742856
165,control,15,averse,9,2023-10-31,-0.060858150332350536,0.08239229209899897,-2.5277465774070382
166,control,15,averse,9,2023-11-30,0.00039453897349983613,0.10812218981751164,-0.3833095611672805
167,control,15,averse,9,2023-12-31,0.041621230388231734,0.1079837159247541,0.3641786951205047
168,control,15,averse,9,2024-01-31,0.03902037478604381,0.10004228760898985,0.23927834851991303
169,control,15,averse,9,2024-02-29,0.05836050658848113,0.09458613479155688,0.4815384695598629
170,control,15,averse,9,2024-03-31,0.07112715026927918,0.09116460833489617,0.5600731761469734
171,control,15,averse,9,2024-04-30,0.023888035186225176,0.09210197793677492,-0.15292656651778974
172,control,15,averse,9,2024-05-31,0.053535002064863724,0.09104820731318487,0.17294673214870943
173,control,15,averse,9,2024-06-30,0.06810335422426039,0.08786381322762578,0.2776950839295787
174,control,15,averse,9,2024-07-31,0.1063470094773229,0.08539887572796925,0.6347304951171325
175,control,15,averse,9,2024-08-31,0.13627758563686276,0.08444355847885888,0.8607271911260264
176,control,15,averse,9,2024-09-30,0.14970787181871814,0.08359377532219371,0.8829181719268056
177,control,15,averse,9,2024-10-31,0.13197023061350555,0.08321439069093313,0.6498902475197382
178,control,15,averse,9,2024-11-30,0.16112277366987415,0.08380433877929953,0.8150620194543504
179,control,15,averse,9,2024-12-31,0.1192941388738522,0.08366253855219741,0.41386261874626956
180,control,15,neutral,0,2023-07-31,0.017504517387592067,0.1032821546122487,1.5046697142534662
181,control,15,neutral,0,2023-08-31,-0.021928225270715584,0.17277536088162165,-0.9412053830838923
182,control,15,neutral,0,2023-09-30,-0.0720322419173266,0.1540492374739543,-1.9528967010384755
183,control,15,neutral,0,2023-10-31,-0.07163822230264238,0.14109225454054167,-1.670024533617023
184,control,15,neutral,0,2023-11-30,0.030705454625722828,0.1712789525307003,0.18522135018952535
185,control,15,neutral,0,2023-12-31,0.08436305703608027,0.1618984073582247,0.7809395055996334
186,control,15,neutral,0,2024-01-31,0.08014616075498915,0.16512059849123917,0.5794584044080298
187,control,15,neutral,0,2024-02-29,0.17207212459984578,0.1570933545181187,1.4237398353925013
188,control,15,neutral,0,2024-03-31,0.18542992627532606,0.15101454706356726,1.3582629991884203
189,control,15,neutral,0,2024-04-30,0.12913546527813358,0.15878051611566388,0.7051845231658231
190,control,15,neutral,0,2024-05-31,0.2497914182319283,0.1588343475769673,1.4534281476588302
191,control,15,neutral,0,2024-06-30,0.2960483659421802,0.15481074303744202,1.5977279106770248
192,control,15,neutral,0,2024-07-31,0.31415316938730875,0.15198968055662493,1.583382216453563
193,control,15,neutral,0,2024-08-31,0.2974523639138178,0.15574659052014325,1.323769200945365
194,control,15,neutral,0,2024-09-30,0.32829784658068784,0.163551301295769,1.273548355690001
195,control,15,neutral,0,2024-10-31,0.3050703281042899,0.16291832950210655,1.0823240323869627
196,control,15,neutral,0,2024-11-30,0.44918668132356454,0.16816818623078472,1.519115909031209
197,control,15,neutral,0,2024-12-31,0.4456788102799092,0.16668641958020525,1.3929931139905107
198,control,15,neutral,1,2023-07-31,0.012060257073605696,0.09002046941105941,1.0042684241008943
199,control,15,neutral,1,2023-08-31,-0.026039914979074208,0.20792631567266956,-0.8838331311664099
200,control,15,neutral,1,2023-09-30,-0.07843218431419985,0.1803152335646504,-1.7807050804708866
201,control,15,neutral,1,2023-10-31,-0.08324812850924057,0.17018235691827835,-1.5538079265486213
202,control,15,neutral,1,2023-11-30,0.0226705301514869,0.1892132618631587,0.06362324617234702
203,control,15,neutral,1,2023-12-31,0.06699710435930784,0.17894651610996432,0.5065763927387555
204,control,15,neutral,1,2024-01-31,0.029304531309364945,0.17312706101803024,0.04196517610056765
205,control,15,neutral,1,2024-02-29,0.09174443246882724,0.16574873361488554,0.584739155424515
206,control,15,neutral,1,2024-03-31,0.08288614701789232,0.16224755598192844,0.41103584330246445
207,control,15,neutral,1,2024-04-30,0.05251442610352619,0.17474534050325027,0.1143239674235851
208,control,15,neutral,1,2024-05-31,0.13972731362490665,0.1770157172078733,0.6205108549731366
209,control,15,neutral,1,2024-06-30,0.2055892062152962,0.1745033466457248,0.910966300536393
210,control,15,neutral,1,2024-07-31,0.2643053898087999,0.17785410154258968,1.1030643218721552
211,control,15,neutral,1,2024-08-31,0.27043855060048605,0.1781989124296672,1.032430672912782
212,control,15,neutral,1,2024-09-30,0.3285502097049,0.18145004960461497,1.148953657890066
213,control,15,neutral,1,2024-10-31,0.3196952188939457,0.1791122399679944,1.0410295897902375
214,control,15,neutral,1,2024-11-30,0.4772219287718944,0.18417882002926916,1.482579387926268
215,control,15,neutral,1,2024-12-31,0.5215862681218055,0.18176725567521682,1.5176411686387623
216,control,15,neutral,2,2023-07-31,0.02523940555095172,0.10700809234189756,2.369515479847783
217,control,15,neutral,2,2023-08-31,-0.0023293721844205306,0.17665471852631454,-0.3156495872274025
218,control,15,neutral,2,2023-09-30,-0.051738743974523826,0.15813017451278322,-1.4786392857656538
219,control,15,neutral,2,2023-10-31,-0.03230816946570614,0.1538798759923328,-0.86360297393868
220,control,15,neutral,2,2023-11-30,0.06914907390279512,0.17772426348051834,0.7249205322844849
221,control,15,neutral,2,2023-12-31,0.10133798449895148,0.16648119100849806,0.9726419501363285
222,control,15,neutral,2,2024-01-31,0.10880540117598536,0.17354985768208842,0.8457824737881343
223,control,15,neutral,2,2024-02-29,0.16171601014580506,0.16441896046439816,1.2594413834782314
224,control,15,neutral,2,2024-03-31,0.18242408620528572,0.1583819864307773,1.2691270159459949
225,control,15,neutral,2,2024-04-30,0.15020507771989333,0.16743174472373626,0.8210447345142815
226,control,15,neutral,2,2024-05-31,0.26080828901445985,0.1625422051103577,1.4951042999519994
227,control,15,neutral,2,2024-06-30,0.3340232313704039,0.16026691963014542,1.7746132672009147
228,control,15,neutral,2,2024-07-31,0.3261654291582914,0.1619603816394767,1.5519384461749983
229,control,15,neutral,2,2024-08-31,0.32043886753733686,0.16085521944132464,1.398801661658344
230,control,15,neutral,2,2024-09-30,0.35378821768279,0.16712693137532272,1.3592176995824015
231,control,15,neutral,2,2024-10-31,0.33197283071882056,0.164321619605644,1.1863540249160822
232,control,15,neutral,2,2024-11-30,0.4230834750058725,0.1638994134439535,1.45818357694771
233,control,15,neutral,2,2024-12-31,0.46506095260852254,0.16246897176811545,1.4982262572245897
234,control,15,neutral,3,2023-07-31,-0.004696679724618957,0.09138840242364467,-0.9865404834472875
235,control,15,neutral,3,2023-08-31,-0.04391079401889486,0.2127665486210962,-1.2732168121747258
236,control,15,neutral,3,2023-09-30,-0.0812285222790563,0.1810605116779039,-1.8215070088760168
237,control,15,neutral,3,2023-10-31,-0.09069007948004482,0.17064941276976633,-1.6556457152713702
238,control,15,neutral,3,2023-11-30,0.012385890738985328,0.1835017184967432,-0.07004688087958559
239,control,15,neutral,3,2023-12-31,0.057688241704748844,0.17614554720062445,0.40698924912874956
240,control,15,neutral,3,2024-01-31,-0.004868185954840509,0.16783774675170754,-0.3010620972624845
241,control,15,neutral,3,2024-02-29,0.07177271096490956,0.16733945464932615,0.3949641607771477
242,control,15,neutral,3,2024-03-31,0.062078990024892367,0.16580260625547316,0.23562056678546026
243,control,15,neutral,3,2024-04-30,0.03771078639861125,0.1801007465719606,0.013000886187613627
244,control,15,neutral,3,2024-05-31,0.10383164351123231,0.18320902877887568,0.3852383382367067
245,control,15,neutral,3,2024-06-30,0.1512147780959563,0.17774466471273762,0.5951405918050602
246,control,15,neutral,3,2024-07-31,0.23418391977692887,0.1831624771917126,0.9239689154065203
247,control,15,neutral,3,2024-08-31,0.22326254263705247,0.18301803736307978,0.7925447439580001
248,control,15,neutral,3,2024-09-30,0.3054379718863449,0.18488828360606058,1.034684942657471
249,control,15,neutral,3,2024-10-31,0.3011583400750708,0.18578678151955344,0.9344886315442402
250,control,15,neutral,3,2024-11-30,0.5091335080042472,0.1972106747812959,1.4855414552854906
251,control,15,neutral,3,2024-12-31,0.5659446534218004,0.19540224606453127,1.540559815823464
252,control,15,neutral,4,2023-07-31,0.022259003542809852,0.12079992853059285,1.779042305720743
253,control,15,neutral,4,2023-08-31,0.004400459626941133,0.18519007022001163,-0.09008815429122381
254,control,15,neutral,4,2023-09-30,-0.06486420721065078,0.17432767236974722,-1.5927685331164765
255,control,15,neutral,4,2023-10-31,-0.026075589221633,0.17000038246748825,-0.6815617316372445
256,control,15,neutral,4,2023-11-30,0.0865469973221562,0.20405734201913447,0.8545871365786307
257,control,15,neutral,4,2023-12-31,0.140672028135731,0.19374534697919993,1.2703887904234814
258,control,15,neutral,4,2024-01-31,0.18046146632063542,0.19470932839214203,1.4303170587431646
259,control,15,neutral,4,2024-02-29,0.3671292147531162,0.1915933471890766,2.8654652731071018
260,control,15,neutral,4,2024-03-31,0.42257015026109657,0.1842316959521907,2.9248804059384432
261,control,15,neutral,4,2024-04-30,0.36101595753747207,0.2033394355376305,1.9528471211358334
262,control,15,neutral,4,2024-05-31,0.5404433919204215,0.20025209999661409,2.769219079014749
263,control,15,neutral,4,2024-06-30,0.637870053692503,0.19875944528366796,2.9196911844613274
264,control,15,neutral,4,2024-07-31,0.6623496104771829,0.19387882794828123,2.8238760897444624
265,control,15,neutral,4,2024-08-31,0.6397613437505418,0.20378448618951855,2.3652316090152214
266,control,15,neutral,4,2024-09-30,0.6966903405441962,0.21625977818171413,2.1932907155645514
267,control,15,neutral,4,2024-10-31,0.7320372961872499,0.21342976108772807,2.162330043407374
268,control,15,neutral,4,2024-11-30,0.957855278062413,0.211736527400346,2.6495076996076308
269,control,15,neutral,4,2024-12-31,0.9979617336015834,0.2087566188168903,2.5613894346341257
270,control,15,neutral,5,2023-07-31,0.02770849093563421,0.11801927028829055,2.42660051482769
271,control,15,neutral,5,2023-08-31,-0.0008514419935125028,0.17235934537909525,-0.2743484187996114
272,control,15,neutral,5,2023-09-30,-0.0695608019119961,0.16538040862783365,-1.771134619552385
273,control,15,neutral,5,2023-10-31,-0.05068680454102592,0.1559735260066923,-1.1662323660973353
274,control,15,neutral,5,2023-11-30,0.07541796026703285,0.1944545635395603,0.7463583162505888
275,control,15,neutral,5,2023-12-31,0.12447282813004246,0.18083213980465823,1.1675013397950513
276,control,15,neutral,5,2024-01-31,0.15487486444915444,0.18269283053249746,1.2634589900307627
277,control,15,neutral,5,2024-02-29,0.2858513359703958,0.17787666730294893,2.3077299671896
278,control,15,neutral,5,2024-03-31,0.32088617551539,0.16998521800687227,2.31505799043338
279,control,15,neutral,5,2024-04-30,0.25245735208670705,0.18435549006897456,1.4233649675312237
280,control,15,neutral,5,2024-05-31,0.3651714880997903,0.1772863571897865,2.023112662339807
281,control,15,neutral,5,2024-06-30,0.4368625183489252,0.17397827982163486,2.211151942476679
282,control,15,neutral,5,2024-07-31,0.42667518443248476,0.17322543883232563,1.9657246174647545
283,control,15,neutral,5,2024-08-31,0.428960646557192,0.17765504694270914,1.7633925032847777
284,control,15,neutral,5,2024-09-30,0.4681145065575123,0.18697286428408266,1.662806293123595
285,control,15,neutral,5,2024-10-31,0.4782659018392108,0.1845382652579237,1.5960489291485844
286,control,15,neutral,5,2024-11-30,0.6332857481394527,0.1840275902039516,2.006481792465024
287,control,15,neutral,5,2024-12-31,0.6460068038881042,0.18227397759673267,1.897432711950638
288,control,15,neutral,6,2023-07-31,0.014624385243026117,0.1269078131871001,0.9503789420234874
289,control,15,neutral,6,2023-08-31,-0.0036619538961658593,0.22062889632194,-0.2871372929615385
290,control,15,neutral,6,2023-09-30,-0.06180594851427634,0.20014214928347981,-1.3371036866554444
291,control,15,neutral,6,2023-10-31,-0.10044614406908614,0.20013958181746666,-1.5281759304599019
292,control,15,neutral,6,2023-11-30,0.00891452570341178,0.21679446002971497,-0.09768774466838023
293,control,15,neutral,6,2023-12-31,0.043429522127122366,0.20201008085522956,0.21258801406294003
294,control,15,neutral,6,2024-01-31,-0.012453409724019204,0.19568556462169379,-0.3228568475776543
295,control,15,neutral,6,2024-02-29,0.040363439159732506,0.18571522302490198,0.09786655689573952
296,control,15,neutral,6,2024-03-31,0.009919391749311668,0.18711908125147897,-0.15745435752977988
297,control,15,neutral,6,2024-04-30,0.0007043228105605426,0.20239363398089033,-0.20526649509435743
298,control,15,neutral,6,2024-05-31,0.05598585293448077,0.20192651864703395,0.09118862012207253
299,control,15,neutral,6,2024-06-30,0.1435381343660982,0.19827314251483583,0.4956333149459163
300,control,15,neutral,6,2024-07-31,0.19602866387625073,0.21296118038430478,0.6340020918295719
301,control,15,neutral,6,2024-08-31,0.19251600408893887,0.2129222559856842,0.561519559560659
302,control,15,neutral,6,2024-09-30,0.2680800690721761,0.2130407213121553,0.7669902865157654
303,control,15,neutral,6,2024-10-31,0.24749264285826778,0.21206894013745528,0.6420459287356125
304,control,15,neutral,6,2024-11-30,0.40560089597176496,0.21869136060987163,1.0421692791381045
305,control,15,neutral,6,2024-12-31,0.4834882873940376,0.21812418440069864,1.164647238500786
306,control,15,neutral,7,2023-07-31,0.0022776321116260156,0.22134162174416158,-0.08328527790851221
307,control,15,neutral,7,2023-08-31,-0.05919266806393897,0.31211856583835307,-1.0876575560424124
308,control,15,neutral,7,2023-09-30,-0.103569588278002,0.281879328722083,-1.4070709815223659
309,control,15,neutral,7,2023-10-31,-0.1310986558321101,0.2509646214932947,-1.498387737395751
310,control,15,neutral,7,2023-11-30,-0.008407061877421684,0.26079293904077383,-0.23825229553692867
311,control,15,neutral,7,2023-12-31,0.098046652308589,0.25241152681020224,0.614095131659029
312,control,15,neutral,7,2024-01-31,0.010108360075389289,0.23762275962196253,-0.10673690078961284
313,control,15,neutral,7,2024-02-29,0.12373038192028907,0.23936596978303473,0.6135489763419864
314,control,15,neutral,7,2024-03-31,0.1262776398370582,0.23470577696533798,0.5317565282726506
315,control,15,neutral,7,2024-04-30,0.09401563607372787,0.25655803465785204,0.2715120532871274
316,control,15,neutral,7,2024-05-31,0.11616790379672137,0.2557026396577998,0.3287418148323089
317,control,15,neutral,7,2024-06-30,0.12483791354040363,0.24603079386334586,0.325028103271157
318,control,15,neutral,7,2024-07-31,0.17728840389264344,0.2438520309343391,0.4846224981732618
319,control,15,neutral,7,2024-08-31,0.131937578569006,0.24925554980146214,0.27702993260646586
320,control,15,neutral,7,2024-09-30,0.2861352711307936,0.26632491153442084,0.6642497357158583
321,control,15,neutral,7,2024-10-31,0.3005337010308644,0.2657665989910704,0.6516317821834409
322,control,15,neutral,7,2024-11-30,0.6337992809146367,0.28749212125194235,1.285460901198777
323,control,15,neutral,7,2024-12-31,0.718234970788356,0.2888394487307201,1.3351872514435
324,control,15,neutral,8,2023-07-31,0.012059698103746852,0.0698685882049878,1.2938319004169396
325,control,15,neutral,8,2023-08-31,-0.02503758678988477,0.14694894568200978,-1.2157574734136243
326,control,15,neutral,8,2023-09-30,-0.06713097481065466,0.13061945009049733,-2.182304174735838
327,control,15,neutral,8,2023-10-31,-0.039558156586739,0.12190374634294329,-1.250468223235151
328,control,15,neutral,8,2023-11-30,0.05052522123893155,0.14298390231498556,0.5677925387003203
329,control,15,neutral,8,2023-12-31,0.10105353737462841,0.13784867833319303,1.1703240314611425
330,control,15,neutral,8,2024-01-31,0.10198889126506283,0.13201649873123775,1.0191770119224024
331,control,15,neutral,8,2024-02-29,0.19185051314677004,0.1278956294455199,1.9979619691255386
332,control,15,neutral,8,2024-03-31,0.2203184542942691,0.12393272421551658,2.0418857201844056
333,control,15,neutral,8,2024-04-30,0.16371135309707507,0.13086952552607467,1.1756723219409666
334,control,15,neutral,8,2024-05-31,0.2623035711463477,0.13027064175088499,1.8781600029975265
335,control,15,neutral,8,2024-06-30,0.3001136248945053,0.12876584409369024,1.9517164490705008
336,control,15,neutral,8,2024-07-31,0.3448597541710221,0.125138353307932,2.1414670199882893
337,control,15,neutral,8,2024-08-31,0.3655930990964631,0.12608878204249646,2.0767747821459728
338,control,15,neutral,8,2024-09-30,0.4049432588023598,0.13257382001756465,1.9974414342832452
339,control,15,neutral,8,2024-10-31,0.405547965366839,0.13224022964408322,1.8554339537164517
340,control,15,neutral,8,2024-11-30,0.5406123229062234,0.13426994127744446,2.327232460868581
341,control,15,neutral,8,2024-12-31,0.537812623759871,0.13192156398582747,2.161086549080778
342,control,15,neutral,9,2023-07-31,0.04582101958732587,0.15466459807272095,3.5634502341166705
343,control,15,neutral,9,2023-08-31,0.04629518235798247,0.18030165826984368,1.4224450040283914
344,control,15,neutral,9,2023-09-30,-0.02285382351157117,0.17745376232421234,-0.7365639852805679
345,control,15,neutral,9,2023-10-31,-0.024934018868141505,0.1714118456895867,-0.6576264262989375
346,control,15,neutral,9,2023-11-30,0.07529510792695104,0.1954380811518431,0.7409618436562854
347,control,15,neutral,9,2023-12-31,0.12816774990668245,0.18101572381405315,1.2102070748437035
348,control,15,neutral,9,2024-01-31,0.1640321295662055,0.18553426138368598,1.3356279280036267
349,control,15,neutral,9,2024-02-29,0.2746797958912732,0.17756978436145998,2.206329074463369
350,control,15,neutral,9,2024-03-31,0.33199526798302226,0.17016380280982762,2.405004724354419
351,control,15,neutral,9,2024-04-30,0.30541759236180943,0.18605829164914175,1.762120768166143
352,control,15,neutral,9,2024-05-31,0.42519549830744774,0.17791528675320564,2.3917325239323026
353,control,15,neutral,9,2024-06-30,0.5216830642112638,0.17461250353049926,2.6762129496943237
354,control,15,neutral,9,2024-07-31,0.5201288839460074,0.1752964240718151,2.412605073809125
355,control,15,neutral,9,2024-08-31,0.5171140782035739,0.18046902045986588,2.1291773942254593
356,control,15,neutral,9,2024-09-30,0.5587742684944121,0.19125556580859707,1.9676314931663557
357,control,15,neutral,9,2024-10-31,0.5832072822853314,0.18691662418811053,1.9495805741572145
358,control,15,neutral,9,2024-11-30,0.6994841736448276,0.18610433861612857,2.198845022733582
359,control,15,neutral,9,2024-12-31,0.739591659889558,0.18281463125242678,2.1733127583956144
360,control,15,seeking,0,2023-07-31,0.0537411155243015,0.307232611758775,2.2172399660413262
361,control,15,seeking,0,2023-08-31,-0.062340182333323724,0.45825847487631,-0.7702135698607143
362,control,15,seeking,0,2023-09-30,-0.16265689102109537,0.4307857854840074,-1.2785354175049384
363,control,15,seeking,0,2023-10-31,-0.24940236682116934,0.3741137553641513,-1.619282022740307
364,control,15,seeking,0,2023-11-30,0.012538676228068368,0.46431596217060406,-0.026892124731087246
365,control,15,seeking,0,2023-12-31,0.12181241204350979,0.4351460242276837,0.47206300279105123
366,control,15,seeking,0,2024-01-31,-0.021898746386615264,0.41160669761698665,-0.19153560608191555
367,control,15,seeking,0,2024-02-29,0.10385932759919436,0.3959264021784402,0.29236129054976806
368,control,15,seeking,0,2024-03-31,0.09006616577019755,0.38001541160826713,0.20067276455195357
369,control,15,seeking,0,2024-04-30,0.01386530483761006,0.38341191261643737,-0.0677345159934008
370,control,15,seeking,0,2024-05-31,-0.041332693612815774,0.37848594422003373,-0.23006413887385627
371,control,15,seeking,0,2024-06-30,0.010796470903565503,0.36500402601584087,-0.08708226614278829
372,control,15,seeking,0,2024-07-31,0.05774725718542606,0.36366674002409943,0.02797595173902262
373,control,15,seeking,0,2024-08-31,0.0800033361175323,0.3645040442049987,0.06977098539162321
374,control,15,seeking,0,2024-09-30,0.19377731863893777,0.36593485888701616,0.2934414139329845
375,control,15,seeking,0,2024-10-31,0.2006182543291002,0.36031877265704926,0.28613647140568954
376,control,15,seeking,0,2024-11-30,0.62804906383923,0.38232440038131493,0.9574750275525968
377,control,15,seeking,0,2024-12-31,0.6554719509003624,0.37890389268262836,0.9266254251843491
378,control,15,seeking,1,2023-07-31,-0.005397211291120141,0.07593834156475454,-1.2787413774204732
379,control,15,seeking,1,2023-08-31,-0.05325719191753653,0.2227881297116063,-1.4070190535911233
380,control,15,seeking,1,2023-09-30,-0.09593265240348192,0.193765551357402,-1.9319019063317289
381,control,15,seeking,1,2023-10-31,-0.09552482553646013,0.1842015302376603,-1.5968795949528827
382,control,15,seeking,1,2023-11-30,0.008012722337233047,0.19786365281176624,-0.11793139001597285
383,control,15,seeking,1,2023-12-31,0.06660395318302537,0.1919726590498652,0.46801550209550596
384,control,15,seeking,1,2024-01-31,0.01564769402350663,0.17956550539145477,-0.08905073926801746
385,control,15,seeking,1,2024-02-29,0.10629979755229235,0.17803164098989305,0.6715643392465467
386,control,15,seeking,1,2024-03-31,0.11352766741691722,0.1745387702583381,0.6168177804461277
387,control,15,seeking,1,2024-04-30,0.0822218243283166,0.18848530582131368,0.29447813816826945
388,control,15,seeking,1,2024-05-31,0.18689295714610576,0.1970921390185709,0.8198409217544547
389,control,15,seeking,1,2024-06-30,0.22370647917977404,0.19152875485679943,0.9224568467140961
390,control,15,seeking,1,2024-07-31,0.3080289451390237,0.1920155391977726,1.2249108946462046
391,control,15,seeking,1,2024-08-31,0.270994091856946,0.19526415982029957,0.944541752260899
392,control,15,seeking,1,2024-09-30,0.3372849740251409,0.19783520974789284,1.0865237927032687
393,control,15,seeking,1,2024-10-31,0.3292594917233129,0.1966775148061484,0.9816614490749173
394,control,15,seeking,1,2024-11-30,0.5314620567495707,0.20366069411940171,1.5065141872477479
395,control,15,seeking,1,2024-12-31,0.5833443761275394,0.2008784261348438,1.5473820248886583
396,control,15,seeking,2,2023-07-31,0.023281220770159816,0.26220154455841854,0.8697318677583495
397,control,15,seeking,2,2023-08-31,-0.08736649288685117,0.3890792072236515,-1.1635608268744186
398,control,15,seeking,2,2023-09-30,-0.14268283866848452,0.3680775228804969,-1.364285358874651
399,control,15,seeking,2,2023-10-31,-0.21492035680183075,0.3259965414585587,-1.672739334974137
400,control,15,seeking,2,2023-11-30,-0.010167103793951915,0.3660053728636464,-0.18098647023979214
401,control,15,seeking,2,2023-12-31,0.09620152178322483,0.3492549239663369,0.432728741616337
402,control,15,seeking,2,2024-01-31,-0.06529207595633701,0.34366325619142213,-0.43490184931157955
403,control,15,seeking,2,2024-02-29,0.125072293011685,0.34384168598349274,0.43326125183007447
404,control,15,seeking,2,2024-03-31,0.09785480539399916,0.3368098711601313,0.2572978794860875
405,control,15,seeking,2,2024-04-30,0.02509256944618543,0.35640562630455186,-0.035507359335000585
406,control,15,seeking,2,2024-05-31,0.04744538693480593,0.35151419289253377,0.025951363500089718
407,control,15,seeking,2,2024-06-30,0.07350286176953302,0.33918178570970603,0.08753461113825317
408,control,15,seeking,2,2024-07-31,0.14440697172724937,0.34075606762691335,0.2599187673931592
409,control,15,seeking,2,2024-08-31,0.06359391975939399,0.3436251025475054,0.03371640477042102
410,control,15,seeking,2,2024-09-30,0.18398194921794597,0.3484560524179648,0.28681082782464506
411,control,15,seeking,2,2024-10-31,0.17386081053176206,0.3496825991374783,0.24045068468601505
412,control,15,seeking,2,2024-11-30,0.5844285767102186,0.38151960272477675,0.8897095269048766
413,control,15,seeking,2,2024-12-31,0.647607682711618,0.38374928411707476,0.9035617608299539
414,control,15,seeking,3,2023-07-31,-0.001128615121294363,0.09457423195910396,-0.5715362120719848
415,control,15,seeking,3,2023-08-31,-0.050693733520715045,0.20541071440737485,-1.470175859511852
416,control,15,seeking,3,2023-09-30,-0.08620061705733528,0.17897174707379104,-1.9282547103945429
417,control,15,seeking,3,2023-10-31,-0.07801053629128074,0.16603877467887876,-1.5148355219285718
418,control,15,seeking,3,2023-11-30,0.028024522474214164,0.18218842829544066,0.13794882328130426
419,control,15,seeking,3,2023-12-31,0.08514339598007781,0.17607234546809516,0.7272767102959043
420,control,15,seeking,3,2024-01-31,0.029450202725318286,0.16576486830328271,0.045332281716373324
421,control,15,seeking,3,2024-02-29,0.13477744939627812,0.1691311224068105,0.9712803602442892
422,control,15,seeking,3,2024-03-31,0.14694781725776962,0.16748700053723112,0.9118907234257967
423,control,15,seeking,3,2024-04-30,0.10567022609614951,0.17850813312389383,0.4687326829996559
424,control,15,seeking,3,2024-05-31,0.18183859135788083,0.1811602277003673,0.8612866331213574
425,control,15,seeking,3,2024-06-30,0.21675493028423864,0.1749208080984952,0.971194857057293
426,control,15,seeking,3,2024-07-31,0.30169479658084897,0.17426099221532956,1.3173155987659844
427,control,15,seeking,3,2024-08-31,0.2924131225289408,0.17567743363237134,1.1500482170043997
428,control,15,seeking,3,2024-09-30,0.379539282210704,0.18114494980274226,1.3588559703697383
429,control,15,seeking,3,2024-10-31,0.3835515473283204,0.18058154139467714,1.2756678659859522
430,control,15,seeking,3,2024-11-30,0.6016422569210675,0.19045153074152923,1.8376012486504023
431,control,15,seeking,3,2024-12-31,0.6288565423519958,0.18811586973884228,1.7878061281968118
432,control,15,seeking,4,2023-07-31,0.002970870330960995,0.1354655067742036,-0.0815335847118313
433,control,15,seeking,4,2023-08-31,-0.05207244517771836,0.21735249294402528,-1.4178864294536841
434,control,15,seeking,4,2023-09-30,-0.08329382970052246,0.18836378230988446,-1.7847836745720942
435,control,15,seeking,4,2023-10-31,-0.0820245571886773,0.17282546569236276,-1.5126668317810965
436,control,15,seeking,4,2023-11-30,0.030282687653458762,0.1900397301696919,0.16145818643561408
437,control,15,seeking,4,2023-12-31,0.09492750634162705,0.18106050617581498,0.8199613336621713
438,control,15,seeking,4,2024-01-31,0.04829202442059133,0.17004513789890882,0.23492085788748052
439,control,15,seeking,4,2024-02-29,0.1748428919009124,0.17776540013760644,1.2832036614058902
440,control,15,seeking,4,2024-03-31,0.20431063057171328,0.1782301130176193,1.2961274862492245
441,control,15,seeking,4,2024-04-30,0.1502232892180131,0.19302352406837478,0.7123019352864725
442,control,15,seeking,4,2024-05-31,0.22216872818432032,0.19379299383172063,1.0340763854741595
443,control,15,seeking,4,2024-06-30,0.2534500685470704,0.18691579509067147,1.100719393932811
444,control,15,seeking,4,2024-07-31,0.30702267239459147,0.18410870224808742,1.2726463226132891
445,control,15,seeking,4,2024-08-31,0.281278529698644,0.1918147261543976,1.0056184101645746
446,control,15,seeking,4,2024-09-30,0.3712552562530824,0.20557397355219625,1.1677051575282935
447,control,15,seeking,4,2024-10-31,0.37658966330880284,0.20248256353160093,1.1141774891958585
448,control,15,seeking,4,2024-11-30,0.5815181537360863,0.2112442032910105,1.5984225696155945
449,control,15,seeking,4,2024-12-31,0.5985648962612455,0.20926929753868503,1.5261869866271507
450,control,15,seeking,5,2023-07-31,0.02935544509161092,0.2378152889400247,1.2980621433771142
451,control,15,seeking,5,2023-08-31,-0.08962727074353771,0.344033117544466,-1.3402987963760868
452,control,15,seeking,5,2023-09-30,-0.16240723020022219,0.3226926335719317,-1.704991882221797
453,control,15,seeking,5,2023-10-31,-0.2262599343957652,0.28453802073616197,-1.9883690473490006
454,control,15,seeking,5,2023-11-30,-0.046195945585886355,0.33392088977252044,-0.4436610385333661
455,control,15,seeking,5,2023-12-31,0.05120158052430335,0.31907747496112865,0.18355408643864066
456,control,15,seeking,5,2024-01-31,-0.08715442267307938,0.31033119760423455,-0.5936053337241097
457,control,15,seeking,5,2024-02-29,0.0619406672463394,0.3064627453632591,0.16647709360721996
458,control,15,seeking,5,2024-03-31,0.06661656986014042,0.2973275860112352,0.15160636774661337
459,control,15,seeking,5,2024-04-30,0.007525608262515471,0.31174803415462166,-0.10738509964034881
460,control,15,seeking,5,2024-05-31,0.05321775666265438,0.3066848570062335,0.050218700115900204
461,control,15,seeking,5,2024-06-30,0.05621580464761733,0.2959277602792279,0.04308265874004408
462,control,15,seeking,5,2024-07-31,0.12267191763669771,0.29543448059937755,0.2334095234153853
463,control,15,seeking,5,2024-08-31,0.06751507756207942,0.2954688109650925,0.050419066550559374
464,control,15,seeking,5,2024-09-30,0.16912835058067333,0.3009646238288325,0.2945025593740368
465,control,15,seeking,5,2024-10-31,0.147822656106684,0.3007209487364083,0.2176983101702651
466,control,15,seeking,5,2024-11-30,0.4788134520966807,0.3251587798315776,0.8428357593644732
467,control,15,seeking,5,2024-12-31,0.496875582643473,0.3262036427000173,0.8023410683061512
468,control,15,seeking,6,2023-07-31,-0.011311290437646782,0.1203613783290483,-1.2791022439937871
469,control,15,seeking,6,2023-08-31,-0.05696724247219698,0.23354475686087026,-1.41222245434518
470,control,15,seeking,6,2023-09-30,-0.11318886255733851,0.23739455669076942,-1.7856291502863597
471,control,15,seeking,6,2023-10-31,-0.18165878974282934,0.23743271158752835,-2.0300658699992615
472,control,15,seeking,6,2023-11-30,-0.10222524624557483,0.25634342743784394,-1.043021291058812
473,control,15,seeking,6,2023-12-31,-0.03148183234593127,0.2440152813473408,-0.418516202814518
474,control,15,seeking,6,2024-01-31,-0.0990781908371331,0.22982594473299592,-0.8829897963751622
475,control,15,seeking,6,2024-02-29,-0.05470209303741003,0.21951756771750708,-0.5583094381769734
476,control,15,seeking,6,2024-03-31,-0.019371852463756944,0.2131537386515575,-0.31661168312195526
477,control,15,seeking,6,2024-04-30,-0.012842129040879557,0.22357596449663014,-0.257345852267751
478,control,15,seeking,6,2024-05-31,0.09043030082285997,0.2335031951790389,0.2396046118860802
479,control,15,seeking,6,2024-06-30,0.0741762918225608,0.22477911156808017,0.13502136300732404
480,control,15,seeking,6,2024-07-31,0.1504745350643626,0.226924339312999,0.41440173347831627
481,control,15,seeking,6,2024-08-31,0.07645381389966266,0.2298892085672752,0.09760972679525032
482,control,15,seeking,6,2024-09-30,0.14388832828440368,0.23007143198864716,0.30143973095962645
483,control,15,seeking,6,2024-10-31,0.09245898130558206,0.23143698937985088,0.1102690663898424
484,control,15,seeking,6,2024-11-30,0.21648069218678567,0.2395105911249528,0.439469608824025
485,control,15,seeking,6,2024-12-31,0.23029009335692807,0.2364704937719332,0.43888560282434314
486,control,15,seeking,7,2023-07-31,0.000942718738111914,0.1769915853309852,-0.18378973382764247
487,control,15,seeking,7,2023-08-31,-0.027012327593456842,0.22658661277076755,-0.8328528868367162
488,control,15,seeking,7,2023-09-30,-0.06322398794988193,0.21080077643706382,-1.2916664873723156
489,control,15,seeking,7,2023-10-31,-0.03259151819499129,0.20424750609001582,-0.6544032554168162
490,control,15,seeking,7,2023-11-30,0.09075178700239528,0.22387591063587722,0.8287797547678377
491,control,15,seeking,7,2023-12-31,0.1709037561956146,0.21843612373553442,1.4315791830492282
492,control,15,seeking,7,2024-01-31,0.17543812118625235,0.20801945068964323,1.2935383666107776
493,control,15,seeking,7,2024-02-29,0.456417376663546,0.22359094634531795,3.156850041453366
494,control,15,seeking,7,2024-03-31,0.5315340977687331,0.22375756104598785,3.119829488492298
495,control,15,seeking,7,2024-04-30,0.44241713023757967,0.2425899367024774,2.0585433685195396
496,control,15,seeking,7,2024-05-31,0.5913558106824857,0.24055784043924988,2.5432432542516006
497,control,15,seeking,7,2024-06-30,0.637407384234232,0.23264712972395118,2.492472037595019
498,control,15,seeking,7,2024-07-31,0.670112865521038,0.2252589810462135,2.460553898621218
499,control,15,seeking,7,2024-08-31,0.5679675378911611,0.2409595410665465,1.7634326748707105
500,control,15,seeking,7,2024-09-30,0.6747919931721533,0.2592476056001275,1.7700313938686658
501,control,15,seeking,7,2024-10-31,0.7181497799972851,0.2548896759265029,1.7754301825170862
502,control,15,seeking,7,2024-11-30,1.11435277929623,0.2653213212661806,2.4499469258550026
503,control,15,seeking,7,2024-12-31,1.1491629078604273,0.26530327498538514,2.307862768582544
504,control,15,seeking,8,2023-07-31,0.04022192487208964,0.23040667142439367,2.016491748004619
505,control,15,seeking,8,2023-08-31,-0.2070029427941137,0.42646225700227475,-1.8302923299789706
506,control,15,seeking,8,2023-09-30,-0.27895710128076545,0.42511599080426915,-1.816158642974077
507,control,15,seeking,8,2023-10-31,-0.26776023761966217,0.3862450555292752,-1.6464552289378516
508,control,15,seeking,8,2023-11-30,-0.1811017395268243,0.40490329018977955,-1.0342607155712056
509,control,15,seeking,8,2023-12-31,-0.11689362230578526,0.38578061200733077,-0.6617383574856349
510,control,15,seeking,8,2024-01-31,-0.2652390873419669,0.3704973710057688,-1.2039730824079962
511,control,15,seeking,8,2024-02-29,-0.1251316977652206,0.3790164817058813,-0.5870722382914829
512,control,15,seeking,8,2024-03-31,-0.14012325908660528,0.3643374118737121,-0.6054149491892094
513,control,15,seeking,8,2024-04-30,-0.21536762965470913,0.36673730771348406,-0.7951024451298521
514,control,15,seeking,8,2024-05-31,-0.13441660308537762,0.396568030670477,-0.47190806588048223
515,control,15,seeking,8,2024-06-30,-0.09974506453796039,0.3840759477558755,-0.36538482743294365
516,control,15,seeking,8,2024-07-31,-0.018568312181653446,0.37541528139674185,-0.15803956789949183
517,control,15,seeking,8,2024-08-31,-0.0694307365273037,0.37280789984164175,-0.2732652410085056
518,control,15,seeking,8,2024-09-30,0.01421422683238105,0.36948536684495586,-0.08442760892248356
519,control,15,seeking,8,2024-10-31,0.028182352722012416,0.3668893979336417,-0.058645960850887684
520,control,15,seeking,8,2024-11-30,0.3471012680334762,0.38175385719716703,0.4990879524438037
521,control,15,seeking,8,2024-12-31,0.3479755026296205,0.37525597422462065,0.46586423284275025
522,control,15,seeking,9,2023-07-31,0.0014091916433223162,0.12259734189334422,-0.22532317759825085
523,control,15,seeking,9,2023-08-31,-0.046533635046996036,0.23482004363373066,-1.2053748515756564
524,control,15,seeking,9,2023-09-30,-0.0927558579240233,0.19942676857328365,-1.8297279676260012
525,control,15,seeking,9,2023-10-31,-0.11043953138677298,0.18620459914716653,-1.7681574062739764
526,control,15,seeking,9,2023-11-30,0.006389054645600023,0.21036746950344543,-0.1293442832153987
527,control,15,seeking,9,2023-12-31,0.057420557324073584,0.20092164674781096,0.3541001606008165
528,control,15,seeking,9,2024-01-31,0.00249096091756007,0.20195518376354157,-0.1891268918492637
529,control,15,seeking,9,2024-02-29,0.10329202578589336,0.1965060978734433,0.5845588428906825
530,control,15,seeking,9,2024-03-31,0.08227235964553348,0.1915922008721693,0.34381574793378966
531,control,15,seeking,9,2024-04-30,0.044588053320187004,0.2067891550367574,0.05091638535606424
532,control,15,seeking,9,2024-05-31,0.16322584648205796,0.2132464655347248,0.6358738994210146
533,control,15,seeking,9,2024-06-30,0.2191442123097549,0.2066046927324127,0.8335613463797311
534,control,15,seeking,9,2024-07-31,0.268104034055326,0.20777419370329894,0.9605568919116335
535,control,15,seeking,9,2024-08-31,0.22012408187679022,0.21091098728040444,0.6754150665730448
536,control,15,seeking,9,2024-09-30,0.2851573075783922,0.21538418553740107,0.8179603652935896
537,control,15,seeking,9,2024-10-31,0.25579349705833154,0.21397952408290483,0.6635145217847542
538,control,15,seeking,9,2024-11-30,0.47511504726955933,0.2264268087307176,1.2001276623595776
539,control,15,seeking,9,2024-12-31,0.5245409563786936,0.22615866362873094,1.227199726148976
540,control,30,averse,0,2023-07-31,0.010422509550471082,0.06338889202041922,1.1277178810880808
541,control,30,averse,0,2023-08-31,-0.0016988145064987803,0.07036630277604314,-0.7411600283773033
542,control,30,averse,0,2023-09-30,-0.03366579692481031,0.06723491949905662,-2.534267626587793
543,control,30,averse,0,2023-10-31,-0.050299129929598174,0.06746836060322788,-2.681046907672471
544,control,30,averse,0,2023-11-30,0.003982059453374154,0.08978212462796296,-0.3668810423826589
545,control,30,averse,0,2023-12-31,0.04436438299094192,0.09083455185821951,0.4934076011510416
546,control,30,averse,0,2024-01-31,0.03882416355993046,0.08539660385992895,0.27635994077934867
547,control,30,averse,0,2024-02-29,0.05045015558004806,0.08056002741694143,0.4156901755165939
548,control,30,averse,0,2024-03-31,0.06537954358463094,0.07817957282367018,0.5556117623405026
549,control,30,averse,0,2024-04-30,0.03164300824341493,0.07846240317478585,-0.06212050248035142
550,control,30,averse,0,2024-05-31,0.05691004010644174,0.076447684769844,0.2540194049504999
551,control,30,averse,0,2024-06-30,0.07147984633554216,0.073983715539542,0.3745137609637163
552,control,30,averse,0,2024-07-31,0.09816523631171381,0.0719700730745258,0.6503351612669773
553,control,30,averse,0,2024-08-31,0.11870050772334939,0.07090711578170969,0.8174361439593113
554,control,30,averse,0,2024-09-30,0.13654259512830103,0.06993100886040622,0.9112408199726085
555,control,30,averse,0,2024-10-31,0.11878726034415044,0.06940327292689295,0.6423345293502227
556,control,30,averse,0,2024-11-30,0.1487720011049507,0.07101729079049787,0.8447329174796587
557,control,30,averse,0,2024-12-31,0.11873742006442645,0.07078443276838638,0.48417659509720706
558,control,30,averse,1,2023-07-31,0.018157320992404635,0.07939147533577495,2.058428940687899
559,control,30,averse,1,2023-08-31,0.0025726195372124394,0.09682957214707681,-0.28319237330838315
560,control,30,averse,1,2023-09-30,-0.04236160708687142,0.09365809656923392,-2.1499189093100592
561,control,30,averse,1,2023-10-31,-0.05048348848958539,0.09117921401704365,-1.9891471587389056
562,control,30,averse,1,2023-11-30,0.019027273645148668,0.11436636881096311,0.027816561127045537
563,control,30,averse,1,2023-12-31,0.06543506422867451,0.11381395899836608,0.7684268506529015
564,control,30,averse,1,2024-01-31,0.062419970354952836,0.10707540816199414,0.6026269599201359
565,control,30,averse,1,2024-02-29,0.08516690586678966,0.10152112389267268,0.8543713446568337
566,control,30,averse,1,2024-03-31,0.11962659621406857,0.09887560642083888,1.1717135700167365
567,control,30,averse,1,2024-04-30,0.08451393963055609,0.0981132008643107,0.5937365386413991
568,control,30,averse,1,2024-05-31,0.12274770862845918,0.09600546565526173,0.9505252354534653
569,control,30,averse,1,2024-06-30,0.14568547243950647,0.09315549186378998,1.0774698618811376
570,control,30,averse,1,2024-07-31,0.18115550221048116,0.09146292911894947,1.3300843468747918
571,control,30,averse,1,2024-08-31,0.21107834539873704,0.09077728902710021,1.4867186831888148
572,control,30,averse,1,2024-09-30,0.24280520191236543,0.09163625258978425,1.57606469357836
573,control,30,averse,1,2024-10-31,0.23048549152737174,0.09078393891781632,1.3680992299314105
574,control,30,averse,1,2024-11-30,0.2674763191621645,0.0936245402765631,1.48313046855651
575,control,30,averse,1,2024-12-31,0.23093570984834577,0.09292201817068058,1.1211483001959852
576,control,30,averse,2,2023-07-31,0.016412353697615734,0.08569813449212378,1.658166995667663
577,control,30,averse,2,2023-08-31,0.00010311908014570825,0.09255421039331868,-0.45142323154344355
578,control,30,averse,2,2023-09-30,-0.045179977099468416,0.09107579321537451,-2.3191048901208564
579,control,30,averse,2,2023-10-31,-0.050598866037174894,0.08557590778206739,-2.1229232382865653
580,control,30,averse,2,2023-11-30,0.005171076298857935,0.10385587207058537,-0.28993451849794366
581,control,30,averse,2,2023-12-31,0.03011248463705396,0.10464698100088415,0.1569586605812191
582,control,30,averse,2,2024-01-31,0.04251284852526238,0.10152598059612024,0.2950676768285437
583,control,30,averse,2,2024-02-29,0.05058497613774815,0.0964511192857203,0.34932896214511994
584,control,30,averse,2,2024-03-31,0.06871891680896125,0.09274803116251513,0.5160651032961764
585,control,30,averse,2,2024-04-30,0.04147208391024515,0.0928895098641497,0.07340043973155012
586,control,30,averse,2,2024-05-31,0.0654678065323906,0.09226767121324338,0.3114428235761093
587,control,30,averse,2,2024-06-30,0.07598379564434432,0.08913517953068129,0.3603623334181001
588,control,30,averse,2,2024-07-31,0.09904450392277009,0.08697271231262453,0.5473006060049459
589,control,30,averse,2,2024-08-31,0.14156141659575217,0.08508220100240087,0.9062000526017601
590,control,30,averse,2,2024-09-30,0.16147510461759618,0.08223868578676694,1.0067956159804252
591,control,30,averse,2,2024-10-31,0.126079980334604,0.0833593064845083,0.5978821270916644
592,control,30,averse,2,2024-11-30,0.17454889220405057,0.08507842438182735,0.9087500715313158
593,control,30,averse,2,2024-12-31,0.12040115243620186,0.08620776012835232,0.40977533145900114
594,control,30,averse,3,2023-07-31,0.022520942124397925,0.09136035778835161,2.3890306057381125
595,control,30,averse,3,2023-08-31,0.0039987019197409435,0.1080833937144038,-0.1762680125030999
596,control,30,averse,3,2023-09-30,-0.04273693095756792,0.10620605287798193,-1.9083188213636884
597,control,30,averse,3,2023-10-31,-0.06658676469679459,0.10690850717359612,-2.084780758500785
598,control,30,averse,3,2023-11-30,0.01321000281467577,0.13692964959327011,-0.07939659954611109
599,control,30,averse,3,2023-12-31,0.0656767515477148,0.13389021483937139,0.6568916265632943
600,control,30,averse,3,2024-01-31,0.0668745415696812,0.12536465164824243,0.5768980554126797
601,control,30,averse,3,2024-02-29,0.10203859534312532,0.1184038201516222,0.9536567929397913
602,control,30,averse,3,2024-03-31,0.1276611718259435,0.11402156767753588,1.1109353296200677
603,control,30,averse,3,2024-04-30,0.07535952652289035,0.11647931573292011,0.40592795763672446
604,control,30,averse,3,2024-05-31,0.11902891230903245,0.1132891379283754,0.7696097561065731
605,control,30,averse,3,2024-06-30,0.14639235353420998,0.10945609699660998,0.9233290789290919
606,control,30,averse,3,2024-07-31,0.18098312301339892,0.10635646563510488,1.1423699576872042
607,control,30,averse,3,2024-08-31,0.2137341197287559,0.10585896746085034,1.2956937324467774
608,control,30,averse,3,2024-09-30,0.23769255851001092,0.10749988081664358,1.3076884706575609
609,control,30,averse,3,2024-10-31,0.2184297143329954,0.10653517848716192,1.0860272314037922
610,control,30,averse,3,2024-11-30,0.2735309102297516,0.10913713927825738,1.3086258840695713
611,control,30,averse,3,2024-12-31,0.22817944294176673,0.10849081028171627,0.9446775122565999
612,control,30,averse,4,2023-07-31,0.019355015590951652,0.0928991796527889,1.918802160732003
613,control,30,averse,4,2023-08-31,0.00010512211072999378,0.10677460927365794,-0.3911935825278848
614,control,30,averse,4,2023-09-30,-0.038541331506708354,0.10000434527132275,-1.8784842070224448
615,control,30,averse,4,2023-10-31,-0.058399081466254166,0.09709931091253182,-2.0797442757186584
616,control,30,averse,4,2023-11-30,0.011145626641663187,0.12239221265140796,-0.1293578293019004
617,control,30,averse,4,2023-12-31,0.057031582137636816,0.11820395025316388,0.5952223903987587
618,control,30,averse,4,2024-01-31,0.057442452618801765,0.11115361582086157,0.5023801014458481
619,control,30,averse,4,2024-02-29,0.08538023301067232,0.10504484799003357,0.8288510596755941
620,control,30,averse,4,2024-03-31,0.11068155318121575,0.10092577917869834,1.0288632790336272
621,control,30,averse,4,2024-04-30,0.07117226138947319,0.1024218603192083,0.4127009302480957
622,control,30,averse,4,2024-05-31,0.11168287539234201,0.09942064776104978,0.7961876084870124
623,control,30,averse,4,2024-06-30,0.12748731713981276,0.09557999342261977,0.8637844941762813
624,control,30,averse,4,2024-07-31,0.15310185064320936,0.09387611339762929,1.0269402643667516
625,control,30,averse,4,2024-08-31,0.1815637236956802,0.09432730416187016,1.1709956479734782
626,control,30,averse,4,2024-09-30,0.2006971811552274,0.09566292600758794,1.1773442400881833
627,control,30,averse,4,2024-10-31,0.17376811222095379,0.09481470063425038,0.8861003440248951
628,control,30,averse,4,2024-11-30,0.2080407970312017,0.09583210569204306,1.0399098169300607
629,control,30,averse,4,2024-12-31,0.175168180665622,0.09551839834028315,0.7298874103433438
630,control,30,averse,5,2023-07-31,0.02292393006332505,0.10143530092284166,2.2027769280420677
631,control,30,averse,5,2023-08-31,0.005767844212988926,0.10313269515775698,-0.083283144166372
632,control,30,averse,5,2023-09-30,-0.039478182249257476,0.09890901380700003,-1.9329109581492827
633,control,30,averse,5,2023-10-31,-0.055820906253504554,0.09729825377702443,-2.006990684510775
634,control,30,averse,5,2023-11-30,0.009043443403583984,0.11824824710152342,-0.1764906523228291
635,control,30,averse,5,2023-12-31,0.03932857122105338,0.11549820143533403,0.3008241070499015
636,control,30,averse,5,2024-01-31,0.055139547015190304,0.10791989740180774,0.4802861113051021
637,control,30,averse,5,2024-02-29,0.08207685677066867,0.10297325873184936,0.7959657913829907
638,control,30,averse,5,2024-03-31,0.1001767199811694,0.0984096275301754,0.9121635381411948
639,control,30,averse,5,2024-04-30,0.055829437524542946,0.0998968120817084,0.2395780215966206
640,control,30,averse,5,2024-05-31,0.09006490222387886,0.0988660662382588,0.5618685513848067
641,control,30,averse,5,2024-06-30,0.10997234783400667,0.09579986772415053,0.6828021279946274
642,control,30,averse,5,2024-07-31,0.1395914155009208,0.09261571313156913,0.9094205155715016
643,control,30,averse,5,2024-08-31,0.18195092174194105,0.09117633267192095,1.2149962211682463
644,control,30,averse,5,2024-09-30,0.19720171238281403,0.09017617215869682,1.219592381618917
645,control,30,averse,5,2024-10-31,0.1732310712034122,0.09043037676669308,0.9248272184011831
646,control,30,averse,5,2024-11-30,0.2191572164845066,0.09143117595250115,1.1706226345744821
647,control,30,averse,5,2024-12-31,0.1693211766142162,0.09163771465998365,0.7210183809957008
648,control,30,averse,6,2023-07-31,0.018780077691002095,0.09240962635369514,1.851691146620678
649,control,30,averse,6,2023-08-31,0.004134950767394674,0.09156554700437235,-0.1993000223971027
650,control,30,averse,6,2023-09-30,-0.03445403043819362,0.08501588674522646,-2.0376532363857773
651,control,30,averse,6,2023-10-31,-0.05692044351234016,0.0868363364274898,-2.2815725430481217
652,control,30,averse,6,2023-11-30,0.00885558354708893,0.10960562484548095,-0.1945079954172999
653,control,30,averse,6,2023-12-31,0.04851783234939422,0.10797190066338798,0.4923603894371756
654,control,30,averse,6,2024-01-31,0.05560746867561406,0.10059008476864321,0.5233767778539791
655,control,30,averse,6,2024-02-29,0.07966773053714249,0.09580879082846026,0.8166905251152744
656,control,30,averse,6,2024-03-31,0.09591442532023109,0.0921363357154804,0.9124197494809227
657,control,30,averse,6,2024-04-30,0.04908501552045874,0.09366323464943233,0.16962858228920918
658,control,30,averse,6,2024-05-31,0.08397988950532542,0.09176533124048152,0.5330078179370097
659,control,30,averse,6,2024-06-30,0.10426498477362856,0.08901266712798356,0.6720775766425392
660,control,30,averse,6,2024-07-31,0.13614899671918979,0.0863251750738385,0.9397207324719216
661,control,30,averse,6,2024-08-31,0.1672683147686722,0.08577167621191273,1.1490536812947414
662,control,30,averse,6,2024-09-30,0.18140493783500355,0.08580311182328018,1.1419351776817888
663,control,30,averse,6,2024-10-31,0.1623548680382556,0.08536744525332206,0.8887336553694013
664,control,30,averse,6,2024-11-30,0.19492475989371094,0.0862046196711795,1.0548105281671756
665,control,30,averse,6,2024-12-31,0.15792531559172818,0.08569290437020596,0.6879215409201126
666,control,30,averse,7,2023-07-31,0.011178981176938496,0.08115552596011816,0.9880789588233932
667,control,30,averse,7,2023-08-31,-0.00456583332922722,0.07547271124441468,-0.9072331871017176
668,control,30,averse,7,2023-09-30,-0.03880191468874028,0.0717978952719911,-2.6293612826323605
669,control,30,averse,7,2023-10-31,-0.061177334994760635,0.07490693261637556,-2.791270831196127
670,control,30,averse,7,2023-11-30,-0.007614558842112706,0.0997086471184627,-0.6045790576779011
671,control,30,averse,7,2023-12-31,0.02920665368179831,0.10139990578174314,0.14430810796908825
672,control,30,averse,7,2024-01-31,0.022825418044903678,0.09380050647577508,-0.04044732426144047
673,control,30,averse,7,2024-02-29,0.03249806380949938,0.0889231592945011,0.07067608280081747
674,control,30,averse,7,2024-03-31,0.03873600603368477,0.08609908260990508,0.09604901981279325
675,control,30,averse,7,2024-04-30,-0.007700372257863686,0.08617135012231834,-0.597311316264753
676,control,30,averse,7,2024-05-31,0.016128714996277438,0.08649522952496363,-0.28779167850306336
677,control,30,averse,7,2024-06-30,0.025663409037354867,0.08344657792993782,-0.2061668308160792
678,control,30,averse,7,2024-07-31,0.06706566509537404,0.08190310646772103,0.22746276248036026
679,control,30,averse,7,2024-08-31,0.0981638578633508,0.08160615314204597,0.49897268934304123
680,control,30,averse,7,2024-09-30,0.10817264497502976,0.07955166711126586,0.5268577668337925
681,control,30,averse,7,2024-10-31,0.08848857796539988,0.07936360703442716,0.28521713744991645
682,control,30,averse,7,2024-11-30,0.10286859603576248,0.07888165521007985,0.3657387300309844
683,control,30,averse,7,2024-12-31,0.06124354671985155,0.0789427162683223,-0.031359380488397745
684,control,30,averse,8,2023-07-31,0.016966188746129873,0.0740585139043985,2.0096451270640863
685,control,30,averse,8,2023-08-31,0.0003163889961823596,0.08786823679354169,-0.46145980196855796
686,control,30,averse,8,2023-09-30,-0.038724906091983424,0.08805332213810803,-2.1408507687208793
687,control,30,averse,8,2023-10-31,-0.05866129017244748,0.08873642328180324,-2.2833652480014033
688,control,30,averse,8,2023-11-30,0.007060877665346688,0.11625756088203505,-0.22026356083150103
689,control,30,averse,8,2023-12-31,0.05572142594129814,0.11569894616992533,0.5851646049910377
690,control,30,averse,8,2024-01-31,0.050887181553923355,0.1076031527348779,0.4130493025617207
691,control,30,averse,8,2024-02-29,0.0724774312017542,0.10127961659406293,0.6632738651637057
692,control,30,averse,8,2024-03-31,0.09788118317855687,0.09772726881737545,0.8871191420517404
693,control,30,averse,8,2024-04-30,0.055564200491743154,0.09854405332879276,0.2396543830027657
694,control,30,averse,8,2024-05-31,0.08956296334608638,0.09637620979622619,0.5707015777405798
695,control,30,averse,8,2024-06-30,0.106611060553645,0.09286420689166196,0.6689431857739944
696,control,30,averse,8,2024-07-31,0.14150274955799658,0.09025685826749621,0.9522855697735344
697,control,30,averse,8,2024-08-31,0.16928295975697272,0.08920655196652694,1.1236248919885492
698,control,30,averse,8,2024-09-30,0.19069808612800898,0.0892781730189407,1.1765832176458226
699,control,30,averse,8,2024-10-31,0.1731087045572568,0.0885916359146512,0.9430374495081946
700,control,30,averse,8,2024-11-30,0.21638869348291645,0.09089049544710888,1.1573997429554927
701,control,30,averse,8,2024-12-31,0.1745903971271423,0.0907742835506338,0.7640682177984862
702,control,30,averse,9,2023-07-31,0.012596425199643768,0.07023601053968143,1.3762394212578306
703,control,30,averse,9,2023-08-31,-0.0019460693431402332,0.08056530178667301,-0.6649125255351378
704,control,30,averse,9,2023-09-30,-0.03866653674447895,0.07890347924632829,-2.386480485449106
705,control,30,averse,9,2023-10-31,-0.05743444434814038,0.07897814932556253,-2.5254074338970764
706,control,30,averse,9,2023-11-30,0.004390876722571324,0.10498353407315554,-0.3045005465336024
707,control,30,averse,9,2023-12-31,0.05161823141659072,0.10568271440722747,0.5621405504414333
708,control,30,averse,9,2024-01-31,0.04269465213769519,0.09945173338867735,0.3043761740945935
709,control,30,averse,9,2024-02-29,0.05896932036636948,0.09366573826310767,0.49619832088592397
710,control,30,averse,9,2024-03-31,0.07629765701233748,0.09076399298280616,0.6381987601602735
711,control,30,averse,9,2024-04-30,0.0368504066189268,0.09130426690819975,0.014433798561074473
712,control,30,averse,9,2024-05-31,0.06619440030583656,0.08901870731266127,0.33169927242813224
713,control,30,averse,9,2024-06-30,0.08307589866758258,0.08599840255992798,0.4543015967534506
714,control,30,averse,9,2024-07-31,0.11398543764482749,0.08360464994490122,0.7309410622048795
715,control,30,averse,9,2024-08-31,0.1381168625285727,0.08231821916259967,0.9016389657059612
716,control,30,averse,9,2024-09-30,0.15834660867784933,0.08155250230958913,0.9859786546199858
717,control,30,averse,9,2024-10-31,0.13932788045243338,0.08088368105871045,0.7340172634001485
718,control,30,averse,9,2024-11-30,0.17545652070898266,0.08277802962819591,0.9413483255306079
719,control,30,averse,9,2024-12-31,0.13892465328546422,0.08254797209732624,0.5696196243980578
720,control,30,neutral,0,2023-07-31,0.005602023314539739,0.09320420687183927,0.1871404070803968
721,control,30,neutral,0,2023-08-31,-0.027438943867260424,0.16758553850593966,-1.1389625864098427
722,control,30,neutral,0,2023-09-30,-0.08515928210935408,0.15692023570173066,-2.178937064740722
723,control,30,neutral,0,2023-10-31,-0.04985955982488255,0.1492374159365733,-1.204345525431415
724,control,30,neutral,0,2023-11-30,0.056041748738536956,0.1763305389015303,0.5397859757661166
725,control,30,neutral,0,2023-12-31,0.12430122097912233,0.17001824344809388,1.2395926551569694
726,control,30,neutral,0,2024-01-31,0.12717499781358987,0.1680584889413431,1.0711578202464618
727,control,30,neutral,0,2024-02-29,0.2354931163814744,0.1612616540656347,2.026302696981558
728,control,30,neutral,0,2024-03-31,0.2630932336543921,0.15633956667601026,1.99817855106703
729,control,30,neutral,0,2024-04-30,0.20219076411805204,0.16649517932592106,1.205714492710976
730,control,30,neutral,0,2024-05-31,0.3034928680268114,0.1652513733655438,1.7562742632856108
731,control,30,neutral,0,2024-06-30,0.36818011507414217,0.16149240020354222,1.9674888542067401
732,control,30,neutral,0,2024-07-31,0.4185471454130336,0.15758460857517637,2.115207997503609
733,control,30,neutral,0,2024-08-31,0.40347049010879177,0.16274255336951568,1.7981387960900659
734,control,30,neutral,0,2024-09-30,0.44799989794759876,0.17225254133219403,1.7199750687172315
735,control,30,neutral,0,2024-10-31,0.47206417924967714,0.16915766121809317,1.716525219767241
736,control,30,neutral,0,2024-11-30,0.6547685455017898,0.16963991504642548,2.253419621036754
737,control,30,neutral,0,2024-12-31,0.6954986120146645,0.16830036993501818,2.2173950126843405
738,control,30,neutral,1,2023-07-31,0.009329517986306657,0.08683488422048832,0.679652099837886
739,control,30,neutral,1,2023-08-31,-0.01132420993453842,0.13774830131841814,-0.7699614406664247
740,control,30,neutral,1,2023-09-30,-0.0616885042530837,0.13198221238692068,-2.0246878975876847
741,control,30,neutral,1,2023-10-31,-0.01621900786077668,0.12927803563381954,-0.6847080187574084
742,control,30,neutral,1,2023-11-30,0.07533897832092262,0.15096156965999777,0.9600234573441203
743,control,30,neutral,1,2023-12-31,0.12645754442709167,0.14465416504730433,1.488973797164094
744,control,30,neutral,1,2024-01-31,0.12753669245037957,0.14288513788183416,1.264478623857794
745,control,30,neutral,1,2024-02-29,0.24255822192205967,0.13968458363443045,2.4226959134189388
746,control,30,neutral,1,2024-03-31,0.27332203926452725,0.13532358969594865,2.4140230736930475
747,control,30,neutral,1,2024-04-30,0.2206268719632416,0.14313200107560287,1.560146532851432
748,control,30,neutral,1,2024-05-31,0.29651544340031144,0.14054728169444616,2.0100052293016644
749,control,30,neutral,1,2024-06-30,0.35075126448159377,0.13702519954457254,2.1947297717797603
750,control,30,neutral,1,2024-07-31,0.3811266326109004,0.13283245982668115,2.2598289825720275
751,control,30,neutral,1,2024-08-31,0.36702400178933847,0.13773228791984396,1.909667631393944
752,control,30,neutral,1,2024-09-30,0.41508711314751756,0.14550603494195766,1.8709793635905174
753,control,30,neutral,1,2024-10-31,0.4209864730568331,0.14393225356797876,1.7776112307749294
754,control,30,neutral,1,2024-11-30,0.5862864477756993,0.1449078405415444,2.3503214937449437
755,control,30,neutral,1,2024-12-31,0.613905999805791,0.14436469234930766,2.2718305097297633
756,control,30,neutral,2,2023-07-31,0.037761806585699276,0.17482732335227513,2.4478817080904425
757,control,30,neutral,2,2023-08-31,0.03369350903395074,0.17125082950432893,0.9847917408937272
758,control,30,neutral,2,2023-09-30,-0.006321785332666141,0.1709982074890745,-0.3943048770585851
759,control,30,neutral,2,2023-10-31,0.025348585141768964,0.1601259512324708,0.20370507971272256
760,control,30,neutral,2,2023-11-30,0.11962904816543629,0.17749450621331772,1.4860976101143382
761,control,30,neutral,2,2023-12-31,0.1696889011470093,0.17102595509695537,1.8126029562656767
762,control,30,neutral,2,2024-01-31,0.19930837016903324,0.17562179626314695,1.7882837046245
763,control,30,neutral,2,2024-02-29,0.3035774327330829,0.16538480636144667,2.6625622752330673
764,control,30,neutral,2,2024-03-31,0.3797794563604633,0.15938401675825603,2.994681923761379
765,control,30,neutral,2,2024-04-30,0.3508128798466861,0.17289110160528484,2.223054248042873
766,control,30,neutral,2,2024-05-31,0.4279970568868998,0.1624219023316765,2.6391268461027275
767,control,30,neutral,2,2024-06-30,0.4960733895314393,0.15679921093268528,2.82123888896267
768,control,30,neutral,2,2024-07-31,0.45376177619126,0.15837760560207714,2.301120206311778
769,control,30,neutral,2,2024-08-31,0.4180625579473636,0.16069803627307108,1.894590867023788
770,control,30,neutral,2,2024-09-30,0.46380857947998644,0.17414808255543798,1.7672976801581546
771,control,30,neutral,2,2024-10-31,0.4760157564291385,0.16953584006369,1.7283667326034025
772,control,30,neutral,2,2024-11-30,0.5890943751354609,0.16993104616613044,2.014345171152184
773,control,30,neutral,2,2024-12-31,0.649537722858323,0.17026883023358377,2.042723022904044
774,control,30,neutral,3,2023-07-31,0.0177611831955522,0.09163916957297699,1.73017199187722
775,control,30,neutral,3,2023-08-31,-0.009915772550132429,0.1360024806421459,-0.7229863140203784
776,control,30,neutral,3,2023-09-30,-0.06664278110806765,0.128112245916133,-2.2126285772389402
777,control,30,neutral,3,2023-10-31,-0.07445998481548244,0.13166187995744122,-1.8432906724761664
778,control,30,neutral,3,2023-11-30,0.009639617228744735,0.15247645300115745,-0.12751209172292513
779,control,30,neutral,3,2023-12-31,0.02256476306931443,0.13996867970307855,0.010964847751179918
780,control,30,neutral,3,2024-01-31,0.021663541126155872,0.1376861593408736,-0.041922866313847285
781,control,30,neutral,3,2024-02-29,0.04004231032895955,0.13155315637041098,0.13446261684985494
782,control,30,neutral,3,2024-03-31,0.03782542733074212,0.12722090216076118,0.05559278302338621
783,control,30,neutral,3,2024-04-30,-0.012237712384912558,0.12894126596826708,-0.44069424282578595
784,control,30,neutral,3,2024-05-31,0.06862906148678971,0.13253245439285313,0.24280368140680897
785,control,30,neutral,3,2024-06-30,0.12134346864324908,0.13109525135897165,0.583895378650487
786,control,30,neutral,3,2024-07-31,0.1556945179597382,0.13026619644596477,0.75799248933306
787,control,30,neutral,3,2024-08-31,0.17759194451702154,0.1299168803923003,0.8247780315544303
788,control,30,neutral,3,2024-09-30,0.19360632529094346,0.13160242984470719,0.8149597717557666
789,control,30,neutral,3,2024-10-31,0.16287431942835462,0.13089345433525612,0.5824594946694883
790,control,30,neutral,3,2024-11-30,0.19946364632044133,0.13077456514571678,0.7184336795722661
791,control,30,neutral,3,2024-12-31,0.19818259330887966,0.1275406242228961,0.6586590240749998
792,control,30,neutral,4,2023-07-31,0.041624194479917165,0.1694291737946591,2.8677179098056853
793,control,30,neutral,4,2023-08-31,0.03032166410478898,0.16153942499202645,0.9038020353190128
794,control,30,neutral,4,2023-09-30,-0.00620737904395996,0.1518384195474951,-0.4411027785307084
795,control,30,neutral,4,2023-10-31,0.017358825242151932,0.1381223530454224,0.062242070928745445
796,control,30,neutral,4,2023-11-30,0.08837151974064272,0.14709120251510793,1.218425285584345
797,control,30,neutral,4,2023-12-31,0.1322070159694737,0.14008845212902027,1.6259674461091946
798,control,30,neutral,4,2024-01-31,0.1689883340953393,0.14037165485017422,1.8310864195699712
799,control,30,neutral,4,2024-02-29,0.2868855476277137,0.1368663909228557,3.011899224408699
800,control,30,neutral,4,2024-03-31,0.33183502223752503,0.1308016167641714,3.1270081764906132
801,control,30,neutral,4,2024-04-30,0.28925571398385785,0.13386896438236956,2.2994952356756526
802,control,30,neutral,4,2024-05-31,0.3396382169092049,0.1278189804480621,2.5841589777896177
803,control,30,neutral,4,2024-06-30,0.3865572222829252,0.12447958630983816,2.6964764706304805
804,control,30,neutral,4,2024-07-31,0.3771038362050585,0.12292977466970462,2.412847155748656
805,control,30,neutral,4,2024-08-31,0.38394826875279175,0.12136261094024081,2.28066325496311
806,control,30,neutral,4,2024-09-30,0.42973273304589643,0.128095488117366,2.2088738675418975
807,control,30,neutral,4,2024-10-31,0.4355755242147983,0.12510272527816357,2.124205828870435
808,control,30,neutral,4,2024-11-30,0.5338629860094599,0.12568588862884875,2.4529700710884774
809,control,30,neutral,4,2024-12-31,0.5558905120721609,0.12591363218834542,2.3456170875979825
810,control,30,neutral,5,2023-07-31,0.013180382731592832,0.06629201482878437,1.5614493327080676
811,control,30,neutral,5,2023-08-31,-0.007783440257287388,0.11941073242638593,-0.724558205195424
812,control,30,neutral,5,2023-09-30,-0.05616668563533678,0.1160127928187589,-2.1447154835584348
813,control,30,neutral,5,2023-10-31,-0.03318147470603228,0.10968209304460362,-1.233202493198501
814,control,30,neutral,5,2023-11-30,0.04595163826999937,0.12898339799479241,0.5400511310411347
815,control,30,neutral,5,2023-12-31,0.0872956422702802,0.12251210379132169,1.0817565461174143
816,control,30,neutral,5,2024-01-31,0.07774756787829595,0.12218888114311041,0.7483868090721623
817,control,30,neutral,5,2024-02-29,0.1413849180519613,0.11616214073356466,1.5041653007018585
818,control,30,neutral,5,2024-03-31,0.1563616648709043,0.11210894858951156,1.4762191250906767
819,control,30,neutral,5,2024-04-30,0.11775390657873452,0.11822594009983406,0.8308746362867037
820,control,30,neutral,5,2024-05-31,0.18261186996453027,0.11806383144995991,1.3287758586941871
821,control,30,neutral,5,2024-06-30,0.22895598256045657,0.11575483115052812,1.5706271329754382
822,control,30,neutral,5,2024-07-31,0.2626925892161094,0.11327311842044598,1.7192346098773679
823,control,30,neutral,5,2024-08-31,0.26602398879988853,0.11416842811236462,1.5796349529618332
824,control,30,neutral,5,2024-09-30,0.3012026652517523,0.11812102143916488,1.5928287405557828
825,control,30,neutral,5,2024-10-31,0.29551185113976275,0.11694798934127325,1.4510164582903295
826,control,30,neutral,5,2024-11-30,0.39876225682469135,0.11722224722362294,1.9072091724182991
827,control,30,neutral,5,2024-12-31,0.41192887864020333,0.11553917358935176,1.8394478408720474
828,control,30,neutral,6,2023-07-31,0.027283951471432255,0.1264361021746131,2.2199996472421275
829,control,30,neutral,6,2023-08-31,0.009510802330209067,0.15554357515847808,0.08896410490378394
830,control,30,neutral,6,2023-09-30,-0.03620532058541326,0.14740994397678225,-1.2178385654472996
831,control,30,neutral,6,2023-10-31,-0.017806108596144954,0.13881144175000457,-0.6696598123242168
832,control,30,neutral,6,2023-11-30,0.08028955649818359,0.16443102488326,0.9602016548376975
833,control,30,neutral,6,2023-12-31,0.1279463241759018,0.15422043543789465,1.4173849545500958
834,control,30,neutral,6,2024-01-31,0.14639982479136582,0.1581699037755422,1.3605060846120995
835,control,30,neutral,6,2024-02-29,0.24333310081624782,0.14928822617258117,2.2754157854873114
836,control,30,neutral,6,2024-03-31,0.28468074856069925,0.1428952623744071,2.3973638265167865
837,control,30,neutral,6,2024-04-30,0.23900816870056119,0.15360187202716055,1.6006499748587462
838,control,30,neutral,6,2024-05-31,0.332209987497156,0.14649004444305458,2.1985161793998826
839,control,30,neutral,6,2024-06-30,0.3957999809064152,0.14215119548801222,2.4246600805491996
840,control,30,neutral,6,2024-07-31,0.380644638775929,0.14224628408532142,2.1072691227068603
841,control,30,neutral,6,2024-08-31,0.3639356661637887,0.1456511301823911,1.788578443002105
842,control,30,neutral,6,2024-09-30,0.40325689343961013,0.157165888754661,1.6770310887159356
843,control,30,neutral,6,2024-10-31,0.395608250528644,0.15413073487984738,1.5479841649331327
844,control,30,neutral,6,2024-11-30,0.5159603076915313,0.15566154901193457,1.9093125423624357
845,control,30,neutral,6,2024-12-31,0.542491523974393,0.1555171354483843,1.8502852870729858
846,control,30,neutral,7,2023-07-31,0.00603779033608709,0.10041708934290677,0.2213600585855502
847,control,30,neutral,7,2023-08-31,-0.023489986161094878,0.12902025092719543,-1.323069061973943
848,control,30,neutral,7,2023-09-30,-0.0686455358240835,0.13046252584513074,-2.2225358143459206
849,control,30,neutral,7,2023-10-31,-0.05619277423191127,0.12305724292634558,-1.5947062935077683
850,control,30,neutral,7,2023-11-30,0.029631047865288807,0.15051014871984297,0.1932093693478589
851,control,30,neutral,7,2023-12-31,0.0886468893274317,0.14385351489405784,0.9408319326576774
852,control,30,neutral,7,2024-01-31,0.07952325873223876,0.13893723082778708,0.6807379498695165
853,control,30,neutral,7,2024-02-29,0.17249264537787745,0.13649084192225408,1.6435900326548971
854,control,30,neutral,7,2024-03-31,0.21695688655331957,0.13310812651363196,1.8662973817351094
855,control,30,neutral,7,2024-04-30,0.1465155889243248,0.13935447388508176,0.9543833326761322
856,control,30,neutral,7,2024-05-31,0.2123070579559201,0.13282047095090865,1.4270151660447468
857,control,30,neutral,7,2024-06-30,0.22597744107251905,0.12829260040312168,1.394442192047959
858,control,30,neutral,7,2024-07-31,0.23919797188452496,0.1238610376723085,1.4025896320157565
859,control,30,neutral,7,2024-08-31,0.23314653289183895,0.12920006811346274,1.1859435630630222
860,control,30,neutral,7,2024-09-30,0.2744708471109216,0.13786615026228136,1.2199178879872123
861,control,30,neutral,7,2024-10-31,0.26236424147496074,0.13505280556541874,1.085344983274299
862,control,30,neutral,7,2024-11-30,0.3598084670250603,0.13421047579666726,1.4804341092433995
863,control,30,neutral,7,2024-12-31,0.33375321505475597,0.13340872327525524,1.2469182158071628
864,control,30,neutral,8,2023-07-31,0.011434051020718039,0.13218811470147357,0.6289256673202112
865,control,30,neutral,8,2023-08-31,-0.0037316584096782623,0.22265212096098322,-0.2863051881261459
866,control,30,neutral,8,2023-09-30,-0.06372232007139156,0.20839404467981884,-1.3144408305547006
867,control,30,neutral,8,2023-10-31,-0.10437756456809422,0.20775379543055814,-1.5167438799211859
868,control,30,neutral,8,2023-11-30,0.0066808903605788394,0.2245226212672922,-0.11809002419109965
869,control,30,neutral,8,2023-12-31,0.04196677938487903,0.20924166260630947,0.19124577983488167
870,control,30,neutral,8,2024-01-31,-0.023595923955123888,0.20217449378379737,-0.4038105087990648
871,control,30,neutral,8,2024-02-29,0.03396990523203436,0.19256440347275194,0.04417471904320823
872,control,30,neutral,8,2024-03-31,0.0029047548533180922,0.19425582147888545,-0.19870313715768437
873,control,30,neutral,8,2024-04-30,-0.0033012555587366155,0.21006649616531403,-0.22029871210937677
874,control,30,neutral,8,2024-05-31,0.0409377564772786,0.20930662964654492,0.009779382738575879
875,control,30,neutral,8,2024-06-30,0.12798721347171194,0.20487441475616705,0.4053696480299027
876,control,30,neutral,8,2024-07-31,0.18715692130435846,0.2196689159283788,0.5783604350741789
877,control,30,neutral,8,2024-08-31,0.17341360035135112,0.22017727091234252,0.47086917763193986
878,control,30,neutral,8,2024-09-30,0.25565465891579553,0.21999478309625486,0.700388058256826
879,control,30,neutral,8,2024-10-31,0.23567641426104835,0.21968775958274298,0.5819864480105615
880,control,30,neutral,8,2024-11-30,0.4125459459366325,0.22727560679565723,1.022198072109929
881,control,30,neutral,8,2024-12-31,0.4964188535142966,0.22707103060588044,1.1514663460685934
882,control,30,neutral,9,2023-07-31,0.04916818709492676,0.16312868713116482,3.7086392300899718
883,control,30,neutral,9,2023-08-31,0.054070126360451054,0.18706685701758505,1.6744463450172327
884,control,30,neutral,9,2023-09-30,-0.019391940712031763,0.18273929069633232,-0.6441831563421819
885,control,30,neutral,9,2023-10-31,-0.03419822597849265,0.1793836871914132,-0.7693754028434205
886,control,30,neutral,9,2023-11-30,0.061721120937829665,0.2003122541167909,0.5476149186321807
887,control,30,neutral,9,2023-12-31,0.10655045091171766,0.18465591582227517,0.9364877800260303
888,control,30,neutral,9,2024-01-31,0.13846318401813185,0.19100800487179118,1.05032938801612
889,control,30,neutral,9,2024-02-29,0.21791248038779765,0.18347416381838563,1.6237703061391886
890,control,30,neutral,9,2024-03-31,0.2604296293727435,0.1762847957058822,1.7510388672557837
891,control,30,neutral,9,2024-04-30,0.24902976363024365,0.19010100613081288,1.3581526102518884
892,control,30,neutral,9,2024-05-31,0.36279756858465917,0.18274165638957418,1.9482757376601585
893,control,30,neutral,9,2024-06-30,0.46417653575708706,0.17992140215231678,2.286018640355863
894,control,30,neutral,9,2024-07-31,0.45947907160823087,0.18345662582173147,2.014058688802921
895,control,30,neutral,9,2024-08-31,0.46266064946965924,0.1864822815280623,1.825817801815908
896,control,30,neutral,9,2024-09-30,0.49923779073772545,0.19302521289169258,1.7275077227774829
897,control,30,neutral,9,2024-10-31,0.509001707341499,0.18848662958418025,1.671876608044374
898,control,30,neutral,9,2024-11-30,0.5811094580212008,0.18719291803851856,1.8024554157333754
899,control,30,neutral,9,2024-12-31,0.6298182336106122,0.18360763225957186,1.8346211352688657
900,control,30,seeking,0,2023-07-31,0.019058287112801553,0.20896344990789908,0.8353847496439908
901,control,30,seeking,0,2023-08-31,-0.06598488701515448,0.2661974543741858,-1.3835484147035348
902,control,30,seeking,0,2023-09-30,-0.13183496529683425,0.2755587563851672,-1.7212209608312972
903,control,30,seeking,0,2023-10-31,-0.1325266897070132,0.24346935435850375,-1.557489957507614
904,control,30,seeking,0,2023-11-30,0.06373576735389164,0.28805524104346847,0.39876997902294525
905,control,30,seeking,0,2023-12-31,0.16638091971608304,0.27637789134822227,1.09504349801055
906,control,30,seeking,0,2024-01-31,0.07554567969102499,0.26634969833291144,0.32874667668862545
907,control,30,seeking,0,2024-02-29,0.3015908412731081,0.26829114046468583,1.6287957317705801
908,control,30,seeking,0,2024-03-31,0.33826513068346875,0.2635473475047644,1.586560691154
909,control,30,seeking,0,2024-04-30,0.23996033974255293,0.2725221964348495,0.906468991836737
910,control,30,seeking,0,2024-05-31,0.24597483990571578,0.26691767639273556,0.8491107792564804
911,control,30,seeking,0,2024-06-30,0.27009054519941067,0.2580751273500833,0.8602025374280464
912,control,30,seeking,0,2024-07-31,0.3095408432020128,0.2537408772817849,0.9322464203621074
913,control,30,seeking,0,2024-08-31,0.2423788979222825,0.25595870200589954,0.6284231587459161
914,control,30,seeking,0,2024-09-30,0.33386078780772577,0.26313258296892644,0.807256284189074
915,control,30,seeking,0,2024-10-31,0.39434871990343345,0.2613954243409917,0.9094766811033135
916,control,30,seeking,0,2024-11-30,0.7570293628649252,0.2741973205667788,1.6177477936863052
917,control,30,seeking,0,2024-12-31,0.8396567661222103,0.2775979202451725,1.6257378754992085
918,control,30,seeking,1,2023-07-31,0.10400066625824644,0.3180795553081828,5.520122121641343
919,control,30,seeking,1,2023-08-31,-0.08530024743393572,0.4296688663611932,-1.0355929563733117
920,control,30,seeking,1,2023-09-30,-0.1493181137714834,0.42448457224086,-1.2219378049243246
921,control,30,seeking,1,2023-10-31,-0.20726463043447718,0.3671006265236507,-1.446946335169498
922,control,30,seeking,1,2023-11-30,-0.049322997065306406,0.37747762329010326,-0.410783983622555
923,control,30,seeking,1,2023-12-31,0.0877797875142019,0.36367490753279275,0.3671851815218779
924,control,30,seeking,1,2024-01-31,-0.11570591814564579,0.357472726871397,-0.639935610442978
925,control,30,seeking,1,2024-02-29,0.06777313255609352,0.360701755420065,0.16621202197742427
926,control,30,seeking,1,2024-03-31,0.027898384715989266,0.3514029080672337,-0.016955951315815603
927,control,30,seeking,1,2024-04-30,-0.017613040755830256,0.36696333016143334,-0.1721125315470203
928,control,30,seeking,1,2024-05-31,0.03432182014271534,0.3631401276229156,-0.014161118700285538
929,control,30,seeking,1,2024-06-30,-0.014367143968599283,0.35229911056879243,-0.16030427188594543
930,control,30,seeking,1,2024-07-31,0.054056901356235976,0.3491892304599974,0.019540431861410038
931,control,30,seeking,1,2024-08-31,-0.019616385600891517,0.3484380566835028,-0.1696818491518331
932,control,30,seeking,1,2024-09-30,0.1825906257787293,0.35338147932770014,0.2798200336751909
933,control,30,seeking,1,2024-10-31,0.14747020684376655,0.3488060672378847,0.18696272327186558
934,control,30,seeking,1,2024-11-30,0.4358247005468159,0.3651393097457928,0.6765814061785184
935,control,30,seeking,1,2024-12-31,0.46954876738614293,0.36296338944033557,0.6777721293510972
936,control,30,seeking,2,2023-07-31,0.01458689255183554,0.16397552987527506,0.7328145267296774
937,control,30,seeking,2,2023-08-31,-0.046920996905413626,0.256885009018376,-1.1087717418751575
938,control,30,seeking,2,2023-09-30,-0.07238104019479752,0.23951985965883602,-1.2606742177254628
939,control,30,seeking,2,2023-10-31,-0.10268031682523171,0.21104933482837748,-1.474160909623556
940,control,30,seeking,2,2023-11-30,0.02598358373037457,0.23397583022511143,0.08603510743210376
941,control,30,seeking,2,2023-12-31,0.09903492222827182,0.22474684957628677,0.6989244799840186
942,control,30,seeking,2,2024-01-31,0.0004962406204578329,0.21702088894081709,-0.19143098779029344
943,control,30,seeking,2,2024-02-29,0.11892198523897246,0.2271442516055464,0.6133117593757228
944,control,30,seeking,2,2024-03-31,0.1256910477492521,0.2242095902711168,0.5531258717036381
945,control,30,seeking,2,2024-04-30,0.06778312479607607,0.2342162726623368,0.16316132619415596
946,control,30,seeking,2,2024-05-31,0.08940184265892581,0.23389672885390334,0.23440369082428686
947,control,30,seeking,2,2024-06-30,0.10593488904268744,0.22485771147590936,0.2733227490248945
948,control,30,seeking,2,2024-07-31,0.1911587202031506,0.2234605240442719,0.5846379952089156
949,control,30,seeking,2,2024-08-31,0.15794276720599787,0.22641720320886288,0.4009473307262644
950,control,30,seeking,2,2024-09-30,0.2573220964955183,0.2318924355534036,0.6698508596056545
951,control,30,seeking,2,2024-10-31,0.26061527898271164,0.23224154248390386,0.6258785060834113
952,control,30,seeking,2,2024-11-30,0.5325740145714462,0.25190491362891243,1.2207226391281574
953,control,30,seeking,2,2024-12-31,0.5576949938732594,0.24925017575042221,1.1890309624975623
954,control,30,seeking,3,2023-07-31,-0.012836211406971443,0.2053547731028333,-0.8185955080741915
955,control,30,seeking,3,2023-08-31,-0.0971448379303248,0.34373576449360116,-1.4205642624445183
956,control,30,seeking,3,2023-09-30,-0.12004013981336581,0.32060963688299576,-1.3810910991978784
957,control,30,seeking,3,2023-10-31,-0.15716437143023965,0.29042918166467774,-1.4880284573296816
958,control,30,seeking,3,2023-11-30,-0.006396824609851359,0.30889802306562986,-0.18592200788033592
959,control,30,seeking,3,2023-12-31,0.08243435380531094,0.29840345948154273,0.4102912981803911
960,control,30,seeking,3,2024-01-31,-0.06439938538146484,0.2940795558844367,-0.5033633002167173
961,control,30,seeking,3,2024-02-29,0.10562963022715843,0.31717957418258486,0.37364986286730095
962,control,30,seeking,3,2024-03-31,0.09568071029233804,0.3146356283874068,0.2661959462234143
963,control,30,seeking,3,2024-04-30,0.035973895624141106,0.32899507652685345,0.00083658643684524
964,control,30,seeking,3,2024-05-31,0.06965811356185192,0.3292007545242924,0.10115530496086254
965,control,30,seeking,3,2024-06-30,0.07674467748600966,0.3167424453147038,0.10376396199218342
966,control,30,seeking,3,2024-07-31,0.19781519061621355,0.3171058247302339,0.43084087391434733
967,control,30,seeking,3,2024-08-31,0.13150182224318008,0.32131440006012074,0.21376727542474344
968,control,30,seeking,3,2024-09-30,0.27361390972182975,0.3282642307677841,0.5103938068169825
969,control,30,seeking,3,2024-10-31,0.27547410980005416,0.332375562338336,0.4685637115921596
970,control,30,seeking,3,2024-11-30,0.6794796440075421,0.35849963393421863,1.1079137711296752
971,control,30,seeking,3,2024-12-31,0.7506516813609811,0.35584349751996436,1.1334527791077746
972,control,30,seeking,4,2023-07-31,0.003670469716315239,0.19870321809275732,-0.01780967216804369
973,control,30,seeking,4,2023-08-31,-0.07052521591990712,0.29926426128299705,-1.2932080562043229
974,control,30,seeking,4,2023-09-30,-0.09038189985867573,0.2750223298077409,-1.300904865052997
975,control,30,seeking,4,2023-10-31,-0.11618481686543747,0.24829630128390018,-1.3792546231869003
976,control,30,seeking,4,2023-11-30,0.026002521425437797,0.26717958688340787,0.0755165908944628
977,control,30,seeking,4,2023-12-31,0.10573993327987719,0.2563126768748093,0.6679894901556628
978,control,30,seeking,4,2024-01-31,-0.01226328485530559,0.2495189794536506,-0.2519334632838581
979,control,30,seeking,4,2024-02-29,0.14432075546392586,0.2645132719134201,0.6781555482473394
980,control,30,seeking,4,2024-03-31,0.14584269707969666,0.2607652394774182,0.579958735795741
981,control,30,seeking,4,2024-04-30,0.09088826032928332,0.2728335328514661,0.2415491502231186
982,control,30,seeking,4,2024-05-31,0.11435761842043424,0.27426177015431724,0.2992801278448142
983,control,30,seeking,4,2024-06-30,0.13312902851105934,0.26390510673384243,0.3337677071567841
984,control,30,seeking,4,2024-07-31,0.23172656249754353,0.262843843783056,0.6354930686369904
985,control,30,seeking,4,2024-08-31,0.18090826582794484,0.26780675745987353,0.41041412278506234
986,control,30,seeking,4,2024-09-30,0.3084373595996379,0.27525160481264904,0.7031160860532351
987,control,30,seeking,4,2024-10-31,0.31664138436789746,0.27626036505332,0.6672985227231524
988,control,30,seeking,4,2024-11-30,0.656256623763541,0.2978534605333111,1.2864381395762412
989,control,30,seeking,4,2024-12-31,0.7107891582033228,0.29589045622487,1.289593648235646
990,control,30,seeking,5,2023-07-31,0.07458638069732615,0.2711699625231888,3.948347779808644
991,control,30,seeking,5,2023-08-31,-0.08450400223999832,0.37584198673712044,-1.1758959441772983
992,control,30,seeking,5,2023-09-30,-0.14462700434412024,0.36119499856691495,-1.4038023205159262
993,control,30,seeking,5,2023-10-31,-0.1962090366626773,0.3126497655838884,-1.6321994458500126
994,control,30,seeking,5,2023-11-30,-0.0331077402378851,0.3396565079368823,-0.34997820154867465
995,control,30,seeking,5,2023-12-31,0.11327190081357452,0.32782857596907855,0.5709852083088144
996,control,30,seeking,5,2024-01-31,-0.05120959365603828,0.3184662560925152,-0.39809157310738574
997,control,30,seeking,5,2024-02-29,0.1442819655297478,0.322050898720533,0.5568051927672741
998,control,30,seeking,5,2024-03-31,0.15694929314945738,0.3127097136135057,0.5317883479814285
999,control,30,seeking,5,2024-04-30,0.09208800546932183,0.3282729938864805,0.20514431117655138
1000,control,30,seeking,5,2024-05-31,0.1322030889582837,0.32251362503112546,0.3150312640945334
1001,control,30,seeking,5,2024-06-30,0.10346688384222591,0.3124455708423918,0.18896678116936058
1002,control,30,seeking,5,2024-07-31,0.1665374159725148,0.30675810180726476,0.3537112636568955
1003,control,30,seeking,5,2024-08-31,0.10233549403445874,0.3108821621530162,0.142258455873491
1004,control,30,seeking,5,2024-09-30,0.26494822142644914,0.31760456441348633,0.5070873768318598
1005,control,30,seeking,5,2024-10-31,0.24372590189560972,0.3124669711288645,0.4272883446576002
1006,control,30,seeking,5,2024-11-30,0.5476363011948953,0.32757921770338577,0.9671403301281565
1007,control,30,seeking,5,2024-12-31,0.577545084031329,0.32733706185267586,0.9396161353712881
1008,control,30,seeking,6,2023-07-31,-0.013261541219912965,0.11475880053241574,-1.4989016059008147
1009,control,30,seeking,6,2023-08-31,-0.052578897805169444,0.22198753784098382,-1.3984778697026847
1010,control,30,seeking,6,2023-09-30,-0.07393766398353063,0.20827512642856125,-1.4735987753002335
1011,control,30,seeking,6,2023-10-31,-0.08545134477747418,0.19145453737687665,-1.4093141538316125
1012,control,30,seeking,6,2023-11-30,0.02256590343145759,0.2031883208132708,0.05799252480877261
1013,control,30,seeking,6,2023-12-31,0.08926913913350787,0.1963220168587463,0.6959931716366895
1014,control,30,seeking,6,2024-01-31,0.013271064092492013,0.18928181485958795,-0.10574710738613421
1015,control,30,seeking,6,2024-02-29,0.13502023228406368,0.197744320842329,0.8326778172608142
1016,control,30,seeking,6,2024-03-31,0.1479215243704901,0.19780179971175837,0.7788047422090577
1017,control,30,seeking,6,2024-04-30,0.10417794712292294,0.20847002186919578,0.39275051251171367
1018,control,30,seeking,6,2024-05-31,0.14668532939524814,0.20659519261615147,0.5685638800454526
1019,control,30,seeking,6,2024-06-30,0.16643829723968162,0.19859344799561668,0.6076628754667569
1020,control,30,seeking,6,2024-07-31,0.26587160023796974,0.19859492283432414,0.9949104684625864
1021,control,30,seeking,6,2024-08-31,0.24117566005729807,0.20026560188577944,0.7982245382384546
1022,control,30,seeking,6,2024-09-30,0.3488490594784146,0.20486569881876407,1.0910132172544262
1023,control,30,seeking,6,2024-10-31,0.35855483604992466,0.20776887719655276,1.0263343802518112
1024,control,30,seeking,6,2024-11-30,0.6294755911840257,0.22579328819029337,1.6250844494668066
1025,control,30,seeking,6,2024-12-31,0.6558256908050917,0.2236357483806379,1.5708488839994514
1026,control,30,seeking,7,2023-07-31,0.055475563787717785,0.25175769271288856,2.823916082977451
1027,control,30,seeking,7,2023-08-31,-0.062325299710172644,0.3278970871357406,-1.0762330125314972
1028,control,30,seeking,7,2023-09-30,-0.13951457683135204,0.3153014801244704,-1.5671757555513666
1029,control,30,seeking,7,2023-10-31,-0.20022399040497962,0.2783487038794243,-1.8607897533457285
1030,control,30,seeking,7,2023-11-30,-0.01747363846736605,0.32527863438219295,-0.2557419168463443
1031,control,30,seeking,7,2023-12-31,0.08979607917931132,0.31570301663270206,0.43628817087914035
1032,control,30,seeking,7,2024-01-31,-0.03780592728809429,0.3019748867151164,-0.34763836515348523
1033,control,30,seeking,7,2024-02-29,0.17423180289437434,0.30825138821838294,0.736825621496231
1034,control,30,seeking,7,2024-03-31,0.15678801185013969,0.2985716132080656,0.5562362265037983
1035,control,30,seeking,7,2024-04-30,0.07848850695665588,0.30846930691257535,0.16543059269908345
1036,control,30,seeking,7,2024-05-31,0.0939161542051441,0.3024425116667829,0.19756690902519092
1037,control,30,seeking,7,2024-06-30,0.12105768846037801,0.29260637023452557,0.26064411321293157
1038,control,30,seeking,7,2024-07-31,0.16539951410893505,0.2910243369740648,0.3693148131802563
1039,control,30,seeking,7,2024-08-31,0.12550765081187287,0.292058089353807,0.2179944799489281
1040,control,30,seeking,7,2024-09-30,0.23046220109378246,0.29702085601453143,0.4549454003285205
1041,control,30,seeking,7,2024-10-31,0.23840663169309262,0.293878658037784,0.4415955223770703
1042,control,30,seeking,7,2024-11-30,0.5202445959269673,0.30269847510008535,0.9906417331542621
1043,control,30,seeking,7,2024-12-31,0.5401334352650922,0.30239009917995774,0.9471614754574198
1044,control,30,seeking,8,2023-07-31,0.02680596311027661,0.25004329828805255,1.0970088296320786
1045,control,30,seeking,8,2023-08-31,-0.08379826710111993,0.37204841837639396,-1.1806846753345885
1046,control,30,seeking,8,2023-09-30,-0.09778851443378478,0.35455510290177195,-1.0712144996319621
1047,control,30,seeking,8,2023-10-31,-0.16481542676471783,0.322639179610927,-1.388649058607126
1048,control,30,seeking,8,2023-11-30,0.01844269595718151,0.35754101995830934,0.004934063843665565
1049,control,30,seeking,8,2023-12-31,0.07329110953732698,0.33559227810934333,0.30858028319707803
1050,control,30,seeking,8,2024-01-31,-0.08055149712974485,0.3261475622648776,-0.5328151844750989
1051,control,30,seeking,8,2024-02-29,0.12411519770406154,0.35729383067228326,0.4127355114437536
1052,control,30,seeking,8,2024-03-31,0.07706623316139694,0.3495341141740433,0.16864451279396248
1053,control,30,seeking,8,2024-04-30,0.02672085801202373,0.36638763756527143,-0.02926330170093104
1054,control,30,seeking,8,2024-05-31,0.09840337945766398,0.3746169862966106,0.17257927631302264
1055,control,30,seeking,8,2024-06-30,0.17804400944481658,0.3631805882785752,0.3635395612520008
1056,control,30,seeking,8,2024-07-31,0.2983727758506094,0.36410914330562294,0.6223273160864317
1057,control,30,seeking,8,2024-08-31,0.2681653064908236,0.36571893468853245,0.49794296500223495
1058,control,30,seeking,8,2024-09-30,0.45115397925624,0.3672612332352578,0.8129551492573328
1059,control,30,seeking,8,2024-10-31,0.47755089253810423,0.36799076310880713,0.7990736203310571
1060,control,30,seeking,8,2024-11-30,1.0650184844076667,0.4092189751090381,1.5204011501225134
1061,control,30,seeking,8,2024-12-31,1.2292875205095446,0.4055402858347082,1.6092958323879365
1062,control,30,seeking,9,2023-07-31,0.006848529023995242,0.09468992236553664,0.32933543022852857
1063,control,30,seeking,9,2023-08-31,-0.04535102269573965,0.17640236623972974,-1.573609262011945
1064,control,30,seeking,9,2023-09-30,-0.10445686673352361,0.155027462069148,-2.5748797384236544
1065,control,30,seeking,9,2023-10-31,-0.09159782497258961,0.144495495711149,-1.970471294445033
1066,control,30,seeking,9,2023-11-30,0.004371875401946612,0.1731648470651911,-0.18486849267316793
1067,control,30,seeking,9,2023-12-31,0.053031081557684434,0.16727163993958602,0.3722159021244248
1068,control,30,seeking,9,2024-01-31,0.03820495247159039,0.16895815149705148,0.1333737938742842
1069,control,30,seeking,9,2024-02-29,0.12820035654800122,0.1620626808859324,0.9496189219968642
1070,control,30,seeking,9,2024-03-31,0.1499604823997147,0.15627347650072834,1.0034483475797071
1071,control,30,seeking,9,2024-04-30,0.10404974850333959,0.16173949270237353,0.5052720648077086
1072,control,30,seeking,9,2024-05-31,0.258407082323884,0.16782192110415475,1.4322665648694128
1073,control,30,seeking,9,2024-06-30,0.2824048306449891,0.16296023002010693,1.4360764169466287
1074,control,30,seeking,9,2024-07-31,0.31410447430742594,0.1598346184396246,1.505395939240077
1075,control,30,seeking,9,2024-08-31,0.2910233141349101,0.16248463815520295,1.2364041094053762
1076,control,30,seeking,9,2024-09-30,0.32551719820761327,0.16858871827677127,1.223256570097497
1077,control,30,seeking,9,2024-10-31,0.29186214074592987,0.1702818095499144,0.9816430085662416
1078,control,30,seeking,9,2024-11-30,0.44956802269122953,0.17548193597585868,1.457169600258331
1079,control,30,seeking,9,2024-12-31,0.44239460015598353,0.173413016691533,1.3279648948070575
1080,control,50,averse,0,2023-07-31,0.02066297277542528,0.10245438162668345,1.8997960050870413
1081,control,50,averse,0,2023-08-31,0.005594937682812828,0.09700600781715706,-0.09912417915864627
1082,control,50,averse,0,2023-09-30,-0.036726288081103675,0.09223998202050426,-1.9664534069368462
1083,control,50,averse,0,2023-10-31,-0.04903817704489899,0.08745781398328183,-2.0304336201885005
1084,control,50,averse,0,2023-11-30,0.007514831881621831,0.10339429800319151,-0.2371856545007967
1085,control,50,averse,0,2023-12-31,0.02977230587951407,0.10196117322908023,0.15448965911607748
1086,control,50,averse,0,2024-01-31,0.05018857958578993,0.0961855056406527,0.4494831082373829
1087,control,50,averse,0,2024-02-29,0.06935151617926105,0.09227680228666602,0.6759527407065339
1088,control,50,averse,0,2024-03-31,0.08489680413854961,0.08788900913480618,0.7892608559105476
1089,control,50,averse,0,2024-04-30,0.047797494559526754,0.08904944731037567,0.16118238663610285
1090,control,50,averse,0,2024-05-31,0.07651793176802646,0.08845862397923147,0.4609577138631795
1091,control,50,averse,0,2024-06-30,0.09198759033870951,0.0861592732624824,0.5547740225568976
1092,control,50,averse,0,2024-07-31,0.11745006797021618,0.08361118520093412,0.768325115754442
1093,control,50,averse,0,2024-08-31,0.15874641353056784,0.0818796201722349,1.116904928395334
1094,control,50,averse,0,2024-09-30,0.17236959569527444,0.07981802962998823,1.141403489770685
1095,control,50,averse,0,2024-10-31,0.14661315429473465,0.08056363821243027,0.8018398112285684
1096,control,50,averse,0,2024-11-30,0.188535280052732,0.08123096920144801,1.066930172034629
1097,control,50,averse,0,2024-12-31,0.14174653105165458,0.08161793775982008,0.5978693138790068
1098,control,50,averse,1,2023-07-31,0.008158195565749038,0.09925723269387765,0.4613958940905565
1099,control,50,averse,1,2023-08-31,-0.016311902331697103,0.10226720963810566,-1.3007655732020018
1100,control,50,averse,1,2023-09-30,-0.0657260216254566,0.09492503215952153,-2.9547396258358005
1101,control,50,averse,1,2023-10-31,-0.09643366952015231,0.10434210102677564,-2.8398661117802
1102,control,50,averse,1,2023-11-30,-0.02798905890056269,0.13399767436626892,-0.8005724210351686
1103,control,50,averse,1,2023-12-31,0.034840206621243874,0.1394850189156719,0.1849945413812791
1104,control,50,averse,1,2024-01-31,0.020187121369319883,0.12943914163842646,-0.06399735023993106
1105,control,50,averse,1,2024-02-29,0.026739935541132187,0.12270277064720665,-0.01949704032201048
1106,control,50,averse,1,2024-03-31,0.052593217275988646,0.11936412859912875,0.22223611002227384
1107,control,50,averse,1,2024-04-30,0.0017304762085268433,0.117302506003271,-0.3438258756597509
1108,control,50,averse,1,2024-05-31,0.030269982626252245,0.11500837883875707,-0.08298180688776301
1109,control,50,averse,1,2024-06-30,0.03887192086744795,0.1111271308977111,-0.038265931428053124
1110,control,50,averse,1,2024-07-31,0.08421482797642255,0.10843469776600115,0.3151668811646731
1111,control,50,averse,1,2024-08-31,0.1122831569898417,0.1068569254421819,0.49205062918090586
1112,control,50,averse,1,2024-09-30,0.1316384776269377,0.1038528402445278,0.5773737752640202
1113,control,50,averse,1,2024-10-31,0.10420621884903203,0.10298082170231376,0.3305365212477834
1114,control,50,averse,1,2024-11-30,0.14167720741239842,0.10525357870946839,0.5244676554812181
1115,control,50,averse,1,2024-12-31,0.08236891334058916,0.10576470904005975,0.10498894914898312
1116,control,50,averse,2,2023-07-31,0.015334096238437622,0.08094341023535515,1.5949248924459505
1117,control,50,averse,2,2023-08-31,-0.00024014817602802108,0.08236331099059901,-0.5313505876779292
1118,control,50,averse,2,2023-09-30,-0.03742711032081769,0.07881908467860098,-2.333045668383906
1119,control,50,averse,2,2023-10-31,-0.059077762188540994,0.08202522399871454,-2.4832669501230984
1120,control,50,averse,2,2023-11-30,0.0014757705795378495,0.1065484898814364,-0.364954690950057
1121,control,50,averse,2,2023-12-31,0.04049379724613611,0.10586801883584591,0.35016800691433725
1122,control,50,averse,2,2024-01-31,0.03957713991925482,0.0980728450604717,0.2538581381422283
1123,control,50,averse,2,2024-02-29,0.059025878079720595,0.09288786808829248,0.5012837957461103
1124,control,50,averse,2,2024-03-31,0.07163512746135203,0.08942161548797757,0.5785292911693143
1125,control,50,averse,2,2024-04-30,0.025175587913685904,0.09042708052013482,-0.13885736460789577
1126,control,50,averse,2,2024-05-31,0.0554287341748676,0.08935189996952037,0.19929204138620493
1127,control,50,averse,2,2024-06-30,0.07156401034190041,0.08634905545419723,0.3218377764261544
1128,control,50,averse,2,2024-07-31,0.10770825647176685,0.083795039752456,0.6615675972186926
1129,control,50,averse,2,2024-08-31,0.13859721113062595,0.08293463397087471,0.8997813503601885
1130,control,50,averse,2,2024-09-30,0.15236589967735137,0.08215908855503619,0.9230762587581571
1131,control,50,averse,2,2024-10-31,0.13403193913825584,0.08181124788727973,0.6791655326625281
1132,control,50,averse,2,2024-11-30,0.16045056036892658,0.08217660383924395,0.8257076265684088
1133,control,50,averse,2,2024-12-31,0.12087591032978828,0.08193803730974117,0.4347966156346922
1134,control,50,averse,3,2023-07-31,0.01170098047376067,0.0686883923708147,1.2553723903967644
1135,control,50,averse,3,2023-08-31,-0.0018684711967021927,0.07911956016907752,-0.6714471639579178
1136,control,50,averse,3,2023-09-30,-0.03841361224575279,0.0773083660853758,-2.4240900106785794
1137,control,50,averse,3,2023-10-31,-0.05585426425757667,0.07789929751082565,-2.5078935438817624
1138,control,50,averse,3,2023-11-30,0.005533984824201088,0.10307422317962936,-0.28375039463309154
1139,control,50,averse,3,2023-12-31,0.04936342006543337,0.10301608690328158,0.5325701492852382
1140,control,50,averse,3,2024-01-31,0.04328504787177434,0.0966255059386096,0.3238246840992896
1141,control,50,averse,3,2024-02-29,0.05900032559339663,0.09111481803498642,0.5106101100710436
1142,control,50,averse,3,2024-03-31,0.07655127908188541,0.08818897705443648,0.6606556045442087
1143,control,50,averse,3,2024-04-30,0.03846989765536413,0.08882956134445615,0.03652747128736838
1144,control,50,averse,3,2024-05-31,0.06880002428879428,0.08667110629961747,0.373430171390864
1145,control,50,averse,3,2024-06-30,0.08710299924287424,0.08387600862954403,0.5128313411313563
1146,control,50,averse,3,2024-07-31,0.11596601114040506,0.08158986787005616,0.770925912313855
1147,control,50,averse,3,2024-08-31,0.140882511600255,0.08036032731738431,0.9523844583366339
1148,control,50,averse,3,2024-09-30,0.16163102915173244,0.07962952103351553,1.041279109315688
1149,control,50,averse,3,2024-10-31,0.14192641484829993,0.0790573466319716,0.7745787259434328
1150,control,50,averse,3,2024-11-30,0.1756652549829789,0.08078221323005315,0.9663358833814775
1151,control,50,averse,3,2024-12-31,0.1415960218976644,0.08042695788619182,0.6055454347978062
1152,control,50,averse,4,2023-07-31,0.002497277324647662,0.043873109418084734,-0.3669310510148876
1153,control,50,averse,4,2023-08-31,-0.006121890035566624,0.04378263493198353,-1.7640481271878368
1154,control,50,averse,4,2023-09-30,-0.02847582040742158,0.04234987364010499,-3.57750341840605
1155,control,50,averse,4,2023-10-31,-0.039836251078692264,0.045161798248627975,-3.39182616522662
1156,control,50,averse,4,2023-11-30,-0.003919992423367491,0.06262617021190531,-0.8242201457582052
1157,control,50,averse,4,2023-12-31,0.0256335609029521,0.0654709080021309,0.11572739856679219
1158,control,50,averse,4,2024-01-31,0.014780195728032464,0.06169905654468915,-0.2829955760907217
1159,control,50,averse,4,2024-02-29,0.014441947887061435,0.058167034564107656,-0.35837117065501284
1160,control,50,averse,4,2024-03-31,0.021274882675328843,0.05704759103124526,-0.2564857187514206
1161,control,50,averse,4,2024-04-30,-0.002728791582412904,0.056151981480120676,-0.8121031592998335
1162,control,50,averse,4,2024-05-31,0.011395417666328012,0.055389524099643046,-0.5420914895615654
1163,control,50,averse,4,2024-06-30,0.017925730889250868,0.05355227262107882,-0.46295912744633916
1164,control,50,averse,4,2024-07-31,0.04121350507492405,0.052450523805045814,-0.0923870679364119
1165,control,50,averse,4,2024-08-31,0.056678825755060336,0.05218052641532758,0.11003221622162901
1166,control,50,averse,4,2024-09-30,0.06881682431907099,0.050887461428160634,0.22514619257596186
1167,control,50,averse,4,2024-10-31,0.05360198654213755,0.050661786331290606,-0.055799092304180904
1168,control,50,averse,4,2024-11-30,0.06612227251027258,0.05094379693992216,0.07151251872716734
1169,control,50,averse,4,2024-12-31,0.042536800753879556,0.05095063720964711,-0.2861181915786928
1170,control,50,averse,5,2023-07-31,0.009626290139793214,0.07992407125428033,0.7806174641847707
1171,control,50,averse,5,2023-08-31,-0.005398789084680722,0.0801995220419199,-0.9123557557430626
1172,control,50,averse,5,2023-09-30,-0.042902463376242594,0.0759877970119462,-2.67484623659731
1173,control,50,averse,5,2023-10-31,-0.05976622916406782,0.07743532352636073,-2.6533382216551504
1174,control,50,averse,5,2023-11-30,0.0011089196310984928,0.10338503302073271,-0.38452376250233183
1175,control,50,averse,5,2023-12-31,0.04718024603632598,0.10559076819850911,0.47798743919426817
1176,control,50,averse,5,2024-01-31,0.03974251890131608,0.09879439282949226,0.2548869947091304
1177,control,50,averse,5,2024-02-29,0.04832595346337554,0.09333508970540037,0.3241791090039922
1178,control,50,averse,5,2024-03-31,0.06515061600535721,0.09020735779016092,0.4781670458713944
1179,control,50,averse,5,2024-04-30,0.024430224402144374,0.08993342942450246,-0.14945813880270786
1180,control,50,averse,5,2024-05-31,0.05091443359122283,0.08865222225709982,0.14546134803771987
1181,control,50,averse,5,2024-06-30,0.0631020736702459,0.08572750022683831,0.2274452346479591
1182,control,50,averse,5,2024-07-31,0.10281992714359944,0.08362930509847255,0.610019830763964
1183,control,50,averse,5,2024-08-31,0.13199172802624615,0.08247846964453945,0.8377528357451602
1184,control,50,averse,5,2024-09-30,0.15184834628485167,0.080727469695281,0.9345443403573698
1185,control,50,averse,5,2024-10-31,0.1259215748275353,0.080771466538105,0.6156246205758884
1186,control,50,averse,5,2024-11-30,0.1588452760474819,0.08258701975058574,0.8085339073459286
1187,control,50,averse,5,2024-12-31,0.11787176496008844,0.08265075124624695,0.40802691774335487
1188,control,50,averse,6,2023-07-31,0.01646157900465761,0.09370859402038847,1.5227904110454942
1189,control,50,averse,6,2023-08-31,0.002283936425694799,0.08846710789683412,-0.3290350968327359
1190,control,50,averse,6,2023-09-30,-0.03405414872851098,0.08042918259088515,-2.1359433137533914
1191,control,50,averse,6,2023-10-31,-0.0528246756529821,0.08063534750846273,-2.3251290110499028
1192,control,50,averse,6,2023-11-30,0.007917707462738566,0.10095067957627843,-0.23339475440222832
1193,control,50,averse,6,2023-12-31,0.045949520165041946,0.0998001957417049,0.4809484655560529
1194,control,50,averse,6,2024-01-31,0.054239747455297804,0.09296368891120889,0.5407234928616746
1195,control,50,averse,6,2024-02-29,0.07227972021480222,0.08882905387281466,0.7528194514378176
1196,control,50,averse,6,2024-03-31,0.08995254262684038,0.08514883535749895,0.8938133309369427
1197,control,50,averse,6,2024-04-30,0.04741160406642586,0.08614105833373023,0.16128519589711487
1198,control,50,averse,6,2024-05-31,0.07781049937435336,0.08472972524641434,0.49787329345979026
1199,control,50,averse,6,2024-06-30,0.09358787351673303,0.08242560734300239,0.5989205409872481
1200,control,50,averse,6,2024-07-31,0.12882040558473906,0.07991554181725845,0.9323391899030952
1201,control,50,averse,6,2024-08-31,0.15916080554728707,0.07952123494891923,1.154375911650749
1202,control,50,averse,6,2024-09-30,0.17424438143407217,0.07897531683173956,1.171662831226575
1203,control,50,averse,6,2024-10-31,0.15200788261841747,0.07911611844596227,0.8653833865550149
1204,control,50,averse,6,2024-11-30,0.18659985254251388,0.08065972606938054,1.0584650777054039
1205,control,50,averse,6,2024-12-31,0.15118803743732734,0.08024288064431409,0.6820279577131286
1206,control,50,averse,7,2023-07-31,0.01720457079370208,0.11349154457448064,1.337002476631712
1207,control,50,averse,7,2023-08-31,-0.003093596551706601,0.10292071930984326,-0.5841350473452159
1208,control,50,averse,7,2023-09-30,-0.04528834193425224,0.0962293665528123,-2.1988254048994484
1209,control,50,averse,7,2023-10-31,-0.07392037704238363,0.09987628312978149,-2.41642432293096
1210,control,50,averse,7,2023-11-30,-0.007712290469100047,0.1275151978904756,-0.47453442660019446
1211,control,50,averse,7,2023-12-31,0.03465183016054807,0.12792532614530744,0.19878402141314755
1212,control,50,averse,7,2024-01-31,0.03128105354307631,0.11804837295147816,0.09020431243421138
1213,control,50,averse,7,2024-02-29,0.04910988702879093,0.1122190344608243,0.28024845298142276
1214,control,50,averse,7,2024-03-31,0.05660419492632007,0.10819572361059365,0.29414391962103603
1215,control,50,averse,7,2024-04-30,-0.003523992555802713,0.10865593836653134,-0.42832863380931935
1216,control,50,averse,7,2024-05-31,0.027833836792863664,0.1091377748943711,-0.11168513270993473
1217,control,50,averse,7,2024-06-30,0.04079465187021647,0.10534835822834404,-0.022471350558953607
1218,control,50,averse,7,2024-07-31,0.09243060998945984,0.10315045365834671,0.40343677440594855
1219,control,50,averse,7,2024-08-31,0.1334566625740694,0.10252433119535811,0.6859114848146954
1220,control,50,averse,7,2024-09-30,0.14254322761622373,0.10033682510281937,0.6809320466767629
1221,control,50,averse,7,2024-10-31,0.11990999040575945,0.10006924750280043,0.4535890375550817
1222,control,50,averse,7,2024-11-30,0.13856250570646567,0.09926137422810771,0.5349218140977775
1223,control,50,averse,7,2024-12-31,0.0855216820498137,0.09919368304862096,0.13229647804686134
1224,control,50,averse,8,2023-07-31,0.004219589881446328,0.09679842841440434,0.024662970038033916
1225,control,50,averse,8,2023-08-31,-0.014691617714807648,0.09894820527169351,-1.256590259736252
1226,control,50,averse,8,2023-09-30,-0.06289905076740254,0.08600045700014437,-3.153649074981166
1227,control,50,averse,8,2023-10-31,-0.09146084090871809,0.09542366963169602,-2.980330986050516
1228,control,50,averse,8,2023-11-30,-0.0177812159646773,0.11737795961718564,-0.7147590918621863
1229,control,50,averse,8,2023-12-31,0.036389616938227176,0.1209660167212867,0.2387967588246266
1230,control,50,averse,8,2024-01-31,0.032806660006049926,0.11443423561941395,0.11589906811744398
1231,control,50,averse,8,2024-02-29,0.03466453582447859,0.10931294825642117,0.0874146573371968
1232,control,50,averse,8,2024-03-31,0.052483635094153325,0.10571032791806598,0.24957218526237157
1233,control,50,averse,8,2024-04-30,0.010982161065685947,0.10319385132841903,-0.2847575646599962
1234,control,50,averse,8,2024-05-31,0.036786469525256216,0.1003264281918799,-0.02456629690003895
1235,control,50,averse,8,2024-06-30,0.053022075603712304,0.0986880480274175,0.09746901856676772
1236,control,50,averse,8,2024-07-31,0.08047187954217772,0.09608837587907246,0.3203719967669672
1237,control,50,averse,8,2024-08-31,0.10028852164264745,0.09590744792915898,0.4431910754640735
1238,control,50,averse,8,2024-09-30,0.12024962977545095,0.09295674509431164,0.5509210714737957
1239,control,50,averse,8,2024-10-31,0.08959414705886637,0.09202348475644519,0.2547102315913844
1240,control,50,averse,8,2024-11-30,0.12271045067194253,0.09441434938147301,0.4486292332874076
1241,control,50,averse,8,2024-12-31,0.08180941350462545,0.0943434678298738,0.11389919166925228
1242,control,50,averse,9,2023-07-31,0.014557186316736859,0.07802276484604119,1.5355736498900492
1243,control,50,averse,9,2023-08-31,-0.002973492923232124,0.08113367755258633,-0.7325646890892635
1244,control,50,averse,9,2023-09-30,-0.03823349208955695,0.0795971483003059,-2.3463360373089275
1245,control,50,averse,9,2023-10-31,-0.059550554904217234,0.08232249086055592,-2.489081513352017
1246,control,50,averse,9,2023-11-30,-0.0012499886433342544,0.1104600526291972,-0.4103661599653949
1247,control,50,averse,9,2023-12-31,0.05013561942823275,0.1136801746156608,0.49629475482201424
1248,control,50,averse,9,2024-01-31,0.041683838341677104,0.10512559553277218,0.27136154973664406
1249,control,50,averse,9,2024-02-29,0.04998714504094326,0.0991512341008104,0.33064180170801444
1250,control,50,averse,9,2024-03-31,0.0772320673925968,0.09625576607510566,0.6146899850224602
1251,control,50,averse,9,2024-04-30,0.03665628300529966,0.09551359261762184,0.01137993060574184
1252,control,50,averse,9,2024-05-31,0.06324049562502121,0.09417950334122442,0.2793666303690049
1253,control,50,averse,9,2024-06-30,0.06942542307539101,0.09066691903753572,0.28339825415244874
1254,control,50,averse,9,2024-07-31,0.11342780401168961,0.08877185148208418,0.6827179490395376
1255,control,50,averse,9,2024-08-31,0.1405415056139998,0.0872663662476495,0.873748139728916
1256,control,50,averse,9,2024-09-30,0.16004908263727646,0.08540191345464723,0.9567582900258167
1257,control,50,averse,9,2024-10-31,0.14080653103297958,0.08492670848338915,0.711578685369361
1258,control,50,averse,9,2024-11-30,0.17684983820273725,0.08648114296577653,0.9118281547709233
1259,control,50,averse,9,2024-12-31,0.131131965394931,0.08705261416173644,0.48371757165032897
1260,control,50,neutral,0,2023-07-31,0.030206135128374,0.08059685164999393,3.974802365546533
1261,control,50,neutral,0,2023-08-31,0.0009005317764378962,0.14504414903144627,-0.25621707950349976
1262,control,50,neutral,0,2023-09-30,-0.05772212935447718,0.14540372497201476,-1.747085242939068
1263,control,50,neutral,0,2023-10-31,-0.0465136204911365,0.1438945037476128,-1.1878721849139513
1264,control,50,neutral,0,2023-11-30,0.05417492805920965,0.16887873676206988,0.5354930732411979
1265,control,50,neutral,0,2023-12-31,0.09862904233756464,0.15780304356522987,0.9900195594032651
1266,control,50,neutral,0,2024-01-31,0.09761381177637185,0.1569882768396859,0.80719933931194
1267,control,50,neutral,0,2024-02-29,0.16499189849031248,0.14740702051212426,1.4403264914661418
1268,control,50,neutral,0,2024-03-31,0.17753562271547785,0.1418461475473769,1.369994003054885
1269,control,50,neutral,0,2024-04-30,0.1431811483895422,0.1468204588916864,0.8783432694911805
1270,control,50,neutral,0,2024-05-31,0.2322969761843967,0.14615825475098673,1.4474574625732004
1271,control,50,neutral,0,2024-06-30,0.3046414418132988,0.14327287975920447,1.7849485109648835
1272,control,50,neutral,0,2024-07-31,0.341638201491292,0.1432804198327761,1.8503281596530887
1273,control,50,neutral,0,2024-08-31,0.3620743168431588,0.1467053770894804,1.765392804907613
1274,control,50,neutral,0,2024-09-30,0.3828653414588332,0.15035217511831042,1.6534308088037153
1275,control,50,neutral,0,2024-10-31,0.38325699622332254,0.14851877131044897,1.5497083476674745
1276,control,50,neutral,0,2024-11-30,0.5111736135879026,0.1485334513896389,1.9809199278583383
1277,control,50,neutral,0,2024-12-31,0.539621845835099,0.14621128285952692,1.956905769026225
1278,control,50,neutral,1,2023-07-31,0.015610305246155143,0.06855157617997747,1.9316438250898902
1279,control,50,neutral,1,2023-08-31,-0.016241796334450997,0.14135217647577678,-0.9384443744566789
1280,control,50,neutral,1,2023-09-30,-0.07269914876343697,0.13240113510323004,-2.288285817646375
1281,control,50,neutral,1,2023-10-31,-0.07717510121427018,0.1250783598545027,-1.994345386171749
1282,control,50,neutral,1,2023-11-30,0.013531605242071754,0.1511884133039384,-0.06678887468861121
1283,control,50,neutral,1,2023-12-31,0.06480508794639506,0.145379021596991,0.5927363459975615
1284,control,50,neutral,1,2024-01-31,0.045275075482370086,0.14067502240278373,0.24686161827228542
1285,control,50,neutral,1,2024-02-29,0.07808470107645382,0.13224447592619895,0.5732251155408589
1286,control,50,neutral,1,2024-03-31,0.08665424593693971,0.1266917423934316,0.5660127043929989
1287,control,50,neutral,1,2024-04-30,0.04141822856263544,0.13023983060017863,0.0518582674058359
1288,control,50,neutral,1,2024-05-31,0.11494213533081332,0.1311284328773452,0.6308325052499506
1289,control,50,neutral,1,2024-06-30,0.15723452786081427,0.12957380617254508,0.8618506800225276
1290,control,50,neutral,1,2024-07-31,0.21029910795011597,0.12724033147332917,1.1617934218938286
1291,control,50,neutral,1,2024-08-31,0.24131710523964123,0.1257837170017479,1.2718157292871404
1292,control,50,neutral,1,2024-09-30,0.2720217797228439,0.12612850899087094,1.3189103747418314
1293,control,50,neutral,1,2024-10-31,0.25142137253878727,0.12574620126497826,1.1047176239676004
1294,control,50,neutral,1,2024-11-30,0.3318538126780832,0.1273208230607629,1.4192966526790904
1295,control,50,neutral,1,2024-12-31,0.312532827882229,0.12440279742491157,1.235153926068433
1296,control,50,neutral,2,2023-07-31,0.018398000529378677,0.07569578820541353,2.19813255669837
1297,control,50,neutral,2,2023-08-31,-0.011173775685386245,0.1520601177663884,-0.692077831547897
1298,control,50,neutral,2,2023-09-30,-0.06610536272565393,0.13916525495737947,-2.0243228663248156
1299,control,50,neutral,2,2023-10-31,-0.06866427719797696,0.13090457429933688,-1.7427883267210427
1300,control,50,neutral,2,2023-11-30,0.02293104281241609,0.15396994140357742,0.0823105024366521
1301,control,50,neutral,2,2023-12-31,0.07195131110714237,0.14622157906455896,0.6893904143170062
1302,control,50,neutral,2,2024-01-31,0.05947059669882737,0.14418153792286592,0.4118203676363668
1303,control,50,neutral,2,2024-02-29,0.09609357240937522,0.1356896291408904,0.7640179762478498
1304,control,50,neutral,2,2024-03-31,0.10200504120480058,0.13035721442049794,0.7073805678368796
1305,control,50,neutral,2,2024-04-30,0.06016619151415181,0.13562049008513075,0.21465150181510023
1306,control,50,neutral,2,2024-05-31,0.1382214355155793,0.13548931030415592,0.7985207024627743
1307,control,50,neutral,2,2024-06-30,0.19031159483628635,0.134933536532284,1.067401838989683
1308,control,50,neutral,2,2024-07-31,0.22904173547409767,0.13361802002026563,1.2320962909875592
1309,control,50,neutral,2,2024-08-31,0.25425888257872775,0.13287562731223265,1.2842952803029917
1310,control,50,neutral,2,2024-09-30,0.28518075190456904,0.1348444023437397,1.3066411210208175
1311,control,50,neutral,2,2024-10-31,0.2674100538074915,0.13343770745632505,1.1249250626289184
1312,control,50,neutral,2,2024-11-30,0.3486096719590208,0.1346536492650681,1.4221574833343191
1313,control,50,neutral,2,2024-12-31,0.34601580944988664,0.13173407677217672,1.318210706345814
1314,control,50,neutral,3,2023-07-31,0.018862885607555002,0.07155914006638998,2.4055665796941006
1315,control,50,neutral,3,2023-08-31,0.000883412783609927,0.11924728307900771,-0.3124777291955015
1316,control,50,neutral,3,2023-09-30,-0.06445325644076316,0.12260300312402247,-2.2537662768725015
1317,control,50,neutral,3,2023-10-31,-0.06856924181158675,0.11992082949019685,-1.9004114143498954
1318,control,50,neutral,3,2023-11-30,0.01951971162800592,0.14493513310225775,0.030192272320431267
1319,control,50,neutral,3,2023-12-31,0.05870864977766432,0.13744611713624763,0.5366484953287982
1320,control,50,neutral,3,2024-01-31,0.046546877572626766,0.1381655977262488,0.2672624532826071
1321,control,50,neutral,3,2024-02-29,0.07080983569240562,0.13082175226856338,0.4939076968697218
1322,control,50,neutral,3,2024-03-31,0.07365939044904546,0.1255912905148609,0.43331441742435023
1323,control,50,neutral,3,2024-04-30,0.04835153130522962,0.1270796729627317,0.11814310378663014
1324,control,50,neutral,3,2024-05-31,0.10154728824029102,0.1281048470049163,0.5314723352973266
1325,control,50,neutral,3,2024-06-30,0.16027952230890552,0.1267638138997441,0.9044578014700652
1326,control,50,neutral,3,2024-07-31,0.19355336374057552,0.12705450041680302,1.045178600565183
1327,control,50,neutral,3,2024-08-31,0.2167299270659755,0.12593887244987795,1.108809357499008
1328,control,50,neutral,3,2024-09-30,0.24689787252828221,0.12526220582078854,1.1775524112446454
1329,control,50,neutral,3,2024-10-31,0.21939990506088902,0.12435132298210222,0.9359373590427137
1330,control,50,neutral,3,2024-11-30,0.2788947367253709,0.12411321171862232,1.1789658048581244
1331,control,50,neutral,3,2024-12-31,0.28659789618916687,0.12181592074353789,1.1332486480306794
1332,control,50,neutral,4,2023-07-31,0.007070761929918401,0.06987008688198657,0.48163196251046564
1333,control,50,neutral,4,2023-08-31,-0.023126028235301077,0.12340182106644468,-1.3680828969114291
1334,control,50,neutral,4,2023-09-30,-0.07602969587461395,0.11598349307637511,-2.703292534611583
1335,control,50,neutral,4,2023-10-31,-0.03924278588044383,0.11398568499674389,-1.3299240671804908
1336,control,50,neutral,4,2023-11-30,0.047670884139279,0.13618865085778453,0.5432382700851823
1337,control,50,neutral,4,2023-12-31,0.09660250059369413,0.13153061777241598,1.155423704204675
1338,control,50,neutral,4,2024-01-31,0.08557005249862093,0.12753058628318023,0.8255489866506581
1339,control,50,neutral,4,2024-02-29,0.16727530125403645,0.12250920077687107,1.7628852755134696
1340,control,50,neutral,4,2024-03-31,0.19094929226898394,0.11888441853746576,1.788910462703639
1341,control,50,neutral,4,2024-04-30,0.14487600627751474,0.12382475227675058,1.058038726551501
1342,control,50,neutral,4,2024-05-31,0.21825205162582262,0.12390026214232597,1.5825852975563615
1343,control,50,neutral,4,2024-06-30,0.2607474705882704,0.12101666342359865,1.7590198527920426
1344,control,50,neutral,4,2024-07-31,0.3126493081510089,0.11656519141408807,2.0530848902750214
1345,control,50,neutral,4,2024-08-31,0.3282589863005694,0.11675224832975557,1.9819766196216064
1346,control,50,neutral,4,2024-09-30,0.36808045396576894,0.12163117147879106,1.9543500833185332
1347,control,50,neutral,4,2024-10-31,0.3490010162179209,0.12328872115019707,1.6763497579677202
1348,control,50,neutral,4,2024-11-30,0.4729612953580986,0.12355248117141877,2.1884831009216366
1349,control,50,neutral,4,2024-12-31,0.47578996508447347,0.12155329066134435,2.0534659399902324
1350,control,50,neutral,5,2023-07-31,0.02220849281827264,0.10521077367904556,2.0365048243685444
1351,control,50,neutral,5,2023-08-31,-7.601601184725748e-05,0.12528151435125404,-0.34175984193170783
1352,control,50,neutral,5,2023-09-30,-0.047157985934449864,0.11919112839019168,-1.8296689349851945
1353,control,50,neutral,5,2023-10-31,-0.07131887238662282,0.11587308427641395,-2.0265754916717325
1354,control,50,neutral,5,2023-11-30,0.012315764435328669,0.14772107264250892,-0.08815447747125277
1355,control,50,neutral,5,2023-12-31,0.07175790069459853,0.14426766855355472,0.6959739723734205
1356,control,50,neutral,5,2024-01-31,0.06635782024124359,0.1360614524990831,0.5248889981947177
1357,control,50,neutral,5,2024-02-29,0.09789580454062063,0.12807937969403269,0.8312818458175607
1358,control,50,neutral,5,2024-03-31,0.12259330750548836,0.12365833292629508,0.9691637838539466
1359,control,50,neutral,5,2024-04-30,0.07164131107047012,0.125883258857469,0.340243207902148
1360,control,50,neutral,5,2024-05-31,0.11832147463396869,0.12223076776008662,0.7069810716201441
1361,control,50,neutral,5,2024-06-30,0.14272453419742614,0.11773100613313926,0.8279427917777948
1362,control,50,neutral,5,2024-07-31,0.17426090727705223,0.11516147984858645,1.0025332016528499
1363,control,50,neutral,5,2024-08-31,0.20579892373330888,0.11491404046509736,1.1363605013110378
1364,control,50,neutral,5,2024-09-30,0.23162495619087142,0.11639560240744416,1.1684708353294089
1365,control,50,neutral,5,2024-10-31,0.2032165525930325,0.11504915025159494,0.9121436161044673
1366,control,50,neutral,5,2024-11-30,0.24931880260313166,0.11698664484319592,1.085087661562327
1367,control,50,neutral,5,2024-12-31,0.2080120630313529,0.1164604876189275,0.773477861126863
1368,control,50,neutral,6,2023-07-31,0.020314851069958006,0.06509434196574508,2.922858228164308
1369,control,50,neutral,6,2023-08-31,-0.008546632487030581,0.15308190863126273,-0.5928864936727033
1370,control,50,neutral,6,2023-09-30,-0.07238757758079284,0.14662540343490224,-2.0595161332084544
1371,control,50,neutral,6,2023-10-31,-0.08751843435585882,0.1418357806996927,-1.9378275388061612
1372,control,50,neutral,6,2023-11-30,0.0026246351314855865,0.16391404572174875,-0.2206173259869768
1373,control,50,neutral,6,2023-12-31,0.043761398424054576,0.1559780859772447,0.2795896012356755
1374,control,50,neutral,6,2024-01-31,0.02163873281480333,0.1542620816562757,-0.03769183305894055
1375,control,50,neutral,6,2024-02-29,0.031190123169453354,0.14526362955879615,0.02968190058511302
1376,control,50,neutral,6,2024-03-31,0.024373619416390824,0.13936479623285808,-0.0758883843276064
1377,control,50,neutral,6,2024-04-30,-0.007751694037923751,0.14160333628385138,-0.36391579082222997
1378,control,50,neutral,6,2024-05-31,0.06689173380666524,0.1438035280412665,0.21061341148046886
1379,control,50,neutral,6,2024-06-30,0.12260225169228933,0.14410843864746628,0.539720405311213
1380,control,50,neutral,6,2024-07-31,0.1711027206837683,0.14391223042707846,0.7825049521971652
1381,control,50,neutral,6,2024-08-31,0.2062489979628701,0.14187285420975176,0.9230588068553347
1382,control,50,neutral,6,2024-09-30,0.23165984631182623,0.14015535036177765,0.9705742033750415
1383,control,50,neutral,6,2024-10-31,0.20352184820645292,0.13871556273768118,0.7580807354945329
1384,control,50,neutral,6,2024-11-30,0.26236791566345374,0.13963029911410618,0.9704910943920646
1385,control,50,neutral,6,2024-12-31,0.25852007131808064,0.13586090510387255,0.8908184887648043
1386,control,50,neutral,7,2023-07-31,0.01459425098106526,0.08750245052975186,1.374262549448629
1387,control,50,neutral,7,2023-08-31,-0.012704907646270414,0.11687311990753742,-0.9719138981514914
1388,control,50,neutral,7,2023-09-30,-0.04903125877248515,0.10856839785254431,-2.0682209358728167
1389,control,50,neutral,7,2023-10-31,-0.04309321442415903,0.09910851013113792,-1.6332265333754414
1390,control,50,neutral,7,2023-11-30,0.04063151299510381,0.12713604173474885,0.4431052541186922
1391,control,50,neutral,7,2023-12-31,0.10726603377329913,0.12403773229531354,1.4063629449900543
1392,control,50,neutral,7,2024-01-31,0.11096355550515735,0.11589231511654631,1.3000902941406798
1393,control,50,neutral,7,2024-02-29,0.19438921843164758,0.11271501227769509,2.303509949311831
1394,control,50,neutral,7,2024-03-31,0.24019175445541951,0.11168771819865092,2.5119033110401263
1395,control,50,neutral,7,2024-04-30,0.16941774973923907,0.11762149719943776,1.367056048415696
1396,control,50,neutral,7,2024-05-31,0.23080746040937283,0.11347517103012691,1.8498845279354454
1397,control,50,neutral,7,2024-06-30,0.24655061480771967,0.10967320491718585,1.8144906571260009
1398,control,50,neutral,7,2024-07-31,0.2856813453518634,0.10536766444310833,2.0430767768216693
1399,control,50,neutral,7,2024-08-31,0.31204424366957073,0.10631624491849552,2.0517352583501536
1400,control,50,neutral,7,2024-09-30,0.3487530570985593,0.11211125464474832,1.9930220139634043
1401,control,50,neutral,7,2024-10-31,0.34360561181129046,0.11148250335293403,1.820573126936693
1402,control,50,neutral,7,2024-11-30,0.44747982355811833,0.11440540198862223,2.223606744863531
1403,control,50,neutral,7,2024-12-31,0.39703650597274787,0.11452636611655855,1.7795037284807735
1404,control,50,neutral,8,2023-07-31,0.0033699722969180446,0.08196079444259773,-0.08258787447220807
1405,control,50,neutral,8,2023-08-31,-0.03676820150415516,0.15388847464780586,-1.5400644929603542
1406,control,50,neutral,8,2023-09-30,-0.09750200609901893,0.1337160338151549,-2.834084464023855
1407,control,50,neutral,8,2023-10-31,-0.0962017806461517,0.12544594123826122,-2.357703514625391
1408,control,50,neutral,8,2023-11-30,-0.00047079922671455776,0.15381957423340126,-0.2827306463979086
1409,control,50,neutral,8,2023-12-31,0.06327711214900567,0.15231722772204742,0.5452736342176848
1410,control,50,neutral,8,2024-01-31,0.04009615438643488,0.1449327115131383,0.17794837597679125
1411,control,50,neutral,8,2024-02-29,0.08247830621010599,0.13814350636229383,0.5978057462013088
1412,control,50,neutral,8,2024-03-31,0.09638681132421634,0.13325541165016627,0.6356084257931761
1413,control,50,neutral,8,2024-04-30,0.03878356581215092,0.13625936239849507,0.026552166028858716
1414,control,50,neutral,8,2024-05-31,0.11597254301760818,0.13775454477208368,0.6086664034750241
1415,control,50,neutral,8,2024-06-30,0.151174387862973,0.13709360542424687,0.7713236631547981
1416,control,50,neutral,8,2024-07-31,0.2085245303322918,0.13363517882540948,1.0942840461159233
1417,control,50,neutral,8,2024-08-31,0.23339458065118368,0.1322629637130009,1.1600299457583312
1418,control,50,neutral,8,2024-09-30,0.26736309720673956,0.13115435573470177,1.2417658387254327
1419,control,50,neutral,8,2024-10-31,0.2440550869267044,0.13137411837601426,1.0180444102839428
1420,control,50,neutral,8,2024-11-30,0.34045429740611044,0.1334654584863539,1.395497530677147
1421,control,50,neutral,8,2024-12-31,0.31008648866555455,0.1307342250504536,1.1641084144854839
1422,control,50,neutral,9,2023-07-31,0.01580031293766715,0.08377747716949982,1.6078909242173003
1423,control,50,neutral,9,2023-08-31,-0.014863213411531628,0.16360224266219056,-0.7656418340730762
1424,control,50,neutral,9,2023-09-30,-0.06539721553889222,0.144971243156083,-1.9273175776295965
1425,control,50,neutral,9,2023-10-31,-0.051443138678818556,0.13562070500089504,-1.355842965527298
1426,control,50,neutral,9,2023-11-30,0.04458803150234325,0.15776860572187598,0.41981718422865616
1427,control,50,neutral,9,2023-12-31,0.09042155846328681,0.14906963764072506,0.9327338718344864
1428,control,50,neutral,9,2024-01-31,0.08910040979530054,0.14766567028094363,0.7554242977988066
1429,control,50,neutral,9,2024-02-29,0.15315946704848216,0.14060364897947064,1.3756958161123356
1430,control,50,neutral,9,2024-03-31,0.16320899350419582,0.13538970128307423,1.2911150979326103
1431,control,50,neutral,9,2024-04-30,0.11831103491049055,0.14407308847250533,0.686476935424009
1432,control,50,neutral,9,2024-05-31,0.20966458676091615,0.1432587332751451,1.3027346455799083
1433,control,50,neutral,9,2024-06-30,0.2680743950891815,0.14321191361785998,1.536378071741428
1434,control,50,neutral,9,2024-07-31,0.2941168903758751,0.14210298524766524,1.567876105883278
1435,control,50,neutral,9,2024-08-31,0.3107937910166776,0.1425376602514969,1.523166753819015
1436,control,50,neutral,9,2024-09-30,0.34617267425926723,0.14720272629488365,1.5049435573583247
1437,control,50,neutral,9,2024-10-31,0.34033513860340503,0.14526124268867088,1.3817142872956376
1438,control,50,neutral,9,2024-11-30,0.45014120272982683,0.14601971070245306,1.7536509562531342
1439,control,50,neutral,9,2024-12-31,0.46796596543137214,0.14361078461745044,1.7066468615868293
1440,control,50,seeking,0,2023-07-31,-0.008091552157355908,0.1990691214725452,-0.619886755631385
1441,control,50,seeking,0,2023-08-31,-0.03412542912483385,0.277773221743837,-0.8069430581855452
1442,control,50,seeking,0,2023-09-30,-0.06892708964869088,0.2630160571829545,-1.1058909089888342
1443,control,50,seeking,0,2023-10-31,-0.06858635776333943,0.25271981880160915,-0.9019559725472606
1444,control,50,seeking,0,2023-11-30,0.062412895225756104,0.26062779523024876,0.4276942645456385
1445,control,50,seeking,0,2023-12-31,0.13444414648531278,0.2503592378291623,0.9291336393140536
1446,control,50,seeking,0,2024-01-31,0.08959394607965132,0.23781439964206838,0.472753184071958
1447,control,50,seeking,0,2024-02-29,0.34348502061523645,0.2536574173314943,2.0038272729928823
1448,control,50,seeking,0,2024-03-31,0.38069539325808877,0.2516122742311059,1.9021966085238713
1449,control,50,seeking,0,2024-04-30,0.3267418934395159,0.27554814310636083,1.2859786863401288
1450,control,50,seeking,0,2024-05-31,0.4357079518436704,0.2738918845364648,1.59646618905857
1451,control,50,seeking,0,2024-06-30,0.497400777490127,0.2639462414563152,1.6808744838374978
1452,control,50,seeking,0,2024-07-31,0.5749793416118119,0.26078794334937355,1.806371099437944
1453,control,50,seeking,0,2024-08-31,0.47065117996513894,0.2738510542017492,1.2668201986567966
1454,control,50,seeking,0,2024-09-30,0.6157915330286468,0.28846859498679017,1.4457377712026245
1455,control,50,seeking,0,2024-10-31,0.6564822362545277,0.2875789194964054,1.4343675388108847
1456,control,50,seeking,0,2024-11-30,1.106976850403476,0.305170965990159,2.1164276889437827
1457,control,50,seeking,0,2024-12-31,1.2023810059672932,0.3050447329556879,2.095234723962618
1458,control,50,seeking,1,2023-07-31,-0.011815584748641528,0.19783787821821475,-0.8019496132505785
1459,control,50,seeking,1,2023-08-31,-0.07780297042557283,0.33001032012162096,-1.2609013109995197
1460,control,50,seeking,1,2023-09-30,-0.05504029589787651,0.4030093229956576,-0.6079745990573228
1461,control,50,seeking,1,2023-10-31,-0.13655933974269596,0.3679512459314247,-1.0546730385786411
1462,control,50,seeking,1,2023-11-30,-0.014786547219994284,0.3856639345984577,-0.19959181188678654
1463,control,50,seeking,1,2023-12-31,0.10093887365712928,0.3736162699861892,0.4311541637479611
1464,control,50,seeking,1,2024-01-31,-0.021542497591076626,0.3530922591566487,-0.22160945616509545
1465,control,50,seeking,1,2024-02-29,0.07665326728318256,0.350732444713558,0.20984874790298144
1466,control,50,seeking,1,2024-03-31,0.2565545870047288,0.3660097075209898,0.8286235121889803
1467,control,50,seeking,1,2024-04-30,0.27974756856408556,0.3712384672631777,0.7975218882227547
1468,control,50,seeking,1,2024-05-31,0.3114113852470075,0.3739902984714737,0.7994831044174435
1469,control,50,seeking,1,2024-06-30,0.22347774106034368,0.3622910244950106,0.4870488912490449
1470,control,50,seeking,1,2024-07-31,0.3380986449311698,0.34915188658080515,0.7502996642857503
1471,control,50,seeking,1,2024-08-31,0.18844508397198179,0.3586778394155808,0.3239058562749128
1472,control,50,seeking,1,2024-09-30,0.25928911454054515,0.35812582350620925,0.43786118395467294
1473,control,50,seeking,1,2024-10-31,0.23589943239306033,0.3572631737743789,0.3583134254301329
1474,control,50,seeking,1,2024-11-30,0.44755068677918075,0.3560335021863917,0.7146440790394292
1475,control,50,seeking,1,2024-12-31,0.40290628795798744,0.34866877359650655,0.594386643228192
1476,control,50,seeking,2,2023-07-31,0.03668528718549591,0.21011295541197805,1.961664644288063
1477,control,50,seeking,2,2023-08-31,-0.05819393570422582,0.2989639436068607,-1.121058028237028
1478,control,50,seeking,2,2023-09-30,-0.1213192678824121,0.2868738155234341,-1.5556310132798656
1479,control,50,seeking,2,2023-10-31,-0.13644953581535102,0.2509260411744308,-1.5455862912722713
1480,control,50,seeking,2,2023-11-30,0.04972053420059219,0.2959053180055143,0.26749108062760607
1481,control,50,seeking,2,2023-12-31,0.1543304986750147,0.2842552285860674,0.970997386226758
1482,control,50,seeking,2,2024-01-31,0.0536353451749263,0.27073647212356633,0.18178963869057627
1483,control,50,seeking,2,2024-02-29,0.24767761922711617,0.27101312744364675,1.279915235122738
1484,control,50,seeking,2,2024-03-31,0.27015247167449363,0.264087294511378,1.2202241997983954
1485,control,50,seeking,2,2024-04-30,0.18346077445453024,0.27697666647099567,0.6422530288976729
1486,control,50,seeking,2,2024-05-31,0.19132715201365436,0.2715397663913758,0.6130142647784625
1487,control,50,seeking,2,2024-06-30,0.2273168772490164,0.2619366769237867,0.6879743808537163
1488,control,50,seeking,2,2024-07-31,0.2822585305098413,0.258638835923642,0.8205240325964785
1489,control,50,seeking,2,2024-08-31,0.247126776196269,0.26229384043926424,0.628185160180475
1490,control,50,seeking,2,2024-09-30,0.34803502645498696,0.27058127343346267,0.823816190937135
1491,control,50,seeking,2,2024-10-31,0.3772455182838037,0.26721179526720334,0.8459591132165615
1492,control,50,seeking,2,2024-11-30,0.7272489601773857,0.2821277192034789,1.5093835951013426
1493,control,50,seeking,2,2024-12-31,0.7710171881534651,0.28266602007956604,1.4659704564596046
1494,control,50,seeking,3,2023-07-31,0.15147423002043636,0.36544855310719376,9.011309802530507
1495,control,50,seeking,3,2023-08-31,-0.04102840805997876,0.47487351661356797,-0.5419604638757319
1496,control,50,seeking,3,2023-09-30,-0.13628408220881305,0.46939535148800443,-1.035062078531342
1497,control,50,seeking,3,2023-10-31,-0.2572635711874359,0.41549938035349177,-1.4894719437896387
1498,control,50,seeking,3,2023-11-30,-0.08203696080473477,0.45499742057140763,-0.4957081705461884
1499,control,50,seeking,3,2023-12-31,0.04427118521107465,0.42934080713059664,0.1039538101712162
1500,control,50,seeking,3,2024-01-31,-0.17611651035082831,0.4184157527524465,-0.7643613100147651
1501,control,50,seeking,3,2024-02-29,-0.08582857200873839,0.4003568211540653,-0.4176159558369281
1502,control,50,seeking,3,2024-03-31,-0.15388060039413454,0.3841012262069279,-0.6186566157018585
1503,control,50,seeking,3,2024-04-30,-0.18104877557950616,0.4005209880225081,-0.6307591423688811
1504,control,50,seeking,3,2024-05-31,-0.18132147128662757,0.39480814703210293,-0.6008852288219282
1505,control,50,seeking,3,2024-06-30,-0.18347373520476729,0.38101284574041944,-0.5845526103259163
1506,control,50,seeking,3,2024-07-31,-0.1289440622702014,0.3874258664935986,-0.41481198366566596
1507,control,50,seeking,3,2024-08-31,-0.1541167256917304,0.38289686740413303,-0.45794332660682824
1508,control,50,seeking,3,2024-09-30,0.018353203628221015,0.38244921380527236,-0.07306828340483765
1509,control,50,seeking,3,2024-10-31,-0.031727378820781804,0.3786270532060981,-0.17442869128343366
1510,control,50,seeking,3,2024-11-30,0.14941709962464045,0.38892874601578237,0.15536421160143343
1511,control,50,seeking,3,2024-12-31,0.1911331061208028,0.3850352455849728,0.20683632169541466
1512,control,50,seeking,4,2023-07-31,0.0033622849911394415,0.1991062884188623,-0.03441117597486457
1513,control,50,seeking,4,2023-08-31,-0.08464002716855346,0.2996840896100617,-1.4764425117464017
1514,control,50,seeking,4,2023-09-30,-0.13128738015124486,0.2952446952386792,-1.601596641033678
1515,control,50,seeking,4,2023-10-31,-0.1324720775837922,0.2660253237193637,-1.42497883033071
1516,control,50,seeking,4,2023-11-30,0.0406215605358895,0.2896326647264927,0.1944180272940194
1517,control,50,seeking,4,2023-12-31,0.13980327188967245,0.2838981092113744,0.8603177167196544
1518,control,50,seeking,4,2024-01-31,0.031501886188717076,0.275019034324609,0.04009445817924274
1519,control,50,seeking,4,2024-02-29,0.2795455600154615,0.28643733703058083,1.3961814011580642
1520,control,50,seeking,4,2024-03-31,0.30351511107624507,0.28364572203580274,1.3010083820927956
1521,control,50,seeking,4,2024-04-30,0.2241035599844483,0.29728400680084155,0.7654918340063925
1522,control,50,seeking,4,2024-05-31,0.2669765567493625,0.29162056669216146,0.8567006674830621
1523,control,50,seeking,4,2024-06-30,0.2854476758871509,0.2818355417031218,0.840897248587496
1524,control,50,seeking,4,2024-07-31,0.35344223331778424,0.2786701218964704,0.9890055002853361
1525,control,50,seeking,4,2024-08-31,0.2604256968991989,0.28337030554068915,0.62015619006458
1526,control,50,seeking,4,2024-09-30,0.38299238724767126,0.29259460302075235,0.8499485646494641
1527,control,50,seeking,4,2024-10-31,0.4116164699872551,0.29196657268963255,0.8545187434064732
1528,control,50,seeking,4,2024-11-30,0.861653890260663,0.3143117209392944,1.6073944501726334
1529,control,50,seeking,4,2024-12-31,0.9292100254862956,0.31707124667766134,1.573060743043319
1530,control,50,seeking,5,2023-07-31,0.006771462632050973,0.15365953397593976,0.19738740624897644
1531,control,50,seeking,5,2023-08-31,-0.08867319351992298,0.26824084922582686,-1.7058500713848543
1532,control,50,seeking,5,2023-09-30,-0.13444568711374194,0.2676467585331897,-1.7975184943449083
1533,control,50,seeking,5,2023-10-31,-0.1667886619270006,0.23994172874325112,-1.8841248679503146
1534,control,50,seeking,5,2023-11-30,-0.027024103478025197,0.2662730997388819,-0.3946292702529293
1535,control,50,seeking,5,2023-12-31,0.09394629617993422,0.26341736721591186,0.5558031166593254
1536,control,50,seeking,5,2024-01-31,0.021622646637290854,0.24796116496398354,-0.023559325977938986
1537,control,50,seeking,5,2024-02-29,0.20520423715313996,0.25222309949767024,1.0990054064209647
1538,control,50,seeking,5,2024-03-31,0.27012384164184233,0.25080591670932695,1.2846814967386906
1539,control,50,seeking,5,2024-04-30,0.19888803723534432,0.2600590519691416,0.7564072049667095
1540,control,50,seeking,5,2024-05-31,0.2962559984755613,0.26723015280157636,1.0560692972864678
1541,control,50,seeking,5,2024-06-30,0.25763742453739313,0.2597861754078275,0.8077126785607465
1542,control,50,seeking,5,2024-07-31,0.31121218629982805,0.25346546661276376,0.9391339691160063
1543,control,50,seeking,5,2024-08-31,0.18515742618053888,0.26429932053986144,0.42922996488486653
1544,control,50,seeking,5,2024-09-30,0.2433676148551014,0.2679719989188418,0.5405332953845009
1545,control,50,seeking,5,2024-10-31,0.23163963158131118,0.26490331093914865,0.4719237801319477
1546,control,50,seeking,5,2024-11-30,0.47555025595024136,0.2733257692940279,0.995198914801965
1547,control,50,seeking,5,2024-12-31,0.4748882240855643,0.27273010208433623,0.9133053554315003
1548,control,50,seeking,6,2023-07-31,0.0013616232894591018,0.12888538088104068,-0.21821880405346147
1549,control,50,seeking,6,2023-08-31,-0.021152107118637464,0.18846946620471572,-0.8413879897046034
1550,control,50,seeking,6,2023-09-30,-0.0630628093352128,0.18985583127328778,-1.431371168574385
1551,control,50,seeking,6,2023-10-31,-0.027009129669125276,0.17791003512068998,-0.6656681059238844
1552,control,50,seeking,6,2023-11-30,0.08053052974388875,0.1938033638481722,0.8179417730280196
1553,control,50,seeking,6,2023-12-31,0.15356338465760522,0.18601031331045095,1.4747796470605319
1554,control,50,seeking,6,2024-01-31,0.1296271748208937,0.17421393352301795,1.0589351492492676
1555,control,50,seeking,6,2024-02-29,0.30225792942054897,0.17924421584271705,2.4442522434375187
1556,control,50,seeking,6,2024-03-31,0.35057111965822596,0.17780417162488543,2.449981994550668
1557,control,50,seeking,6,2024-04-30,0.27953280177072704,0.18611505467185924,1.5893682028903977
1558,control,50,seeking,6,2024-05-31,0.33173929916338873,0.18090159674391187,1.7774220821235758
1559,control,50,seeking,6,2024-06-30,0.3727708654508368,0.1748353730527317,1.8429447114886075
1560,control,50,seeking,6,2024-07-31,0.4262276182655813,0.1685663772411999,2.0177080063205395
1561,control,50,seeking,6,2024-08-31,0.38927105816214214,0.17649304236895755,1.5927601175399886
1562,control,50,seeking,6,2024-09-30,0.47488550526751716,0.18765187790027837,1.682981780783984
1563,control,50,seeking,6,2024-10-31,0.49460871045698696,0.18453052800478334,1.6555311394685497
1564,control,50,seeking,6,2024-11-30,0.7569046947349634,0.1911675967760459,2.3199957936168802
1565,control,50,seeking,6,2024-12-31,0.7725210513065897,0.1911027328209599,2.1726227756826657
1566,control,50,seeking,7,2023-07-31,0.13816982318739202,0.3559808835996258,7.864435596143291
1567,control,50,seeking,7,2023-08-31,-0.04183097328302976,0.43909932191770107,-0.5947423791120655
1568,control,50,seeking,7,2023-09-30,-0.12405812121802051,0.43149741660785196,-1.0513791962067165
1569,control,50,seeking,7,2023-10-31,-0.2337139028242109,0.38119637038799997,-1.5186677389779526
1570,control,50,seeking,7,2023-11-30,-0.09312870050454092,0.40106644048084605,-0.6200532837275075
1571,control,50,seeking,7,2023-12-31,0.010355173051229016,0.3782131253362903,-0.05906242779745886
1572,control,50,seeking,7,2024-01-31,-0.1911048763940867,0.3696704266549704,-0.9244297297496242
1573,control,50,seeking,7,2024-02-29,-0.11859005778553777,0.35260051288103245,-0.6051764977346132
1574,control,50,seeking,7,2024-03-31,-0.17576989676252985,0.3378852304823574,-0.7830643757149943
1575,control,50,seeking,7,2024-04-30,-0.17438249307480047,0.3535527583251707,-0.693048752525349
1576,control,50,seeking,7,2024-05-31,-0.17056893311918098,0.35001448030567794,-0.6450366033505026
1577,control,50,seeking,7,2024-06-30,-0.1780776267781643,0.3384283622040154,-0.6424042036504897
1578,control,50,seeking,7,2024-07-31,-0.1246059180092981,0.34811669189973105,-0.4501477457252081
1579,control,50,seeking,7,2024-08-31,-0.14520044288915523,0.3415412358245156,-0.4906004952601048
1580,control,50,seeking,7,2024-09-30,0.03410939138447544,0.3443478138110536,-0.04529985752621801
1581,control,50,seeking,7,2024-10-31,-0.017154883594606485,0.3423788197522858,-0.1610759867007517
1582,control,50,seeking,7,2024-11-30,0.1007105650040192,0.347064539515943,0.07888071966767965
1583,control,50,seeking,7,2024-12-31,0.1408275130478034,0.34269989913233734,0.1407022654268415
1584,control,50,seeking,8,2023-07-31,0.017314043052294226,0.09493543402743221,1.6124187348131338
1585,control,50,seeking,8,2023-08-31,-0.003241605843256612,0.1615770008686017,-0.3772931716336688
1586,control,50,seeking,8,2023-09-30,-0.06798714012289164,0.15745144885822496,-1.8280414138620165
1587,control,50,seeking,8,2023-10-31,-0.03401952399932007,0.1522225599854074,-0.9034791064187644
1588,control,50,seeking,8,2023-11-30,0.06776138013196831,0.17829250977817274,0.7024749685112405
1589,control,50,seeking,8,2023-12-31,0.1110544826305917,0.1673929094280575,1.0900876098423296
1590,control,50,seeking,8,2024-01-31,0.1060226265685209,0.17180837474029007,0.8252421649713193
1591,control,50,seeking,8,2024-02-29,0.1985381333932117,0.16264539566770667,1.6377062141059278
1592,control,50,seeking,8,2024-03-31,0.2056098250997762,0.15704492457132072,1.482346937941674
1593,control,50,seeking,8,2024-04-30,0.16497763550082745,0.16683930804944871,0.9314242287100531
1594,control,50,seeking,8,2024-05-31,0.25563407646960834,0.16604436287351743,1.429159168148409
1595,control,50,seeking,8,2024-06-30,0.3406313716457243,0.16383677173736058,1.7753023131468615
1596,control,50,seeking,8,2024-07-31,0.36480424221906516,0.16332961305554955,1.7492012148014255
1597,control,50,seeking,8,2024-08-31,0.35868035891552963,0.1668019414539289,1.536120264763158
1598,control,50,seeking,8,2024-09-30,0.4040252756388176,0.17289028886157173,1.5277634282095205
1599,control,50,seeking,8,2024-10-31,0.40014816385722196,0.17017654195860263,1.4202082198075336
1600,control,50,seeking,8,2024-11-30,0.5469329700541028,0.16943321544625103,1.867290241392728
1601,control,50,seeking,8,2024-12-31,0.6001228101059888,0.16842029820398433,1.9015373550890773
1602,control,50,seeking,9,2023-07-31,0.01142211350662281,0.22123504708891684,0.37515915303921493
1603,control,50,seeking,9,2023-08-31,-0.007647415828487825,0.2637490357909829,-0.3251676677708337
1604,control,50,seeking,9,2023-09-30,-0.04808402259760347,0.2599773178987591,-0.8511514347233482
1605,control,50,seeking,9,2023-10-31,-0.059180510998973146,0.2370106910912113,-0.86053113265516
1606,control,50,seeking,9,2023-11-30,0.0643903943926003,0.2477365257925315,0.47046678378080337
1607,control,50,seeking,9,2023-12-31,0.13108254438613764,0.23502960629137376,0.9588190587950295
1608,control,50,seeking,9,2024-01-31,0.06829733901623625,0.22512027292132392,0.33234396514444725
1609,control,50,seeking,9,2024-02-29,0.23171344410252126,0.22244736622385328,1.4409996724004828
1610,control,50,seeking,9,2024-03-31,0.24655394203452952,0.21778092989626124,1.3287578844127002
1611,control,50,seeking,9,2024-04-30,0.22023893558720675,0.2343377698697026,0.9508988468624596
1612,control,50,seeking,9,2024-05-31,0.26994246628560403,0.23011949144307434,1.0999020961285495
1613,control,50,seeking,9,2024-06-30,0.33608541248217394,0.22245014549234907,1.2875877055637106
1614,control,50,seeking,9,2024-07-31,0.3709189274403841,0.2244759969294059,1.2969024642351759
1615,control,50,seeking,9,2024-08-31,0.28175195095367034,0.2319259990547623,0.8333756914280407
1616,control,50,seeking,9,2024-09-30,0.3870400578002622,0.24244802412548372,1.0380226551114986
1617,control,50,seeking,9,2024-10-31,0.393076854540362,0.240648597553598,0.9842797245978799
1618,control,50,seeking,9,2024-11-30,0.6921521265447796,0.2546479129475376,1.5896892366751456
1619,control,50,seeking,9,2024-12-31,0.8012390904769477,0.25877794323933817,1.6643445492723379
1620,engineered,15,averse,0,2023-07-31,0.021738764686456635,0.0991217369095453,2.1011503858243605
1621,engineered,15,averse,0,2023-08-31,-0.0013431108649754053,0.11361290536396507,-0.4410802255941552
1622,engineered,15,averse,0,2023-09-30,-0.04594443260654257,0.10934464569528297,-1.955952477451671
1623,engineered,15,averse,0,2023-10-31,-0.0708313083057891,0.10609762294058307,-2.201747184344757
1624,engineered,15,averse,0,2023-11-30,0.006251849564910872,0.13660071797294823,-0.20158701352900935
1625,engineered,15,averse,0,2023-12-31,0.0613304566545243,0.13399844068086675,0.5902282180977639
1626,engineered,15,averse,0,2024-01-31,0.05461510388104962,0.12564196553173893,0.40528095869204045
1627,engineered,15,averse,0,2024-02-29,0.08228658453873461,0.11841886554739411,0.694880600095258
1628,engineered,15,averse,0,2024-03-31,0.10997993525194505,0.1139364789319037,0.9031140315465666
1629,engineered,15,averse,0,2024-04-30,0.06401028311539214,0.11488155512951037,0.2933820684413853
1630,engineered,15,averse,0,2024-05-31,0.10313113208466973,0.11195163282932652,0.623608604233432
1631,engineered,15,averse,0,2024-06-30,0.12078059288408172,0.10769526293850458,0.7056470578589531
1632,engineered,15,averse,0,2024-07-31,0.1559674508179525,0.10520388980167142,0.9409029175422653
1633,engineered,15,averse,0,2024-08-31,0.18637876672050502,0.10462653724890926,1.0939909336294966
1634,engineered,15,averse,0,2024-09-30,0.21315547461914575,0.10514046868621826,1.1609225784740118
1635,engineered,15,averse,0,2024-10-31,0.1855720788662052,0.10426313774453792,0.8864038245259758
1636,engineered,15,averse,0,2024-11-30,0.23061544729854777,0.1061754426039732,1.079457962364068
1637,engineered,15,averse,0,2024-12-31,0.18507018398787856,0.10592121125049624,0.7163511541676258
1638,engineered,15,averse,1,2023-07-31,0.01432364150273302,0.07752656214730642,1.50955250904392
1639,engineered,15,averse,1,2023-08-31,-0.0018963996111586168,0.08020680513400921,-0.6643391696940875
1640,engineered,15,averse,1,2023-09-30,-0.038922018637660205,0.07800691053679687,-2.425543573527189
1641,engineered,15,averse,1,2023-10-31,-0.06062382166375946,0.08147523474349745,-2.5488168572283016
1642,engineered,15,averse,1,2023-11-30,-0.0008929692611885365,0.10726850264744588,-0.4147204003838451
1643,engineered,15,averse,1,2023-12-31,0.03867578182074216,0.10693297544720247,0.31273871825538835
1644,engineered,15,averse,1,2024-01-31,0.03416540912586208,0.09899098385618121,0.15752383597228453
1645,engineered,15,averse,1,2024-02-29,0.05230805492343693,0.09358718494887848,0.38804797121185114
1646,engineered,15,averse,1,2024-03-31,0.06391764983590265,0.09021860325073135,0.4600046216814844
1647,engineered,15,averse,1,2024-04-30,0.017245948701001934,0.09098116295556123,-0.2414091536636708
1648,engineered,15,averse,1,2024-05-31,0.0464275342497682,0.09029582735196101,0.0887679554750238
1649,engineered,15,averse,1,2024-06-30,0.061064443678439995,0.08710043675729637,0.2009335269442098
1650,engineered,15,averse,1,2024-07-31,0.09895496455718122,0.08471222954504558,0.5609486020396498
1651,engineered,15,averse,1,2024-08-31,0.13022507848217346,0.08374804794490844,0.8073943689635698
1652,engineered,15,averse,1,2024-09-30,0.1437278088427223,0.08270317472733399,0.8370870234877787
1653,engineered,15,averse,1,2024-10-31,0.12547906707991308,0.08239489171028572,0.599625050910314
1654,engineered,15,averse,1,2024-11-30,0.15027982277417729,0.0826362298837865,0.7382620820654798
1655,engineered,15,averse,1,2024-12-31,0.10868245698340173,0.08255606237630726,0.33786592742459826
1656,engineered,15,averse,2,2023-07-31,0.015426204521835185,0.07482910881775565,1.7400230026118353
1657,engineered,15,averse,2,2023-08-31,-0.0007553280467836876,0.08538551310395263,-0.5473213835280649
1658,engineered,15,averse,2,2023-09-30,-0.041386189687052655,0.08413382884549189,-2.3525084028126138
1659,engineered,15,averse,2,2023-10-31,-0.06309242493489686,0.08394984032157922,-2.548982434039736
1660,engineered,15,averse,2,2023-11-30,-0.0015565208035296374,0.10966201603207842,-0.4199467946940444
1661,engineered,15,averse,2,2023-12-31,0.04647484401365043,0.10984004531861694,0.4465921692021982
1662,engineered,15,averse,2,2024-01-31,0.03878391648211643,0.10302163391598719,0.228407612495892
1663,engineered,15,averse,2,2024-02-29,0.057843350319945364,0.09725776324797368,0.4601910014950712
1664,engineered,15,averse,2,2024-03-31,0.08137736685496733,0.09395714770283944,0.6884111326874051
1665,engineered,15,averse,2,2024-04-30,0.03977279904954223,0.09376209153076664,0.05114319631437701
1666,engineered,15,averse,2,2024-05-31,0.06662256157894153,0.09196721087524208,0.32613551602632884
1667,engineered,15,averse,2,2024-06-30,0.07746539303107935,0.08851104226669795,0.3793038364461887
1668,engineered,15,averse,2,2024-07-31,0.11250867569396727,0.08617394097648626,0.6936606152137078
1669,engineered,15,averse,2,2024-08-31,0.13947036919271016,0.0849369219553369,0.8871666969919153
1670,engineered,15,averse,2,2024-09-30,0.16015127067700052,0.08428377054766502,0.9703766601851532
1671,engineered,15,averse,2,2024-10-31,0.1379769501421242,0.08406859310854295,0.6946639870140054
1672,engineered,15,averse,2,2024-11-30,0.17837268458982303,0.08595311168668474,0.9292889971580776
1673,engineered,15,averse,2,2024-12-31,0.1310427376246852,0.0863805403555305,0.4868291864359304
1674,engineered,15,averse,3,2023-07-31,0.020894273363851745,0.09758832235688947,2.0244325180148315
1675,engineered,15,averse,3,2023-08-31,0.002637059877352188,0.09802780255227138,-0.2758851789277577
1676,engineered,15,averse,3,2023-09-30,-0.04159441851883172,0.09506406848590042,-2.089738279184517
1677,engineered,15,averse,3,2023-10-31,-0.05894781681217787,0.09262864872568467,-2.1953885540936624
1678,engineered,15,averse,3,2023-11-30,0.0037087430668618637,0.11533081881310314,-0.29123845898827855
1679,engineered,15,averse,3,2023-12-31,0.03609958833574223,0.11425963385053035,0.2477602752403516
1680,engineered,15,averse,3,2024-01-31,0.04564375468583792,0.10652233654180336,0.3319923514942317
1681,engineered,15,averse,3,2024-02-29,0.06774158338974412,0.10117657466919075,0.5920795264921921
1682,engineered,15,averse,3,2024-03-31,0.0834801683593136,0.09687206145299686,0.6965942772497614
1683,engineered,15,averse,3,2024-04-30,0.03901056948280779,0.09807129299084766,0.0396459144111429
1684,engineered,15,averse,3,2024-05-31,0.06951922779205577,0.09755072229336328,0.33981396018105015
1685,engineered,15,averse,3,2024-06-30,0.08427205992396591,0.09428526779505272,0.42680077917246817
1686,engineered,15,averse,3,2024-07-31,0.11873159819527523,0.09167385272868206,0.7133800469608403
1687,engineered,15,averse,3,2024-08-31,0.15956714874929623,0.09005430663498212,1.0231194603659284
1688,engineered,15,averse,3,2024-09-30,0.17414893678591148,0.08832204182990924,1.0468481137002654
1689,engineered,15,averse,3,2024-10-31,0.15032970129149414,0.08872279552124855,0.7581303849256
1690,engineered,15,averse,3,2024-11-30,0.19403415179106753,0.08970599672706539,1.0070220189877224
1691,engineered,15,averse,3,2024-12-31,0.14057394766118003,0.09030264319704971,0.5322002717994296
1692,engineered,15,averse,4,2023-07-31,0.02333174642943736,0.10078008130841648,2.2692734924624998
1693,engineered,15,averse,4,2023-08-31,-0.0005048114473218401,0.11510286112701035,-0.39347623051249386
1694,engineered,15,averse,4,2023-09-30,-0.04062194825543142,0.1090868257409635,-1.7896699015055306
1695,engineered,15,averse,4,2023-10-31,-0.06508800453942987,0.10448058477214793,-2.096788585414819
1696,engineered,15,averse,4,2023-11-30,0.009131141078878136,0.13252805584274968,-0.15589040263100945
1697,engineered,15,averse,4,2023-12-31,0.060366997083386886,0.1286576450775552,0.599496402123038
1698,engineered,15,averse,4,2024-01-31,0.0549120840118531,0.12089154490042997,0.4254787031987952
1699,engineered,15,averse,4,2024-02-29,0.08379496331998748,0.11402178184848263,0.7421084562230704
1700,engineered,15,averse,4,2024-03-31,0.11084851010579189,0.10945051266338618,0.9507750907094775
1701,engineered,15,averse,4,2024-04-30,0.07081331781806233,0.11058144364311187,0.3783642767056127
1702,engineered,15,averse,4,2024-05-31,0.11046657807850924,0.10757410124194193,0.7234846963819892
1703,engineered,15,averse,4,2024-06-30,0.12598234588151658,0.10338523498334214,0.7843214877226755
1704,engineered,15,averse,4,2024-07-31,0.15634227766709063,0.10153386056096175,0.9782378889527272
1705,engineered,15,averse,4,2024-08-31,0.18301886236245735,0.10190706270223317,1.0957732893868495
1706,engineered,15,averse,4,2024-09-30,0.20841721724484685,0.10325452080848728,1.1474093569839088
1707,engineered,15,averse,4,2024-10-31,0.18126232077631843,0.10215161235570766,0.8747134630435849
1708,engineered,15,averse,4,2024-11-30,0.21983028932357063,0.10358913573187994,1.0375342734461346
1709,engineered,15,averse,4,2024-12-31,0.18190783606521954,0.10311414734759113,0.7167949577576365
1710,engineered,15,averse,5,2023-07-31,0.016830207804637842,0.09339108981596145,1.575909094002617
1711,engineered,15,averse,5,2023-08-31,-0.0032591124623969625,0.10028066638174787,-0.608905878827558
1712,engineered,15,averse,5,2023-09-30,-0.04660866876067049,0.09770187077637815,-2.212627225146772
1713,engineered,15,averse,5,2023-10-31,-0.05959323153836793,0.09878690432815175,-2.075347686647402
1714,engineered,15,averse,5,2023-11-30,0.021333589674159548,0.12957646907330658,0.06778339559789874
1715,engineered,15,averse,5,2023-12-31,0.062128113237863714,0.12465737626569245,0.6474827250166082
1716,engineered,15,averse,5,2024-01-31,0.06986878581148837,0.11740181090587079,0.6607680358553443
1717,engineered,15,averse,5,2024-02-29,0.10017682980124021,0.11145820603596314,0.9870792164148281
1718,engineered,15,averse,5,2024-03-31,0.11786957165095746,0.10687177183614548,1.0619413919533585
1719,engineered,15,averse,5,2024-04-30,0.055789809861442,0.11010885583454068,0.21692881107859593
1720,engineered,15,averse,5,2024-05-31,0.0994260400777669,0.1072782265859698,0.6130577971925252
1721,engineered,15,averse,5,2024-06-30,0.129146782249695,0.10420039768327154,0.8079140587577698
1722,engineered,15,averse,5,2024-07-31,0.1567246729053955,0.10081506108181172,0.9886290617995385
1723,engineered,15,averse,5,2024-08-31,0.18876453805261573,0.09982004421155946,1.1665324415308997
1724,engineered,15,averse,5,2024-09-30,0.20902060186501603,0.1016023264658257,1.1705623785757304
1725,engineered,15,averse,5,2024-10-31,0.18115583828578297,0.1014302778847148,0.880186933559811
1726,engineered,15,averse,5,2024-11-30,0.2215809503795123,0.10211070096796324,1.063910581283575
1727,engineered,15,averse,5,2024-12-31,0.1772382123834335,0.10154792549345425,0.6992433381291123
1728,engineered,15,averse,6,2023-07-31,0.019027348026390056,0.0834951642113571,2.086117055005249
1729,engineered,15,averse,6,2023-08-31,-0.004525202796700434,0.10065618059714805,-0.6779677953892524
1730,engineered,15,averse,6,2023-09-30,-0.04308053616017449,0.09726731575247216,-2.0960791192237553
1731,engineered,15,averse,6,2023-10-31,-0.06447621800331282,0.09604675866464552,-2.264692147686207
1732,engineered,15,averse,6,2023-11-30,0.0029130099100256324,0.12647572020481676,-0.28051305379638647
1733,engineered,15,averse,6,2023-12-31,0.05305954410626401,0.12417536855477083,0.501860143725392
1734,engineered,15,averse,6,2024-01-31,0.04291606405468573,0.11541944579200915,0.26557773801351303
1735,engineered,15,averse,6,2024-02-29,0.06019164140811695,0.10856472637246009,0.44530646018332765
1736,engineered,15,averse,6,2024-03-31,0.09188994154054964,0.10500363572680871,0.7494254927641733
1737,engineered,15,averse,6,2024-04-30,0.053013998790176986,0.10421247995731385,0.19741906395619346
1738,engineered,15,averse,6,2024-05-31,0.09156013366652838,0.10227907774655251,0.5590717545799667
1739,engineered,15,averse,6,2024-06-30,0.0978051525524144,0.09825165196324215,0.5444892515247063
1740,engineered,15,averse,6,2024-07-31,0.13883470238601614,0.09604832953591352,0.8698135923786168
1741,engineered,15,averse,6,2024-08-31,0.1694962123714352,0.09553578686253286,1.0510442814567933
1742,engineered,15,averse,6,2024-09-30,0.19066923580460915,0.09485450937298752,1.1071829513916516
1743,engineered,15,averse,6,2024-10-31,0.16639103516128095,0.09425150766385465,0.835553238030424
1744,engineered,15,averse,6,2024-11-30,0.20467735092752348,0.09502923437533736,1.02517357609129
1745,engineered,15,averse,6,2024-12-31,0.1558389973728893,0.09545981810900633,0.6038503419697845
1746,engineered,15,averse,7,2023-07-31,0.024025178534302638,0.09618011769227841,2.4712358435445294
1747,engineered,15,averse,7,2023-08-31,0.005001478539345294,0.11488379778301312,-0.11430843531410638
1748,engineered,15,averse,7,2023-09-30,-0.04061914887105844,0.11147687415484424,-1.751210934949637
1749,engineered,15,averse,7,2023-10-31,-0.06401186326447894,0.10924126920244674,-1.9803230067032753
1750,engineered,15,averse,7,2023-11-30,0.016581100924052183,0.13805871578817386,-0.019856853634661407
1751,engineered,15,averse,7,2023-12-31,0.0703057210682334,0.13413487022914847,0.7263307328554017
1752,engineered,15,averse,7,2024-01-31,0.07295714795605512,0.12633163290635277,0.6570298691070371
1753,engineered,15,averse,7,2024-02-29,0.11032281607482464,0.11935522765447404,1.054355916296443
1754,engineered,15,averse,7,2024-03-31,0.1398965331527644,0.11499829060309164,1.2451236836330388
1755,engineered,15,averse,7,2024-04-30,0.09168225955140419,0.1176664684647429,0.5681830562328455
1756,engineered,15,averse,7,2024-05-31,0.1371778934190082,0.11390717368553954,0.9397853758394679
1757,engineered,15,averse,7,2024-06-30,0.1638933824404456,0.10988367482024698,1.075575234612913
1758,engineered,15,averse,7,2024-07-31,0.1934429679244447,0.10732969070968822,1.2363352836639767
1759,engineered,15,averse,7,2024-08-31,0.2225644129758666,0.107800762489154,1.3401785221684177
1760,engineered,15,averse,7,2024-09-30,0.24763578295500777,0.11025365017411203,1.342881400945295
1761,engineered,15,averse,7,2024-10-31,0.22758125556216835,0.10903846990545579,1.1202966491526276
1762,engineered,15,averse,7,2024-11-30,0.2872865588884028,0.11215076124717745,1.3535439301162588
1763,engineered,15,averse,7,2024-12-31,0.24605432860208265,0.11143653210802876,1.0178829466411632
1764,engineered,15,averse,8,2023-07-31,0.020028347104392275,0.08441490177617796,2.21129898294726
1765,engineered,15,averse,8,2023-08-31,0.0035950566355062996,0.09766528507471292,-0.21938634213407177
1766,engineered,15,averse,8,2023-09-30,-0.041328131994120776,0.09629315284501734,-2.0533230112110914
1767,engineered,15,averse,8,2023-10-31,-0.055149874669376486,0.09139724258419199,-2.117528896205224
1768,engineered,15,averse,8,2023-11-30,0.011511390919014985,0.11500648562026004,-0.13003157510382574
1769,engineered,15,averse,8,2023-12-31,0.04931571129935808,0.11324724049882183,0.48360753735625595
1770,engineered,15,averse,8,2024-01-31,0.057834874252970625,0.10719153696204085,0.5273279115596504
1771,engineered,15,averse,8,2024-02-29,0.08119953699307514,0.10148783608014433,0.794273531611964
1772,engineered,15,averse,8,2024-03-31,0.10440947620678465,0.09749580543071547,0.9788257153792619
1773,engineered,15,averse,8,2024-04-30,0.06729205197495158,0.09870149178855157,0.38122768812873814
1774,engineered,15,averse,8,2024-05-31,0.10069867191471094,0.09659651746157212,0.6952366391122781
1775,engineered,15,averse,8,2024-06-30,0.12027930392335495,0.09339897158164619,0.8084036516455835
1776,engineered,15,averse,8,2024-07-31,0.14577196728754527,0.09043776746415634,0.992941854720017
1777,engineered,15,averse,8,2024-08-31,0.18079988500080857,0.08896272348914232,1.2344667451859583
1778,engineered,15,averse,8,2024-09-30,0.2031992178207671,0.08797587270030442,1.301766693511222
1779,engineered,15,averse,8,2024-10-31,0.1787636115612694,0.08804263642284707,0.994683465819532
1780,engineered,15,averse,8,2024-11-30,0.23635475860507626,0.09105215006187435,1.3003651316813025
1781,engineered,15,averse,8,2024-12-31,0.18855404971600342,0.09127929012850669,0.8549538482518746
1782,engineered,15,averse,9,2023-07-31,0.020787973917075764,0.09305233450376542,2.1086941771133643
1783,engineered,15,averse,9,2023-08-31,0.001503244614833088,0.09847717757529606,-0.34180918878575706
1784,engineered,15,averse,9,2023-09-30,-0.042914021168681704,0.09474846423684465,-2.1456411592107028
1785,engineered,15,averse,9,2023-10-31,-0.06502142742606987,0.09597339796541925,-2.2808853025155678
1786,engineered,15,averse,9,2023-11-30,0.0060146172057524705,0.1244814454626526,-0.22575538551843577
1787,engineered,15,averse,9,2023-12-31,0.05528056042594254,0.1242548416998453,0.5376877640142839
1788,engineered,15,averse,9,2024-01-31,0.051318213518054545,0.11564628196323572,0.3907886662254312
1789,engineered,15,averse,9,2024-02-29,0.07704385182135765,0.10937416526916774,0.6784262942751859
1790,engineered,15,averse,9,2024-03-31,0.0979180274864846,0.10556337206933974,0.8217337872247797
1791,engineered,15,averse,9,2024-04-30,0.046092053553322465,0.10609303509239335,0.1161320274912104
1792,engineered,15,averse,9,2024-05-31,0.08211216123984655,0.10465351620978218,0.4479043987894242
1793,engineered,15,averse,9,2024-06-30,0.10061649254885308,0.10100285884852733,0.5569183528403552
1794,engineered,15,averse,9,2024-07-31,0.14490511172565324,0.09808617717689448,0.9075487414827303
1795,engineered,15,averse,9,2024-08-31,0.17980109586368398,0.09716901502805696,1.121660729444828
1796,engineered,15,averse,9,2024-09-30,0.19921548049321558,0.09707395850228417,1.1486610199574905
1797,engineered,15,averse,9,2024-10-31,0.18229946530459307,0.09651224451902556,0.9334717267802735
1798,engineered,15,averse,9,2024-11-30,0.21853133338342978,0.09777776301784667,1.090398483038671
1799,engineered,15,averse,9,2024-12-31,0.17015107319934053,0.09753104881780839,0.6827593765021862
1800,engineered,15,neutral,0,2023-07-31,0.024699481388875455,0.08691956678682584,2.835691451378487
1801,engineered,15,neutral,0,2023-08-31,0.0008796150094803057,0.12065713560778377,-0.30900912164027444
1802,engineered,15,neutral,0,2023-09-30,-0.046024435651262685,0.11493057025129613,-1.8633057728994984
1803,engineered,15,neutral,0,2023-10-31,-0.06743134810080709,0.11182628318032556,-2.0122380450764283
1804,engineered,15,neutral,0,2023-11-30,0.01250462282981113,0.13657499269303738,-0.0920249736422113
1805,engineered,15,neutral,0,2023-12-31,0.059831671738866055,0.13160776140050964,0.5777892592758023
1806,engineered,15,neutral,0,2024-01-31,0.05273252268194839,0.12557357107959674,0.37944743894632815
1807,engineered,15,neutral,0,2024-02-29,0.08200800696827515,0.1182408703077915,0.6922894462690625
1808,engineered,15,neutral,0,2024-03-31,0.09972249083452733,0.11328160115400261,0.7870479914538075
1809,engineered,15,neutral,0,2024-04-30,0.06269280769217644,0.11534931660975346,0.2785424837930833
1810,engineered,15,neutral,0,2024-05-31,0.1127646879017763,0.11338791530090475,0.708540102565827
1811,engineered,15,neutral,0,2024-06-30,0.14871680623832928,0.11049184752651582,0.9352606546269985
1812,engineered,15,neutral,0,2024-07-31,0.17958793017823438,0.1091366659653309,1.101774507655845
1813,engineered,15,neutral,0,2024-08-31,0.20794512232572893,0.10847405315949384,1.2202297296748033
1814,engineered,15,neutral,0,2024-09-30,0.2386732371226945,0.10980548061378041,1.2869555847178547
1815,engineered,15,neutral,0,2024-10-31,0.2160666951985708,0.10860368003183149,1.0499759539216518
1816,engineered,15,neutral,0,2024-11-30,0.2665967730318155,0.1109600132726436,1.246226811274418
1817,engineered,15,neutral,0,2024-12-31,0.24018254611857692,0.109287118553147,1.0050718822431963
1818,engineered,15,neutral,1,2023-07-31,0.025978387762684685,0.10463071334940631,2.5165164462419995
1819,engineered,15,neutral,1,2023-08-31,-0.0014370340398744963,0.12002583874227407,-0.4220047870133386
1820,engineered,15,neutral,1,2023-09-30,-0.041669380095640585,0.11405223145854258,-1.7441391071292431
1821,engineered,15,neutral,1,2023-10-31,-0.06686402712152195,0.10849065394234403,-2.06085795618113
1822,engineered,15,neutral,1,2023-11-30,0.00798669301583077,0.13606340081723672,-0.17195315888820306
1823,engineered,15,neutral,1,2023-12-31,0.05908250549475902,0.13202659622994103,0.5644275723412162
1824,engineered,15,neutral,1,2024-01-31,0.05071398261435811,0.1240981052980362,0.3557263180455245
1825,engineered,15,neutral,1,2024-02-29,0.08204705711637961,0.11712613444614826,0.6993929157683779
1826,engineered,15,neutral,1,2024-03-31,0.10910259664131772,0.11229132266828945,0.9058666623399354
1827,engineered,15,neutral,1,2024-04-30,0.07151967191272002,0.11343406848193745,0.37630097039876864
1828,engineered,15,neutral,1,2024-05-31,0.11081478273638967,0.11092688098860558,0.7050477771238219
1829,engineered,15,neutral,1,2024-06-30,0.12920606218437247,0.10670945489998125,0.7894613890930615
1830,engineered,15,neutral,1,2024-07-31,0.15911188720678782,0.10516525509723262,0.9681779184572213
1831,engineered,15,neutral,1,2024-08-31,0.18515296925776092,0.10526183246178546,1.0777076564045838
1832,engineered,15,neutral,1,2024-09-30,0.21653119120983888,0.10714790609911895,1.1629908954368482
1833,engineered,15,neutral,1,2024-10-31,0.18902250185196845,0.1058816053039052,0.8960170422389138
1834,engineered,15,neutral,1,2024-11-30,0.2247263635916763,0.10726987883325348,1.0321487114668733
1835,engineered,15,neutral,1,2024-12-31,0.192953401897902,0.10644105486528126,0.7588014211149596
1836,engineered,15,neutral,2,2023-07-31,0.008864164059789736,0.13963656108721073,0.38491217693284985
1837,engineered,15,neutral,2,2023-08-31,-0.039025778477903894,0.20202846704444188,-1.2267750193649365
1838,engineered,15,neutral,2,2023-09-30,-0.08604856881565637,0.1992501881349506,-1.7296792565549282
1839,engineered,15,neutral,2,2023-10-31,-0.09331934441721401,0.1795913241612036,-1.608456147599478
1840,engineered,15,neutral,2,2023-11-30,0.03396613030615625,0.208236316587404,0.19100123348490264
1841,engineered,15,neutral,2,2023-12-31,0.11545039540992619,0.20024838882584292,0.957927067302725
1842,engineered,15,neutral,2,2024-01-31,0.06291799205832849,0.1906810411374306,0.3429655861546264
1843,engineered,15,neutral,2,2024-02-29,0.21310811417158693,0.19094823123926424,1.5191145988589565
1844,engineered,15,neutral,2,2024-03-31,0.24266241899426877,0.18911321171369572,1.5016185252277345
1845,engineered,15,neutral,2,2024-04-30,0.17157432803376338,0.1989155273434611,0.8215440509297608
1846,engineered,15,neutral,2,2024-05-31,0.22909177557365878,0.19338930863019363,1.0756797794965656
1847,engineered,15,neutral,2,2024-06-30,0.2553790317183211,0.1860752288638636,1.1158192995440588
1848,engineered,15,neutral,2,2024-07-31,0.31224843340229813,0.1814031321930742,1.3172933630620463
1849,engineered,15,neutral,2,2024-08-31,0.2789986144591867,0.18519715580077645,1.0314328451140122
1850,engineered,15,neutral,2,2024-09-30,0.357315512449494,0.19303942847699612,1.1902609633119696
1851,engineered,15,neutral,2,2024-10-31,0.3571379092146534,0.19131940344817203,1.1094922239798795
1852,engineered,15,neutral,2,2024-11-30,0.6091057148246732,0.20343430527168638,1.7427251735598364
1853,engineered,15,neutral,2,2024-12-31,0.6004906016612017,0.20380013782464632,1.5724407429891571
1854,engineered,15,neutral,3,2023-07-31,0.01781287392496589,0.08163736801444904,1.949915986523792
1855,engineered,15,neutral,3,2023-08-31,0.006410329867005737,0.12025891834534642,-0.0396463801178052
1856,engineered,15,neutral,3,2023-09-30,-0.04965236256215988,0.12334256245013928,-1.8377917160034034
1857,engineered,15,neutral,3,2023-10-31,-0.03695201167794848,0.12190697302537035,-1.1930627137269816
1858,engineered,15,neutral,3,2023-11-30,0.05640879180315195,0.14931977157388598,0.6436890147402895
1859,engineered,15,neutral,3,2023-12-31,0.08636748382940085,0.13801917028969551,0.9462267782814981
1860,engineered,15,neutral,3,2024-01-31,0.09782607705204938,0.14303814810215895,0.8885748778811883
1861,engineered,15,neutral,3,2024-02-29,0.14536685251612225,0.1375102735042661,1.3165626285517775
1862,engineered,15,neutral,3,2024-03-31,0.15485892357528175,0.133384740294537,1.2254563894530544
1863,engineered,15,neutral,3,2024-04-30,0.11293355795204296,0.13888183855940325,0.6654575085894902
1864,engineered,15,neutral,3,2024-05-31,0.17486285238842592,0.13507169746347072,1.0984519561982766
1865,engineered,15,neutral,3,2024-06-30,0.2479383174072478,0.13326482147724233,1.5034489907500206
1866,engineered,15,neutral,3,2024-07-31,0.24733853643950043,0.1358909729980204,1.332039814111949
1867,engineered,15,neutral,3,2024-08-31,0.2557238282660761,0.13798765547790706,1.245467875663789
1868,engineered,15,neutral,3,2024-09-30,0.28924620592933703,0.1415256334346457,1.2664087014915832
1869,engineered,15,neutral,3,2024-10-31,0.2609533848011014,0.13967102448947466,1.0423896090153726
1870,engineered,15,neutral,3,2024-11-30,0.33706152665652955,0.13940399369934572,1.3203687595677875
1871,engineered,15,neutral,3,2024-12-31,0.3502218494064955,0.13843476988196518,1.272462913429239
1872,engineered,15,neutral,4,2023-07-31,0.021835116298847934,0.11841577162459284,1.769162771895329
1873,engineered,15,neutral,4,2023-08-31,-0.012009344830930746,0.19706928133899776,-0.5571827008573453
1874,engineered,15,neutral,4,2023-09-30,-0.05808969621728677,0.18077739215075414,-1.4120242551173
1875,engineered,15,neutral,4,2023-10-31,-0.09977553000927497,0.16972103510607606,-1.7927132323678414
1876,engineered,15,neutral,4,2023-11-30,0.003325828560020838,0.19460529642256258,-0.1772725871174916
1877,engineered,15,neutral,4,2023-12-31,0.0679409498044301,0.1859022571204126,0.4980097617882585
1878,engineered,15,neutral,4,2024-01-31,0.021065525636677407,0.1760392299678905,-0.03856975281799974
1879,engineered,15,neutral,4,2024-02-29,0.09036799469787904,0.16922991762900688,0.560104050663402
1880,engineered,15,neutral,4,2024-03-31,0.09335385299794474,0.1679163358516609,0.48027928049526913
1881,engineered,15,neutral,4,2024-04-30,0.05605069712518129,0.1791600147439542,0.13505898600232008
1882,engineered,15,neutral,4,2024-05-31,0.11067852542153256,0.1762114015096553,0.44298972954458415
1883,engineered,15,neutral,4,2024-06-30,0.15588269365161977,0.17003388055165392,0.6489917161002758
1884,engineered,15,neutral,4,2024-07-31,0.22565259506454094,0.17121767831938256,0.9437897094524198
1885,engineered,15,neutral,4,2024-08-31,0.21787617754894084,0.17548139329366583,0.801175485213825
1886,engineered,15,neutral,4,2024-09-30,0.2796613837169901,0.18103944798912397,0.9504456319568886
1887,engineered,15,neutral,4,2024-10-31,0.269895876450301,0.1788615750757062,0.8489494093401351
1888,engineered,15,neutral,4,2024-11-30,0.43829898320379024,0.1920473033201501,1.2945116490759725
1889,engineered,15,neutral,4,2024-12-31,0.4426554592923275,0.1898035081990391,1.2140865871285107
1890,engineered,15,neutral,5,2023-07-31,0.027576375814211795,0.10178312003974509,2.7962416805991333
1891,engineered,15,neutral,5,2023-08-31,1.0441481170353484e-05,0.122703077737065,-0.34487102837505546
1892,engineered,15,neutral,5,2023-09-30,-0.04611999736218764,0.12030042468191203,-1.7828915094140492
1893,engineered,15,neutral,5,2023-10-31,-0.07835634915617573,0.11542291798284514,-2.186550648964491
1894,engineered,15,neutral,5,2023-11-30,0.0035555341453552547,0.1498137946647529,-0.22663263408594497
1895,engineered,15,neutral,5,2023-12-31,0.06790901714011688,0.14743750870020383,0.6274914789934861
1896,engineered,15,neutral,5,2024-01-31,0.05760765573061155,0.13859196721227354,0.40499591613730246
1897,engineered,15,neutral,5,2024-02-29,0.09513152306952377,0.13036004101576074,0.7837920549719812
1898,engineered,15,neutral,5,2024-03-31,0.12856475124903222,0.12571427340669247,1.017294974884447
1899,engineered,15,neutral,5,2024-04-30,0.07865334495068699,0.1272373120599194,0.40261591138395686
1900,engineered,15,neutral,5,2024-05-31,0.12019500584054543,0.12339290248908051,0.7169265174693122
1901,engineered,15,neutral,5,2024-06-30,0.1318718868891715,0.11854088833862582,0.7326794487073625
1902,engineered,15,neutral,5,2024-07-31,0.17364138882228142,0.11564931674243067,0.9934855718414111
1903,engineered,15,neutral,5,2024-08-31,0.19926954050688717,0.11639812492371338,1.0753365661489522
1904,engineered,15,neutral,5,2024-09-30,0.22557722155415627,0.11820236296056741,1.1120216891254482
1905,engineered,15,neutral,5,2024-10-31,0.2028156992091017,0.11682305587395757,0.895862482678701
1906,engineered,15,neutral,5,2024-11-30,0.26473932600034433,0.12028027738348049,1.139541809239332
1907,engineered,15,neutral,5,2024-12-31,0.20873706953262672,0.12000330824042575,0.7543703252538431
1908,engineered,15,neutral,6,2023-07-31,0.02150023426615988,0.07581311997826554,2.707137169560072
1909,engineered,15,neutral,6,2023-08-31,-0.0035136544504845713,0.15109234537391528,-0.41371077510581983
1910,engineered,15,neutral,6,2023-09-30,-0.06412160928601174,0.14146652078263564,-1.9455605271948726
1911,engineered,15,neutral,6,2023-10-31,-0.07967707657946266,0.13783844447680352,-1.8546645899796108
1912,engineered,15,neutral,6,2023-11-30,0.011652393547632256,0.1613894797303111,-0.09056303336379476
1913,engineered,15,neutral,6,2023-12-31,0.05630335006936149,0.15343775282181207,0.44892262067864885
1914,engineered,15,neutral,6,2024-01-31,0.04195093228525737,0.15181826623855382,0.19093671294313055
1915,engineered,15,neutral,6,2024-02-29,0.058638832985548506,0.14290386648108186,0.3216984616116929
1916,engineered,15,neutral,6,2024-03-31,0.05665973478694597,0.1373743425403779,0.23220143277598548
1917,engineered,15,neutral,6,2024-04-30,0.02056038508591551,0.14087029841336562,-0.12801325088873375
1918,engineered,15,neutral,6,2024-05-31,0.09254002515912818,0.14063898275484712,0.4141860939912806
1919,engineered,15,neutral,6,2024-06-30,0.15078847442146026,0.14063790737210713,0.749199949474177
1920,engineered,15,neutral,6,2024-07-31,0.18648916104861968,0.14080826445168806,0.8980134071412438
1921,engineered,15,neutral,6,2024-08-31,0.21888902519063125,0.1392335126393865,1.0157755818960184
1922,engineered,15,neutral,6,2024-09-30,0.246672461473749,0.13897273381171737,1.060160002167732
1923,engineered,15,neutral,6,2024-10-31,0.2202904534812642,0.13721028333251248,0.8528051975640123
1924,engineered,15,neutral,6,2024-11-30,0.2768778072517759,0.13838290654313054,1.0478720151102063
1925,engineered,15,neutral,6,2024-12-31,0.2730708213650528,0.1350737121924424,0.9614295191338027
1926,engineered,15,neutral,7,2023-07-31,0.02523848307843224,0.10598084392469244,2.392368235455188
1927,engineered,15,neutral,7,2023-08-31,0.0021268951088508903,0.12413698797342311,-0.241875805054957
1928,engineered,15,neutral,7,2023-09-30,-0.04143556020294603,0.117339667389665,-1.688256784887402
1929,engineered,15,neutral,7,2023-10-31,-0.06621829603234686,0.11258139696993784,-1.9714260271605009
1930,engineered,15,neutral,7,2023-11-30,0.01427914114851081,0.1412138866245065,-0.058756350873793384
1931,engineered,15,neutral,7,2023-12-31,0.06892854712966257,0.13684908175149188,0.6912973203436007
1932,engineered,15,neutral,7,2024-01-31,0.06628431721263373,0.129103360221625,0.5521806887204663
1933,engineered,15,neutral,7,2024-02-29,0.09957713770695942,0.12176601202565414,0.8958570674978631
1934,engineered,15,neutral,7,2024-03-31,0.12668160848771293,0.11717146206140627,1.0698047879995065
1935,engineered,15,neutral,7,2024-04-30,0.08252034412365483,0.11930476976869563,0.46823536217755085
1936,engineered,15,neutral,7,2024-05-31,0.12711199776286386,0.11577619778819113,0.8294468927888333
1937,engineered,15,neutral,7,2024-06-30,0.15053359323610316,0.11153217003670166,0.9424769753555821
1938,engineered,15,neutral,7,2024-07-31,0.17813061479357084,0.10972643314364929,1.0839099034770212
1939,engineered,15,neutral,7,2024-08-31,0.20521785179706242,0.11035276047712338,1.1789637952679541
1940,engineered,15,neutral,7,2024-09-30,0.23272619413030204,0.11267216508276529,1.2144518738421504
1941,engineered,15,neutral,7,2024-10-31,0.20676685598962607,0.1112268264860973,0.9660910213736881
1942,engineered,15,neutral,7,2024-11-30,0.2528434953422014,0.11324141343880306,1.1414375428520325
1943,engineered,15,neutral,7,2024-12-31,0.21624216258215467,0.11249088688838649,0.8458655861153243
1944,engineered,15,neutral,8,2023-07-31,0.013733913245611129,0.06402762206028123,1.718619332401281
1945,engineered,15,neutral,8,2023-08-31,-0.013642053602698434,0.1462222286467296,-0.8115921663346715
1946,engineered,15,neutral,8,2023-09-30,-0.07070190449530522,0.13597258975913734,-2.181180993856388
1947,engineered,15,neutral,8,2023-10-31,-0.06438744690869191,0.13284275979107468,-1.635694755535005
1948,engineered,15,neutral,8,2023-11-30,0.03468626377383632,0.15987954317377662,0.2599187744309829
1949,engineered,15,neutral,8,2023-12-31,0.0629008689215802,0.14827331008790345,0.5549732410676207
1950,engineered,15,neutral,8,2024-01-31,0.06105758732886568,0.15030544739152613,0.4134686414365786
1951,engineered,15,neutral,8,2024-02-29,0.07898956711177885,0.14287450013282096,0.5403379470070844
1952,engineered,15,neutral,8,2024-03-31,0.07726158122512516,0.13832013821416278,0.42804099429306
1953,engineered,15,neutral,8,2024-04-30,0.03240628367598464,0.14260763716037886,-0.027816787128143197
1954,engineered,15,neutral,8,2024-05-31,0.11050659231738047,0.14112987115605108,0.5517750730398069
1955,engineered,15,neutral,8,2024-06-30,0.17731628605421323,0.14195135187160712,0.9250966409059259
1956,engineered,15,neutral,8,2024-07-31,0.19457756633946155,0.1430182452647573,0.934947708728869
1957,engineered,15,neutral,8,2024-08-31,0.22069335982124705,0.14162266930742348,1.0091865322899523
1958,engineered,15,neutral,8,2024-09-30,0.24979724079152477,0.14232504895043543,1.051692367215249
1959,engineered,15,neutral,8,2024-10-31,0.21040261043993147,0.1414936617388973,0.7776155008946523
1960,engineered,15,neutral,8,2024-11-30,0.2686386314016158,0.14159702669583835,0.9860269926288249
1961,engineered,15,neutral,8,2024-12-31,0.2668864579515251,0.13874793579417005,0.9089319021479327
1962,engineered,15,neutral,9,2023-07-31,0.02284361294732462,0.10697605698268103,2.0790267405538105
1963,engineered,15,neutral,9,2023-08-31,0.004237411192169915,0.11505248093541692,-0.15336555645221125
1964,engineered,15,neutral,9,2023-09-30,-0.040277409670764985,0.11441176817447954,-1.6957330666026613
1965,engineered,15,neutral,9,2023-10-31,-0.05819655333276552,0.11002681917618023,-1.8306392142632495
1966,engineered,15,neutral,9,2023-11-30,0.019270138147224003,0.13796702816285944,0.02732800605656123
1967,engineered,15,neutral,9,2023-12-31,0.07176262573591119,0.13322101967407915,0.7537567703522189
1968,engineered,15,neutral,9,2024-01-31,0.06734994714120446,0.12696495360361468,0.5761901193928719
1969,engineered,15,neutral,9,2024-02-29,0.1048134072718907,0.12040864128682317,0.9736929635521298
1970,engineered,15,neutral,9,2024-03-31,0.1316658571171756,0.11559057281799726,1.1425725976325136
1971,engineered,15,neutral,9,2024-04-30,0.09121720123007604,0.11659658270078943,0.5686072719299866
1972,engineered,15,neutral,9,2024-05-31,0.12835354392789933,0.11326018003782844,0.8598675815867833
1973,engineered,15,neutral,9,2024-06-30,0.15183447684991092,0.10889673019603,0.9769756604318404
1974,engineered,15,neutral,9,2024-07-31,0.1783785811295291,0.10724334719839215,1.1110857119017339
1975,engineered,15,neutral,9,2024-08-31,0.19887503938802054,0.1079631725052871,1.1563179315016032
1976,engineered,15,neutral,9,2024-09-30,0.22863532617784998,0.10949400305819662,1.2215339905246605
1977,engineered,15,neutral,9,2024-10-31,0.20061457967631124,0.10813032866011744,0.9534581009113909
1978,engineered,15,neutral,9,2024-11-30,0.24652574001929062,0.10913041795126335,1.1463636433407054
1979,engineered,15,neutral,9,2024-12-31,0.2171912105221947,0.10858325510454678,0.8816861589051977
1980,engineered,15,seeking,0,2023-07-31,-0.013127044915958397,0.140181168485931,-1.218263241315505
1981,engineered,15,seeking,0,2023-08-31,-0.07570390394622484,0.24481077547233338,-1.665896502581176
1982,engineered,15,seeking,0,2023-09-30,-0.10922828421940478,0.2352309098825336,-1.7547680363921307
1983,engineered,15,seeking,0,2023-10-31,-0.1261601413214678,0.22073208954531973,-1.653781659487924
1984,engineered,15,seeking,0,2023-11-30,-0.028893799950157395,0.23225285104530694,-0.4707404632903665
1985,engineered,15,seeking,0,2023-12-31,0.029632289600989514,0.22043384269891259,0.07020191431266866
1986,engineered,15,seeking,0,2024-01-31,-0.06869390235340334,0.2147972440663221,-0.7211648645487772
1987,engineered,15,seeking,0,2024-02-29,0.0318582686604858,0.21958367024170206,0.02422517203164361
1988,engineered,15,seeking,0,2024-03-31,0.05719941889899971,0.21723254095011277,0.15012419127820284
1989,engineered,15,seeking,0,2024-04-30,0.04329982170874369,0.22666671320405657,0.03968182867269281
1990,engineered,15,seeking,0,2024-05-31,0.0989978525704387,0.22726933377760547,0.2873252248920743
1991,engineered,15,seeking,0,2024-06-30,0.10168911443973294,0.21862622386220862,0.26209489852140966
1992,engineered,15,seeking,0,2024-07-31,0.20751106760153282,0.2208827775734785,0.6579303450961569
1993,engineered,15,seeking,0,2024-08-31,0.1825114409052757,0.21985418721994152,0.5059947396148551
1994,engineered,15,seeking,0,2024-09-30,0.30905683279421425,0.22758676734227268,0.8523994006323721
1995,engineered,15,seeking,0,2024-10-31,0.30111590446094993,0.23112122325211917,0.7510611634558335
1996,engineered,15,seeking,0,2024-11-30,0.5392488928627432,0.24531168792221444,1.2703621745838547
1997,engineered,15,seeking,0,2024-12-31,0.5636433708204087,0.24299265801669173,1.2334900230737085
1998,engineered,15,seeking,1,2023-07-31,0.03210154614628524,0.19130377217412473,1.8120821670197291
1999,engineered,15,seeking,1,2023-08-31,0.019561161147827688,0.19616373451729693,0.3877180058173583
2000,engineered,15,seeking,1,2023-09-30,-0.01932553799573211,0.18520870385903435,-0.6342417431543018
2001,engineered,15,seeking,1,2023-10-31,0.0177252705925095,0.16711635498261818,0.05798948797203508
2002,engineered,15,seeking,1,2023-11-30,0.11501574865617692,0.18504180270923962,1.3569321044193687
2003,engineered,15,seeking,1,2023-12-31,0.1884984590264882,0.1810622289168591,1.9451746977790676
2004,engineered,15,seeking,1,2024-01-31,0.20701853726736097,0.18092260665539714,1.816915466447736
2005,engineered,15,seeking,1,2024-02-29,0.3633457439635013,0.1720765260887708,3.1524653186572125
2006,engineered,15,seeking,1,2024-03-31,0.4476100066875528,0.1654138815857256,3.4769343893379023
2007,engineered,15,seeking,1,2024-04-30,0.40429905778537156,0.17970775011853568,2.5115623415399817
2008,engineered,15,seeking,1,2024-05-31,0.4971283188851219,0.17037058966039662,2.9697286106486978
2009,engineered,15,seeking,1,2024-06-30,0.5492469248063199,0.164845358768613,2.9975129893453003
2010,engineered,15,seeking,1,2024-07-31,0.5228462967219609,0.1622913100170978,2.6206608317279776
2011,engineered,15,seeking,1,2024-08-31,0.4599872594677068,0.1693269690540753,1.9980736796835712
2012,engineered,15,seeking,1,2024-09-30,0.513439081519564,0.18677903984406463,1.8401966493253408
2013,engineered,15,seeking,1,2024-10-31,0.5448532583289976,0.18230771667219267,1.8595630140474844
2014,engineered,15,seeking,1,2024-11-30,0.727567695576371,0.18490566241492218,2.3040361617364464
2015,engineered,15,seeking,1,2024-12-31,0.7890536078738448,0.1855208679126709,2.2861500253144635
2016,engineered,15,seeking,2,2023-07-31,-0.010154213139884516,0.15980520679969176,-0.8953500441987102
2017,engineered,15,seeking,2,2023-08-31,-0.0815627306830019,0.31026700879323976,-1.3882226672652314
2018,engineered,15,seeking,2,2023-09-30,-0.10580810862587586,0.3011848140509476,-1.338215769787768
2019,engineered,15,seeking,2,2023-10-31,-0.15256486907085154,0.27306632897738997,-1.547232705023639
2020,engineered,15,seeking,2,2023-11-30,-0.007963412349918597,0.3031115501089317,-0.20156796133915178
2021,engineered,15,seeking,2,2023-12-31,0.09566420738217807,0.29288881160328334,0.5121609485331393
2022,engineered,15,seeking,2,2024-01-31,-0.012392197953297823,0.28248392134276445,-0.2232927531664867
2023,engineered,15,seeking,2,2024-02-29,0.1303050126168288,0.2893183432046853,0.5433975631866406
2024,engineered,15,seeking,2,2024-03-31,0.14616245579935527,0.2842208414749422,0.5336206566388675
2025,engineered,15,seeking,2,2024-04-30,0.08645316159873628,0.2966322610325993,0.2042247035532475
2026,engineered,15,seeking,2,2024-05-31,0.14351442799445868,0.30359687703942845,0.3754597753726093
2027,engineered,15,seeking,2,2024-06-30,0.1456577458246311,0.2929501387550902,0.34253303861955753
2028,engineered,15,seeking,2,2024-07-31,0.24755699493976002,0.28887021741112845,0.6272978068625753
2029,engineered,15,seeking,2,2024-08-31,0.14703289523979435,0.2993911833672179,0.2727998352715257
2030,engineered,15,seeking,2,2024-09-30,0.25749013481390115,0.30190433577596854,0.5149295452303448
2031,engineered,15,seeking,2,2024-10-31,0.2495799542322643,0.30246589402473273,0.4550018716261441
2032,engineered,15,seeking,2,2024-11-30,0.5653952248812051,0.3197957226591957,1.02489241219699
2033,engineered,15,seeking,2,2024-12-31,0.6136485021486839,0.3176582572197635,1.0320153416394764
2034,engineered,15,seeking,3,2023-07-31,0.0630184079609617,0.2656957643171416,3.1830365857928355
2035,engineered,15,seeking,3,2023-08-31,0.03820599266932034,0.29335842562088477,0.6800946332887523
2036,engineered,15,seeking,3,2023-09-30,-0.043961725507317584,0.2862677167239894,-0.72297457679009
2037,engineered,15,seeking,3,2023-10-31,-0.10505684948896654,0.27115657620346617,-1.167965982752475
2038,engineered,15,seeking,3,2023-11-30,0.04504543880249434,0.2984761233813664,0.22575247133461962
2039,engineered,15,seeking,3,2023-12-31,0.11672080504195437,0.27793506977594046,0.6999187605099509
2040,engineered,15,seeking,3,2024-01-31,0.07917992063111567,0.26655232626668024,0.35255122212002943
2041,engineered,15,seeking,3,2024-02-29,0.204648055197298,0.2565619183051623,1.0768936859665987
2042,engineered,15,seeking,3,2024-03-31,0.23730553804331667,0.24929648551671327,1.1093127173175048
2043,engineered,15,seeking,3,2024-04-30,0.22969037118508306,0.2722913150086049,0.8609205057687136
2044,engineered,15,seeking,3,2024-05-31,0.2759246010488601,0.2622568760991861,0.990331341156185
2045,engineered,15,seeking,3,2024-06-30,0.37732214264892594,0.2536600031891152,1.2877496376449402
2046,engineered,15,seeking,3,2024-07-31,0.38112559214750963,0.2622001406433626,1.1448419482907763
2047,engineered,15,seeking,3,2024-08-31,0.3489228891030143,0.26377274096142694,0.9412403911377138
2048,engineered,15,seeking,3,2024-09-30,0.4336117120916283,0.27086098723949664,1.0550760669551043
2049,engineered,15,seeking,3,2024-10-31,0.4632242549293606,0.26610925780296224,1.0687847050108878
2050,engineered,15,seeking,3,2024-11-30,0.659049541423234,0.27000833295378934,1.4253591159399708
2051,engineered,15,seeking,3,2024-12-31,0.7608798473841571,0.26916697508896964,1.51907942210362
2052,engineered,15,seeking,4,2023-07-31,0.02770798957530185,0.13263384295107739,2.1591689882368095
2053,engineered,15,seeking,4,2023-08-31,-0.019280765059586424,0.16092134021455157,-0.9244822704544456
2054,engineered,15,seeking,4,2023-09-30,-0.07144817601545805,0.15037464837872305,-1.9881914269707979
2055,engineered,15,seeking,4,2023-10-31,-0.10897108756257845,0.1424598041428629,-2.2871917986212282
2056,engineered,15,seeking,4,2023-11-30,-0.023559792115697364,0.1757583019238282,-0.552872250276028
2057,engineered,15,seeking,4,2023-12-31,0.03825095863546535,0.1729419871147695,0.18847248379452847
2058,engineered,15,seeking,4,2024-01-31,0.013068965917735431,0.16322557323232326,-0.12472326156851178
2059,engineered,15,seeking,4,2024-02-29,0.0510766118356214,0.1539590761098203,0.22370492445165274
2060,engineered,15,seeking,4,2024-03-31,0.07528386127062103,0.1490573454790124,0.3795742463901095
2061,engineered,15,seeking,4,2024-04-30,0.03165064263812534,0.15003486327609614,-0.03242613138602609
2062,engineered,15,seeking,4,2024-05-31,0.09171021765894549,0.14640537645207025,0.3916873009610543
2063,engineered,15,seeking,4,2024-06-30,0.09995374144323899,0.14093856043574052,0.3945071576353642
2064,engineered,15,seeking,4,2024-07-31,0.1263560304162441,0.14053472100309164,0.5143479563639132
2065,engineered,15,seeking,4,2024-08-31,0.14983214289781022,0.14126638559243354,0.5947053692257266
2066,engineered,15,seeking,4,2024-09-30,0.18340277411770955,0.14526288618811917,0.6849697577801974
2067,engineered,15,seeking,4,2024-10-31,0.14108808674368634,0.1427448273498318,0.42477348917919255
2068,engineered,15,seeking,4,2024-11-30,0.16435975954795912,0.14203364617524752,0.49622509714066343
2069,engineered,15,seeking,4,2024-12-31,0.12559971370014855,0.14022936383180495,0.27536772810879356
2070,engineered,15,seeking,5,2023-07-31,0.03800297153003496,0.22918153272375283,1.8828483373124159
2071,engineered,15,seeking,5,2023-08-31,-0.08148568890800023,0.2784872526674314,-1.545575909910463
2072,engineered,15,seeking,5,2023-09-30,-0.13176852262468597,0.24630108963055444,-1.9249755753091349
2073,engineered,15,seeking,5,2023-10-31,-0.16130538538785943,0.2164473472606796,-2.0364669855074706
2074,engineered,15,seeking,5,2023-11-30,-0.01791787816864876,0.27002744670216033,-0.3118651374992012
2075,engineered,15,seeking,5,2023-12-31,0.09750711657756583,0.26296398544917754,0.5851441535993642
2076,engineered,15,seeking,5,2024-01-31,0.011102812012356411,0.24884686723398627,-0.09517113973104088
2077,engineered,15,seeking,5,2024-02-29,0.1735149615475562,0.26132907393236865,0.8647191632237753
2078,engineered,15,seeking,5,2024-03-31,0.19764434407102804,0.259874181277351,0.853695157990747
2079,engineered,15,seeking,5,2024-04-30,0.07249821178465887,0.26209975155635357,0.16732758974125742
2080,engineered,15,seeking,5,2024-05-31,0.14755185415596417,0.2618740863128526,0.45217188080682247
2081,engineered,15,seeking,5,2024-06-30,0.1032113611637302,0.2537497845825002,0.2316912195894445
2082,engineered,15,seeking,5,2024-07-31,0.1583335544325144,0.24520113251955766,0.4123869068902271
2083,engineered,15,seeking,5,2024-08-31,0.11702557878604947,0.25246375964307777,0.22402229429771778
2084,engineered,15,seeking,5,2024-09-30,0.16940731521849495,0.26088967921780115,0.34055571498858134
2085,engineered,15,seeking,5,2024-10-31,0.13095229659262353,0.25730315288456307,0.20733395401713803
2086,engineered,15,seeking,5,2024-11-30,0.3262831785792819,0.260821409571125,0.6790430721398567
2087,engineered,15,seeking,5,2024-12-31,0.26924261967916485,0.2579323926488467,0.494479990555
2088,engineered,15,seeking,6,2023-07-31,0.014165046165348638,0.07454650843637177,1.544626185171525
2089,engineered,15,seeking,6,2023-08-31,-0.01863352445084987,0.15233104758271718,-0.9542119313309586
2090,engineered,15,seeking,6,2023-09-30,-0.06764495798876657,0.1359009950429597,-2.10976415793762
2091,engineered,15,seeking,6,2023-10-31,-0.05520517864409347,0.12607529981969476,-1.5362234087609734
2092,engineered,15,seeking,6,2023-11-30,0.035883850581814425,0.14796681991499536,0.3009013918094664
2093,engineered,15,seeking,6,2023-12-31,0.08431755397306984,0.14087090699242494,0.896838150736287
2094,engineered,15,seeking,6,2024-01-31,0.07776132042282446,0.1374490513306796,0.6654743347482932
2095,engineered,15,seeking,6,2024-02-29,0.13494211768445452,0.13063783667482276,1.2594658352643457
2096,engineered,15,seeking,6,2024-03-31,0.1492852866258958,0.12579715318293885,1.2392737667625418
2097,engineered,15,seeking,6,2024-04-30,0.103107265527137,0.13262049225173594,0.6076622319916906
2098,engineered,15,seeking,6,2024-05-31,0.1889190543762833,0.13256844843429455,1.2356700593978598
2099,engineered,15,seeking,6,2024-06-30,0.23647063162130966,0.13192189807337182,1.4338142321720762
2100,engineered,15,seeking,6,2024-07-31,0.27515551815489636,0.12962169328614934,1.588296543514062
2101,engineered,15,seeking,6,2024-08-31,0.2937817822872566,0.12982185087855846,1.5649201260982075
2102,engineered,15,seeking,6,2024-09-30,0.3279547373522351,0.13406807543801513,1.5517188087080096
2103,engineered,15,seeking,6,2024-10-31,0.31859039001221134,0.13294299315384073,1.396815505287842
2104,engineered,15,seeking,6,2024-11-30,0.4224619276450352,0.13415376192139997,1.7785720948103907
2105,engineered,15,seeking,6,2024-12-31,0.4251527371003645,0.1315096498299494,1.674799079931628
2106,engineered,15,seeking,7,2023-07-31,0.03148591650270749,0.10966648207007655,3.08266947347198
2107,engineered,15,seeking,7,2023-08-31,0.007597032005664417,0.13195383403652225,0.01759073756162118
2108,engineered,15,seeking,7,2023-09-30,-0.03796651039973009,0.12395197930465868,-1.4990579758765101
2109,engineered,15,seeking,7,2023-10-31,-0.06568342567002805,0.1176834123265392,-1.874414955219667
2110,engineered,15,seeking,7,2023-11-30,0.019368972248275274,0.14458653247137349,0.027735277152878223
2111,engineered,15,seeking,7,2023-12-31,0.07673307761430692,0.14019882538565132,0.7892028263525028
2112,engineered,15,seeking,7,2024-01-31,0.07851448036964448,0.13411288496036403,0.6919412603862888
2113,engineered,15,seeking,7,2024-02-29,0.11955964495052784,0.1265241377508001,1.1089654864039584
2114,engineered,15,seeking,7,2024-03-31,0.14753850027787307,0.12219802153596152,1.2564036034524195
2115,engineered,15,seeking,7,2024-04-30,0.10304246859873278,0.12576492037330478,0.6401666517918698
2116,engineered,15,seeking,7,2024-05-31,0.1516401688757285,0.12187936934738086,1.0083155212606782
2117,engineered,15,seeking,7,2024-06-30,0.18436767107811658,0.11796727488544909,1.171641835803346
2118,engineered,15,seeking,7,2024-07-31,0.20757388639706398,0.11629911932916556,1.2500683672318684
2119,engineered,15,seeking,7,2024-08-31,0.226096440102467,0.11863698408840272,1.2424000439512533
2120,engineered,15,seeking,7,2024-09-30,0.25743206847131495,0.12301574909315713,1.263382000255734
2121,engineered,15,seeking,7,2024-10-31,0.2387545884764255,0.12103095737070925,1.074271798127025
2122,engineered,15,seeking,7,2024-11-30,0.3008126533151194,0.12547307705495772,1.279992666505918
2123,engineered,15,seeking,7,2024-12-31,0.2675173618384925,0.12425497898093285,1.018030972809484
2124,engineered,15,seeking,8,2023-07-31,0.08386685588196996,0.292215128771361,4.340486291648285
2125,engineered,15,seeking,8,2023-08-31,-0.0038929345719652675,0.33817594341453355,-0.19120645881354828
2126,engineered,15,seeking,8,2023-09-30,-0.055518043389352845,0.3371399500971054,-0.7315380561472143
2127,engineered,15,seeking,8,2023-10-31,-0.10747973457640358,0.3028345249156886,-1.0644847762674723
2128,engineered,15,seeking,8,2023-11-30,-0.01546560733191149,0.30235415085812833,-0.2597860795267913
2129,engineered,15,seeking,8,2023-12-31,0.07207520673134815,0.2840935983057922,0.3557216301446841
2130,engineered,15,seeking,8,2024-01-31,-0.06398026939845702,0.27313201468852555,-0.5395073103679621
2131,engineered,15,seeking,8,2024-02-29,0.03733471244222786,0.2680301367168647,0.05070851292460525
2132,engineered,15,seeking,8,2024-03-31,-0.009905092202539656,0.25987897819665706,-0.21253935540802396
2133,engineered,15,seeking,8,2024-04-30,-0.01653899774721368,0.2747775567029341,-0.22524995731626135
2134,engineered,15,seeking,8,2024-05-31,0.03370270671110376,0.2769208892566789,-0.020998952797460994
2135,engineered,15,seeking,8,2024-06-30,0.037511209507042675,0.266878567758545,-0.020932654907671527
2136,engineered,15,seeking,8,2024-07-31,0.09397274967152902,0.27158591817133454,0.15836828605243106
2137,engineered,15,seeking,8,2024-08-31,0.04578208192741906,0.27402383140001024,-0.01269697840920725
2138,engineered,15,seeking,8,2024-09-30,0.23575706385530504,0.2794163030532322,0.49789013418107503
2139,engineered,15,seeking,8,2024-10-31,0.18365934773754855,0.2778695992956672,0.32770382154428873
2140,engineered,15,seeking,8,2024-11-30,0.345111494762562,0.28374071375056614,0.6669778791437377
2141,engineered,15,seeking,8,2024-12-31,0.4022000882031975,0.28119855291952245,0.7355300141982238
2142,engineered,15,seeking,9,2023-07-31,0.0028780938079742135,0.11070677952091723,-0.10872610523612647
2143,engineered,15,seeking,9,2023-08-31,-0.03811495856521274,0.14147017971195452,-1.7210875507545702
2144,engineered,15,seeking,9,2023-09-30,-0.07296378296482331,0.12114128227762361,-2.507942150534476
2145,engineered,15,seeking,9,2023-10-31,-0.0578761908244626,0.11072870828392069,-1.8115695096515632
2146,engineered,15,seeking,9,2023-11-30,0.030631350315655892,0.1345282098509609,0.23446381656136236
2147,engineered,15,seeking,9,2023-12-31,0.10602345503083943,0.133780767593697,1.2842918315370713
2148,engineered,15,seeking,9,2024-01-31,0.1123358909668093,0.12494285773881654,1.2257089033614075
2149,engineered,15,seeking,9,2024-02-29,0.23330483184744155,0.12789290003892312,2.5268299945053774
2150,engineered,15,seeking,9,2024-03-31,0.2906868640762321,0.13182769743307615,2.6625298811444083
2151,engineered,15,seeking,9,2024-04-30,0.20343383237363577,0.13824854616156249,1.4630525866965236
2152,engineered,15,seeking,9,2024-05-31,0.2853299009771706,0.13452086361450585,2.0080340811810604
2153,engineered,15,seeking,9,2024-06-30,0.2842125895383363,0.13086341933087026,1.8017920263603726
2154,engineered,15,seeking,9,2024-07-31,0.31799202438535024,0.12742372247644793,1.9154714707087814
2155,engineered,15,seeking,9,2024-08-31,0.31506086315436654,0.1304142275023733,1.6915555405089477
2156,engineered,15,seeking,9,2024-09-30,0.3484137916892134,0.13689374319248687,1.6303837054343342
2157,engineered,15,seeking,9,2024-10-31,0.3348303448531684,0.13760912056955624,1.4309731149689777
2158,engineered,15,seeking,9,2024-11-30,0.48666048380701077,0.14270928787064013,1.9547447840312306
2159,engineered,15,seeking,9,2024-12-31,0.4215927954917056,0.14302722842869797,1.5254111120816423
2160,engineered,30,averse,0,2023-07-31,0.012745396783034879,0.06794043931121661,1.448408901538546
2161,engineered,30,averse,0,2023-08-31,-0.0010945149671587329,0.07892251488141759,-0.6168635011098729
2162,engineered,30,averse,0,2023-09-30,-0.036417000379989406,0.0774702615438945,-2.3270775507018184
2163,engineered,30,averse,0,2023-10-31,-0.054364083822129095,0.07802760173510938,-2.4541995632877733
2164,engineered,30,averse,0,2023-11-30,0.00511514855110673,0.10254967978348088,-0.2949255732731904
2165,engineered,30,averse,0,2023-12-31,0.04910046184898231,0.10284051914294723,0.5283307641232966
2166,engineered,30,averse,0,2024-01-31,0.04165587152563455,0.09647141144700412,0.2952047298049197
2167,engineered,30,averse,0,2024-02-29,0.05898056310334554,0.09088453954221852,0.5115716842849205
2168,engineered,30,averse,0,2024-03-31,0.07558160375389233,0.08801440504942393,0.6473250843845617
2169,engineered,30,averse,0,2024-04-30,0.03753222357249575,0.08856658786826854,0.02403862216376403
2170,engineered,30,averse,0,2024-05-31,0.06618390560570009,0.08647048951677228,0.34134200546448146
2171,engineered,30,averse,0,2024-06-30,0.08299792322273003,0.08345236262382333,0.4672464771910458
2172,engineered,30,averse,0,2024-07-31,0.111979123522852,0.08108060987728873,0.7313321381624294
2173,engineered,30,averse,0,2024-08-31,0.13508508457999935,0.07971762143771242,0.8992392422528571
2174,engineered,30,averse,0,2024-09-30,0.15345218258196058,0.07919485041659385,0.9681124091173624
2175,engineered,30,averse,0,2024-10-31,0.13611115002891672,0.07847564837852045,0.7270844978031725
2176,engineered,30,averse,0,2024-11-30,0.17146601869738265,0.08033707817332501,0.9366665291642785
2177,engineered,30,averse,0,2024-12-31,0.13630761874452468,0.08013536709637807,0.5661994456840033
2178,engineered,30,averse,1,2023-07-31,0.013708560309548812,0.06694108601860756,1.639343029413387
2179,engineered,30,averse,1,2023-08-31,0.0015624842142600848,0.07616153986609793,-0.43743360530303393
2180,engineered,30,averse,1,2023-09-30,-0.031224686970028115,0.07308196613937204,-2.2104872097719492
2181,engineered,30,averse,1,2023-10-31,-0.04757334130598845,0.07241064545139518,-2.399141095139243
2182,engineered,30,averse,1,2023-11-30,0.013433006549045112,0.09604014508833596,-0.10761177581320143
2183,engineered,30,averse,1,2023-12-31,0.05702960049303685,0.09704470722416166,0.7249609197517718
2184,engineered,30,averse,1,2024-01-31,0.05262572617445915,0.0917965748029497,0.5170463904271453
2185,engineered,30,averse,1,2024-02-29,0.06735316654109447,0.08648648720356197,0.6857589992957194
2186,engineered,30,averse,1,2024-03-31,0.08525180010400857,0.0836404074073721,0.8350066095769557
2187,engineered,30,averse,1,2024-04-30,0.04942029999777686,0.08438089616872549,0.19302575217591902
2188,engineered,30,averse,1,2024-05-31,0.07839963999404875,0.0820529230039411,0.5219425938513644
2189,engineered,30,averse,1,2024-06-30,0.09466257107877452,0.07927252058269545,0.6360214246479909
2190,engineered,30,averse,1,2024-07-31,0.1233574442916967,0.07715262935941751,0.9018005263806456
2191,engineered,30,averse,1,2024-08-31,0.14707713178137993,0.07621751538903836,1.0720740405419626
2192,engineered,30,averse,1,2024-09-30,0.16710418034396168,0.07565626512830144,1.151150693837151
2193,engineered,30,averse,1,2024-10-31,0.1491210919531163,0.07508646554699351,0.8842773878240903
2194,engineered,30,averse,1,2024-11-30,0.18442676505500777,0.07703478950258089,1.0894273150690306
2195,engineered,30,averse,1,2024-12-31,0.15319994721140562,0.07676332995099072,0.7293793893821573
2196,engineered,30,averse,2,2023-07-31,0.015071562102985325,0.06982651899679654,1.8037881417223744
2197,engineered,30,averse,2,2023-08-31,0.0021951298702358457,0.08095133016588896,-0.36599029794534377
2198,engineered,30,averse,2,2023-09-30,-0.03178608961677898,0.07746955448949751,-2.111626088929932
2199,engineered,30,averse,2,2023-10-31,-0.04974563372631624,0.07685945983229074,-2.334580140140316
2200,engineered,30,averse,2,2023-11-30,0.009810227045727427,0.098943231342596,-0.1923726814814616
2201,engineered,30,averse,2,2023-12-31,0.051921994523433934,0.0981825158394221,0.6113263093039175
2202,engineered,30,averse,2,2024-01-31,0.05064934311445546,0.0925018826430027,0.4760210324677438
2203,engineered,30,averse,2,2024-02-29,0.0708950309315215,0.08745988111336382,0.7402791389874476
2204,engineered,30,averse,2,2024-03-31,0.0894863002546844,0.08463800887996413,0.8918596232324117
2205,engineered,30,averse,2,2024-04-30,0.05367193582541718,0.08567632561546325,0.24929260163297237
2206,engineered,30,averse,2,2024-05-31,0.08377822169844795,0.08317518032402121,0.5854113444773584
2207,engineered,30,averse,2,2024-06-30,0.10249809025040046,0.0804017624582371,0.7225348527123683
2208,engineered,30,averse,2,2024-07-31,0.12705049186615702,0.07826197279003873,0.9316235272690107
2209,engineered,30,averse,2,2024-08-31,0.1477229153854409,0.07736648450913329,1.0631253169403154
2210,engineered,30,averse,2,2024-09-30,0.16562355550891894,0.07764349534087782,1.1071458647529364
2211,engineered,30,averse,2,2024-10-31,0.14986041190992339,0.07678860044483857,0.8715765783847508
2212,engineered,30,averse,2,2024-11-30,0.18910741489987215,0.07913827897165904,1.099969103211049
2213,engineered,30,averse,2,2024-12-31,0.15853949092869035,0.07871976468939647,0.7537429428516139
2214,engineered,30,averse,3,2023-07-31,0.015628717016578975,0.08930807897739372,1.485181901392718
2215,engineered,30,averse,3,2023-08-31,-0.005172221229924001,0.10680210767809434,-0.6731530634733018
2216,engineered,30,averse,3,2023-09-30,-0.05290176476198005,0.10702987598537994,-2.2215938672507716
2217,engineered,30,averse,3,2023-10-31,-0.06505476411061151,0.10379628798894142,-2.109797322591533
2218,engineered,30,averse,3,2023-11-30,0.018989231020223096,0.13690120313289927,0.02256387331918737
2219,engineered,30,averse,3,2023-12-31,0.06881884603141741,0.13259827753951048,0.7117640524931266
2220,engineered,30,averse,3,2024-01-31,0.06945011945696633,0.1256197185240088,0.6116898492670708
2221,engineered,30,averse,3,2024-02-29,0.09903597458626834,0.11876306224596861,0.9114205116560491
2222,engineered,30,averse,3,2024-03-31,0.1266118845126114,0.11403993110612194,1.0983578074664933
2223,engineered,30,averse,3,2024-04-30,0.06788455616840139,0.11619527686666493,0.32993036524826513
2224,engineered,30,averse,3,2024-05-31,0.10976784703177622,0.11266513382701188,0.684014976770141
2225,engineered,30,averse,3,2024-06-30,0.13661673036063737,0.10901962852048117,0.8392684955626378
2226,engineered,30,averse,3,2024-07-31,0.16379893642469967,0.1055413737768443,1.0047131863883296
2227,engineered,30,averse,3,2024-08-31,0.19352131554112817,0.10442530461336884,1.1529290872690308
2228,engineered,30,averse,3,2024-09-30,0.22280546451322603,0.10609997260934216,1.2191473797382746
2229,engineered,30,averse,3,2024-10-31,0.19016027590935902,0.10598473348156834,0.9027717583657319
2230,engineered,30,averse,3,2024-11-30,0.24351742567421164,0.10809541401199052,1.1390171754328506
2231,engineered,30,averse,3,2024-12-31,0.19179766722923453,0.10809885457858948,0.740537770646162
2232,engineered,30,averse,4,2023-07-31,0.02533747841623457,0.09648564695714862,2.641296165729346
2233,engineered,30,averse,4,2023-08-31,0.01069689718133815,0.11823826618952597,0.17784419224719156
2234,engineered,30,averse,4,2023-09-30,-0.03237977733267683,0.11064191460943754,-1.4979871937501303
2235,engineered,30,averse,4,2023-10-31,-0.05293360428283356,0.10748015053178865,-1.747034930221904
2236,engineered,30,averse,4,2023-11-30,0.026700510871003003,0.13100215656470152,0.16706481276350063
2237,engineered,30,averse,4,2023-12-31,0.07574446233514576,0.12601625844239514,0.8618512740478145
2238,engineered,30,averse,4,2024-01-31,0.08724261028233116,0.12103664190818259,0.8943600851369446
2239,engineered,30,averse,4,2024-02-29,0.12599623898979306,0.11496312856944979,1.308481751938681
2240,engineered,30,averse,4,2024-03-31,0.15178234133766488,0.11174514341735359,1.4254109875912435
2241,engineered,30,averse,4,2024-04-30,0.10816398886262446,0.11574372038934196,0.7488501897635528
2242,engineered,30,averse,4,2024-05-31,0.15622763747194912,0.11170022308066983,1.145228407407421
2243,engineered,30,averse,4,2024-06-30,0.19463647201901413,0.10885222433618966,1.3620071780446583
2244,engineered,30,averse,4,2024-07-31,0.2080788223490817,0.1080426927319884,1.3497898181270067
2245,engineered,30,averse,4,2024-08-31,0.23075178490535908,0.10950265252696204,1.381194266881458
2246,engineered,30,averse,4,2024-09-30,0.2563652889620063,0.11353103941438115,1.3618758616799094
2247,engineered,30,averse,4,2024-10-31,0.240680415797337,0.11183910570191277,1.1746683112338865
2248,engineered,30,averse,4,2024-11-30,0.3006316893465888,0.11517112644709658,1.3934657132378998
2249,engineered,30,averse,4,2024-12-31,0.2768972317981695,0.1139252447736679,1.1602505866791417
2250,engineered,30,averse,5,2023-07-31,0.013987403277153199,0.06714719907182162,1.6834594143176
2251,engineered,30,averse,5,2023-08-31,0.0037391442098051453,0.07382920376365823,-0.27874113799254535
2252,engineered,30,averse,5,2023-09-30,-0.02584193474116636,0.06760187161381866,-2.097672036125463
2253,engineered,30,averse,5,2023-10-31,-0.04219685293484721,0.0658712021421291,-2.421115485862031
2254,engineered,30,averse,5,2023-11-30,0.010948604438253629,0.08377237127174927,-0.19463587886432637
2255,engineered,30,averse,5,2023-12-31,0.04734106863899634,0.08300829028936577,0.6119186849132294
2256,engineered,30,averse,5,2024-01-31,0.05158392823445124,0.07867234808096213,0.5803103791256435
2257,engineered,30,averse,5,2024-02-29,0.06734531770501317,0.07478880693430116,0.7928572890303814
2258,engineered,30,averse,5,2024-03-31,0.08508324519384391,0.07252544271684819,0.9598801425060566
2259,engineered,30,averse,5,2024-04-30,0.05558613908044152,0.07340690273316819,0.3220773124080567
2260,engineered,30,averse,5,2024-05-31,0.08251615336508089,0.07104276366512909,0.6660118558709898
2261,engineered,30,averse,5,2024-06-30,0.09997570829335922,0.06904338380909879,0.8056207775657781
2262,engineered,30,averse,5,2024-07-31,0.11882209700375723,0.0676188763703199,0.9683693719305589
2263,engineered,30,averse,5,2024-08-31,0.135375128688064,0.0672750869532391,1.0691607188798309
2264,engineered,30,averse,5,2024-09-30,0.1519075449150653,0.06738543597327556,1.1202519067427474
2265,engineered,30,averse,5,2024-10-31,0.13692776971248954,0.06666625288755287,0.8646866936177419
2266,engineered,30,averse,5,2024-11-30,0.1721376177290057,0.06901433082363896,1.0968628911194458
2267,engineered,30,averse,5,2024-12-31,0.15021042248289618,0.06852501725647496,0.7897048293412978
2268,engineered,30,averse,6,2023-07-31,0.014195651240972884,0.0765487981605786,1.5089698165522476
2269,engineered,30,averse,6,2023-08-31,-0.0011200659212707853,0.0874957153741172,-0.558098953716619
2270,engineered,30,averse,6,2023-09-30,-0.04039955965631692,0.08538625516555012,-2.277224162060133
2271,engineered,30,averse,6,2023-10-31,-0.06036353855837828,0.08517972118598549,-2.430122151003757
2272,engineered,30,averse,6,2023-11-30,0.005752783649108917,0.11237442774028568,-0.2556293929099854
2273,engineered,30,averse,6,2023-12-31,0.0542978425755678,0.11266305542294199,0.5753602365453879
2274,engineered,30,averse,6,2024-01-31,0.047502592943778676,0.10567871300247249,0.365071640897119
2275,engineered,30,averse,6,2024-02-29,0.06629285645924976,0.09954493985384918,0.5794698292725061
2276,engineered,30,averse,6,2024-03-31,0.0855796328056393,0.09631449229940926,0.7296626199720296
2277,engineered,30,averse,6,2024-04-30,0.04362037289066523,0.09710168710101132,0.09656191144152672
2278,engineered,30,averse,6,2024-05-31,0.07579722441078274,0.0946225033170367,0.4226280985687543
2279,engineered,30,averse,6,2024-06-30,0.09455604213328761,0.09141623800880129,0.550391065351038
2280,engineered,30,averse,6,2024-07-31,0.126709317821861,0.08887321866344948,0.8169243113419279
2281,engineered,30,averse,6,2024-08-31,0.15239381760177517,0.0875569884071123,0.9839389002683243
2282,engineered,30,averse,6,2024-09-30,0.1741036598907697,0.08700834949235434,1.0622576448303922
2283,engineered,30,averse,6,2024-10-31,0.15428299439024085,0.08631551485314924,0.8120794037577415
2284,engineered,30,averse,6,2024-11-30,0.19486799811089162,0.08851438034582369,1.0268581211652366
2285,engineered,30,averse,6,2024-12-31,0.1562955163208375,0.08821367932428147,0.6566941411266471
2286,engineered,30,averse,7,2023-07-31,0.018827669022400517,0.09123725011783007,1.881948017549417
2287,engineered,30,averse,7,2023-08-31,-0.0027257201246747575,0.10308458601660077,-0.5628724841303677
2288,engineered,30,averse,7,2023-09-30,-0.041214362026018914,0.09806039183025705,-2.012228532850373
2289,engineered,30,averse,7,2023-10-31,-0.06396132901633478,0.09487360996030608,-2.278865034847422
2290,engineered,30,averse,7,2023-11-30,0.0053798325385563395,0.12281068657441387,-0.2411388312716244
2291,engineered,30,averse,7,2023-12-31,0.0550945857402223,0.1206330349056433,0.5507104148828592
2292,engineered,30,averse,7,2024-01-31,0.04664099509682318,0.11327125664537563,0.32743785720962554
2293,engineered,30,averse,7,2024-02-29,0.06851114008953729,0.10670302473942886,0.5724777919350095
2294,engineered,30,averse,7,2024-03-31,0.09151786939259621,0.10271854687136939,0.761262783123482
2295,engineered,30,averse,7,2024-04-30,0.052470633554739576,0.10324044984735496,0.19299937323894764
2296,engineered,30,averse,7,2024-05-31,0.08759722846616991,0.1006883149509583,0.5249605534363692
2297,engineered,30,averse,7,2024-06-30,0.10140911158397947,0.0968183209199905,0.5890062800080988
2298,engineered,30,averse,7,2024-07-31,0.1332392256379724,0.09478744352993011,0.8281296272176429
2299,engineered,30,averse,7,2024-08-31,0.15941159082633494,0.09416328343956994,0.9770960328598839
2300,engineered,30,averse,7,2024-09-30,0.18329806753917666,0.09418806459505796,1.0555592399358105
2301,engineered,30,averse,7,2024-10-31,0.15679219888133877,0.09333625089848786,0.7702367748674356
2302,engineered,30,averse,7,2024-11-30,0.19009550834354338,0.0946305344787295,0.9268579996331098
2303,engineered,30,averse,7,2024-12-31,0.15235902812070923,0.09432262142988333,0.5880066399018475
2304,engineered,30,averse,8,2023-07-31,0.019082814079622645,0.09812460104252432,1.7821170694940263
2305,engineered,30,averse,8,2023-08-31,-0.004404228805247046,0.11154004546546879,-0.6056790843939752
2306,engineered,30,averse,8,2023-09-30,-0.04739073862966414,0.10646019422866322,-2.0560306336603036
2307,engineered,30,averse,8,2023-10-31,-0.07048317536395354,0.10401211588789354,-2.237474197397209
2308,engineered,30,averse,8,2023-11-30,0.005496295293589748,0.13441908362861502,-0.21825105260107341
2309,engineered,30,averse,8,2023-12-31,0.05904997230337239,0.13204115792487633,0.5638649073163837
2310,engineered,30,averse,8,2024-01-31,0.04918427457331842,0.12388635200290134,0.33492681718212886
2311,engineered,30,averse,8,2024-02-29,0.07173133466480719,0.11674617209307103,0.5655817957702038
2312,engineered,30,averse,8,2024-03-31,0.09639848338419688,0.11235992286697394,0.7539508633413504
2313,engineered,30,averse,8,2024-04-30,0.052509785962867594,0.11287877646108015,0.17693357574778418
2314,engineered,30,averse,8,2024-05-31,0.09179195757310188,0.11029180922490985,0.5207488106082746
2315,engineered,30,averse,8,2024-06-30,0.10939477601074876,0.10612800981184242,0.6110242818111795
2316,engineered,30,averse,8,2024-07-31,0.14368219532112536,0.10391703200212038,0.8460158553076883
2317,engineered,30,averse,8,2024-08-31,0.17527344515798315,0.1028745142858419,1.0228284641036416
2318,engineered,30,averse,8,2024-09-30,0.20154625086591382,0.10258933527964618,1.104126986459282
2319,engineered,30,averse,8,2024-10-31,0.17044003210104464,0.10177910713640295,0.8021486314107577
2320,engineered,30,averse,8,2024-11-30,0.20452725485457024,0.10291804072629249,0.945622991959852
2321,engineered,30,averse,8,2024-12-31,0.16282334916744845,0.1025398295335368,0.6047817494508474
2322,engineered,30,averse,9,2023-07-31,0.02320279273837844,0.08725675194784266,2.6018932932371626
2323,engineered,30,averse,9,2023-08-31,0.008950526547090831,0.1049236727814973,0.09964738546490796
2324,engineered,30,averse,9,2023-09-30,-0.03216293039982776,0.0994745664307248,-1.6582538013271884
2325,engineered,30,averse,9,2023-10-31,-0.05258342696144325,0.09805240131229245,-1.9056993619863507
2326,engineered,30,averse,9,2023-11-30,0.021367950853964146,0.12152996478868229,0.07295916005775062
2327,engineered,30,averse,9,2023-12-31,0.06769552760324893,0.11735497078838684,0.7846183689490287
2328,engineered,30,averse,9,2024-01-31,0.0774316957444472,0.11137002905047495,0.816082975079656
2329,engineered,30,averse,9,2024-02-29,0.11255606351687009,0.10597507985706967,1.220433864056186
2330,engineered,30,averse,9,2024-03-31,0.14059841224282343,0.10235554456090898,1.4081912361467805
2331,engineered,30,averse,9,2024-04-30,0.09889137745871945,0.10495395669602339,0.719535724436214
2332,engineered,30,averse,9,2024-05-31,0.14226575322931323,0.10134177637500627,1.111294357333217
2333,engineered,30,averse,9,2024-06-30,0.1723252899962655,0.09825304038949363,1.286848277055344
2334,engineered,30,averse,9,2024-07-31,0.19273072352952614,0.09663872273034553,1.36648848449713
2335,engineered,30,averse,9,2024-08-31,0.21691131164225808,0.09720236504859528,1.438158530250849
2336,engineered,30,averse,9,2024-09-30,0.2396084891418253,0.09992380550506212,1.4212717096605507
2337,engineered,30,averse,9,2024-10-31,0.22346418796175072,0.0986822721518686,1.2084527797690654
2338,engineered,30,averse,9,2024-11-30,0.28106046708663546,0.10199535814382353,1.4484915433208028
2339,engineered,30,averse,9,2024-12-31,0.2505334217211652,0.10097947895623488,1.1503564859055673
2340,engineered,30,neutral,0,2023-07-31,0.02595413283265069,0.10964962082165684,2.398402514052171
2341,engineered,30,neutral,0,2023-08-31,-0.004814528261471551,0.12445254025892913,-0.5614697561806226
2342,engineered,30,neutral,0,2023-09-30,-0.0463447639169261,0.1182218247947848,-1.8208368096986962
2343,engineered,30,neutral,0,2023-10-31,-0.07318485653515627,0.11225075207333544,-2.1336531867008897
2344,engineered,30,neutral,0,2023-11-30,0.004834567047024896,0.14274142785974267,-0.21656094734013015
2345,engineered,30,neutral,0,2023-12-31,0.058609605076247684,0.1391593363611582,0.5285966620609229
2346,engineered,30,neutral,0,2024-01-31,0.04347656615943851,0.1307395261484665,0.24185766378713297
2347,engineered,30,neutral,0,2024-02-29,0.07220997310034183,0.12327735485212668,0.5415840109900958
2348,engineered,30,neutral,0,2024-03-31,0.09886125775541266,0.11811748948138538,0.745073415094978
2349,engineered,30,neutral,0,2024-04-30,0.06100259126735308,0.11868728098062874,0.25369392627434073
2350,engineered,30,neutral,0,2024-05-31,0.09848587526574448,0.11653493099167733,0.5555518875632832
2351,engineered,30,neutral,0,2024-06-30,0.1165315411378609,0.11206986626425103,0.6409820702353943
2352,engineered,30,neutral,0,2024-07-31,0.14872996625432822,0.1103756880485057,0.8377356451005106
2353,engineered,30,neutral,0,2024-08-31,0.17603396032583674,0.10988031250306993,0.9633754359202995
2354,engineered,30,neutral,0,2024-09-30,0.20891761684165733,0.11106604434430484,1.0701193442310828
2355,engineered,30,neutral,0,2024-10-31,0.17783735839570536,0.10979504797119585,0.7916104476700997
2356,engineered,30,neutral,0,2024-11-30,0.2068231708934576,0.11077687099914468,0.8923139594950167
2357,engineered,30,neutral,0,2024-12-31,0.16642038792463598,0.11007755179927636,0.5837859274059989
2358,engineered,30,neutral,1,2023-07-31,0.026110894305603427,0.11216202769341384,2.3631860095601818
2359,engineered,30,neutral,1,2023-08-31,-0.005547883079445315,0.1263106845484419,-0.5859332702623874
2360,engineered,30,neutral,1,2023-09-30,-0.047216308708681876,0.11963137054603344,-1.8246226208335399
2361,engineered,30,neutral,1,2023-10-31,-0.07378677040698811,0.11335376406095993,-2.126171801578482
2362,engineered,30,neutral,1,2023-11-30,0.0037889517345324197,0.14344626409886996,-0.232827367131662
2363,engineered,30,neutral,1,2023-12-31,0.05703485824903898,0.13983474549174876,0.5031959663017309
2364,engineered,30,neutral,1,2024-01-31,0.04141542813884236,0.1313820316251753,0.2136077401086729
2365,engineered,30,neutral,1,2024-02-29,0.070505974268815,0.1238973268354279,0.5177448055538716
2366,engineered,30,neutral,1,2024-03-31,0.0974750179406556,0.11862574200604223,0.7262567419863332
2367,engineered,30,neutral,1,2024-04-30,0.05916362158199684,0.11926007181217005,0.2340576809987594
2368,engineered,30,neutral,1,2024-05-31,0.09679952350945142,0.1171188117807013,0.5370621528434651
2369,engineered,30,neutral,1,2024-06-30,0.1145710897976604,0.11262463457715383,0.6207813931502212
2370,engineered,30,neutral,1,2024-07-31,0.1468518821620448,0.1109896774319448,0.8178499294503021
2371,engineered,30,neutral,1,2024-08-31,0.17413272367766086,0.11044988807895467,0.9440787476733895
2372,engineered,30,neutral,1,2024-09-30,0.2075484545813453,0.11172499949869452,1.054532254028705
2373,engineered,30,neutral,1,2024-10-31,0.17660551074711917,0.1104284947605558,0.7791233444591538
2374,engineered,30,neutral,1,2024-11-30,0.2049710535211069,0.1114245533302914,0.8760791099904279
2375,engineered,30,neutral,1,2024-12-31,0.16476121680248457,0.1106965819231452,0.5711588656796841
2376,engineered,30,neutral,2,2023-07-31,0.021753779703278076,0.08693706570918712,2.3978360471959936
2377,engineered,30,neutral,2,2023-08-31,-0.003278253941956133,0.1264768360877239,-0.48364876811859414
2378,engineered,30,neutral,2,2023-09-30,-0.05494653866664634,0.12063927545828197,-2.0283853154458003
2379,engineered,30,neutral,2,2023-10-31,-0.07611376179508167,0.11709228683333363,-2.1078423427527464
2380,engineered,30,neutral,2,2023-11-30,0.007326191617418321,0.1447275920977393,-0.17255893450063764
2381,engineered,30,neutral,2,2023-12-31,0.05740087409779382,0.13971606659923302,0.5089355128337243
2382,engineered,30,neutral,2,2024-01-31,0.045404263250879096,0.1335129630980418,0.261776631938967
2383,engineered,30,neutral,2,2024-02-29,0.06778994480180955,0.12546887433700465,0.4780369242231421
2384,engineered,30,neutral,2,2024-03-31,0.08216512337350945,0.11994837802789103,0.5479829388701986
2385,engineered,30,neutral,2,2024-04-30,0.041480250005611286,0.1213289876743907,0.05627553163329619
2386,engineered,30,neutral,2,2024-05-31,0.09618428869534834,0.11983661289363315,0.5192773670528077
2387,engineered,30,neutral,2,2024-06-30,0.13003045366098576,0.11676549640879692,0.7283827513469298
2388,engineered,30,neutral,2,2024-07-31,0.1698591550799755,0.1153214813202251,0.9668026148409874
2389,engineered,30,neutral,2,2024-08-31,0.20166622209164276,0.11448359570637665,1.1106909406555059
2390,engineered,30,neutral,2,2024-09-30,0.22803558270581914,0.11461423864248331,1.1630168605321596
2391,engineered,30,neutral,2,2024-10-31,0.20113866985944662,0.11361683847733789,0.9106850910579531
2392,engineered,30,neutral,2,2024-11-30,0.25266564399285985,0.11550042224485395,1.1181008692490535
2393,engineered,30,neutral,2,2024-12-31,0.22398186009132082,0.11353685743268033,0.8799942533784046
2394,engineered,30,neutral,3,2023-07-31,0.02618865254970837,0.1078967377806564,2.466158921952821
2395,engineered,30,neutral,3,2023-08-31,-0.004371022861856422,0.122670890674772,-0.5491898231878203
2396,engineered,30,neutral,3,2023-09-30,-0.04492224968671821,0.1163641612889052,-1.807399748805563
2397,engineered,30,neutral,3,2023-10-31,-0.07137731103287759,0.11071960173115152,-2.12222897507957
2398,engineered,30,neutral,3,2023-11-30,0.005307994380569614,0.14026002886296354,-0.21235888447145573
2399,engineered,30,neutral,3,2023-12-31,0.0579879925569442,0.13679683565680847,0.5285026747291406
2400,engineered,30,neutral,3,2024-01-31,0.043907925100375556,0.12860938558502108,0.25165499516108597
2401,engineered,30,neutral,3,2024-02-29,0.07225903515812804,0.12125355029676742,0.551245286774781
2402,engineered,30,neutral,3,2024-03-31,0.0978616914569923,0.11614430805832342,0.7462240142644403
2403,engineered,30,neutral,3,2024-04-30,0.06155451949505797,0.11664310623634237,0.26379281058090187
2404,engineered,30,neutral,3,2024-05-31,0.09963017091393978,0.11460905448336049,0.5757891534757243
2405,engineered,30,neutral,3,2024-06-30,0.1163751077047932,0.11021619909166683,0.6503727427686917
2406,engineered,30,neutral,3,2024-07-31,0.14918289917713,0.10859976130349451,0.8551938487908571
2407,engineered,30,neutral,3,2024-08-31,0.17648165227219947,0.10798470214649837,0.9837374984431683
2408,engineered,30,neutral,3,2024-09-30,0.21179748205156312,0.10919089310552546,1.1084519224956508
2409,engineered,30,neutral,3,2024-10-31,0.18166337840969948,0.10793539157546234,0.8304858381494898
2410,engineered,30,neutral,3,2024-11-30,0.2110223050096347,0.10905243515294774,0.9319980687535643
2411,engineered,30,neutral,3,2024-12-31,0.1718544725533684,0.10843793488410187,0.6238828996650562
2412,engineered,30,neutral,4,2023-07-31,0.021027554126489267,0.1105625267890915,1.8021072699258818
2413,engineered,30,neutral,4,2023-08-31,-0.01181540829599892,0.13280991717560736,-0.8188050217626069
2414,engineered,30,neutral,4,2023-09-30,-0.061152817078400146,0.12464419505461935,-2.1296708782270586
2415,engineered,30,neutral,4,2023-10-31,-0.09251569451982888,0.12057767391299094,-2.3796586349816544
2416,engineered,30,neutral,4,2023-11-30,-0.011698169095875288,0.1531158401459191,-0.45591010669208226
2417,engineered,30,neutral,4,2023-12-31,0.04976526706365658,0.15208505905775418,0.3660627440537398
2418,engineered,30,neutral,4,2024-01-31,0.032349441351943176,0.14369695151405337,0.08684273144346474
2419,engineered,30,neutral,4,2024-02-29,0.06139278512077406,0.13526125453890842,0.37099334097852094
2420,engineered,30,neutral,4,2024-03-31,0.08364794653233254,0.13138738170007777,0.5153002481583828
2421,engineered,30,neutral,4,2024-04-30,0.03664012230923386,0.13211973212470438,0.00808140947885902
2422,engineered,30,neutral,4,2024-05-31,0.0885177214929358,0.12833696410010248,0.41968915627171066
2423,engineered,30,neutral,4,2024-06-30,0.10084872950068124,0.12368195072896836,0.45663727269618165
2424,engineered,30,neutral,4,2024-07-31,0.13162345099125683,0.12189324571256181,0.6320140484526193
2425,engineered,30,neutral,4,2024-08-31,0.1579381819028851,0.12135630799469174,0.7480249657860261
2426,engineered,30,neutral,4,2024-09-30,0.18600267365005685,0.12283170489947294,0.8261446183105366
2427,engineered,30,neutral,4,2024-10-31,0.15037551709184216,0.12104434830963631,0.5559638151046044
2428,engineered,30,neutral,4,2024-11-30,0.1841242215779646,0.1213889537085666,0.6896972815125312
2429,engineered,30,neutral,4,2024-12-31,0.1436730225531715,0.1201837849721944,0.41609950659533756
2430,engineered,30,neutral,5,2023-07-31,0.024521652589235776,0.10663532355568846,2.289605208991433
2431,engineered,30,neutral,5,2023-08-31,0.0008064294611047629,0.1260736178914067,-0.2991007303392148
2432,engineered,30,neutral,5,2023-09-30,-0.043909938142658755,0.11916837641933112,-1.7352191907308805
2433,engineered,30,neutral,5,2023-10-31,-0.06908547733337123,0.1144704267883694,-2.002284145957034
2434,engineered,30,neutral,5,2023-11-30,0.013454585179677014,0.14383531126605567,-0.07149224434418967
2435,engineered,30,neutral,5,2023-12-31,0.07116615481128341,0.14006560364809492,0.7081800681420565
2436,engineered,30,neutral,5,2024-01-31,0.06441444981203825,0.13243033647843325,0.5135862641457389
2437,engineered,30,neutral,5,2024-02-29,0.09655248437253516,0.1247154770215143,0.8369632658462478
2438,engineered,30,neutral,5,2024-03-31,0.12128926758166592,0.12022905133385149,0.9822117536153423
2439,engineered,30,neutral,5,2024-04-30,0.07512369822776899,0.12256082403521242,0.3834814626938525
2440,engineered,30,neutral,5,2024-05-31,0.11994635252150032,0.11908884808468559,0.740553908978164
2441,engineered,30,neutral,5,2024-06-30,0.14431479577603512,0.11477262129451761,0.8628438590201535
2442,engineered,30,neutral,5,2024-07-31,0.1732928566561749,0.11275563452305437,1.0162010908061532
2443,engineered,30,neutral,5,2024-08-31,0.20174478356443437,0.11273414092919694,1.1285052677804428
2444,engineered,30,neutral,5,2024-09-30,0.23027836005136715,0.1147105818464474,1.1767847155960598
2445,engineered,30,neutral,5,2024-10-31,0.20208787790995753,0.11323905072567907,0.9196629481602204
2446,engineered,30,neutral,5,2024-11-30,0.2454361338900164,0.11524929206304647,1.0792772088943545
2447,engineered,30,neutral,5,2024-12-31,0.20855179090034537,0.11455747017872561,0.7892337981741806
2448,engineered,30,neutral,6,2023-07-31,0.026696480419837965,0.1077892229835806,2.5312398926396718
2449,engineered,30,neutral,6,2023-08-31,-0.002883308591992706,0.12073746662291779,-0.4880163053288919
2450,engineered,30,neutral,6,2023-09-30,-0.046631028444207745,0.11440779635273036,-1.890214916238506
2451,engineered,30,neutral,6,2023-10-31,-0.07247138740754844,0.10736382562855648,-2.214129160343682
2452,engineered,30,neutral,6,2023-11-30,0.002086413100381934,0.13798694513225493,-0.27131934564892146
2453,engineered,30,neutral,6,2023-12-31,0.05685434526441413,0.1343921262682484,0.5208514402980767
2454,engineered,30,neutral,6,2024-01-31,0.04715926949809823,0.12636843437650983,0.30059782827539583
2455,engineered,30,neutral,6,2024-02-29,0.07795018235038298,0.11911289994185632,0.6346799672466987
2456,engineered,30,neutral,6,2024-03-31,0.10642333162151885,0.11427804712926605,0.8586891884859393
2457,engineered,30,neutral,6,2024-04-30,0.06616458124592484,0.11554604461888951,0.3139833515805834
2458,engineered,30,neutral,6,2024-05-31,0.10730343031383516,0.11277623000419928,0.6594637090169898
2459,engineered,30,neutral,6,2024-06-30,0.12290435722243997,0.10830444588929075,0.7208755178869789
2460,engineered,30,neutral,6,2024-07-31,0.16082521117586146,0.10596092320617177,0.9754680596598441
2461,engineered,30,neutral,6,2024-08-31,0.18886566563094842,0.10639074627309066,1.0952771651780484
2462,engineered,30,neutral,6,2024-09-30,0.21383960265640511,0.10800635376547223,1.134908021184775
2463,engineered,30,neutral,6,2024-10-31,0.17976836836399102,0.10739009383113539,0.8221424930079607
2464,engineered,30,neutral,6,2024-11-30,0.21676221113920668,0.10950718770663535,0.9628979610360994
2465,engineered,30,neutral,6,2024-12-31,0.17453910527373329,0.1089318096570659,0.6364145605534685
2466,engineered,30,neutral,7,2023-07-31,0.02755389574599909,0.1024648113527262,2.774692264359642
2467,engineered,30,neutral,7,2023-08-31,0.02359112451829115,0.11174185293908412,0.911393707547905
2468,engineered,30,neutral,7,2023-09-30,-0.025244269336937908,0.1229214957277807,-1.1356390372840701
2469,engineered,30,neutral,7,2023-10-31,-0.03758907649675125,0.11971642345275493,-1.2292019245398726
2470,engineered,30,neutral,7,2023-11-30,0.0399912299336076,0.14251807816259707,0.3840737705892321
2471,engineered,30,neutral,7,2023-12-31,0.09642055443324526,0.13635539713288006,1.1117416417382058
2472,engineered,30,neutral,7,2024-01-31,0.09295230348280015,0.1330275243128718,0.8900734589839627
2473,engineered,30,neutral,7,2024-02-29,0.13494013050246112,0.12531669205327986,1.3129196900214624
2474,engineered,30,neutral,7,2024-03-31,0.1669475282802788,0.12038803966392934,1.4942658484119804
2475,engineered,30,neutral,7,2024-04-30,0.13418984891791474,0.12354154470997483,0.9557819571637846
2476,engineered,30,neutral,7,2024-05-31,0.17004082207993299,0.11889016068317262,1.2034316711482778
2477,engineered,30,neutral,7,2024-06-30,0.21087815166071433,0.11462915271297792,1.4318987012863513
2478,engineered,30,neutral,7,2024-07-31,0.2297753861368843,0.11204011388519791,1.475253282747159
2479,engineered,30,neutral,7,2024-08-31,0.23912127162816033,0.11081985817798085,1.4271844158911609
2480,engineered,30,neutral,7,2024-09-30,0.2689114713858525,0.11422305199711551,1.4359884328682813
2481,engineered,30,neutral,7,2024-10-31,0.26039874476998603,0.11196201939376171,1.296899010768967
2482,engineered,30,neutral,7,2024-11-30,0.3215325089842922,0.11380407158423478,1.529276029190742
2483,engineered,30,neutral,7,2024-12-31,0.31210126299653407,0.11226941061655753,1.3663359756171352
2484,engineered,30,neutral,8,2023-07-31,0.022218634159992368,0.09568361676421522,2.240633450604942
2485,engineered,30,neutral,8,2023-08-31,-0.004917108434798423,0.10811476979184027,-0.651672019090184
2486,engineered,30,neutral,8,2023-09-30,-0.041494145000548044,0.10271993147971194,-1.9305490904883824
2487,engineered,30,neutral,8,2023-10-31,-0.06399415136080489,0.09753544675392728,-2.2175306278056524
2488,engineered,30,neutral,8,2023-11-30,0.003534565540025403,0.12329715447011472,-0.27577681704923884
2489,engineered,30,neutral,8,2023-12-31,0.04934151183860003,0.12032047537705133,0.4556096902058663
2490,engineered,30,neutral,8,2024-01-31,0.036061406195645684,0.11297141052901516,0.16684796377749986
2491,engineered,30,neutral,8,2024-02-29,0.06116875143420275,0.10652172215509814,0.4678709456942688
2492,engineered,30,neutral,8,2024-03-31,0.08401050571151725,0.1020139842728384,0.6684063853300081
2493,engineered,30,neutral,8,2024-04-30,0.05058180810794499,0.10273413664649762,0.17202275121970728
2494,engineered,30,neutral,8,2024-05-31,0.0824645325096911,0.10092101554501312,0.46827738915446426
2495,engineered,30,neutral,8,2024-06-30,0.09933306337514702,0.09710668841184382,0.5663193238578904
2496,engineered,30,neutral,8,2024-07-31,0.12628944328291358,0.09563441088738432,0.755205477869971
2497,engineered,30,neutral,8,2024-08-31,0.14992765851696865,0.09503157502482353,0.8848810572483176
2498,engineered,30,neutral,8,2024-09-30,0.17836669808696448,0.09604981433788023,0.9960494448159601
2499,engineered,30,neutral,8,2024-10-31,0.15299853879748637,0.0949312567449744,0.7286885033024781
2500,engineered,30,neutral,8,2024-11-30,0.1783065880481456,0.09589030923369157,0.8325246526689941
2501,engineered,30,neutral,8,2024-12-31,0.14425606536351765,0.09527970147638053,0.5287059646838785
2502,engineered,30,neutral,9,2023-07-31,0.02336743746617831,0.10765792450657272,2.1285817346000053
2503,engineered,30,neutral,9,2023-08-31,0.0020424622229588962,0.1276570273267531,-0.2390659336341414
2504,engineered,30,neutral,9,2023-09-30,-0.044081772599835034,0.12000400300631164,-1.7281407207644113
2505,engineered,30,neutral,9,2023-10-31,-0.06763200403608371,0.11589972437921307,-1.9458981235838773
2506,engineered,30,neutral,9,2023-11-30,0.015841484906243597,0.14559104212967514,-0.031103249074552246
2507,engineered,30,neutral,9,2023-12-31,0.07349642866240935,0.14141895450736702,0.7352578095560393
2508,engineered,30,neutral,9,2024-01-31,0.07181898406500364,0.1338816441254058,0.6050263104321079
2509,engineered,30,neutral,9,2024-02-29,0.10493929732954044,0.12616180448698958,0.9308472351541931
2510,engineered,30,neutral,9,2024-03-31,0.12957098075060758,0.12185616768547593,1.0606366130030078
2511,engineered,30,neutral,9,2024-04-30,0.08058488766761118,0.12461203042753606,0.4296737368166091
2512,engineered,30,neutral,9,2024-05-31,0.128598971821122,0.12077436743823713,0.8085931722192814
2513,engineered,30,neutral,9,2024-06-30,0.15556917526722547,0.1164832278803276,0.9447181180353967
2514,engineered,30,neutral,9,2024-07-31,0.1821652763424222,0.11445408441884306,1.070833062643647
2515,engineered,30,neutral,9,2024-08-31,0.21135629016734225,0.1147820751752082,1.1778025698283454
2516,engineered,30,neutral,9,2024-09-30,0.23685829390526814,0.11705687898664775,1.1955562276019152
2517,engineered,30,neutral,9,2024-10-31,0.2098718715305241,0.11554830916215321,0.9489734006063242
2518,engineered,30,neutral,9,2024-11-30,0.25711539822629526,0.11762965435809714,1.1227090544158258
2519,engineered,30,neutral,9,2024-12-31,0.22107510627996585,0.11691464268328619,0.839291376605896
2520,engineered,30,seeking,0,2023-07-31,-3.705355753613748e-05,0.06801139219495857,-0.6287528483292878
2521,engineered,30,seeking,0,2023-08-31,-0.03637791433424864,0.12396670383722631,-1.896564920656731
2522,engineered,30,seeking,0,2023-09-30,-0.22332302879023558,0.3342392112001231,-2.029965630942333
2523,engineered,30,seeking,0,2023-10-31,-0.2166751500412506,0.28963663291848923,-1.8937871635987824
2524,engineered,30,seeking,0,2023-11-30,-0.1515662235728259,0.28062439855729904,-1.2981779835382545
2525,engineered,30,seeking,0,2023-12-31,-0.23996577039663658,0.3412788133916556,-1.3269617830505873
2526,engineered,30,seeking,0,2024-01-31,-0.24905965373278094,0.3133347892675819,-1.3527999031175701
2527,engineered,30,seeking,0,2024-02-29,-0.22391983660310733,0.2970009748416206,-1.1993416085954434
2528,engineered,30,seeking,0,2024-03-31,-0.32980511641960697,0.3217480697818508,-1.3923963144190967
2529,engineered,30,seeking,0,2024-04-30,-0.3569404580770065,0.3043368669271505,-1.4750828845791248
2530,engineered,30,seeking,0,2024-05-31,-0.31471332371888605,0.2964931063468495,-1.276036205676264
2531,engineered,30,seeking,0,2024-06-30,-0.40908611496356984,0.3210750849285443,-1.3877392114861602
2532,engineered,30,seeking,0,2024-07-31,-0.37387256526737966,0.3098302568251104,-1.2587506055352422
2533,engineered,30,seeking,0,2024-08-31,-0.3651772219516495,0.3009770933587259,-1.2078462869527904
2534,engineered,30,seeking,0,2024-09-30,-0.4513865800128378,0.318631692216383,-1.315796298762915
2535,engineered,30,seeking,0,2024-10-31,-0.448487407807695,0.3104856216897121,-1.2872438029527413
2536,engineered,30,seeking,0,2024-11-30,-0.41068708991741154,0.30525265642904603,-1.1555627294115558
2537,engineered,30,seeking,0,2024-12-31,-0.507737461175638,0.3195496764997319,-1.2993050660431018
2538,engineered,30,seeking,1,2023-07-31,0.012683985239778428,0.11490940644341771,0.8501159250159592
2539,engineered,30,seeking,1,2023-08-31,-0.014973181305244831,0.15157890608923075,-0.8302742546218211
2540,engineered,30,seeking,1,2023-09-30,-0.06366279974529898,0.13925100319634245,-1.9657037265100055
2541,engineered,30,seeking,1,2023-10-31,-0.05933959385254062,0.12742190157494548,-1.6038417568524508
2542,engineered,30,seeking,1,2023-11-30,0.04293876058781665,0.16277330619148458,0.38151969307114175
2543,engineered,30,seeking,1,2023-12-31,0.12267103974970395,0.15782394883237932,1.3132123035174348
2544,engineered,30,seeking,1,2024-01-31,0.12249544925618605,0.14818412021461608,1.157455164020485
2545,engineered,30,seeking,1,2024-02-29,0.2054000367131883,0.1417152774670167,1.9582438446426251
2546,engineered,30,seeking,1,2024-03-31,0.2497396705301076,0.13964904895018782,2.103876378509343
2547,engineered,30,seeking,1,2024-04-30,0.1799493011376454,0.14458908850995936,1.20072181872908
2548,engineered,30,seeking,1,2024-05-31,0.2671352648000036,0.14021919487409393,1.7829719610514956
2549,engineered,30,seeking,1,2024-06-30,0.27517530742082874,0.13532771156495343,1.6771366217373378
2550,engineered,30,seeking,1,2024-07-31,0.30578847105321194,0.13052225430135508,1.7867099925721182
2551,engineered,30,seeking,1,2024-08-31,0.3168745515656821,0.13402559573663192,1.657053798499046
2552,engineered,30,seeking,1,2024-09-30,0.3650673178145134,0.14234411650919201,1.654357642424408
2553,engineered,30,seeking,1,2024-10-31,0.34951736283878154,0.1407447048361512,1.4709622870545458
2554,engineered,30,seeking,1,2024-11-30,0.45213541383419975,0.1415313378405237,1.8181280495981111
2555,engineered,30,seeking,1,2024-12-31,0.39473151825784414,0.14074696427563751,1.4383709345903757
2556,engineered,30,seeking,2,2023-07-31,0.021489016056010835,0.10689370532933584,1.9186726394650222
2557,engineered,30,seeking,2,2023-08-31,-0.01203522421179537,0.12856568152405917,-0.8551638556697971
2558,engineered,30,seeking,2,2023-09-30,-0.05757913638190615,0.12119707689277903,-2.0920806589016356
2559,engineered,30,seeking,2,2023-10-31,-0.08855727150656867,0.11674739019816235,-2.3758552342409467
2560,engineered,30,seeking,2,2023-11-30,-0.012855651527378331,0.1479442013874792,-0.49003088099857345
2561,engineered,30,seeking,2,2023-12-31,0.04327957156461926,0.14601692778041378,0.2920521212271801
2562,engineered,30,seeking,2,2024-01-31,0.025816306088539243,0.13745780478750041,0.009496219914485047
2563,engineered,30,seeking,2,2024-02-29,0.054927188008051964,0.12935639853371153,0.311600974921628
2564,engineered,30,seeking,2,2024-03-31,0.07750097705736314,0.12523111074960186,0.4753207159114176
2565,engineered,30,seeking,2,2024-04-30,0.03522237856897181,0.12553130527227252,-0.004927776686373432
2566,engineered,30,seeking,2,2024-05-31,0.08409202190584408,0.12203529370010861,0.40180126454111664
2567,engineered,30,seeking,2,2024-06-30,0.09068820293684032,0.11733960783304785,0.396508540586756
2568,engineered,30,seeking,2,2024-07-31,0.12125004810557183,0.1157657465020771,0.5845693346867065
2569,engineered,30,seeking,2,2024-08-31,0.14615683813538238,0.1157236845143074,0.6994418192673756
2570,engineered,30,seeking,2,2024-09-30,0.17227750757806048,0.11743396359952955,0.7751967707689376
2571,engineered,30,seeking,2,2024-10-31,0.13721955490371007,0.11576835372816874,0.4997491261013438
2572,engineered,30,seeking,2,2024-11-30,0.1648607691021613,0.11573390144443492,0.6118961329608904
2573,engineered,30,seeking,2,2024-12-31,0.12551052177507271,0.11467952827368319,0.33622617033934116
2574,engineered,30,seeking,3,2023-07-31,-0.014920365811939562,0.19392904208581888,-0.9648354942242547
2575,engineered,30,seeking,3,2023-08-31,-0.07259718107310698,0.2951078131676134,-1.3398731897124179
2576,engineered,30,seeking,3,2023-09-30,-0.10424894674351437,0.27313909683235865,-1.4592547737496777
2577,engineered,30,seeking,3,2023-10-31,-0.1768629335070966,0.25612398042929485,-1.844669927536891
2578,engineered,30,seeking,3,2023-11-30,-0.056765479754188664,0.26778801851608885,-0.6400326844460335
2579,engineered,30,seeking,3,2023-12-31,0.008994723385308934,0.25252568464398306,-0.09892765624838494
2580,engineered,30,seeking,3,2024-01-31,-0.10348263767695665,0.24936070378465663,-0.8413775612957417
2581,engineered,30,seeking,3,2024-02-29,0.019954457573389428,0.2535630730305571,-0.04964154141284206
2582,engineered,30,seeking,3,2024-03-31,0.0014145336808617515,0.2518790308686349,-0.1609414753338988
2583,engineered,30,seeking,3,2024-04-30,-0.03192926130809126,0.2706553186075617,-0.2955831426900793
2584,engineered,30,seeking,3,2024-05-31,0.043676317509235396,0.27432571866312877,0.01831372636112033
2585,engineered,30,seeking,3,2024-06-30,0.06273969911971511,0.2637213376000204,0.07258867784689976
2586,engineered,30,seeking,3,2024-07-31,0.12500080137974146,0.2666292431469565,0.26651303930026354
2587,engineered,30,seeking,3,2024-08-31,0.052956560809985564,0.27019772670521436,0.009597959948387785
2588,engineered,30,seeking,3,2024-09-30,0.1584155076325402,0.27685867243540424,0.2906235264646832
2589,engineered,30,seeking,3,2024-10-31,0.12871071959721236,0.28038982702361476,0.18450728183453885
2590,engineered,30,seeking,3,2024-11-30,0.37923203636986513,0.29940504931908535,0.7051337684115061
2591,engineered,30,seeking,3,2024-12-31,0.42690108603834376,0.3002250800241253,0.7370190426960783
2592,engineered,30,seeking,4,2023-07-31,0.018315256676022518,0.09104914436717787,1.8162539809143767
2593,engineered,30,seeking,4,2023-08-31,-0.0024699313230890363,0.11009007567419668,-0.5137959918359011
2594,engineered,30,seeking,4,2023-09-30,-0.04388331957792768,0.10542942083801914,-1.9604603048959246
2595,engineered,30,seeking,4,2023-10-31,-0.053459612496410513,0.10103881617399944,-1.8719744544469419
2596,engineered,30,seeking,4,2023-11-30,0.028948319504844333,0.1296994115283916,0.21126892602620898
2597,engineered,30,seeking,4,2023-12-31,0.0711645248344035,0.12339175026903113,0.8038489038513539
2598,engineered,30,seeking,4,2024-01-31,0.07758468530436802,0.11784033259831436,0.7735647186201006
2599,engineered,30,seeking,4,2024-02-29,0.11006507101463558,0.11189976422677589,1.121003341972858
2600,engineered,30,seeking,4,2024-03-31,0.1361058764806875,0.10741959329618667,1.285281124710855
2601,engineered,30,seeking,4,2024-04-30,0.08761168281143172,0.11091427770097219,0.5587173351877048
2602,engineered,30,seeking,4,2024-05-31,0.13388594133335818,0.10717353904988794,0.9652013141632786
2603,engineered,30,seeking,4,2024-06-30,0.16794936374887004,0.10419630728614165,1.1723649936151128
2604,engineered,30,seeking,4,2024-07-31,0.1810542343770729,0.10276602142018301,1.1829042622329773
2605,engineered,30,seeking,4,2024-08-31,0.20495978069300902,0.10279378050989625,1.263577292833902
2606,engineered,30,seeking,4,2024-09-30,0.23476450895452472,0.1054282014615913,1.312465543104072
2607,engineered,30,seeking,4,2024-10-31,0.2046832729636039,0.10468278568240963,1.012393108048517
2608,engineered,30,seeking,4,2024-11-30,0.2500648053446637,0.1062912452945798,1.1988886805746835
2609,engineered,30,seeking,4,2024-12-31,0.2180095082191318,0.10550561528154342,0.9121782587283598
2610,engineered,30,seeking,5,2023-07-31,-0.00568021314643119,0.15542369680950996,-0.6427526979725507
2611,engineered,30,seeking,5,2023-08-31,-0.05742104747867205,0.20331471015837785,-1.6319333556403879
2612,engineered,30,seeking,5,2023-09-30,-0.08437331952517779,0.17411676237878626,-1.9498931987851398
2613,engineered,30,seeking,5,2023-10-31,-0.053469743770849676,0.17330171375897768,-1.0915556541845823
2614,engineered,30,seeking,5,2023-11-30,0.05211705588483251,0.19193109221405819,0.44397942443984684
2615,engineered,30,seeking,5,2023-12-31,0.17666898946368503,0.20035938843389867,1.6250192486061765
2616,engineered,30,seeking,5,2024-01-31,0.11677069393226103,0.19232506257374787,0.8379028010897774
2617,engineered,30,seeking,5,2024-02-29,0.28607510776711753,0.1978802426174905,2.0763415780350356
2618,engineered,30,seeking,5,2024-03-31,0.34054813912128945,0.2010754164793764,2.0956003317576974
2619,engineered,30,seeking,5,2024-04-30,0.25988631695298103,0.20820708283098688,1.304261833314875
2620,engineered,30,seeking,5,2024-05-31,0.33623811602311293,0.20491114114007303,1.5935232479206702
2621,engineered,30,seeking,5,2024-06-30,0.34363117537581944,0.19889704121859866,1.477079327922079
2622,engineered,30,seeking,5,2024-07-31,0.40339262312255664,0.19371017476553642,1.6514894791599333
2623,engineered,30,seeking,5,2024-08-31,0.3425600225657124,0.2023640407686456,1.2012113435004845
2624,engineered,30,seeking,5,2024-09-30,0.4263423386163685,0.21027635262464844,1.333816191536576
2625,engineered,30,seeking,5,2024-10-31,0.4158129550636951,0.20884469127374547,1.208279495299384
2626,engineered,30,seeking,5,2024-11-30,0.811830445715428,0.22717828444386137,2.095274789862411
2627,engineered,30,seeking,5,2024-12-31,0.8321940082709676,0.22843492917113947,1.9581519793958757
2628,engineered,30,seeking,6,2023-07-31,0.038370149602628745,0.15263882136413226,2.862609292328057
2629,engineered,30,seeking,6,2023-08-31,0.032671259577416345,0.16691241194744608,0.969030206478601
2630,engineered,30,seeking,6,2023-09-30,-0.026497834921567542,0.1653788983755035,-0.872115629617559
2631,engineered,30,seeking,6,2023-10-31,-0.02894580638527766,0.15914710605839216,-0.7774687069172603
2632,engineered,30,seeking,6,2023-11-30,0.05986929724929535,0.17687138405604608,0.5933696568258371
2633,engineered,30,seeking,6,2023-12-31,0.107006919679423,0.1651504843139449,1.0529410282804086
2634,engineered,30,seeking,6,2024-01-31,0.10116866092546406,0.1742999416979105,0.7635063963760089
2635,engineered,30,seeking,6,2024-02-29,0.15777902036427416,0.16283119908692958,1.2331188768050299
2636,engineered,30,seeking,6,2024-03-31,0.18464751925416345,0.15607394501524086,1.3073751383332852
2637,engineered,30,seeking,6,2024-04-30,0.17505702893481745,0.16465123386989525,1.0182441364124728
2638,engineered,30,seeking,6,2024-05-31,0.2526617745639992,0.15789129491721676,1.4821747284986024
2639,engineered,30,seeking,6,2024-06-30,0.3247096919560344,0.15306577489544332,1.7987230903731835
2640,engineered,30,seeking,6,2024-07-31,0.32233274329964945,0.1542984831302733,1.6068929395670617
2641,engineered,30,seeking,6,2024-08-31,0.3007617594489951,0.1537673558211304,1.358460124815512
2642,engineered,30,seeking,6,2024-09-30,0.33366116184611383,0.15967522372922743,1.3293701181678594
2643,engineered,30,seeking,6,2024-10-31,0.32878394665034993,0.15594451937589549,1.2359676957889003
2644,engineered,30,seeking,6,2024-11-30,0.4166745110515202,0.15795685312832244,1.4873529140635369
2645,engineered,30,seeking,6,2024-12-31,0.4722901462110505,0.1569563509883195,1.577431966619396
2646,engineered,30,seeking,7,2023-07-31,0.0005075906365770155,0.1809809615199246,-0.20491388692086088
2647,engineered,30,seeking,7,2023-08-31,-0.054552178872933954,0.25569702509455516,-1.2483874501098444
2648,engineered,30,seeking,7,2023-09-30,-0.07659758452171006,0.23994069502085008,-1.3141892891265377
2649,engineered,30,seeking,7,2023-10-31,-0.13676789131273315,0.22219718493238244,-1.7485582057100486
2650,engineered,30,seeking,7,2023-11-30,-0.026349866362905594,0.23173370465351348,-0.4468198526179357
2651,engineered,30,seeking,7,2023-12-31,0.04302406279016502,0.21986728220076202,0.19162847406165553
2652,engineered,30,seeking,7,2024-01-31,-0.05532865342008697,0.21670172090313575,-0.6157616034409302
2653,engineered,30,seeking,7,2024-02-29,0.06623199462023233,0.22051939850828137,0.2611561801104534
2654,engineered,30,seeking,7,2024-03-31,0.05600627084313525,0.2194522761449235,0.14141996803159537
2655,engineered,30,seeking,7,2024-04-30,0.025104717288115364,0.23336557200697358,-0.054166521398905515
2656,engineered,30,seeking,7,2024-05-31,0.08411406234218655,0.2346692528715462,0.2090515612395087
2657,engineered,30,seeking,7,2024-06-30,0.10052388826756675,0.2267169489274032,0.24770822448746932
2658,engineered,30,seeking,7,2024-07-31,0.18185656829531327,0.22600750965376512,0.5410602964833939
2659,engineered,30,seeking,7,2024-08-31,0.10604344462716786,0.23168787743245522,0.20432923725815058
2660,engineered,30,seeking,7,2024-09-30,0.20332142024764321,0.23840540013012904,0.4807635890545834
2661,engineered,30,seeking,7,2024-10-31,0.17623089030417782,0.23941823643215812,0.3582455419039245
2662,engineered,30,seeking,7,2024-11-30,0.42703997966236007,0.26349159548743273,0.9165293795856055
2663,engineered,30,seeking,7,2024-12-31,0.4487054180693857,0.2639271711138193,0.8864142689918543
2664,engineered,30,seeking,8,2023-07-31,0.09305624884493824,0.34663918421956336,4.270777545623805
2665,engineered,30,seeking,8,2023-08-31,-0.05367837569864797,0.4173261577731021,-0.7556170071149181
2666,engineered,30,seeking,8,2023-09-30,-0.08932874123654111,0.40023384444460897,-0.8859866729008269
2667,engineered,30,seeking,8,2023-10-31,-0.15170201157186602,0.3538964425545118,-1.1886868480091508
2668,engineered,30,seeking,8,2023-11-30,-0.042715696639205714,0.34821014224159486,-0.4032514647023733
2669,engineered,30,seeking,8,2023-12-31,0.07517874747278963,0.33183336123130874,0.3237824782750728
2670,engineered,30,seeking,8,2024-01-31,-0.10988029102625929,0.3244296701237084,-0.677337806762805
2671,engineered,30,seeking,8,2024-02-29,0.035172914497749064,0.3377047928317952,0.03056976662270618
2672,engineered,30,seeking,8,2024-03-31,-0.022405089487406826,0.32997104712451475,-0.2163986182442492
2673,engineered,30,seeking,8,2024-04-30,-0.052499338895655834,0.34488639167708673,-0.30190021915690435
2674,engineered,30,seeking,8,2024-05-31,0.02869433549186562,0.34979795901264393,-0.03217483674901501
2675,engineered,30,seeking,8,2024-06-30,-0.016612510780654288,0.3380409919975605,-0.1735845775807926
2676,engineered,30,seeking,8,2024-07-31,0.05696563141731792,0.33347302141562357,0.028381129587718504
2677,engineered,30,seeking,8,2024-08-31,-0.025973131476179745,0.33723357988379793,-0.19144282010693398
2678,engineered,30,seeking,8,2024-09-30,0.18991903219938333,0.34548292540765374,0.30233525541924533
2679,engineered,30,seeking,8,2024-10-31,0.12425755922500215,0.34214922542312276,0.1418260683586685
2680,engineered,30,seeking,8,2024-11-30,0.3595133736645735,0.3566406973806656,0.5565839962958254
2681,engineered,30,seeking,8,2024-12-31,0.39582280140825743,0.3527101248511662,0.5757911384192598
2682,engineered,30,seeking,9,2023-07-31,-0.011342434629862397,0.16229106023457904,-0.9504252278797729
2683,engineered,30,seeking,9,2023-08-31,-0.047351676528512354,0.23230953685217687,-1.2345708172983867
2684,engineered,30,seeking,9,2023-09-30,-0.0776836185288261,0.2230578547759639,-1.4289649589760813
2685,engineered,30,seeking,9,2023-10-31,-0.13741664554441613,0.2101335444753426,-1.8556927467202415
2686,engineered,30,seeking,9,2023-11-30,-0.021667735170986857,0.22379378671890124,-0.41483318883960635
2687,engineered,30,seeking,9,2023-12-31,0.053398428757222005,0.21537867545657366,0.29252403966416735
2688,engineered,30,seeking,9,2024-01-31,-0.030429788614173003,0.21344707888840625,-0.4352027021676679
2689,engineered,30,seeking,9,2024-02-29,0.08697259179160466,0.2143336696226679,0.4177096637460783
2690,engineered,30,seeking,9,2024-03-31,0.07093878454991032,0.21318102678847836,0.23833679551144676
2691,engineered,30,seeking,9,2024-04-30,0.0071205623454630995,0.23127484989290786,-0.14682279467965798
2692,engineered,30,seeking,9,2024-05-31,0.0734680995849486,0.23011532070674465,0.16275200479819144
2693,engineered,30,seeking,9,2024-06-30,0.09876355558511696,0.22167419116111578,0.24556591947700196
2694,engineered,30,seeking,9,2024-07-31,0.17798022266519742,0.22263348278638698,0.5336049378424876
2695,engineered,30,seeking,9,2024-08-31,0.11675375056422355,0.2249510357770526,0.25040799150332044
2696,engineered,30,seeking,9,2024-09-30,0.20113878110316352,0.22717565180293578,0.49724901420220374
2697,engineered,30,seeking,9,2024-10-31,0.16183014335882673,0.2294550969035537,0.3290138129266443
2698,engineered,30,seeking,9,2024-11-30,0.4048941975221685,0.25098055905598954,0.906303624537196
2699,engineered,30,seeking,9,2024-12-31,0.42270328743247965,0.25094899229780215,0.8719835365875434
2700,engineered,50,averse,0,2023-07-31,0.020751150497372972,0.10355040898896961,1.8904253415466152
2701,engineered,50,averse,0,2023-08-31,-0.0016554635992829247,0.10801909700558142,-0.48050966148573504
2702,engineered,50,averse,0,2023-09-30,-0.0440670175199378,0.10074551981698102,-2.057979841332944
2703,engineered,50,averse,0,2023-10-31,-0.07109321257906742,0.1021255062327084,-2.2938299598131517
2704,engineered,50,averse,0,2023-11-30,0.0008189069605843979,0.1321704870030303,-0.305971389476094
2705,engineered,50,averse,0,2023-12-31,0.051435084656048735,0.13022129610255873,0.453374500921094
2706,engineered,50,averse,0,2024-01-31,0.046792827153744776,0.12117803517660841,0.3082405491642114
2707,engineered,50,averse,0,2024-02-29,0.07154610879689516,0.11459618958188911,0.57370940414364
2708,engineered,50,averse,0,2024-03-31,0.08950334717431807,0.11017310617535783,0.6853574667227736
2709,engineered,50,averse,0,2024-04-30,0.03603336169372762,0.1110089947607099,0.003116543109108078
2710,engineered,50,averse,0,2024-05-31,0.07396793002223179,0.10947679805582991,0.34707291848019933
2711,engineered,50,averse,0,2024-06-30,0.08635401554559441,0.1052232082127739,0.40181768895280057
2712,engineered,50,averse,0,2024-07-31,0.12881959587207925,0.102283401952048,0.7284433175024433
2713,engineered,50,averse,0,2024-08-31,0.1648947070470701,0.10149744243689122,0.9515334396232907
2714,engineered,50,averse,0,2024-09-30,0.17922264356570916,0.10085587014434907,0.9550422840645922
2715,engineered,50,averse,0,2024-10-31,0.15178904499667922,0.10033678679135716,0.6807973103771652
2716,engineered,50,averse,0,2024-11-30,0.18069730063934553,0.10061203990358998,0.8093518691455706
2717,engineered,50,averse,0,2024-12-31,0.13317040392205737,0.10054969765194602,0.43157671730274844
2718,engineered,50,averse,1,2023-07-31,0.015847169219316726,0.08274359112331414,1.6348075073694237
2719,engineered,50,averse,1,2023-08-31,-0.0015996751784875807,0.0945602922076043,-0.5455184650376672
2720,engineered,50,averse,1,2023-09-30,-0.042517593981096224,0.09214147799482318,-2.1912514131508587
2721,engineered,50,averse,1,2023-10-31,-0.06405357860783789,0.09117700771641289,-2.3738369466645723
2722,engineered,50,averse,1,2023-11-30,0.006062351445882852,0.12015727032530638,-0.23293305668579464
2723,engineered,50,averse,1,2023-12-31,0.057338365792294566,0.11981381660478296,0.5924166514506181
2724,engineered,50,averse,1,2024-01-31,0.04968114336307128,0.11238568163223295,0.37686305034696044
2725,engineered,50,averse,1,2024-02-29,0.07043656811696897,0.1058454338575358,0.6050389659823319
2726,engineered,50,averse,1,2024-03-31,0.09152343459792167,0.10234051346995951,0.7641473701105543
2727,engineered,50,averse,1,2024-04-30,0.047948742229732,0.10316775618224652,0.1408722692793843
2728,engineered,50,averse,1,2024-05-31,0.08256737324640762,0.10053537010722005,0.4711891842902759
2729,engineered,50,averse,1,2024-06-30,0.10127684409893889,0.09700849310186221,0.5865163089559573
2730,engineered,50,averse,1,2024-07-31,0.13516150614357092,0.0944243065128882,0.8496825426453052
2731,engineered,50,averse,1,2024-08-31,0.16233159089639027,0.09315964225692865,1.0137605015242028
2732,engineered,50,averse,1,2024-09-30,0.185572602753298,0.09271128484668827,1.0910207732192312
2733,engineered,50,averse,1,2024-10-31,0.1635746160332101,0.09190930606263735,0.8349591723452926
2734,engineered,50,averse,1,2024-11-30,0.2056123551252107,0.0940833419726851,1.042087062467507
2735,engineered,50,averse,1,2024-12-31,0.16462959580231806,0.0937669126465397,0.6734048771075607
2736,engineered,50,averse,2,2023-07-31,0.021922161053461453,0.09910602878259728,2.1250602322931234
2737,engineered,50,averse,2,2023-08-31,-0.0028384439990700727,0.11200860694131738,-0.523764739014816
2738,engineered,50,averse,2,2023-09-30,-0.04718359028747565,0.10734683547393462,-2.032373855943863
2739,engineered,50,averse,2,2023-10-31,-0.07193264185430592,0.1045440651025265,-2.260926354933461
2740,engineered,50,averse,2,2023-11-30,0.0025069967050896924,0.13549290225654845,-0.26895361776192117
2741,engineered,50,averse,2,2023-12-31,0.057625608763853586,0.13341094337064457,0.5364049566670934
2742,engineered,50,averse,2,2024-01-31,0.04802975878269233,0.12485656643333835,0.3163067652924694
2743,engineered,50,averse,2,2024-02-29,0.07175103005160222,0.11762394099781313,0.5616184282393897
2744,engineered,50,averse,2,2024-03-31,0.1007692574238841,0.11326435962095237,0.7995314531657391
2745,engineered,50,averse,2,2024-04-30,0.0576010053344338,0.1130180439162778,0.2304752054884146
2746,engineered,50,averse,2,2024-05-31,0.09440708254894159,0.11058669238724432,0.5451693435845916
2747,engineered,50,averse,2,2024-06-30,0.10643445461312862,0.10625912957869996,0.5829892970843893
2748,engineered,50,averse,2,2024-07-31,0.14647617602073715,0.10367888388952239,0.8722532217381394
2749,engineered,50,averse,2,2024-08-31,0.17777707460715364,0.10263694435039308,1.0454972407388845
2750,engineered,50,averse,2,2024-09-30,0.2032890653870032,0.10246680031055655,1.1183341835444882
2751,engineered,50,averse,2,2024-10-31,0.17441406119523517,0.10183438213443041,0.8295409140434956
2752,engineered,50,averse,2,2024-11-30,0.21572205951828782,0.1034482938133026,1.0126281658399858
2753,engineered,50,averse,2,2024-12-31,0.1649890166786181,0.10353511338019471,0.6120402616988468
2754,engineered,50,averse,3,2023-07-31,0.0062173659754858335,0.058467562897973564,0.4140125002524715
2755,engineered,50,averse,3,2023-08-31,-0.0034555171881964775,0.056551508244148126,-1.0994964537860208
2756,engineered,50,averse,3,2023-09-30,-0.02960247912750258,0.0516707159190705,-3.011998871768035
2757,engineered,50,averse,3,2023-10-31,-0.04183980609685334,0.0528837556749094,-2.997719266139197
2758,engineered,50,averse,3,2023-11-30,0.0013179811717474177,0.07000165188697241,-0.560830173571134
2759,engineered,50,averse,3,2023-12-31,0.033731577888009845,0.07208148102174232,0.32742297354539435
2760,engineered,50,averse,3,2024-01-31,0.03041817600688268,0.06782151319212118,0.13522206753437024
2761,engineered,50,averse,3,2024-02-29,0.03338766180539143,0.06421866770872195,0.11877233135489854
2762,engineered,50,averse,3,2024-03-31,0.04500670903843207,0.062173254507026945,0.2657505609321484
2763,engineered,50,averse,3,2024-04-30,0.017637793139995805,0.06177932327128368,-0.3479989311475134
2764,engineered,50,averse,3,2024-05-31,0.035878889498888844,0.06068537059272708,-0.05686360522104176
2765,engineered,50,averse,3,2024-06-30,0.04446685005043549,0.05890105765106903,0.02092924628838126
2766,engineered,50,averse,3,2024-07-31,0.07103504752208467,0.05740699078438722,0.3872342046000136
2767,engineered,50,averse,3,2024-08-31,0.09014356294251846,0.05684074761553068,0.5976774596110418
2768,engineered,50,averse,3,2024-09-30,0.10409663784753787,0.05540759737911757,0.6997054544187322
2769,engineered,50,averse,3,2024-10-31,0.08503036324332425,0.05548948896568699,0.3626142326360453
2770,engineered,50,averse,3,2024-11-30,0.1061902400909771,0.05672026302772802,0.5485909767313362
2771,engineered,50,averse,3,2024-12-31,0.08068270992981996,0.05659852296644062,0.17709922390701743
2772,engineered,50,averse,4,2023-07-31,0.0155922903005421,0.09050434980184424,1.4607090838198817
2773,engineered,50,averse,4,2023-08-31,-0.0028680855522481563,0.1006521585631335,-0.5845388691684791
2774,engineered,50,averse,4,2023-09-30,-0.048679230506385784,0.0986776654986189,-2.2632455044616773
2775,engineered,50,averse,4,2023-10-31,-0.06926958451477105,0.09935599942398403,-2.311554727325358
2776,engineered,50,averse,4,2023-11-30,0.006747711548728441,0.13058546643682759,-0.20181796379494965
2777,engineered,50,averse,4,2023-12-31,0.061131412103360594,0.13051506447794542,0.6028777635605748
2778,engineered,50,averse,4,2024-01-31,0.053922341528540585,0.12211139890641462,0.407135523671803
2779,engineered,50,averse,4,2024-02-29,0.07564924577281507,0.11516948343342215,0.6256426587568742
2780,engineered,50,averse,4,2024-03-31,0.09865022567279813,0.11107115386823856,0.7898000052451838
2781,engineered,50,averse,4,2024-04-30,0.048868313098336946,0.11173164964917523,0.13988536567403698
2782,engineered,50,averse,4,2024-05-31,0.08636053401877142,0.10955317068317007,0.4701671065488112
2783,engineered,50,averse,4,2024-06-30,0.10714201684434221,0.10581258148579607,0.5919978386885488
2784,engineered,50,averse,4,2024-07-31,0.1488748423081978,0.10283671181130058,0.9004198568964465
2785,engineered,50,averse,4,2024-08-31,0.1837401956764786,0.10132084874285563,1.108033128169364
2786,engineered,50,averse,4,2024-09-30,0.20812732704082193,0.1007106796633865,1.1742130017000194
2787,engineered,50,averse,4,2024-10-31,0.18172448407234243,0.10028917115701919,0.8942371187098616
2788,engineered,50,averse,4,2024-11-30,0.22845823075956373,0.10280466056206422,1.1009847843131437
2789,engineered,50,averse,4,2024-12-31,0.17964084465364083,0.10262144963709416,0.7064983794648815
2790,engineered,50,averse,5,2023-07-31,0.018759700266259838,0.09294628486246112,1.8382841467906363
2791,engineered,50,averse,5,2023-08-31,-0.0030980470814472305,0.10487711598651257,-0.573480065012813
2792,engineered,50,averse,5,2023-09-30,-0.042494963311020206,0.09922369146078734,-2.0340472910103604
2793,engineered,50,averse,5,2023-10-31,-0.06511603376974306,0.09648220747235522,-2.271351455430087
2794,engineered,50,averse,5,2023-11-30,0.005754607382481236,0.12492183799492307,-0.22991866517437914
2795,engineered,50,averse,5,2023-12-31,0.05682195919045707,0.12288197424099445,0.5691044922331314
2796,engineered,50,averse,5,2024-01-31,0.04850494091197732,0.11538935511623574,0.34939028752023527
2797,engineered,50,averse,5,2024-02-29,0.06928566691675453,0.10876783476953125,0.5725377097699978
2798,engineered,50,averse,5,2024-03-31,0.09262439398841371,0.10479682386587429,0.7602597218141843
2799,engineered,50,averse,5,2024-04-30,0.05273101551753023,0.10500291423060745,0.19271796430715368
2800,engineered,50,averse,5,2024-05-31,0.08962630073353184,0.10248072262313099,0.5373807041240475
2801,engineered,50,averse,5,2024-06-30,0.10464379043092809,0.09859027440345693,0.6105508917300375
2802,engineered,50,averse,5,2024-07-31,0.13659673498449676,0.0965384735354211,0.8444867808748638
2803,engineered,50,averse,5,2024-08-31,0.16436334108508976,0.09571118037104198,1.004431394983205
2804,engineered,50,averse,5,2024-09-30,0.18918928377091704,0.09548047480293288,1.0881544108242767
2805,engineered,50,averse,5,2024-10-31,0.1606709375777493,0.09473985644321688,0.7881080902390115
2806,engineered,50,averse,5,2024-11-30,0.19349322240802724,0.09594915501739076,0.9377393502638035
2807,engineered,50,averse,5,2024-12-31,0.15544651477459204,0.0956756367641361,0.5999182713936839
2808,engineered,50,averse,6,2023-07-31,0.021287788170594846,0.11234842439518915,1.802790241936296
2809,engineered,50,averse,6,2023-08-31,0.0052927727560896365,0.09982531557834964,-0.11427322384196047
2810,engineered,50,averse,6,2023-09-30,-0.03487029193008184,0.0926354788755486,-1.8862182696910705
2811,engineered,50,averse,6,2023-10-31,-0.04897867685768442,0.08727489019035231,-2.032898132259242
2812,engineered,50,averse,6,2023-11-30,0.005202985862344356,0.10095091256058422,-0.29752525174821237
2813,engineered,50,averse,6,2023-12-31,0.025902787905818903,0.0988331836548845,0.08203367035958224
2814,engineered,50,averse,6,2024-01-31,0.04591717410241469,0.09253305336309392,0.38729253308543876
2815,engineered,50,averse,6,2024-02-29,0.06503566670629568,0.08948646315940113,0.6230759817200601
2816,engineered,50,averse,6,2024-03-31,0.07881033486254907,0.08500657681075965,0.7207203607777489
2817,engineered,50,averse,6,2024-04-30,0.041876824770493704,0.08619309169114288,0.08469385364785416
2818,engineered,50,averse,6,2024-05-31,0.07012831307505074,0.08582418371560149,0.3939759159125613
2819,engineered,50,averse,6,2024-06-30,0.08519243436605772,0.0835271236742264,0.49256634435110913
2820,engineered,50,averse,6,2024-07-31,0.11391017854569241,0.08106892001076488,0.7529650208285745
2821,engineered,50,averse,6,2024-08-31,0.15629584351417836,0.07981480615555268,1.1201849364499292
2822,engineered,50,averse,6,2024-09-30,0.1650163563519429,0.07807359520959739,1.095114830945276
2823,engineered,50,averse,6,2024-10-31,0.13764994452311252,0.07911342217998091,0.7352031593288636
2824,engineered,50,averse,6,2024-11-30,0.16991009230355725,0.07927396945203119,0.9360669441298396
2825,engineered,50,averse,6,2024-12-31,0.12726582626062655,0.07924563082019737,0.5005650709651138
2826,engineered,50,averse,7,2023-07-31,0.010526575082972833,0.09850878158805321,0.7377864264898691
2827,engineered,50,averse,7,2023-08-31,-0.009132354382278773,0.09156796693175502,-1.0266014828032513
2828,engineered,50,averse,7,2023-09-30,-0.04786779639977712,0.08721794966643108,-2.5285365023426083
2829,engineered,50,averse,7,2023-10-31,-0.055010125659882725,0.08750512179874478,-2.2075685568201933
2830,engineered,50,averse,7,2023-11-30,0.018504567501369085,0.11538045951020455,0.016589190311598175
2831,engineered,50,averse,7,2023-12-31,0.0513544239147381,0.11185065318153185,0.5263830658857344
2832,engineered,50,averse,7,2024-01-31,0.059626373486427964,0.10525768633332463,0.5666915276093629
2833,engineered,50,averse,7,2024-02-29,0.07794267487701578,0.1005732608841118,0.7515616245293901
2834,engineered,50,averse,7,2024-03-31,0.08818220587863235,0.09611115799308274,0.7672996433763707
2835,engineered,50,averse,7,2024-04-30,0.025867722864443055,0.09831369151774932,-0.11936009732564977
2836,engineered,50,averse,7,2024-05-31,0.062307677526744154,0.09672391808482413,0.26151667495142394
2837,engineered,50,averse,7,2024-06-30,0.08579731231097876,0.0943742216540486,0.4422309026848476
2838,engineered,50,averse,7,2024-07-31,0.1159253913804501,0.09120904062590919,0.6892194145933708
2839,engineered,50,averse,7,2024-08-31,0.14826089359269967,0.08983690471615251,0.9205529619062756
2840,engineered,50,averse,7,2024-09-30,0.16306045514876577,0.09023326404653885,0.9310025543880549
2841,engineered,50,averse,7,2024-10-31,0.1296674714707109,0.09086814322648616,0.5769110168578012
2842,engineered,50,averse,7,2024-11-30,0.15475996318104013,0.09064717870569429,0.7063132981211572
2843,engineered,50,averse,7,2024-12-31,0.11116222571985124,0.09024283944480861,0.32654091220654374
2844,engineered,50,averse,8,2023-07-31,0.019835619754231315,0.0935351994958519,1.9698856651244296
2845,engineered,50,averse,8,2023-08-31,-5.440255130773064e-05,0.1047712152158356,-0.40747214378693436
2846,engineered,50,averse,8,2023-09-30,-0.03932792759683057,0.0988965649391356,-1.9277674750619787
2847,engineered,50,averse,8,2023-10-31,-0.0618478527376749,0.09552748636168061,-2.2067333277413606
2848,engineered,50,averse,8,2023-11-30,0.009162447657481199,0.12230936284093191,-0.16830216138526635
2849,engineered,50,averse,8,2023-12-31,0.05871044349937682,0.11986318459606474,0.6154007518385815
2850,engineered,50,averse,8,2024-01-31,0.05501092195931734,0.1126723566064585,0.45804216178738744
2851,engineered,50,averse,8,2024-02-29,0.07959286730737558,0.10633351888424467,0.7347700887720984
2852,engineered,50,averse,8,2024-03-31,0.10420839762678025,0.10239561323422727,0.9293572107348362
2853,engineered,50,averse,8,2024-04-30,0.06396298513859966,0.10346281759253809,0.3252149663575669
2854,engineered,50,averse,8,2024-05-31,0.10072543181927784,0.10059495812691924,0.6678929246841591
2855,engineered,50,averse,8,2024-06-30,0.11834163078423154,0.09688648177116853,0.7597240996719683
2856,engineered,50,averse,8,2024-07-31,0.14814766894933262,0.09490176806147618,0.9688000746916061
2857,engineered,50,averse,8,2024-08-31,0.17390208833650833,0.09455872370011832,1.1007063109635333
2858,engineered,50,averse,8,2024-09-30,0.19790162059842653,0.09504206498581412,1.1627370027448605
2859,engineered,50,averse,8,2024-10-31,0.17320320444308002,0.09409639903638833,0.8885845449545988
2860,engineered,50,averse,8,2024-11-30,0.21280595014820047,0.09592716208845808,1.0718592942740766
2861,engineered,50,averse,8,2024-12-31,0.17702935364798056,0.09545605742139349,0.742505908919016
2862,engineered,50,averse,9,2023-07-31,0.020018992501830146,0.08804742719825988,2.1187373008484998
2863,engineered,50,averse,9,2023-08-31,0.0008383251162893401,0.10507076566370618,-0.35712788169491305
2864,engineered,50,averse,9,2023-09-30,-0.04335521694737421,0.10091980606320657,-2.0297534754711326
2865,engineered,50,averse,9,2023-10-31,-0.05662591338744427,0.0973388506018461,-2.0275714462053678
2866,engineered,50,averse,9,2023-11-30,0.015891148431557145,0.12286553171913277,-0.03588004550068501
2867,engineered,50,averse,9,2023-12-31,0.06442907715579893,0.12113764673399552,0.7050164610675961
2868,engineered,50,averse,9,2024-01-31,0.05939413374033409,0.11390745713272374,0.520102189949887
2869,engineered,50,averse,9,2024-02-29,0.08443753206269089,0.10768632423330929,0.7949885709471612
2870,engineered,50,averse,9,2024-03-31,0.11705244765483691,0.10425706966466979,1.0780401652383262
2871,engineered,50,averse,9,2024-04-30,0.07984633503594085,0.10389009174785586,0.5068563274001119
2872,engineered,50,averse,9,2024-05-31,0.11969348201467378,0.10156433755361348,0.8656106597081428
2873,engineered,50,averse,9,2024-06-30,0.1403419620149049,0.09806253615467783,0.9702252741697349
2874,engineered,50,averse,9,2024-07-31,0.1750935800584681,0.09632662033826438,1.2063351305009933
2875,engineered,50,averse,9,2024-08-31,0.20560938918363725,0.09574156367262736,1.3622777766683316
2876,engineered,50,averse,9,2024-09-30,0.23553948636170174,0.09677068732964404,1.4359174648862716
2877,engineered,50,averse,9,2024-10-31,0.21687160965455066,0.09584274729548607,1.195706613201448
2878,engineered,50,averse,9,2024-11-30,0.2525339126979522,0.09802153146308742,1.316593893487366
2879,engineered,50,averse,9,2024-12-31,0.21445035604743334,0.09741699470774216,0.9654250274282925
2880,engineered,50,neutral,0,2023-07-31,0.024020020050115276,0.10156117401563397,2.3396410718597638
2881,engineered,50,neutral,0,2023-08-31,-0.0021108855302286456,0.11603269596274725,-0.46979823575393953
2882,engineered,50,neutral,0,2023-09-30,-0.042892795379871895,0.1100709977707506,-1.846278959617113
2883,engineered,50,neutral,0,2023-10-31,-0.06872274788840615,0.10627807414000488,-2.1480125092281632
2884,engineered,50,neutral,0,2023-11-30,0.007412355249830416,0.13440002571961013,-0.18428813643285655
2885,engineered,50,neutral,0,2023-12-31,0.060484260919985156,0.13176766666111628,0.587156521930345
2886,engineered,50,neutral,0,2024-01-31,0.049692641381234415,0.12380955050408217,0.3422509952391144
2887,engineered,50,neutral,0,2024-02-29,0.07797909557408222,0.1166441420028227,0.6484948343455675
2888,engineered,50,neutral,0,2024-03-31,0.10226019839043232,0.11215949517715429,0.8251970488829654
2889,engineered,50,neutral,0,2024-04-30,0.06277487738052567,0.11314921786347491,0.2848252612973844
2890,engineered,50,neutral,0,2024-05-31,0.10073286699072503,0.11076031387495418,0.6066683804724802
2891,engineered,50,neutral,0,2024-06-30,0.11949919549839105,0.10656643086735958,0.7013495067902367
2892,engineered,50,neutral,0,2024-07-31,0.15232251392376184,0.10460635676331977,0.9148869927795606
2893,engineered,50,neutral,0,2024-08-31,0.17994294371608444,0.10358096451664403,1.0533660604897408
2894,engineered,50,neutral,0,2024-09-30,0.2111729476753903,0.10427573943823391,1.156169410691026
2895,engineered,50,neutral,0,2024-10-31,0.18242823073142622,0.10315115958007923,0.8742807483615108
2896,engineered,50,neutral,0,2024-11-30,0.2180236587857325,0.10493613082859075,1.0128095699426332
2897,engineered,50,neutral,0,2024-12-31,0.17921011039973256,0.10451830893223044,0.6911125507617666
2898,engineered,50,neutral,1,2023-07-31,0.0062998019726181465,0.06723146258283791,0.3735664728244484
2899,engineered,50,neutral,1,2023-08-31,-0.004755333084195734,0.10452842873791679,-0.6652933588792675
2900,engineered,50,neutral,1,2023-09-30,-0.043988225138755443,0.10711525422839979,-1.933029085746925
2901,engineered,50,neutral,1,2023-10-31,-0.05168261204483793,0.10277187775098638,-1.795300055627413
2902,engineered,50,neutral,1,2023-11-30,0.02893384820657996,0.1376240403023906,0.19884529965138853
2903,engineered,50,neutral,1,2023-12-31,0.07950805330161947,0.13161085403178208,0.8842370947668888
2904,engineered,50,neutral,1,2024-01-31,0.08752154250885869,0.12264748890152956,0.8866512378475134
2905,engineered,50,neutral,1,2024-02-29,0.11597378037603256,0.11694757080050833,1.1516896556127518
2906,engineered,50,neutral,1,2024-03-31,0.14563687742561626,0.11284695119702338,1.3376911366750484
2907,engineered,50,neutral,1,2024-04-30,0.1008170805298314,0.11460709042247003,0.6791349286552085
2908,engineered,50,neutral,1,2024-05-31,0.1478960932714759,0.11129608137477882,1.0673271591764713
2909,engineered,50,neutral,1,2024-06-30,0.17852066904839048,0.10732828698443116,1.2344996466283096
2910,engineered,50,neutral,1,2024-07-31,0.2088126616700101,0.10438857743858919,1.403346713804764
2911,engineered,50,neutral,1,2024-08-31,0.2356402120291099,0.1038361425181821,1.4954784975615174
2912,engineered,50,neutral,1,2024-09-30,0.2780012044575868,0.10433302477935695,1.637320718115562
2913,engineered,50,neutral,1,2024-10-31,0.2606903327126622,0.10291379792487759,1.4129059749747173
2914,engineered,50,neutral,1,2024-11-30,0.31390073592732737,0.1037521598773288,1.629819538354086
2915,engineered,50,neutral,1,2024-12-31,0.2808384077196533,0.10457522613288651,1.2867947559243436
2916,engineered,50,neutral,2,2023-07-31,0.02140657869675322,0.10157730938337522,2.0087892454208753
2917,engineered,50,neutral,2,2023-08-31,-0.0019982276725463155,0.11443661735276195,-0.47071828729035925
2918,engineered,50,neutral,2,2023-09-30,-0.043531362252672845,0.1077902123413754,-1.9061008177453715
2919,engineered,50,neutral,2,2023-10-31,-0.06860701556023407,0.10447493518449855,-2.1822873726032874
2920,engineered,50,neutral,2,2023-11-30,0.0072933550554932225,0.13345037183665995,-0.18772841995330222
2921,engineered,50,neutral,2,2023-12-31,0.06127914558680381,0.13105732380035232,0.6026770596754475
2922,engineered,50,neutral,2,2024-01-31,0.05280983886787749,0.12312135409762281,0.3880956283994022
2923,engineered,50,neutral,2,2024-02-29,0.07803164638352955,0.11604162620273765,0.6525597973129482
2924,engineered,50,neutral,2,2024-03-31,0.10292444169533033,0.11174462879098428,0.8362180479580957
2925,engineered,50,neutral,2,2024-04-30,0.060150624572022915,0.11247389254509568,0.25866045418632533
2926,engineered,50,neutral,2,2024-05-31,0.09892563875169968,0.1097649924832534,0.5941909319290405
2927,engineered,50,neutral,2,2024-06-30,0.11448815412560309,0.10551255412912788,0.6618555828757284
2928,engineered,50,neutral,2,2024-07-31,0.14876293780558436,0.10339113016171873,0.8946160441723754
2929,engineered,50,neutral,2,2024-08-31,0.1775207638172629,0.10251002394799309,1.044711061840659
2930,engineered,50,neutral,2,2024-09-30,0.20306101736393067,0.10273603239560349,1.1137218517477536
2931,engineered,50,neutral,2,2024-10-31,0.17303920369113057,0.10175695485406754,0.820540253097564
2932,engineered,50,neutral,2,2024-11-30,0.2098127537406811,0.10332540521573609,0.9758840476040067
2933,engineered,50,neutral,2,2024-12-31,0.16955637879472296,0.1030318392340742,0.6427064624825414
2934,engineered,50,neutral,3,2023-07-31,0.011100168850076697,0.05809020859319502,1.364747458155527
2935,engineered,50,neutral,3,2023-08-31,-0.006455148956676204,0.09546765661295833,-0.8285843131263181
2936,engineered,50,neutral,3,2023-09-30,-0.04650934805391105,0.08968195869636866,-2.4066544408511907
2937,engineered,50,neutral,3,2023-10-31,-0.04931550655860417,0.08719669260523022,-2.0448673398096786
2938,engineered,50,neutral,3,2023-11-30,0.022586786583215446,0.10988927216116609,0.10769285742361873
2939,engineered,50,neutral,3,2023-12-31,0.05574174093090267,0.10449032972135895,0.6483285906067059
2940,engineered,50,neutral,3,2024-01-31,0.052375090092486865,0.10272342409503134,0.45781025903987643
2941,engineered,50,neutral,3,2024-02-29,0.0659469398334751,0.09737029107128789,0.5869667418123159
2942,engineered,50,neutral,3,2024-03-31,0.07256496716949168,0.09339366189955245,0.5671404938063919
2943,engineered,50,neutral,3,2024-04-30,0.035556787844022386,0.09560218042433948,-0.0023103275469822412
2944,engineered,50,neutral,3,2024-05-31,0.08267758339605735,0.09405200633051879,0.504947929231935
2945,engineered,50,neutral,3,2024-06-30,0.11967691577425343,0.09326546619371832,0.8032373890426124
2946,engineered,50,neutral,3,2024-07-31,0.14066699053530685,0.09231144473182576,0.9229260053056131
2947,engineered,50,neutral,3,2024-08-31,0.16298870570409707,0.09107459627447187,1.0429847032947894
2948,engineered,50,neutral,3,2024-09-30,0.18580038646741914,0.0911081540012253,1.1121181915141394
2949,engineered,50,neutral,3,2024-10-31,0.15903623930068722,0.09073434298522086,0.8100167162554042
2950,engineered,50,neutral,3,2024-11-30,0.1979288134133934,0.0917953205332386,1.0123707206054011
2951,engineered,50,neutral,3,2024-12-31,0.18238472093774916,0.09014132679900755,0.8232422846028874
2952,engineered,50,neutral,4,2023-07-31,0.024774503255923452,0.09255754671199647,2.6735666543848446
2953,engineered,50,neutral,4,2023-08-31,0.00020764752598578795,0.10251373102109743,-0.4016703880713207
2954,engineered,50,neutral,4,2023-09-30,-0.02762783693203108,0.09419435208311934,-1.5753853311839303
2955,engineered,50,neutral,4,2023-10-31,-0.04932136216908711,0.08788673542169556,-2.028987001760933
2956,engineered,50,neutral,4,2023-11-30,0.009253269447492052,0.10481920302807508,-0.19431134674623357
2957,engineered,50,neutral,4,2023-12-31,0.04612469641266359,0.1007189941000736,0.48005329200786956
2958,engineered,50,neutral,4,2024-01-31,0.040061993696917764,0.09500815672669816,0.27083667175915316
2959,engineered,50,neutral,4,2024-02-29,0.06735026633282604,0.08989175857454122,0.6597316637155921
2960,engineered,50,neutral,4,2024-03-31,0.08797710077089937,0.0858688646754767,0.855637049308399
2961,engineered,50,neutral,4,2024-04-30,0.06641889698837855,0.08715601330694407,0.4197486330840565
2962,engineered,50,neutral,4,2024-05-31,0.09591403609545845,0.08552734186734562,0.7241359274481848
2963,engineered,50,neutral,4,2024-06-30,0.10954066794602779,0.08222405666810227,0.790397027183153
2964,engineered,50,neutral,4,2024-07-31,0.12746184221634604,0.08195025672245261,0.8942258700820014
2965,engineered,50,neutral,4,2024-08-31,0.14492985695549487,0.08258849680885347,0.9676504173581225
2966,engineered,50,neutral,4,2024-09-30,0.1722794746131655,0.08522810709681379,1.0681444286977062
2967,engineered,50,neutral,4,2024-10-31,0.14886552932042663,0.08424717594945008,0.7859501140510489
2968,engineered,50,neutral,4,2024-11-30,0.16962000737626814,0.0852787512098336,0.867873676849615
2969,engineered,50,neutral,4,2024-12-31,0.14927665784271738,0.08476545054423391,0.6314899627099497
2970,engineered,50,neutral,5,2023-07-31,0.014709498697536016,0.0943938999822143,1.288489282846235
2971,engineered,50,neutral,5,2023-08-31,-0.0029066137233555445,0.09944523615005575,-0.5938409345154302
2972,engineered,50,neutral,5,2023-09-30,-0.046717502716378645,0.09117965148536744,-2.3750366305430983
2973,engineered,50,neutral,5,2023-10-31,-0.0666323084576208,0.08791023683750389,-2.536636401829947
2974,engineered,50,neutral,5,2023-11-30,0.006350235496872303,0.11724157333696074,-0.2328728711002898
2975,engineered,50,neutral,5,2023-12-31,0.06163484042289169,0.11902953996274696,0.669658806559682
2976,engineered,50,neutral,5,2024-01-31,0.05050479688796128,0.11289429751225058,0.3878153016704989
2977,engineered,50,neutral,5,2024-02-29,0.06632151483835313,0.10650556533016999,0.5420112643297841
2978,engineered,50,neutral,5,2024-03-31,0.08394842021373727,0.1031552541791139,0.6602098121683873
2979,engineered,50,neutral,5,2024-04-30,0.039405722007085586,0.10344356941442075,0.04213313117314684
2980,engineered,50,neutral,5,2024-05-31,0.07324418957481615,0.10076318197902366,0.36925913493203466
2981,engineered,50,neutral,5,2024-06-30,0.09084962881637892,0.0974976208432378,0.4788247850524444
2982,engineered,50,neutral,5,2024-07-31,0.12431479781126953,0.09510704099586115,0.7406471438992847
2983,engineered,50,neutral,5,2024-08-31,0.15282052976147287,0.09404039190159738,0.9198913008725568
2984,engineered,50,neutral,5,2024-09-30,0.17611191336572363,0.09313222970408173,1.008826955609038
2985,engineered,50,neutral,5,2024-10-31,0.14911040832256028,0.09243750699405279,0.7182106918333749
2986,engineered,50,neutral,5,2024-11-30,0.18640752496582635,0.09447123646428193,0.902359878900136
2987,engineered,50,neutral,5,2024-12-31,0.1460221871195262,0.0938906806191993,0.5483487641952887
2988,engineered,50,neutral,6,2023-07-31,0.025790293928382724,0.09550089084336441,2.7310486996542145
2989,engineered,50,neutral,6,2023-08-31,0.01603804772282058,0.11427953120856552,0.47173776262498485
2990,engineered,50,neutral,6,2023-09-30,-0.026812327852974605,0.1156841707814625,-1.2567800448211268
2991,engineered,50,neutral,6,2023-10-31,-0.042645520046343366,0.11510253302174327,-1.3959383432396963
2992,engineered,50,neutral,6,2023-11-30,0.038921755100163935,0.13885694781113658,0.3750091726361847
2993,engineered,50,neutral,6,2023-12-31,0.08867536829196476,0.13144688575066127,1.030083873087888
2994,engineered,50,neutral,6,2024-01-31,0.09472353497926078,0.1268663305783379,0.958185559435866
2995,engineered,50,neutral,6,2024-02-29,0.12697978380264185,0.11960527705223202,1.2706416880935794
2996,engineered,50,neutral,6,2024-03-31,0.16011714640338615,0.11498820222837759,1.4836258377613654
2997,engineered,50,neutral,6,2024-04-30,0.12046342854219905,0.11944423279440014,0.8497630013678507
2998,engineered,50,neutral,6,2024-05-31,0.16411238792700367,0.11460891102299128,1.1916219144414002
2999,engineered,50,neutral,6,2024-06-30,0.19823054733250545,0.1107410085472386,1.3705118206501192
3000,engineered,50,neutral,6,2024-07-31,0.21443574672851118,0.10838325542760123,1.3981637860433407
3001,engineered,50,neutral,6,2024-08-31,0.2328795364895606,0.10664177963703443,1.4347407971832329
3002,engineered,50,neutral,6,2024-09-30,0.2592669527989162,0.11051020972455715,1.418808000062104
3003,engineered,50,neutral,6,2024-10-31,0.24589652209978552,0.10870840032629471,1.2422008460087992
3004,engineered,50,neutral,6,2024-11-30,0.29907774950003074,0.11051261102105889,1.4430657183444133
3005,engineered,50,neutral,6,2024-12-31,0.27967487575862826,0.1089120010067116,1.2290931758278485
3006,engineered,50,neutral,7,2023-07-31,0.02708154736803703,0.08601453990967918,3.231773664367218
3007,engineered,50,neutral,7,2023-08-31,0.00945772043864146,0.10645994157262553,0.12696748371454894
3008,engineered,50,neutral,7,2023-09-30,-0.033079989123430686,0.10709635403890146,-1.5712477699222198
3009,engineered,50,neutral,7,2023-10-31,-0.05613132498055762,0.10498551803740305,-1.8676957005109114
3010,engineered,50,neutral,7,2023-11-30,0.015564670105634892,0.13000663613739807,-0.039972531320978645
3011,engineered,50,neutral,7,2023-12-31,0.06537449711849419,0.1285602238629815,0.6793236991924374
3012,engineered,50,neutral,7,2024-01-31,0.06056163246513191,0.1209711024736293,0.5065732315196142
3013,engineered,50,neutral,7,2024-02-29,0.08684491387162385,0.11377902768320974,0.7851334117405386
3014,engineered,50,neutral,7,2024-03-31,0.11511372064948211,0.10955534843989287,1.002128537844348
3015,engineered,50,neutral,7,2024-04-30,0.06955244763622526,0.11119074011402634,0.36272317017310673
3016,engineered,50,neutral,7,2024-05-31,0.10765111028534391,0.1081610970407943,0.6911144963813465
3017,engineered,50,neutral,7,2024-06-30,0.13142500652593836,0.10449665208731289,0.826964732925519
3018,engineered,50,neutral,7,2024-07-31,0.16089894238075253,0.10179294224208627,1.0160614583108452
3019,engineered,50,neutral,7,2024-08-31,0.18763081447440522,0.10056491589276689,1.1485232592869699
3020,engineered,50,neutral,7,2024-09-30,0.21283409174919088,0.10216278312177618,1.1923803489554992
3021,engineered,50,neutral,7,2024-10-31,0.19528199499503707,0.10065587340345943,0.986690131453821
3022,engineered,50,neutral,7,2024-11-30,0.24223023234313779,0.10402208158017766,1.1754680875595611
3023,engineered,50,neutral,7,2024-12-31,0.2017214426055962,0.10343907835154328,0.8332872356147376
3024,engineered,50,neutral,8,2023-07-31,0.020963344630698044,0.09367681867000578,2.118279873386186
3025,engineered,50,neutral,8,2023-08-31,-0.00468115208824893,0.1225728973955721,-0.5639341625620764
3026,engineered,50,neutral,8,2023-09-30,-0.05188330311112743,0.11514317016504094,-2.0349485222022374
3027,engineered,50,neutral,8,2023-10-31,-0.07416275125903404,0.1111487821455097,-2.176802773666171
3028,engineered,50,neutral,8,2023-11-30,0.004943836819615743,0.13926720394563036,-0.22009648000008805
3029,engineered,50,neutral,8,2023-12-31,0.056908043481399107,0.13516480207734904,0.5186793146711272
3030,engineered,50,neutral,8,2024-01-31,0.04301803959458517,0.12855214308441984,0.2398158081581426
3031,engineered,50,neutral,8,2024-02-29,0.0636650856210379,0.1208998357628657,0.44382151420304333
3032,engineered,50,neutral,8,2024-03-31,0.08112270180461323,0.11556860138189874,0.556744919472455
3033,engineered,50,neutral,8,2024-04-30,0.04107566475600888,0.11611677962356406,0.05465340752685413
3034,engineered,50,neutral,8,2024-05-31,0.08897281006165536,0.11440270947170046,0.4751474042026772
3035,engineered,50,neutral,8,2024-06-30,0.11415282490781387,0.1106692399570606,0.6280493300841467
3036,engineered,50,neutral,8,2024-07-31,0.15189320464947076,0.10917333324699614,0.8730719870602213
3037,engineered,50,neutral,8,2024-08-31,0.1829409156573214,0.10836748189963202,1.0298496937009571
3038,engineered,50,neutral,8,2024-09-30,0.20951170127231022,0.10811095565621491,1.1035283305624661
3039,engineered,50,neutral,8,2024-10-31,0.178578520261931,0.10723151650075159,0.8154575463444468
3040,engineered,50,neutral,8,2024-11-30,0.2179238323630408,0.10846473610902622,0.9792506502920394
3041,engineered,50,neutral,8,2024-12-31,0.1866500606427659,0.10705726895948726,0.7179133712375482
3042,engineered,50,neutral,9,2023-07-31,0.02018491268751732,0.10483510283099101,1.7993013096791064
3043,engineered,50,neutral,9,2023-08-31,-0.0006830708947178632,0.11497709308734552,-0.4028390591483237
3044,engineered,50,neutral,9,2023-09-30,-0.042027511197424317,0.10623736346317048,-1.8842999263872198
3045,engineered,50,neutral,9,2023-10-31,-0.06605862730835765,0.1021803733766514,-2.168132201536304
3046,engineered,50,neutral,9,2023-11-30,0.009201284411763488,0.13037331336089206,-0.15717927514191288
3047,engineered,50,neutral,9,2023-12-31,0.06235027316677444,0.12734341003141045,0.6373785884340277
3048,engineered,50,neutral,9,2024-01-31,0.0605232668263298,0.11980408104997878,0.5109488110015028
3049,engineered,50,neutral,9,2024-02-29,0.08599256600280158,0.11307949118668743,0.7783316635682074
3050,engineered,50,neutral,9,2024-03-31,0.11256714659813216,0.1089510703866258,0.9763021814690895
3051,engineered,50,neutral,9,2024-04-30,0.06941113898534867,0.11017698420759152,0.3645262640819995
3052,engineered,50,neutral,9,2024-05-31,0.10827105258896563,0.107147199711376,0.7039761083314366
3053,engineered,50,neutral,9,2024-06-30,0.12490204054019327,0.10308472145786951,0.7763488000017369
3054,engineered,50,neutral,9,2024-07-31,0.15725164582429474,0.1010903083739733,0.9906324146538786
3055,engineered,50,neutral,9,2024-08-31,0.18650067543702642,0.10118312397064176,1.1322225722233048
3056,engineered,50,neutral,9,2024-09-30,0.20819368433266683,0.10169282927822197,1.1633663475143101
3057,engineered,50,neutral,9,2024-10-31,0.17812724520197865,0.1008660822783092,0.8637330556317724
3058,engineered,50,neutral,9,2024-11-30,0.2180890169553209,0.10235741018169404,1.0387487218305986
3059,engineered,50,neutral,9,2024-12-31,0.1800225515468512,0.10209930441992394,0.7124370896698927
3060,engineered,50,seeking,0,2023-07-31,0.007860145911655403,0.08551047444616593,0.4964981129850022
3061,engineered,50,seeking,0,2023-08-31,-0.030289684069780387,0.12249553570863066,-1.6751125365433657
3062,engineered,50,seeking,0,2023-09-30,-0.050938868491986256,0.10790335342638668,-2.141600689729138
3063,engineered,50,seeking,0,2023-10-31,-0.01939072901718708,0.10225951082490935,-0.9522317014363095
3064,engineered,50,seeking,0,2023-11-30,0.05203158250233564,0.11423605356253883,0.7440466013253733
3065,engineered,50,seeking,0,2023-12-31,0.11513665682257157,0.11402669175620639,1.6764046384359292
3066,engineered,50,seeking,0,2024-01-31,0.1126123841833595,0.10647373688021435,1.4430046231153633
3067,engineered,50,seeking,0,2024-02-29,0.21201188883697308,0.11380056567693549,2.533236417305644
3068,engineered,50,seeking,0,2024-03-31,0.2764517698037352,0.119687183501568,2.7659637730342386
3069,engineered,50,seeking,0,2024-04-30,0.20595242595929042,0.12318735326008312,1.666923714486293
3070,engineered,50,seeking,0,2024-05-31,0.2641379966184605,0.12011479744959107,2.053830870934292
3071,engineered,50,seeking,0,2024-06-30,0.24895579828188863,0.11697090118686822,1.7213766121091998
3072,engineered,50,seeking,0,2024-07-31,0.29557566707407146,0.1137799230960294,1.9695993632897848
3073,engineered,50,seeking,0,2024-08-31,0.29793016612718315,0.11652567321530918,1.7726950481346946
3074,engineered,50,seeking,0,2024-09-30,0.33911186967765783,0.12214722174865493,1.7708612338075191
3075,engineered,50,seeking,0,2024-10-31,0.346327132431526,0.12083577981332358,1.695155222493575
3076,engineered,50,seeking,0,2024-11-30,0.47115829048237945,0.12346810568256406,2.180831426164954
3077,engineered,50,seeking,0,2024-12-31,0.4250855661935473,0.12250563360592291,1.7975750345935464
3078,engineered,50,seeking,1,2023-07-31,0.025541031698299577,0.09812750884936475,2.6244217910935346
3079,engineered,50,seeking,1,2023-08-31,0.007479471729777032,0.11264461974305248,0.0143558908628798
3080,engineered,50,seeking,1,2023-09-30,-0.04430762674395894,0.11262891125201557,-1.8483056921195593
3081,engineered,50,seeking,1,2023-10-31,-0.05718597336079145,0.11326108480466765,-1.7553241828282935
3082,engineered,50,seeking,1,2023-11-30,0.02047946642614895,0.13639269473498633,0.049170695280881034
3083,engineered,50,seeking,1,2023-12-31,0.057777432937458295,0.12854899043277032,0.5590886611919907
3084,engineered,50,seeking,1,2024-01-31,0.056963400441385925,0.12492477734021423,0.4403204565413084
3085,engineered,50,seeking,1,2024-02-29,0.09582779894517524,0.11858289798872983,0.8707535671726646
3086,engineered,50,seeking,1,2024-03-31,0.10346303793779899,0.11351187893366124,0.8295518265233328
3087,engineered,50,seeking,1,2024-04-30,0.06346808268892246,0.11508802830555466,0.2872250651931448
3088,engineered,50,seeking,1,2024-05-31,0.11089159493376743,0.11493742450922725,0.6811767065495256
3089,engineered,50,seeking,1,2024-06-30,0.15164223936286958,0.11152757453486074,0.9522429502762793
3090,engineered,50,seeking,1,2024-07-31,0.1831566838639609,0.11076683448361416,1.1145253686053531
3091,engineered,50,seeking,1,2024-08-31,0.2059986879434339,0.11185802985396734,1.168887275868274
3092,engineered,50,seeking,1,2024-09-30,0.22755601560331207,0.11352390958158412,1.171000425346468
3093,engineered,50,seeking,1,2024-10-31,0.20459942927349983,0.11234200506549984,0.9428419798935184
3094,engineered,50,seeking,1,2024-11-30,0.252500158281894,0.11202095703437571,1.1518591663736129
3095,engineered,50,seeking,1,2024-12-31,0.24231136143380416,0.11027249985417122,1.0078930471354854
3096,engineered,50,seeking,2,2023-07-31,-0.005417017457359896,0.16167158866949258,-0.601845070675275
3097,engineered,50,seeking,2,2023-08-31,-0.01984390486109111,0.21704179640860247,-0.6990798822368003
3098,engineered,50,seeking,2,2023-09-30,-0.06234999036684796,0.22032500469339045,-1.2227678631245569
3099,engineered,50,seeking,2,2023-10-31,-0.09606242548813504,0.2100708171336909,-1.40634347117704
3100,engineered,50,seeking,2,2023-11-30,0.01154047608799158,0.22138534285786252,-0.06723410300321692
3101,engineered,50,seeking,2,2023-12-31,0.06746048293597684,0.2079305388342324,0.4405217809319716
3102,engineered,50,seeking,2,2024-01-31,-0.004281605862146098,0.2021525661716619,-0.24510544578238638
3103,engineered,50,seeking,2,2024-02-29,0.0996901806096564,0.19874838543639667,0.5497444467689575
3104,engineered,50,seeking,2,2024-03-31,0.08511484298401428,0.19753743288336742,0.35263102936043744
3105,engineered,50,seeking,2,2024-04-30,0.05728453059139693,0.20868209512454247,0.1230101879447859
3106,engineered,50,seeking,2,2024-05-31,0.09008472604761675,0.20494884937268776,0.271147480478007
3107,engineered,50,seeking,2,2024-06-30,0.1451630367424448,0.1985396130604251,0.5029775490779956
3108,engineered,50,seeking,2,2024-07-31,0.20167555475847254,0.20142613633595663,0.6954811229184337
3109,engineered,50,seeking,2,2024-08-31,0.15176031504775422,0.20306072041234255,0.42165641092268713
3110,engineered,50,seeking,2,2024-09-30,0.2427882095746705,0.2059295676767175,0.7012682994215778
3111,engineered,50,seeking,2,2024-10-31,0.22014992486552565,0.2074199083512337,0.5636607371744009
3112,engineered,50,seeking,2,2024-11-30,0.43918161640223485,0.22115028211233317,1.126673325548365
3113,engineered,50,seeking,2,2024-12-31,0.497857309865134,0.22293289363508192,1.1765401349872588
3114,engineered,50,seeking,3,2023-07-31,0.02431980575426418,0.10039708406827932,2.4056393853456393
3115,engineered,50,seeking,3,2023-08-31,0.002581914613497549,0.12266722491659234,-0.22309974769685473
3116,engineered,50,seeking,3,2023-09-30,-0.0426718759865069,0.11712395210824977,-1.7284826914480877
3117,engineered,50,seeking,3,2023-10-31,-0.06432208421602903,0.1133667303215259,-1.9152327553596153
3118,engineered,50,seeking,3,2023-11-30,0.01664458394853985,0.1403307177142153,-0.018441803091989208
3119,engineered,50,seeking,3,2023-12-31,0.06912931197432703,0.13624190404797507,0.6973971351579091
3120,engineered,50,seeking,3,2024-01-31,0.06554575086741643,0.12911623738028286,0.5421064856001678
3121,engineered,50,seeking,3,2024-02-29,0.10104515154508942,0.12185583660594602,0.9139459420326452
3122,engineered,50,seeking,3,2024-03-31,0.12474883158845684,0.11773182944087461,1.0425992309141463
3123,engineered,50,seeking,3,2024-04-30,0.07996891069737488,0.12097868539010069,0.43647565965338103
3124,engineered,50,seeking,3,2024-05-31,0.12498128119431651,0.11773978573166119,0.7958141095706857
3125,engineered,50,seeking,3,2024-06-30,0.1619100079100244,0.11444966426245527,1.0157106265766391
3126,engineered,50,seeking,3,2024-07-31,0.18258592435121979,0.11294600876975681,1.088479089275808
3127,engineered,50,seeking,3,2024-08-31,0.20920322869374752,0.11262303711626406,1.1845372921970363
3128,engineered,50,seeking,3,2024-09-30,0.24090022024076707,0.11545527560222082,1.2384983479527978
3129,engineered,50,seeking,3,2024-10-31,0.21887289550040356,0.11386174318305503,1.0188936167206195
3130,engineered,50,seeking,3,2024-11-30,0.2638315009522014,0.11616714159645997,1.1747679458014502
3131,engineered,50,seeking,3,2024-12-31,0.23812138273716754,0.11471282873501398,0.9465424859930747
3132,engineered,50,seeking,4,2023-07-31,0.013233168481775692,0.09657252258227411,1.0782844723013687
3133,engineered,50,seeking,4,2023-08-31,-0.007841782823798105,0.12794216561439148,-0.6787810549684505
3134,engineered,50,seeking,4,2023-09-30,-0.04530523480476478,0.11447060218283567,-1.8489496050134966
3135,engineered,50,seeking,4,2023-10-31,-0.02562600434792095,0.1031760323038551,-1.1110103954702155
3136,engineered,50,seeking,4,2023-11-30,0.05692627227749392,0.1267964119052525,0.7684295612602023
3137,engineered,50,seeking,4,2023-12-31,0.12206263238027315,0.12344029874979431,1.6684374614529767
3138,engineered,50,seeking,4,2024-01-31,0.12403546043373836,0.1156776104062981,1.50687203201205
3139,engineered,50,seeking,4,2024-02-29,0.1924058448446555,0.11126778007608533,2.30461314091584
3140,engineered,50,seeking,4,2024-03-31,0.24450656630293666,0.11228633723287879,2.5518271326338957
3141,engineered,50,seeking,4,2024-04-30,0.185692847644243,0.1144916036334538,1.5774913299722189
3142,engineered,50,seeking,4,2024-05-31,0.24124440646591294,0.11094113400133784,1.9958700258495263
3143,engineered,50,seeking,4,2024-06-30,0.24318161592484855,0.10708734589119455,1.8275661143864173
3144,engineered,50,seeking,4,2024-07-31,0.2815148390933071,0.1035219520320854,2.0435814872370783
3145,engineered,50,seeking,4,2024-08-31,0.30015053944967995,0.10559790536933415,1.9733875440474535
3146,engineered,50,seeking,4,2024-09-30,0.341931497949175,0.10954076283244518,1.993718187476551
3147,engineered,50,seeking,4,2024-10-31,0.3353580888603398,0.10883372954103536,1.8126633455656225
3148,engineered,50,seeking,4,2024-11-30,0.4171371125921166,0.10991444569183037,2.1401251110456285
3149,engineered,50,seeking,4,2024-12-31,0.3691005614468217,0.11005708932812489,1.7022163611598051
3150,engineered,50,seeking,5,2023-07-31,0.03297254682631223,0.14542580319207407,2.467909467105901
3151,engineered,50,seeking,5,2023-08-31,-0.03753811884020919,0.21318100635979087,-1.1291366784542107
3152,engineered,50,seeking,5,2023-09-30,-0.08889428794555054,0.20312512349137238,-1.7392651431373176
3153,engineered,50,seeking,5,2023-10-31,-0.12144685137826083,0.17739333966078802,-1.9980153067965947
3154,engineered,50,seeking,5,2023-11-30,0.01628387047705826,0.21074961564188718,-0.01641638037390895
3155,engineered,50,seeking,5,2023-12-31,0.09031660100019456,0.200658101609559,0.6918399986521879
3156,engineered,50,seeking,5,2024-01-31,0.04105822727215269,0.19337075982935312,0.1419470805436151
3157,engineered,50,seeking,5,2024-02-29,0.18127195373067395,0.19240671050406746,1.2393137359730417
3158,engineered,50,seeking,5,2024-03-31,0.2011386559658579,0.18640132534096543,1.2159279986211784
3159,engineered,50,seeking,5,2024-04-30,0.1397409227704547,0.19514444812572498,0.6394957707687248
3160,engineered,50,seeking,5,2024-05-31,0.18472140260070025,0.18922662960377254,0.8413088321088569
3161,engineered,50,seeking,5,2024-06-30,0.20690367990620429,0.1820578503865143,0.8802245291929304
3162,engineered,50,seeking,5,2024-07-31,0.2269932656962761,0.18136148985347192,0.8976263759821536
3163,engineered,50,seeking,5,2024-08-31,0.2070723542388231,0.18220998343406825,0.7224613932589456
3164,engineered,50,seeking,5,2024-09-30,0.2630625683122494,0.18845568083024947,0.847093741330759
3165,engineered,50,seeking,5,2024-10-31,0.26489251724785823,0.18558455841321606,0.7993518527424254
3166,engineered,50,seeking,5,2024-11-30,0.47322066159768794,0.1971045586220595,1.3726468364976356
3167,engineered,50,seeking,5,2024-12-31,0.4731073859665982,0.19915174615814732,1.2455790091031294
3168,engineered,50,seeking,6,2023-07-31,0.02691099661463059,0.10905051162907273,2.5281963159259524
3169,engineered,50,seeking,6,2023-08-31,0.0007015644147361222,0.13021605970557806,-0.2942554396898021
3170,engineered,50,seeking,6,2023-09-30,-0.05034245981059815,0.12800699806772978,-1.7893134838944575
3171,engineered,50,seeking,6,2023-10-31,-0.07926201418864909,0.12082227247339235,-2.107381549752811
3172,engineered,50,seeking,6,2023-11-30,0.006155684389690608,0.15811716202151624,-0.1756049437004486
3173,engineered,50,seeking,6,2023-12-31,0.07522638494963862,0.1550627339122181,0.6935254058493835
3174,engineered,50,seeking,6,2024-01-31,0.06142504131387727,0.14763970692575482,0.42528050084879976
3175,engineered,50,seeking,6,2024-02-29,0.09390579203827065,0.13815833019386517,0.7257789979340676
3176,engineered,50,seeking,6,2024-03-31,0.11661710314730556,0.13306272108747466,0.8402675406023488
3177,engineered,50,seeking,6,2024-04-30,0.06412659058314518,0.13429274508424158,0.252010659992419
3178,engineered,50,seeking,6,2024-05-31,0.11336747612639742,0.1300957158342438,0.6226089806333245
3179,engineered,50,seeking,6,2024-06-30,0.13106435380853387,0.12494013690599784,0.6888260452626562
3180,engineered,50,seeking,6,2024-07-31,0.1746697094078824,0.121719453653929,0.9515399714331018
3181,engineered,50,seeking,6,2024-08-31,0.1983198996943103,0.12224480226707181,1.0174583861542834
3182,engineered,50,seeking,6,2024-09-30,0.2200352400924066,0.1236346577429112,1.0293195263989403
3183,engineered,50,seeking,6,2024-10-31,0.19326214677386133,0.12223016833675224,0.8008060443972731
3184,engineered,50,seeking,6,2024-11-30,0.25289071175174316,0.12542175009074133,1.0308341965428003
3185,engineered,50,seeking,6,2024-12-31,0.2115948864767374,0.12461477433833244,0.7405967969265665
3186,engineered,50,seeking,7,2023-07-31,0.030024611603974183,0.10721735018482607,2.9646454086493192
3187,engineered,50,seeking,7,2023-08-31,0.008795563406659435,0.14029637382355648,0.06786653669650722
3188,engineered,50,seeking,7,2023-09-30,-0.03336879207159682,0.13155429047573428,-1.2870637532219225
3189,engineered,50,seeking,7,2023-10-31,-0.040155906385709095,0.12413899718733955,-1.240834051287135
3190,engineered,50,seeking,7,2023-11-30,0.05131900308987958,0.14949892016400515,0.5564781381237889
3191,engineered,50,seeking,7,2023-12-31,0.10775843687052444,0.14096750309278247,1.2448574402602168
3192,engineered,50,seeking,7,2024-01-31,0.1302429129889806,0.13553600183623674,1.3694015956873826
3193,engineered,50,seeking,7,2024-02-29,0.21623379723564873,0.12934258402952167,2.2821266298078324
3194,engineered,50,seeking,7,2024-03-31,0.2578295731033289,0.1258859917709946,2.423300122410883
3195,engineered,50,seeking,7,2024-04-30,0.19758493752547923,0.1341776419676508,1.4541843928390066
3196,engineered,50,seeking,7,2024-05-31,0.26789731857323984,0.12908210201810702,1.943328456891951
3197,engineered,50,seeking,7,2024-06-30,0.3126386840531963,0.12540893799410266,2.1014558242077372
3198,engineered,50,seeking,7,2024-07-31,0.32070151031137284,0.12359754876568876,1.9942867274002902
3199,engineered,50,seeking,7,2024-08-31,0.3436162690521729,0.12840946480784127,1.8997356845805295
3200,engineered,50,seeking,7,2024-09-30,0.3772612635977781,0.13921214421769515,1.7561198417860626
3201,engineered,50,seeking,7,2024-10-31,0.37465285171409546,0.1369437796754899,1.6377232901011867
3202,engineered,50,seeking,7,2024-11-30,0.47648167701609134,0.14058427900487744,1.9390253482053401
3203,engineered,50,seeking,7,2024-12-31,0.4511360010918366,0.13957023048056813,1.6863045648115915
3204,engineered,50,seeking,8,2023-07-31,0.052339029834661766,0.26285846933376933,2.501368965426462
3205,engineered,50,seeking,8,2023-08-31,-0.08043668546910432,0.390223477464188,-1.09264086311904
3206,engineered,50,seeking,8,2023-09-30,-0.15953128600110011,0.36387288536202145,-1.4933609055274675
3207,engineered,50,seeking,8,2023-10-31,-0.23867153564844323,0.32079327613120423,-1.8314601106195447
3208,engineered,50,seeking,8,2023-11-30,-0.02540610870152804,0.3881977974082679,-0.261183513528551
3209,engineered,50,seeking,8,2023-12-31,0.08404852848445277,0.36911487844060054,0.34076116652109095
3210,engineered,50,seeking,8,2024-01-31,-0.0665105920894895,0.3545867708054771,-0.42700831824974345
3211,engineered,50,seeking,8,2024-02-29,0.08224849334409656,0.3447271484235382,0.2385311533743945
3212,engineered,50,seeking,8,2024-03-31,0.06846373454548504,0.3337017760740354,0.14241943032346877
3213,engineered,50,seeking,8,2024-04-30,-0.004475083974199157,0.3483705005029423,-0.13681884079800538
3214,engineered,50,seeking,8,2024-05-31,-0.025954516239378278,0.34028327960191773,-0.20707396475337275
3215,engineered,50,seeking,8,2024-06-30,0.006392785641173848,0.3282607220681093,-0.10998963520942918
3216,engineered,50,seeking,8,2024-07-31,0.07019115956817279,0.3291642432311952,0.06520963984792606
3217,engineered,50,seeking,8,2024-08-31,0.051710251998936974,0.32864257261666713,0.0046825511218856275
3218,engineered,50,seeking,8,2024-09-30,0.15075977688146214,0.3312413553573054,0.22524661097715382
3219,engineered,50,seeking,8,2024-10-31,0.1585653091870154,0.3284989514796084,0.22270850710569678
3220,engineered,50,seeking,8,2024-11-30,0.47481070194924624,0.34818321949234726,0.7799070514969518
3221,engineered,50,seeking,8,2024-12-31,0.5135450900349119,0.3468886277103552,0.7820024679060116
3222,engineered,50,seeking,9,2023-07-31,0.022689234934676117,0.10119152975099145,2.1782672297136045
3223,engineered,50,seeking,9,2023-08-31,-0.004202447366827067,0.11731997288940783,-0.5661048060285028
3224,engineered,50,seeking,9,2023-09-30,-0.04855773956528342,0.1126928238393296,-1.9780612614290134
3225,engineered,50,seeking,9,2023-10-31,-0.07366120401509602,0.10921048150364958,-2.203961388882668
3226,engineered,50,seeking,9,2023-11-30,0.004484092895364666,0.1406511702692757,-0.2257064764839742
3227,engineered,50,seeking,9,2023-12-31,0.061393161680659336,0.13868434280393438,0.5712055932194925
3228,engineered,50,seeking,9,2024-01-31,0.046423040644753,0.13048608888158122,0.28134996811181473
3229,engineered,50,seeking,9,2024-02-29,0.07390585429398966,0.12282486450454674,0.5648076838738604
3230,engineered,50,seeking,9,2024-03-31,0.09916645771631072,0.1180621487208978,0.7488798117211913
3231,engineered,50,seeking,9,2024-04-30,0.05479439609357839,0.11888870242495489,0.19091652158763453
3232,engineered,50,seeking,9,2024-05-31,0.09261259793479382,0.11636636473043058,0.5012609425062591
3233,engineered,50,seeking,9,2024-06-30,0.11378837023312527,0.11207709923613426,0.6169760973250004
3234,engineered,50,seeking,9,2024-07-31,0.14828069466808813,0.1096585930234557,0.8395213895972412
3235,engineered,50,seeking,9,2024-08-31,0.17800374783947825,0.10851087023393871,0.9906404746865138
3236,engineered,50,seeking,9,2024-09-30,0.20929349359017557,0.10880972809524671,1.0949239456576345
3237,engineered,50,seeking,9,2024-10-31,0.1811382027965469,0.10767591317981602,0.829015988705282
3238,engineered,50,seeking,9,2024-11-30,0.2181556053613749,0.10924374644804716,0.9736736285196851
3239,engineered,50,seeking,9,2024-12-31,0.17451674662923544,0.10871249451777318,0.637570320659353
