,cond,age,risk-taking,iteration,date,portfolio_cumulative_return,portfolio_std_dev,sharpe_ratio
0,control,15,averse,0,2023-07-31,0.01624633971470768,0.08844819645387492,1.5838799807165478
1,control,15,averse,0,2023-08-31,-0.00018003423959989107,0.08621890641601454,-0.5035649259715406
2,control,15,averse,0,2023-09-30,-0.03720318603413997,0.08192355065649924,-2.234881174757071
3,control,15,averse,0,2023-10-31,-0.05981973413899111,0.08571008388400929,-2.398780536875586
4,control,15,averse,0,2023-11-30,-0.0010319406989487412,0.10879350847785038,-0.4119224014904904
5,control,15,averse,0,2023-12-31,0.035929818569369276,0.1075375602346188,0.2601058214866775
6,control,15,averse,0,2024-01-31,0.035596859700844474,0.09930797990857848,0.18176792002393186
7,control,15,averse,0,2024-02-29,0.057003289200388885,0.09426864216883146,0.46117928933355146
8,control,15,averse,0,2024-03-31,0.06799662279684648,0.09073674895513746,0.5169485157234703
9,control,15,averse,0,2024-04-30,0.018794610842535198,0.09181463902080174,-0.219218806801059
10,control,15,averse,0,2024-05-31,0.048923286114731956,0.09131778028788559,0.1174976118096798
11,control,15,averse,0,2024-06-30,0.06450262641318893,0.08818717399635434,0.23666520929613577
12,control,15,averse,0,2024-07-31,0.10286405741958182,0.08565281681217075,0.5960743781855611
13,control,15,averse,0,2024-08-31,0.1355755474977398,0.08486210448091572,0.8495612595601275
14,control,15,averse,0,2024-09-30,0.14615984502557633,0.08413950830284209,0.8449261449604383
15,control,15,averse,0,2024-10-31,0.1287139772236363,0.08387976928684335,0.6167912840802161
16,control,15,averse,0,2024-11-30,0.15258093135286477,0.08377573274273123,0.7467294460512142
17,control,15,averse,0,2024-12-31,0.11597642173572464,0.08345414354649537,0.38970422838885677
18,control,15,averse,1,2023-07-31,0.01618013746191571,0.09058660031493558,1.5376496539679172
19,control,15,averse,1,2023-08-31,-0.0004867729674694621,0.0879064464597329,-0.5140267415915398
20,control,15,averse,1,2023-09-30,-0.03861675829944933,0.08331086073040156,-2.258105363834791
21,control,15,averse,1,2023-10-31,-0.06176131331806434,0.08694048902865684,-2.422140359584197
22,control,15,averse,1,2023-11-30,-0.0013919777648240261,0.11087286393649273,-0.41185978473699414
23,control,15,averse,1,2023-12-31,0.03720656325752225,0.10995246391215772,0.27751271986156584
24,control,15,averse,1,2024-01-31,0.03678385137091955,0.10158048835110935,0.197780312479472
25,control,15,averse,1,2024-02-29,0.05751831604739843,0.0964392367207338,0.45895121735980476
26,control,15,averse,1,2024-03-31,0.06892370782558621,0.09289808907293776,0.5181551124868061
27,control,15,averse,1,2024-04-30,0.018419369502033822,0.09395066745990084,-0.21897078757533303
28,control,15,averse,1,2024-05-31,0.049259000886777704,0.09341622895165098,0.11876702365630153
29,control,15,averse,1,2024-06-30,0.06536513800035126,0.09025742764010301,0.24060147100666185
30,control,15,averse,1,2024-07-31,0.10496984233998896,0.0876776452376258,0.6040300036588065
31,control,15,averse,1,2024-08-31,0.13847156644029135,0.08691957769307421,0.857320787125056
32,control,15,averse,1,2024-09-30,0.149757225888687,0.08601425448220355,0.858511356526153
33,control,15,averse,1,2024-10-31,0.13086538276667903,0.08576829940131309,0.6212683049547324
34,control,15,averse,1,2024-11-30,0.15526699706126057,0.08569649155995111,0.7511002836888246
35,control,15,averse,1,2024-12-31,0.11896437304364027,0.08536269117172232,0.40317294191252934
36,control,15,averse,2,2023-07-31,0.016576688777208526,0.09629278365837234,1.4964259369227928
37,control,15,averse,2,2023-08-31,0.0035504281845200047,0.08294685377348161,-0.2614772378931961
38,control,15,averse,2,2023-09-30,-0.024886509920193145,0.07453152167281316,-1.8551660034650543
39,control,15,averse,2,2023-10-31,-0.045612648458495664,0.07678997373261862,-2.1949127379250664
40,control,15,averse,2,2023-11-30,0.001180316317456187,0.08974287849170377,-0.4410933022057686
41,control,15,averse,2,2023-12-31,0.02545519427450227,0.08729617019510091,0.08276582496643464
42,control,15,averse,2,2024-01-31,0.03379180209280963,0.080578792220898,0.18556243131378572
43,control,15,averse,2,2024-02-29,0.0530563281092018,0.07727601769419037,0.4847054793682347
44,control,15,averse,2,2024-03-31,0.05998111108683313,0.07390626722416822,0.4910322349790123
45,control,15,averse,2,2024-04-30,0.019143523746287583,0.07469067123056239,-0.2639383529113358
46,control,15,averse,2,2024-05-31,0.044014034890822895,0.07435051069069412,0.07250921649404113
47,control,15,averse,2,2024-06-30,0.05615392087017246,0.07216830978926637,0.17582095486393773
48,control,15,averse,2,2024-07-31,0.08617474020231608,0.06998036136968679,0.5137189568402551
49,control,15,averse,2,2024-08-31,0.113408963159908,0.06950855503219822,0.7700303980957869
50,control,15,averse,2,2024-09-30,0.11737654125976826,0.0690377921697319,0.7097772565495907
51,control,15,averse,2,2024-10-31,0.10516999457113796,0.06876566483035214,0.5051470576481427
52,control,15,averse,2,2024-11-30,0.12061255113448754,0.06812146805378318,0.6008723592811535
53,control,15,averse,2,2024-12-31,0.09022497621687631,0.0675745653551539,0.23871363029798123
54,control,15,averse,3,2023-07-31,0.020246622227429567,0.06336192373769949,2.9892489099416832
55,control,15,averse,3,2023-08-31,-0.0011020699085896313,0.12547679846920018,-0.38834144347872046
56,control,15,averse,3,2023-09-30,-0.05063039648418022,0.12027966531473906,-1.9124646700631236
57,control,15,averse,3,2023-10-31,-0.05996848193443227,0.11750554135866234,-1.7529562977615942
58,control,15,averse,3,2023-11-30,0.011344439141523388,0.13280324216343348,-0.11562405951513922
59,control,15,averse,3,2023-12-31,0.037618649311952135,0.12422192986530382,0.2522445911376112
60,control,15,averse,3,2024-01-31,0.032281976173406335,0.12347007439897421,0.1001327956239769
61,control,15,averse,3,2024-02-29,0.049836437861497496,0.11648595393972296,0.2794695289166494
62,control,15,averse,3,2024-03-31,0.04956244713640401,0.11247031874936625,0.2002990129226764
63,control,15,averse,3,2024-04-30,0.02619481009100655,0.11378829784190952,-0.09971468061844607
64,control,15,averse,3,2024-05-31,0.08775736343552443,0.11393969580478402,0.46544000299166854
65,control,15,averse,3,2024-06-30,0.1339099199192586,0.11356809078019832,0.7823267064888919
66,control,15,averse,3,2024-07-31,0.16580215809166288,0.11379211677419712,0.9477108042578709
67,control,15,averse,3,2024-08-31,0.19375737983168695,0.11358842327143305,1.0616488495506489
68,control,15,averse,3,2024-09-30,0.2115125971232723,0.1144299918315447,1.0558189846247603
69,control,15,averse,3,2024-10-31,0.19271781408284894,0.11329508631087847,0.8605513059140044
70,control,15,averse,3,2024-11-30,0.2451519769190491,0.11417097608206636,1.0878321951023764
71,control,15,averse,3,2024-12-31,0.24659832637189605,0.11142517447756531,1.0209673142797682
72,control,15,averse,4,2023-07-31,0.011547122061479564,0.0565716106327995,1.4927232562238009
73,control,15,averse,4,2023-08-31,-0.01098550052523839,0.13279653169735228,-0.7847043503789372
74,control,15,averse,4,2023-09-30,-0.06071502756976799,0.12067469744222001,-2.1877076549862617
75,control,15,averse,4,2023-10-31,-0.051832434575658115,0.11767618308352631,-1.5712426638950254
76,control,15,averse,4,2023-11-30,0.035545617516355765,0.14017548388836146,0.3116434821440142
77,control,15,averse,4,2023-12-31,0.05506416974471451,0.129384122326678,0.5129865012664415
78,control,15,averse,4,2024-01-31,0.05966345179030497,0.13286169350587854,0.44943973532922166
79,control,15,averse,4,2024-02-29,0.07274201868043839,0.12711035806425133,0.5316863168819327
80,control,15,averse,4,2024-03-31,0.07002139746208758,0.1238924803370629,0.4002798340322675
81,control,15,averse,4,2024-04-30,0.03432526409777048,0.1275949022042464,-0.01320919798145541
82,control,15,averse,4,2024-05-31,0.10597411697783121,0.12651346859883453,0.5763776045376364
83,control,15,averse,4,2024-06-30,0.16902943305321338,0.1282652112907449,0.960608755617121
84,control,15,averse,4,2024-07-31,0.1773653528638912,0.13086466267468513,0.9035699858356261
85,control,15,averse,4,2024-08-31,0.19813442355257016,0.12981587389467733,0.9569326738440879
86,control,15,averse,4,2024-09-30,0.22370281224893773,0.12989738173531,1.0010126360657619
87,control,15,averse,4,2024-10-31,0.18761805226697414,0.12894035929924294,0.7280396536618216
88,control,15,averse,4,2024-11-30,0.23605664392237347,0.1284925041234435,0.919931901522055
89,control,15,averse,4,2024-12-31,0.2449378246243199,0.1261500355481851,0.8937576142969388
90,control,15,averse,5,2023-07-31,0.014780765150276265,0.08895213528757542,1.3768756377602842
91,control,15,averse,5,2023-08-31,-0.005448510953321217,0.10444676991708007,-0.7032329392045198
92,control,15,averse,5,2023-09-30,-0.05110433296170003,0.10276572359299133,-2.2541711351380584
93,control,15,averse,5,2023-10-31,-0.059737283594402,0.09871084393539524,-2.080700169125838
94,control,15,averse,5,2023-11-30,0.024027158083798517,0.1312539423965522,0.11692954433558542
95,control,15,averse,5,2023-12-31,0.07109617282866809,0.12676044241385617,0.7813796846501542
96,control,15,averse,5,2024-01-31,0.07354318341436916,0.1204516997124419,0.6976647409589616
97,control,15,averse,5,2024-02-29,0.10141805679085336,0.11416753565421829,0.980578619237442
98,control,15,averse,5,2024-03-31,0.12528863312814376,0.109683694069131,1.1257288586736716
99,control,15,averse,5,2024-04-30,0.07112077871243372,0.11260540356870652,0.3748309356912867
100,control,15,averse,5,2024-05-31,0.115247711481401,0.10878644755827116,0.7634603343005305
101,control,15,averse,5,2024-06-30,0.14801591994155294,0.10556832494764487,0.9723826561073012
102,control,15,averse,5,2024-07-31,0.17189981137720145,0.10232442736610324,1.1075476263411734
103,control,15,averse,5,2024-08-31,0.20252453300245787,0.10117797278468055,1.2637925136360242
104,control,15,averse,5,2024-09-30,0.22993704293921158,0.1030479120094772,1.3074724003945186
105,control,15,averse,5,2024-10-31,0.1950795845622315,0.10306698596726324,0.9622143515187157
106,control,15,averse,5,2024-11-30,0.24381697660239898,0.10529212469499322,1.1712159412787098
107,control,15,averse,5,2024-12-31,0.20193140387033082,0.10477879239110703,0.8238713928070527
108,control,15,averse,6,2023-07-31,0.01626706409429879,0.06581080770234174,2.132508988504744
109,control,15,averse,6,2023-08-31,-0.004943869971865689,0.12337304851626628,-0.5722999046635457
110,control,15,averse,6,2023-09-30,-0.05394752363200073,0.11517534898128504,-2.0952808302489525
111,control,15,averse,6,2023-10-31,-0.06639543288112715,0.1096112776997762,-2.028946572682768
112,control,15,averse,6,2023-11-30,0.0039313812221246636,0.12484250476278111,-0.26481198219513397
113,control,15,averse,6,2023-12-31,0.03401992858717984,0.11808402478608927,0.20471755170435377
114,control,15,averse,6,2024-01-31,0.024310983187085133,0.11681489401905426,-0.01080708675610893
115,control,15,averse,6,2024-02-29,0.029325030683193143,0.11066774279106166,0.013556743801046621
116,control,15,averse,6,2024-03-31,0.026381953359644106,0.10623122201691604,-0.07479563850773906
117,control,15,averse,6,2024-04-30,0.0039583504736300235,0.10764293651415745,-0.350207229057871
118,control,15,averse,6,2024-05-31,0.06260072910069714,0.10934269462709018,0.23425430360415314
119,control,15,averse,6,2024-06-30,0.10608276469384337,0.11011430699642855,0.5594508062208224
120,control,15,averse,6,2024-07-31,0.138352423740415,0.11106337663654837,0.7483038283671476
121,control,15,averse,6,2024-08-31,0.16290585049043083,0.10982414180099419,0.8642938999529682
122,control,15,averse,6,2024-09-30,0.1822438944271152,0.1084195168648434,0.90961090091995
123,control,15,averse,6,2024-10-31,0.1564220261496292,0.10720867555408158,0.6681000834362582
124,control,15,averse,6,2024-11-30,0.19690080578643387,0.10771259852037493,0.8564103646350489
125,control,15,averse,6,2024-12-31,0.1997723782911569,0.10497789104852813,0.8095923177617045
126,control,15,averse,7,2023-07-31,0.011755486849298613,0.05248920913894545,1.6548552091909252
127,control,15,averse,7,2023-08-31,-0.005049291373164788,0.09524841423667316,-0.7475303573929276
128,control,15,averse,7,2023-09-30,-0.047153892261117325,0.08857110399554134,-2.4620460780507294
129,control,15,averse,7,2023-10-31,-0.0593674155225985,0.08636626029642294,-2.3670837067113273
130,control,15,averse,7,2023-11-30,0.0031525866788213452,0.10382776006784103,-0.33622486831914405
131,control,15,averse,7,2023-12-31,0.03561698691117865,0.10034094229117238,0.2725579780191167
132,control,15,averse,7,2024-01-31,0.024669483340036935,0.09779009217713906,-0.006658506984220741
133,control,15,averse,7,2024-02-29,0.02894890719937293,0.09233419687143521,0.010111445047918706
134,control,15,averse,7,2024-03-31,0.030047342596492665,0.08829225831278079,-0.035571473871609374
135,control,15,averse,7,2024-04-30,0.004788457998191165,0.08912587534716714,-0.41195129390834606
136,control,15,averse,7,2024-05-31,0.05017437292731919,0.08989388357906343,0.1344967839865945
137,control,15,averse,7,2024-06-30,0.08267119186780914,0.08987158614945971,0.43031105246539364
138,control,15,averse,7,2024-07-31,0.11369108849255438,0.08951145144404468,0.6797350412967658
139,control,15,averse,7,2024-08-31,0.13746141457678251,0.08831015133629254,0.8342541741351676
140,control,15,averse,7,2024-09-30,0.1562281129147185,0.08657334492615766,0.9101050157742967
141,control,15,averse,7,2024-10-31,0.13476309835552613,0.08590042468702759,0.6529559909493302
142,control,15,averse,7,2024-11-30,0.16851675086176954,0.08685034629913731,0.8436477810507025
143,control,15,averse,7,2024-12-31,0.15975951492329865,0.08463900640339618,0.710050781153449
144,control,15,averse,8,2023-07-31,0.013642868454631252,0.06552546552101696,1.662913222465846
145,control,15,averse,8,2023-08-31,-0.0005598781720811408,0.0654175792641113,-0.6971764366488632
146,control,15,averse,8,2023-09-30,-0.03319848948483828,0.06029225206726225,-2.7980930116019405
147,control,15,averse,8,2023-10-31,-0.039492921198485575,0.05911271172399496,-2.5757932848577685
148,control,15,averse,8,2023-11-30,0.00352536541696713,0.07153628803628752,-0.47562360632084555
149,control,15,averse,8,2023-12-31,0.02638880532878285,0.06851994410211747,0.1323165283318179
150,control,15,averse,8,2024-01-31,0.032729421784931434,0.06404652700401357,0.2050134492259614
151,control,15,averse,8,2024-02-29,0.044613205406351275,0.06355327337986988,0.3873624987962144
152,control,15,averse,8,2024-03-31,0.0627698145394171,0.06085350352163796,0.6570047262307807
153,control,15,averse,8,2024-04-30,0.048168359073416545,0.06199872902924749,0.2386379190505148
154,control,15,averse,8,2024-05-31,0.07060550109126962,0.06034947673881114,0.5688956178343344
155,control,15,averse,8,2024-06-30,0.08775093562336522,0.0583726026350476,0.747764373509643
156,control,15,averse,8,2024-07-31,0.11090116114540804,0.05616876655392282,1.0383443912152752
157,control,15,averse,8,2024-08-31,0.14541970471385546,0.05650375716693784,1.4216063484440573
158,control,15,averse,8,2024-09-30,0.15620285504946363,0.05659773672893809,1.391778951800701
159,control,15,averse,8,2024-10-31,0.11934091610824749,0.059244004211287,0.7592275309277325
160,control,15,averse,8,2024-11-30,0.13566408455085233,0.06111288736821299,0.8367577585087247
161,control,15,averse,8,2024-12-31,0.11645238302896277,0.060064787359424165,0.5464794169245804
162,control,15,averse,9,2023-07-31,0.01047998121295568,0.053497478267245116,1.3485468716694988
163,control,15,averse,9,2023-08-31,-0.009764050415457914,0.1159964353239527,-0.8404721091126368
164,control,15,averse,9,2023-09-30,-0.05778102088945003,0.10646970876153386,-2.387813115633209
165,control,15,averse,9,2023-10-31,-0.04360918384950141,0.10003402855435349,-1.6318199694030269
166,control,15,averse,9,2023-11-30,0.026350878824353607,0.11593807523771728,0.18138486579744553
167,control,15,averse,9,2023-12-31,0.03163181380714408,0.10666638725869779,0.18220280303992464
168,control,15,averse,9,2024-01-31,0.04200331787373823,0.11039144926933774,0.26340840396756693
169,control,15,averse,9,2024-02-29,0.04308455046488602,0.10625244061852775,0.20986974961752533
170,control,15,averse,9,2024-03-31,0.03653478352312112,0.10316797468538377,0.0521116265166574
171,control,15,averse,9,2024-04-30,0.014896420351272255,0.10440110547797098,-0.23705171981180043
172,control,15,averse,9,2024-05-31,0.07335257991030963,0.10606019759192721,0.3519307274473971
173,control,15,averse,9,2024-06-30,0.12350723078930104,0.1083709832878704,0.7258790541610146
174,control,15,averse,9,2024-07-31,0.13108283847405455,0.10990317840555686,0.6965254767036627
175,control,15,averse,9,2024-08-31,0.1579258601143516,0.10763585298182843,0.843280994283417
176,control,15,averse,9,2024-09-30,0.17871348204571857,0.1053005328977116,0.9110517146460573
177,control,15,averse,9,2024-10-31,0.1409011150493531,0.10542847861809682,0.5738483357654106
178,control,15,averse,9,2024-11-30,0.18662880002604276,0.10538205283810836,0.8103356646401861
179,control,15,averse,9,2024-12-31,0.1882254460378825,0.10299327403983219,0.7557355097060316
180,control,15,neutral,0,2023-07-31,0.04474645034505209,0.15845911634732518,3.371175325063946
181,control,15,neutral,0,2023-08-31,-0.03208447588691676,0.27307714803977795,-0.7840531686438613
182,control,15,neutral,0,2023-09-30,-0.08519196842729637,0.2428125927864977,-1.408573645329683
183,control,15,neutral,0,2023-10-31,-0.11456381696457185,0.21280136572676006,-1.5918549559965673
184,control,15,neutral,0,2023-11-30,0.01767631147403992,0.22828844738900536,-0.0004033489639688436
185,control,15,neutral,0,2023-12-31,0.07363517202615744,0.21413321471015048,0.4869153687167704
186,control,15,neutral,0,2024-01-31,-0.001967329922915928,0.20606212280147593,-0.22165599324257948
187,control,15,neutral,0,2024-02-29,0.10477523021406454,0.20079989687194857,0.5835735738351457
188,control,15,neutral,0,2024-03-31,0.10045947351916507,0.19568425635071313,0.46066019848138345
189,control,15,neutral,0,2024-04-30,0.07180387910993802,0.202128556784608,0.2128619790635401
190,control,15,neutral,0,2024-05-31,0.10728430672684497,0.1974477334823395,0.3765600936053603
191,control,15,neutral,0,2024-06-30,0.1575079793686922,0.190975999559391,0.5861512779164811
192,control,15,neutral,0,2024-07-31,0.20733118118604787,0.20335441372977078,0.7138476295191714
193,control,15,neutral,0,2024-08-31,0.20794501187858772,0.19943463095115052,0.6636920196292349
194,control,15,neutral,0,2024-09-30,0.29954984260648265,0.2024614475838498,0.923212318494385
195,control,15,neutral,0,2024-10-31,0.31039845937251154,0.20156194357561907,0.8931477884694436
196,control,15,neutral,0,2024-11-30,0.49887381915188,0.21147431657397456,1.3551475559820005
197,control,15,neutral,0,2024-12-31,0.5611069938780435,0.2121273891116011,1.4062099486660709
198,control,15,neutral,1,2023-07-31,0.015467930968452004,0.06921092930414743,1.888510759914504
199,control,15,neutral,1,2023-08-31,-0.01896652546306188,0.1638151722333213,-0.8980445428437593
200,control,15,neutral,1,2023-09-30,-0.06959639692566577,0.14863783067424063,-1.971406915258464
201,control,15,neutral,1,2023-10-31,-0.053640437935703944,0.13920374939852226,-1.3621248643597963
202,control,15,neutral,1,2023-11-30,0.035863500462057996,0.15842305512934368,0.28072273635629624
203,control,15,neutral,1,2023-12-31,0.07517557048502277,0.14978042441845987,0.7172852199714493
204,control,15,neutral,1,2024-01-31,0.0671013082963492,0.14832334267187783,0.49028079805641206
205,control,15,neutral,1,2024-02-29,0.1227955236177265,0.1406347699610295,1.0338349521077717
206,control,15,neutral,1,2024-03-31,0.12851054478217883,0.13540936458703742,0.9439186668364629
207,control,15,neutral,1,2024-04-30,0.09090463106310342,0.14256874298318983,0.46239001855995143
208,control,15,neutral,1,2024-05-31,0.1846260789222509,0.14351830540600596,1.1085226952103182
209,control,15,neutral,1,2024-06-30,0.24060687405956327,0.14359380680624315,1.3454155977635311
210,control,15,neutral,1,2024-07-31,0.27670422961902763,0.14217796648496003,1.4577551831489741
211,control,15,neutral,1,2024-08-31,0.2932443189577303,0.14234170161564946,1.424176685528642
212,control,15,neutral,1,2024-09-30,0.3248598100071072,0.146541552712637,1.4039658996110718
213,control,15,neutral,1,2024-10-31,0.31851186361313166,0.1449140959296702,1.2810520816866722
214,control,15,neutral,1,2024-11-30,0.42427065277596654,0.14536552041383405,1.6492666147426844
215,control,15,neutral,1,2024-12-31,0.44458186696305324,0.14246465275917838,1.625360175698431
216,control,15,neutral,2,2023-07-31,0.013782736064317458,0.15438046867745583,0.7165184880847937
217,control,15,neutral,2,2023-08-31,0.006474793529027467,0.2193511548179148,-0.019985165288630764
218,control,15,neutral,2,2023-09-30,-0.05151008373639088,0.21448503836296862,-1.0864968278838225
219,control,15,neutral,2,2023-10-31,-0.08844133192967563,0.21066067325161333,-1.3153558155343072
220,control,15,neutral,2,2023-11-30,0.02314769895727098,0.22723452855159204,0.05809678410070946
221,control,15,neutral,2,2023-12-31,0.06456263506569626,0.2118369363373988,0.4044459109572803
222,control,15,neutral,2,2024-01-31,0.009618020565169916,0.203712924604682,-0.12856871417715524
223,control,15,neutral,2,2024-02-29,0.08617500984225734,0.19602357670668188,0.45043306743991696
224,control,15,neutral,2,2024-03-31,0.06429000402211238,0.19724601764444663,0.21290235843971353
225,control,15,neutral,2,2024-04-30,0.052157064191791,0.21161738640168615,0.09238989654536779
226,control,15,neutral,2,2024-05-31,0.08621402305927095,0.20828465127073717,0.24653030482135374
227,control,15,neutral,2,2024-06-30,0.17583859617488007,0.20315125505976575,0.6392938658665461
228,control,15,neutral,2,2024-07-31,0.2197030381413041,0.21634252229919318,0.7222837870371442
229,control,15,neutral,2,2024-08-31,0.19657135680015192,0.21900805083544908,0.5612923487789176
230,control,15,neutral,2,2024-09-30,0.2814636039853924,0.22129376499123954,0.7836439390448308
231,control,15,neutral,2,2024-10-31,0.26622627100013174,0.2204289718407486,0.6772246212192456
232,control,15,neutral,2,2024-11-30,0.4495007532150739,0.22828982511250817,1.1199124250699537
233,control,15,neutral,2,2024-12-31,0.5303703046098154,0.2291068670405567,1.2258983037645437
234,control,15,neutral,3,2023-07-31,-0.010451073518739085,0.15032331067202656,-0.9704587246426507
235,control,15,neutral,3,2023-08-31,-0.04974222093287539,0.227183496562907,-1.3103586464321673
236,control,15,neutral,3,2023-09-30,-0.07283552477452837,0.21237874980502167,-1.4286105115334549
237,control,15,neutral,3,2023-10-31,-0.1264096150102595,0.20234918660652823,-1.8067834628897177
238,control,15,neutral,3,2023-11-30,-0.01719481378058796,0.2111258082426305,-0.3909700610253677
239,control,15,neutral,3,2023-12-31,0.0376477502384005,0.19986538551357663,0.15706724970463168
240,control,15,neutral,3,2024-01-31,-0.03839896500251139,0.20113213930934135,-0.5267531698915078
241,control,15,neutral,3,2024-02-29,0.07596946323809206,0.20323414146520272,0.3569670033012365
242,control,15,neutral,3,2024-03-31,0.05241097719243881,0.20419017163738878,0.1287351020906694
243,control,15,neutral,3,2024-04-30,0.01080270214787138,0.21923103652663112,-0.1350070511970898
244,control,15,neutral,3,2024-05-31,0.0722455720681674,0.22162823185049424,0.16297355404126648
245,control,15,neutral,3,2024-06-30,0.10006502060750755,0.2133702669534023,0.26109661412669233
246,control,15,neutral,3,2024-07-31,0.16850184517060507,0.21486524100808832,0.5132134124238414
247,control,15,neutral,3,2024-08-31,0.10875965765704598,0.21783487509906815,0.22779399880788467
248,control,15,neutral,3,2024-09-30,0.19334163386290126,0.22188256892283298,0.4824616060640297
249,control,15,neutral,3,2024-10-31,0.1676271898371282,0.22502029415157587,0.35390001030830165
250,control,15,neutral,3,2024-11-30,0.40476987684829036,0.24556044942752497,0.9259863603637956
251,control,15,neutral,3,2024-12-31,0.43866064718248254,0.24661714722066896,0.9249837852317453
252,control,15,neutral,4,2023-07-31,0.006281522906220971,0.09690640082868983,0.25709112100455667
253,control,15,neutral,4,2023-08-31,-0.023137977849092772,0.1834553266705668,-0.9205819310305995
254,control,15,neutral,4,2023-09-30,-0.07268663837972644,0.1667226701402846,-1.8169798793682694
255,control,15,neutral,4,2023-10-31,-0.05207725012096687,0.1585983165154685,-1.169856574386883
256,control,15,neutral,4,2023-11-30,0.05310701997722189,0.17896241094997664,0.4901746294683635
257,control,15,neutral,4,2023-12-31,0.10139936594648646,0.17064391937132684,0.9496726430827918
258,control,15,neutral,4,2024-01-31,0.07077735299840415,0.16344765237924644,0.48438270593258875
259,control,15,neutral,4,2024-02-29,0.18084338404446165,0.16013819210455146,1.4847297896627383
260,control,15,neutral,4,2024-03-31,0.19101687763916964,0.15686264346595805,1.3563852186195544
261,control,15,neutral,4,2024-04-30,0.1521671559186284,0.16900853034304775,0.8274605831561611
262,control,15,neutral,4,2024-05-31,0.23091523250889257,0.1692875378300375,1.2406982671351179
263,control,15,neutral,4,2024-06-30,0.2940333710488783,0.16444310927526515,1.492176172614235
264,control,15,neutral,4,2024-07-31,0.3502707473819948,0.164618722742359,1.657092855779929
265,control,15,neutral,4,2024-08-31,0.33452546164058106,0.1686855955838637,1.4021425368729208
266,control,15,neutral,4,2024-09-30,0.40488127116249584,0.1753569013099938,1.50985218448613
267,control,15,neutral,4,2024-10-31,0.4090699462482408,0.17311938759845746,1.4311469193755357
268,control,15,neutral,4,2024-11-30,0.6184267400943655,0.17814641557008967,2.0219960605307583
269,control,15,neutral,4,2024-12-31,0.6714268185092245,0.17730055090720456,2.030041063519864
270,control,15,neutral,5,2023-07-31,0.009477755475066463,0.0897223555848778,0.676542257565823
271,control,15,neutral,5,2023-08-31,-0.019011028823455955,0.1441775495765513,-1.0219895302750437
272,control,15,neutral,5,2023-09-30,-0.06706730995510524,0.1318824389838826,-2.1598373033595153
273,control,15,neutral,5,2023-10-31,-0.038242898947627446,0.12725481553751014,-1.170183503015193
274,control,15,neutral,5,2023-11-30,0.06487953968811366,0.15951846455182792,0.7385417885877894
275,control,15,neutral,5,2023-12-31,0.10519831971006255,0.14920037556662435,1.1398736994225707
276,control,15,neutral,5,2024-01-31,0.11451507994901133,0.15395533243024784,1.0202631944396916
277,control,15,neutral,5,2024-02-29,0.20450590374886923,0.14684318987721773,1.8799559634761167
278,control,15,neutral,5,2024-03-31,0.2209378012969323,0.14083269051530942,1.8029282482289304
279,control,15,neutral,5,2024-04-30,0.16046920077858728,0.14986428156620432,1.000384802181435
280,control,15,neutral,5,2024-05-31,0.25964762910992345,0.146553741625777,1.6494679372784122
281,control,15,neutral,5,2024-06-30,0.32120938469712934,0.14348509258133657,1.895017539153643
282,control,15,neutral,5,2024-07-31,0.32004847115227064,0.14171594323912662,1.7352143905318356
283,control,15,neutral,5,2024-08-31,0.3037911164397811,0.14557575727705263,1.451962424728131
284,control,15,neutral,5,2024-09-30,0.3421391834759382,0.15335371794993022,1.4251179953246065
285,control,15,neutral,5,2024-10-31,0.3155329756940224,0.15241825232318912,1.20445477687372
286,control,15,neutral,5,2024-11-30,0.4455352260138292,0.15391195070632105,1.6448896896451095
287,control,15,neutral,5,2024-12-31,0.4565093720545246,0.15404123558056776,1.5480933713068379
288,control,15,neutral,6,2023-07-31,0.034203471209435454,0.15192869191933733,2.477223202145896
289,control,15,neutral,6,2023-08-31,0.021135536652413967,0.1804310190968989,0.47703332411065374
290,control,15,neutral,6,2023-09-30,-0.03778241469119681,0.1716772440190039,-1.078508469610899
291,control,15,neutral,6,2023-10-31,-0.025922241038466187,0.16215088068512074,-0.7119557579549293
292,control,15,neutral,6,2023-11-30,0.07167239905431533,0.18400157670276404,0.7357549391785129
293,control,15,neutral,6,2023-12-31,0.1220145173146785,0.17276299896884834,1.191512812955961
294,control,15,neutral,6,2024-01-31,0.12090661593057916,0.18099522418864172,0.9317135948863596
295,control,15,neutral,6,2024-02-29,0.20224251991565856,0.16907291505360833,1.6110185320675443
296,control,15,neutral,6,2024-03-31,0.23027596596010969,0.16181410679451474,1.6488970911935534
297,control,15,neutral,6,2024-04-30,0.2093607770044792,0.17254005583138865,1.2142835676676556
298,control,15,neutral,6,2024-05-31,0.303548420774326,0.16647176424752827,1.7437687503827515
299,control,15,neutral,6,2024-06-30,0.3821013709428085,0.16193627210523837,2.0459359492478266
300,control,15,neutral,6,2024-07-31,0.37990382006566725,0.1628940486622346,1.836127278238213
301,control,15,neutral,6,2024-08-31,0.3534353070071241,0.1645618317794523,1.531054482539569
302,control,15,neutral,6,2024-09-30,0.39275721457111956,0.1730978419207273,1.478164744482734
303,control,15,neutral,6,2024-10-31,0.39243138692496626,0.16929878467879483,1.3964967350572908
304,control,15,neutral,6,2024-11-30,0.5142407965568909,0.1705293261082545,1.736584853170497
305,control,15,neutral,6,2024-12-31,0.5787485799257197,0.17001758241099374,1.8130417900974933
306,control,15,neutral,7,2023-07-31,0.03309286230983188,0.1455656539583815,2.4772056900917874
307,control,15,neutral,7,2023-08-31,0.010213550808207517,0.1738758872161965,0.10405719627946101
308,control,15,neutral,7,2023-09-30,-0.05626310038020621,0.17005818448653412,-1.465019993690256
309,control,15,neutral,7,2023-10-31,-0.06871797620091302,0.16205827174487658,-1.4085956855598907
310,control,15,neutral,7,2023-11-30,0.022016122050142917,0.18296578785705003,0.05708313595304677
311,control,15,neutral,7,2023-12-31,0.07455643079478791,0.17124273843907262,0.6199412187925226
312,control,15,neutral,7,2024-01-31,0.054913534363821626,0.17864644490241854,0.2879391210123764
313,control,15,neutral,7,2024-02-29,0.11209494011543053,0.16713844921812052,0.7695065016844062
314,control,15,neutral,7,2024-03-31,0.1337860522702241,0.16028254517466353,0.8418376208255742
315,control,15,neutral,7,2024-04-30,0.11826623336089592,0.16841664410281276,0.586930218268539
316,control,15,neutral,7,2024-05-31,0.21033273120407014,0.1635724791646332,1.1454465256926103
317,control,15,neutral,7,2024-06-30,0.259291662516258,0.15817738463526565,1.3367814194517533
318,control,15,neutral,7,2024-07-31,0.2635578729259427,0.15990317997551218,1.2227176292993012
319,control,15,neutral,7,2024-08-31,0.24229966515742318,0.1602893708995281,1.0030918495772372
320,control,15,neutral,7,2024-09-30,0.27656391565130045,0.16647604775291014,1.0196752228540196
321,control,15,neutral,7,2024-10-31,0.2519593565234495,0.1628116973642293,0.8555360273480594
322,control,15,neutral,7,2024-11-30,0.32440376169328977,0.16329029418668162,1.077188268249885
323,control,15,neutral,7,2024-12-31,0.3665534487053379,0.16191042465650182,1.1477618233027833
324,control,15,neutral,8,2023-07-31,0.04124066630456724,0.15119100133127697,3.175010753051968
325,control,15,neutral,8,2023-08-31,0.04247856909501624,0.16366603047296274,1.4012215744666663
326,control,15,neutral,8,2023-09-30,-0.017536704656707314,0.16224535008014773,-0.6823008935038436
327,control,15,neutral,8,2023-10-31,-0.02086008677138096,0.16088430509870724,-0.6306372720932334
328,control,15,neutral,8,2023-11-30,0.05826163825706887,0.17344809090093233,0.5813894156765045
329,control,15,neutral,8,2023-12-31,0.09186252185198573,0.16104213481024607,0.8820730276366193
330,control,15,neutral,8,2024-01-31,0.08678929833156301,0.17245601472673272,0.6230326670146011
331,control,15,neutral,8,2024-02-29,0.11864912403232197,0.16275683714315295,0.8533105843105458
332,control,15,neutral,8,2024-03-31,0.13479846470389512,0.15888699156542735,0.8578343458454197
333,control,15,neutral,8,2024-04-30,0.14209128497780021,0.16657199751015012,0.7662700572740136
334,control,15,neutral,8,2024-05-31,0.2078076724793101,0.16094730536389187,1.1468624788800523
335,control,15,neutral,8,2024-06-30,0.28912975980199773,0.15722926749261512,1.5301869262808603
336,control,15,neutral,8,2024-07-31,0.28343029061338587,0.16183255221522302,1.3178143026845242
337,control,15,neutral,8,2024-08-31,0.27053442594532284,0.15976595770488802,1.1520408922129362
338,control,15,neutral,8,2024-09-30,0.2986506460652858,0.16292963088237958,1.1430989923287866
339,control,15,neutral,8,2024-10-31,0.29695818169045896,0.15851580947975558,1.0768549179394418
340,control,15,neutral,8,2024-11-30,0.35660341270107687,0.15895668083740283,1.237025781252586
341,control,15,neutral,8,2024-12-31,0.43143607709500653,0.1580298768556682,1.4169074065305265
342,control,15,neutral,9,2023-07-31,0.035723049979556,0.1389140678952848,2.866457663659693
343,control,15,neutral,9,2023-08-31,0.031867862607678044,0.18747045062770132,0.8339485336165179
344,control,15,neutral,9,2023-09-30,-0.043590803142837586,0.18180431828114094,-1.1312549643690673
345,control,15,neutral,9,2023-10-31,-0.03767322246176641,0.17501879822280927,-0.8420910117498097
346,control,15,neutral,9,2023-11-30,0.07305705700366527,0.2068683813270717,0.6718283472433031
347,control,15,neutral,9,2023-12-31,0.12416524220980696,0.19168611036829536,1.0979485595339622
348,control,15,neutral,9,2024-01-31,0.17600712203777746,0.19666840117335493,1.3736127130080087
349,control,15,neutral,9,2024-02-29,0.32916928948763036,0.19178373444738214,2.5226347924800234
350,control,15,neutral,9,2024-03-31,0.37917775467037185,0.18388087052277735,2.5910414972411027
351,control,15,neutral,9,2024-04-30,0.3273447685193476,0.20250033349171945,1.7535731210948267
352,control,15,neutral,9,2024-05-31,0.4855792466115292,0.19746008835466558,2.496804229771756
353,control,15,neutral,9,2024-06-30,0.5973325110679941,0.19594926859953954,2.760422544263916
354,control,15,neutral,9,2024-07-31,0.5964344119724754,0.1950895270758787,2.511037395440767
355,control,15,neutral,9,2024-08-31,0.5922222499220031,0.20511979899136507,2.165771290960433
356,control,15,neutral,9,2024-09-30,0.6393511421097602,0.21670210269113213,2.0017801957407038
357,control,15,neutral,9,2024-10-31,0.6612860235225682,0.21317584430571426,1.949690413972987
358,control,15,neutral,9,2024-11-30,0.8170257646627288,0.2114576532359202,2.265508447338064
359,control,15,neutral,9,2024-12-31,0.8406405852529082,0.20831882766520382,2.16892154950637
360,control,15,seeking,0,2023-07-31,0.025537432559113338,0.21395413001169297,1.2034379905906245
361,control,15,seeking,0,2023-08-31,-0.07747481956673075,0.30723691229970473,-1.3501690924014835
362,control,15,seeking,0,2023-09-30,-0.1456776580807091,0.3080437771039021,-1.6545431444266667
363,control,15,seeking,0,2023-10-31,-0.1616400128552936,0.2702115017213302,-1.6338350526194476
364,control,15,seeking,0,2023-11-30,0.031753554669105455,0.30922938449948767,0.11094657170650309
365,control,15,seeking,0,2023-12-31,0.137688249919365,0.29880232089093445,0.8020301232157198
366,control,15,seeking,0,2024-01-31,0.02365203581639319,0.2897247744736815,-0.008234186166242708
367,control,15,seeking,0,2024-02-29,0.2564954607131733,0.294076411590744,1.2292253175562826
368,control,15,seeking,0,2024-03-31,0.2779234040305365,0.2876773520923024,1.1579265353725545
369,control,15,seeking,0,2024-04-30,0.19820444391585057,0.30113058692725114,0.6504673404513219
370,control,15,seeking,0,2024-05-31,0.2168593899353568,0.292685300904864,0.6647039091014568
371,control,15,seeking,0,2024-06-30,0.24537513450128134,0.28314183486540795,0.69877515523793
372,control,15,seeking,0,2024-07-31,0.29452335559478815,0.28127415253864035,0.7933981355581644
373,control,15,seeking,0,2024-08-31,0.22349552570068387,0.282968011584647,0.5132833577686041
374,control,15,seeking,0,2024-09-30,0.33177959002235924,0.2901887740582888,0.726674022710496
375,control,15,seeking,0,2024-10-31,0.35994143905512765,0.28805677250454226,0.7435764016145586
376,control,15,seeking,0,2024-11-30,0.7654445007877932,0.30647490876456085,1.4636748033625342
377,control,15,seeking,0,2024-12-31,0.8253163658214813,0.31027150793639646,1.429803108374837
378,control,15,seeking,1,2023-07-31,0.016345757666553995,0.2392381130542606,0.5906038260869895
379,control,15,seeking,1,2023-08-31,-0.0740550628138249,0.3260145690430115,-1.2308077386993959
380,control,15,seeking,1,2023-09-30,-0.13863200976211043,0.32111899415005524,-1.5317689975047342
381,control,15,seeking,1,2023-10-31,-0.2007756043215284,0.2907026102267818,-1.7853044306597845
382,control,15,seeking,1,2023-11-30,-0.037182748945662425,0.3195363304644515,-0.40072306857911505
383,control,15,seeking,1,2023-12-31,0.055390422194441236,0.3079597825834884,0.21766709989959124
384,control,15,seeking,1,2024-01-31,-0.08097800241318276,0.29883157706502317,-0.5837807781688812
385,control,15,seeking,1,2024-02-29,0.10252091438217281,0.3025728495998293,0.3756711952005043
386,control,15,seeking,1,2024-03-31,0.07273016110829333,0.29736753917510184,0.1788582769547135
387,control,15,seeking,1,2024-04-30,0.023984887389724818,0.31368686403759366,-0.044534489082446
388,control,15,seeking,1,2024-05-31,0.09798316214086711,0.31389478754150363,0.20450268132419888
389,control,15,seeking,1,2024-06-30,0.15716707957675613,0.30469085334587376,0.36629678282683464
390,control,15,seeking,1,2024-07-31,0.21615068043994445,0.3074462568831882,0.4978935622706153
391,control,15,seeking,1,2024-08-31,0.15177409728048152,0.3079973968175375,0.2780327426408811
392,control,15,seeking,1,2024-09-30,0.2760171148496866,0.3096634788662788,0.546859500225265
393,control,15,seeking,1,2024-10-31,0.27776180996615807,0.3103090791089317,0.507027132084566
394,control,15,seeking,1,2024-11-30,0.6329369779750591,0.32667605278871326,1.12967013837155
395,control,15,seeking,1,2024-12-31,0.7147146080508338,0.32744526077635216,1.1718851548229072
396,control,15,seeking,2,2023-07-31,-0.01588590054268635,0.11104184100757163,-1.7631900643435734
397,control,15,seeking,2,2023-08-31,-0.05168688500591179,0.21733256990871552,-1.4100697048599289
398,control,15,seeking,2,2023-09-30,-0.06259673884846462,0.20428303304114231,-1.322770953743938
399,control,15,seeking,2,2023-10-31,-0.07933177050368245,0.1895141410751963,-1.3444433622166023
400,control,15,seeking,2,2023-11-30,0.013507914702846291,0.19115462115319723,-0.053123145130491746
401,control,15,seeking,2,2023-12-31,0.06305960527050303,0.18413104157590918,0.44865450321591477
402,control,15,seeking,2,2024-01-31,-0.014461819305756851,0.18049981732915324,-0.3685133347794918
403,control,15,seeking,2,2024-02-29,0.10098318215248492,0.19136864906713233,0.5814597822137156
404,control,15,seeking,2,2024-03-31,0.10243552315651061,0.19150591090401303,0.4845196020541422
405,control,15,seeking,2,2024-04-30,0.07824352812151925,0.20348747651270876,0.24933593851409416
406,control,15,seeking,2,2024-05-31,0.10826890855770976,0.20187100696227406,0.3736382312774458
407,control,15,seeking,2,2024-06-30,0.1289066386825144,0.19424305020450905,0.4321899416462173
408,control,15,seeking,2,2024-07-31,0.2154426313385711,0.19748945380513516,0.7718921027738747
409,control,15,seeking,2,2024-08-31,0.17737684386586627,0.1997316853621967,0.5355864864320963
410,control,15,seeking,2,2024-09-30,0.27802629394029954,0.20462099687550875,0.8349357633912493
411,control,15,seeking,2,2024-10-31,0.2932560263726547,0.20930727492268175,0.8032462446733505
412,control,15,seeking,2,2024-11-30,0.556448821874846,0.2292215648836955,1.40584084345995
413,control,15,seeking,2,2024-12-31,0.6113369434985412,0.22794989026767615,1.432489797789393
414,control,15,seeking,3,2023-07-31,0.011672476105975882,0.16117954437603813,0.5329389328533438
415,control,15,seeking,3,2023-08-31,-0.07076385597825252,0.2875062218040894,-1.3494753044255594
416,control,15,seeking,3,2023-09-30,-0.11405088712375289,0.2732043806134765,-1.5603699427871291
417,control,15,seeking,3,2023-10-31,-0.13655419371074362,0.24283940624111713,-1.5979984425005456
418,control,15,seeking,3,2023-11-30,0.022194975362226366,0.2675509180899421,0.04066440647532312
419,control,15,seeking,3,2023-12-31,0.10681342497930091,0.2580025157145962,0.672413270876213
420,control,15,seeking,3,2024-01-31,0.004739020823847362,0.24841853972845213,-0.13853631080135434
421,control,15,seeking,3,2024-02-29,0.17987542828707692,0.25286894936751575,0.9340934151524046
422,control,15,seeking,3,2024-03-31,0.1962401772870035,0.2494740243262058,0.8815617751942518
423,control,15,seeking,3,2024-04-30,0.14051716175471252,0.26437775399421476,0.47558297674270067
424,control,15,seeking,3,2024-05-31,0.16294873537067422,0.2589945789110012,0.5223810283504511
425,control,15,seeking,3,2024-06-30,0.19027555964835385,0.24949133538317542,0.5771465592212033
426,control,15,seeking,3,2024-07-31,0.27496912143083674,0.25239888273548944,0.8150243189835169
427,control,15,seeking,3,2024-08-31,0.24596949359469122,0.2527978396698584,0.6480044431928929
428,control,15,seeking,3,2024-09-30,0.36511678332581976,0.2592821524996537,0.9083716630142492
429,control,15,seeking,3,2024-10-31,0.3979903844176489,0.2607255539612747,0.921335877814433
430,control,15,seeking,3,2024-11-30,0.7568426461913245,0.282881131027021,1.5676943276339876
431,control,15,seeking,3,2024-12-31,0.8153956905488109,0.28212592198392444,1.5535830150293186
432,control,15,seeking,4,2023-07-31,0.024964798852957548,0.23441775119181257,1.0662670072205507
433,control,15,seeking,4,2023-08-31,-0.07826156999386635,0.32054043041419605,-1.303759772178343
434,control,15,seeking,4,2023-09-30,-0.10277364741627992,0.3030841353751144,-1.3010503180543251
435,control,15,seeking,4,2023-10-31,-0.18120669537067213,0.2753884149269109,-1.7470206125700705
436,control,15,seeking,4,2023-11-30,-0.023010554763105873,0.30682188091160856,-0.3126072229761323
437,control,15,seeking,4,2023-12-31,0.03588846609199159,0.28673708256792335,0.09726282641196193
438,control,15,seeking,4,2024-01-31,-0.09143001352378977,0.2805672605093707,-0.6805707995698109
439,control,15,seeking,4,2024-02-29,0.07940172059600892,0.2990400327770478,0.26028605235848096
440,control,15,seeking,4,2024-03-31,0.04544584042924993,0.2949247529795025,0.057984532823338784
441,control,15,seeking,4,2024-04-30,-0.0027322944745143962,0.3079344999717536,-0.14810077886422027
442,control,15,seeking,4,2024-05-31,0.05674478546365225,0.3104362983559961,0.061975172193681975
443,control,15,seeking,4,2024-06-30,0.07687490504560879,0.2986159595778561,0.11048988560682967
444,control,15,seeking,4,2024-07-31,0.15421242883397301,0.2963824209657629,0.3286486945743068
445,control,15,seeking,4,2024-08-31,0.09773012415441618,0.2984866937120832,0.13519719571418864
446,control,15,seeking,4,2024-09-30,0.22145035502070098,0.30474217328412667,0.42110455668827157
447,control,15,seeking,4,2024-10-31,0.18937224048010926,0.3033708956300444,0.31354427163290616
448,control,15,seeking,4,2024-11-30,0.5301642565914599,0.33083844316145355,0.9249656456048518
449,control,15,seeking,4,2024-12-31,0.5829639275480016,0.33051560007345465,0.9398092940755446
450,control,15,seeking,5,2023-07-31,0.06499323936842938,0.2246443928950563,3.928514878585058
451,control,15,seeking,5,2023-08-31,-0.05311497291698419,0.34949324187373365,-0.8951082125129737
452,control,15,seeking,5,2023-09-30,-0.10409400004922342,0.3504136418279625,-1.1361828204386462
453,control,15,seeking,5,2023-10-31,-0.17948348980801787,0.3156546298304741,-1.5133312643875891
454,control,15,seeking,5,2023-11-30,-0.022519156931624762,0.3497891301619483,-0.27098942819451327
455,control,15,seeking,5,2023-12-31,0.09704007593563868,0.3314042214220448,0.4613448179504029
456,control,15,seeking,5,2024-01-31,-0.018416655683922478,0.31236791974491945,-0.2339434646208986
457,control,15,seeking,5,2024-02-29,0.12460992518107372,0.30705656856086005,0.4827968281711364
458,control,15,seeking,5,2024-03-31,0.13260993039688818,0.2965245354806011,0.4496911949609745
459,control,15,seeking,5,2024-04-30,0.0781012712669149,0.3085695143660465,0.16387329364495498
460,control,15,seeking,5,2024-05-31,0.13985258722536487,0.31269339790217976,0.3517099359952349
461,control,15,seeking,5,2024-06-30,0.11267639562428045,0.30204656818518505,0.22532983437480822
462,control,15,seeking,5,2024-07-31,0.168802315220415,0.2948320268302704,0.3749325194650877
463,control,15,seeking,5,2024-08-31,0.05410810533712285,0.3077573438722957,0.011591819661619577
464,control,15,seeking,5,2024-09-30,0.17091328350538726,0.3076300038863454,0.2925432901109274
465,control,15,seeking,5,2024-10-31,0.11730417244016511,0.30315497864280355,0.14352249282349205
466,control,15,seeking,5,2024-11-30,0.3339542530633024,0.31374812163041926,0.5802780360672757
467,control,15,seeking,5,2024-12-31,0.3361059550865295,0.31082796461174195,0.5396966577708802
468,control,15,seeking,6,2023-07-31,0.01717191177310795,0.13788134473377944,1.097609039414879
469,control,15,seeking,6,2023-08-31,-0.07314177823948631,0.3176000869795627,-1.251885859913456
470,control,15,seeking,6,2023-09-30,-0.14208357129284355,0.2833442532714132,-1.766934530189355
471,control,15,seeking,6,2023-10-31,-0.1745746161233559,0.25694932489738936,-1.820884920764479
472,control,15,seeking,6,2023-11-30,-0.010486210573203314,0.2864802173095721,-0.2338230272658607
473,control,15,seeking,6,2023-12-31,0.05539898689354694,0.2736832862776735,0.24499140227602667
474,control,15,seeking,6,2024-01-31,-0.065214803342723,0.26550522600244686,-0.5624595835183684
475,control,15,seeking,6,2024-02-29,0.03841357625974218,0.2579207297957516,0.059023940748394635
476,control,15,seeking,6,2024-03-31,0.012017747381318777,0.2530901912536114,-0.10559836551549708
477,control,15,seeking,6,2024-04-30,-0.016350384741751545,0.2728224320791021,-0.22604958535045616
478,control,15,seeking,6,2024-05-31,0.024389061266586687,0.2704324955031396,-0.058901692211085085
479,control,15,seeking,6,2024-06-30,0.08222156949295822,0.2616422524190276,0.14612416936091377
480,control,15,seeking,6,2024-07-31,0.1723137450291936,0.2726927628579439,0.41695854074634425
481,control,15,seeking,6,2024-08-31,0.1598401490458754,0.26884195350238616,0.3435624603988872
482,control,15,seeking,6,2024-09-30,0.26005299275033966,0.26842657921301355,0.5863148115679973
483,control,15,seeking,6,2024-10-31,0.26905884333400487,0.26951861524122006,0.5612214808848666
484,control,15,seeking,6,2024-11-30,0.5570347266621092,0.2844561741516403,1.1341289890914144
485,control,15,seeking,6,2024-12-31,0.6534188019356366,0.28312855357029526,1.2360610484569328
486,control,15,seeking,7,2023-07-31,0.01314565726904493,0.11662770753252895,0.8840372672978991
487,control,15,seeking,7,2023-08-31,-0.02912923320312477,0.1487752534715376,-1.3402009332782021
488,control,15,seeking,7,2023-09-30,-0.06024243585169131,0.12933032544815865,-2.0291702473207334
489,control,15,seeking,7,2023-10-31,-0.04561678371393707,0.1188770608635429,-1.4179205656382545
490,control,15,seeking,7,2023-11-30,0.05093867570987376,0.14365669875868264,0.5724109850386663
491,control,15,seeking,7,2023-12-31,0.11510885123083292,0.13756689544707798,1.389110642467325
492,control,15,seeking,7,2024-01-31,0.12955846208612165,0.1319090443966607,1.3975999916533586
493,control,15,seeking,7,2024-02-29,0.2590827809884999,0.1339344153794907,2.731061915168401
494,control,15,seeking,7,2024-03-31,0.30986152185619154,0.13619034578885214,2.775271343677851
495,control,15,seeking,7,2024-04-30,0.22829755746435976,0.14703242795077065,1.5827273286508825
496,control,15,seeking,7,2024-05-31,0.3249704617593616,0.14647370576588092,2.1439343389998804
497,control,15,seeking,7,2024-06-30,0.34781125846541294,0.1424376272805523,2.091196088177675
498,control,15,seeking,7,2024-07-31,0.3587794930744457,0.13794420112462819,2.0323215909724563
499,control,15,seeking,7,2024-08-31,0.34388189356768284,0.14548207190729728,1.6782880149518928
500,control,15,seeking,7,2024-09-30,0.3810899912505683,0.1590183373404331,1.5551095023922972
501,control,15,seeking,7,2024-10-31,0.3670794766411105,0.15778774217751243,1.388500782491856
502,control,15,seeking,7,2024-11-30,0.5067504861341574,0.16217495278798646,1.7973340871057104
503,control,15,seeking,7,2024-12-31,0.4659827870684601,0.16136565426236169,1.511769983965007
504,control,15,seeking,8,2023-07-31,0.04700131240719907,0.22704543124812318,2.510257949242449
505,control,15,seeking,8,2023-08-31,-0.08708719419950539,0.38325770189705577,-1.178512312446704
506,control,15,seeking,8,2023-09-30,-0.153656867538841,0.37033905709941944,-1.4292203243188166
507,control,15,seeking,8,2023-10-31,-0.23011973510373884,0.3264113539586819,-1.7542368258896859
508,control,15,seeking,8,2023-11-30,-0.06102505553915161,0.3707324569185313,-0.48730926288287607
509,control,15,seeking,8,2023-12-31,0.05301764882007398,0.354415273429245,0.17559634379206318
510,control,15,seeking,8,2024-01-31,-0.12372681054725687,0.3455121061881772,-0.6978063058497656
511,control,15,seeking,8,2024-02-29,0.02945107548553416,0.3461587102900106,0.004882771754910256
512,control,15,seeking,8,2024-03-31,-0.011662391797844562,0.3399210559648635,-0.16919099373860644
513,control,15,seeking,8,2024-04-30,-0.07613908119875257,0.35655047078241114,-0.3694382465646915
514,control,15,seeking,8,2024-05-31,-0.06424355360410317,0.35204663067480707,-0.31752662065889903
515,control,15,seeking,8,2024-06-30,-0.062002766971194556,0.33912407590872107,-0.30445000576200715
516,control,15,seeking,8,2024-07-31,0.049524432754669334,0.3395861291308248,0.007970580549051995
517,control,15,seeking,8,2024-08-31,0.0033405989732189223,0.339447188108865,-0.11645417970067178
518,control,15,seeking,8,2024-09-30,0.13163050747397387,0.34130976243093164,0.1756638576117267
519,control,15,seeking,8,2024-10-31,0.11942273021593319,0.3411320742508412,0.13202721600522502
520,control,15,seeking,8,2024-11-30,0.4365925763740519,0.36198657477168406,0.6838126512908197
521,control,15,seeking,8,2024-12-31,0.4834260552749283,0.3589809102347581,0.7075638959590299
522,control,15,seeking,9,2023-07-31,0.032945415768172115,0.24028845372201738,1.4920192421076184
523,control,15,seeking,9,2023-08-31,-0.14098648786603973,0.35216587950333905,-1.779802131790877
524,control,15,seeking,9,2023-09-30,-0.2102309213085397,0.34468497681529314,-1.8954451566374895
525,control,15,seeking,9,2023-10-31,-0.24457449195440684,0.3063299371153651,-1.9509486866056258
526,control,15,seeking,9,2023-11-30,-0.08769948095516389,0.3570309145263019,-0.6649438072153641
527,control,15,seeking,9,2023-12-31,0.01073525360505645,0.345989657840416,-0.062426819204006424
528,control,15,seeking,9,2024-01-31,-0.14852797707837218,0.3365529877554108,-0.8283276244913261
529,control,15,seeking,9,2024-02-29,0.006791556893373629,0.33947995625401733,-0.09505754186342318
530,control,15,seeking,9,2024-03-31,-0.00804552788484536,0.32959472074394974,-0.16026836403556938
531,control,15,seeking,9,2024-04-30,-0.08539662432506823,0.34242036303094736,-0.4161488992598052
532,control,15,seeking,9,2024-05-31,-0.0016909096179477112,0.3579157780919365,-0.12351720432217063
533,control,15,seeking,9,2024-06-30,0.04620961643465171,0.3475631479444292,0.00846237252045075
534,control,15,seeking,9,2024-07-31,0.12533607212083964,0.3435361596419733,0.20773033977987768
535,control,15,seeking,9,2024-08-31,0.08516152388794107,0.34262407544101975,0.08691091616148719
536,control,15,seeking,9,2024-09-30,0.1911196989989541,0.3413142322715163,0.30869880106459946
537,control,15,seeking,9,2024-10-31,0.20878298462275935,0.3398300327848207,0.3204012498706796
538,control,15,seeking,9,2024-11-30,0.5975505062211488,0.36142753637051733,0.9613917670424393
539,control,15,seeking,9,2024-12-31,0.6407170501080457,0.357675814896591,0.9587296686948955
540,control,30,averse,0,2023-07-31,0.01390101797845178,0.06768723641543076,1.654909917334021
541,control,30,averse,0,2023-08-31,0.002003384233545402,0.07850150814499818,-0.3916666273276401
542,control,30,averse,0,2023-09-30,-0.031804510233171546,0.07497061526364467,-2.182903355896183
543,control,30,averse,0,2023-10-31,-0.04786865679318919,0.0744877950526185,-2.342682066298864
544,control,30,averse,0,2023-11-30,0.011113888537893857,0.09551619020442206,-0.1665534302244006
545,control,30,averse,0,2023-12-31,0.04988484087503875,0.0941121101832168,0.5941166260333506
546,control,30,averse,0,2024-01-31,0.05082348673419279,0.08873631906327357,0.49962533367387946
547,control,30,averse,0,2024-02-29,0.07030399077876481,0.08401874057005046,0.759795071700058
548,control,30,averse,0,2024-03-31,0.08924123956742669,0.08113686117799716,0.9263158110276792
549,control,30,averse,0,2024-04-30,0.05528108720851521,0.08237643650090862,0.2825884347427459
550,control,30,averse,0,2024-05-31,0.08657181450852147,0.07994071498768845,0.6472142732978212
551,control,30,averse,0,2024-06-30,0.10696445635998342,0.07755740183283029,0.8054285181635664
552,control,30,averse,0,2024-07-31,0.12875495283087357,0.07569269677366268,0.9835732452547625
553,control,30,averse,0,2024-08-31,0.15079725561706692,0.07502901029163603,1.1304663746515613
554,control,30,averse,0,2024-09-30,0.16932081953477462,0.07537929072062521,1.1777976005031485
555,control,30,averse,0,2024-10-31,0.15251674732066056,0.07472199490841137,0.9211512620677563
556,control,30,averse,0,2024-11-30,0.18822302720631456,0.07672406966759844,1.1268865958333214
557,control,30,averse,0,2024-12-31,0.16116520002547707,0.07614487389109607,0.8008072863791914
558,control,30,averse,1,2023-07-31,0.02141558672192967,0.08102719278724778,2.519669341837327
559,control,30,averse,1,2023-08-31,0.01209201358587464,0.09393350008570267,0.3144463156498873
560,control,30,averse,1,2023-09-30,-0.024808644101865784,0.0899711408463065,-1.5335976161821139
561,control,30,averse,1,2023-10-31,-0.04074570711123893,0.0874306933904288,-1.7798317045699041
562,control,30,averse,1,2023-11-30,0.025012819239350614,0.10561563521728969,0.16811385815316213
563,control,30,averse,1,2023-12-31,0.06100971632755825,0.10124901555008933,0.7746942404608997
564,control,30,averse,1,2024-01-31,0.07199900863603248,0.09691841752734508,0.8390400977499801
565,control,30,averse,1,2024-02-29,0.09968143062070411,0.09219104252929196,1.1850089134888269
566,control,30,averse,1,2024-03-31,0.12624860376760116,0.08887324067258091,1.4038782708500301
567,control,30,averse,1,2024-04-30,0.08901491770893233,0.09278084019528826,0.6860663565172588
568,control,30,averse,1,2024-05-31,0.11759131321152139,0.08929804411365574,0.9587718031792922
569,control,30,averse,1,2024-06-30,0.14382282870881435,0.0869442149750676,1.1334784151694954
570,control,30,averse,1,2024-07-31,0.15842506154624414,0.08515629760020925,1.1884047325811067
571,control,30,averse,1,2024-08-31,0.1730935636299269,0.08627247179820541,1.1986236907255758
572,control,30,averse,1,2024-09-30,0.1939979550467974,0.08874242846512263,1.2119103079906806
573,control,30,averse,1,2024-10-31,0.17812332678236698,0.0878656662467579,0.9914973902583643
574,control,30,averse,1,2024-11-30,0.2229098404875245,0.08977342025844405,1.2199199224844213
575,control,30,averse,1,2024-12-31,0.19428964037103102,0.08884826414586869,0.9183696086362698
576,control,30,averse,2,2023-07-31,0.016427808516587872,0.07301085342959897,1.948876532522757
577,control,30,averse,2,2023-08-31,0.0013560538945527334,0.08462960044194998,-0.40785569035483293
578,control,30,averse,2,2023-09-30,-0.038748584045859125,0.08508159125744799,-2.216615201758361
579,control,30,averse,2,2023-10-31,-0.058337945900295174,0.0840510846517701,-2.4007315164200147
580,control,30,averse,2,2023-11-30,0.0024400823356911516,0.10850527348561463,-0.33731080548423514
581,control,30,averse,2,2023-12-31,0.04602377178216566,0.10730736576474965,0.4486908487264126
582,control,30,averse,2,2024-01-31,0.042640571018567996,0.10027695344421766,0.30094070484919533
583,control,30,averse,2,2024-02-29,0.06448298728293089,0.09469256439196952,0.5798800682051666
584,control,30,averse,2,2024-03-31,0.08893047020055866,0.09129575970546955,0.8187004614659452
585,control,30,averse,2,2024-04-30,0.048148552903050534,0.09165595303707547,0.16116399279360225
586,control,30,averse,2,2024-05-31,0.07725871410488039,0.08988626003025663,0.46261985408830336
587,control,30,averse,2,2024-06-30,0.09079534596931671,0.08658817100258102,0.5385389880127369
588,control,30,averse,2,2024-07-31,0.12410667264367792,0.08425646777282025,0.8337974708160515
589,control,30,averse,2,2024-08-31,0.15206666003367086,0.08326056839612846,1.0314319270915895
590,control,30,averse,2,2024-09-30,0.17316586599939243,0.08335474346524052,1.1002503832671082
591,control,30,averse,2,2024-10-31,0.15139449578038522,0.0833618516408889,0.8160371499074621
592,control,30,averse,2,2024-11-30,0.19216795620058646,0.08509559195330295,1.046958951040073
593,control,30,averse,2,2024-12-31,0.14724837480586417,0.08532455993984506,0.6124271114060568
594,control,30,averse,3,2023-07-31,0.003338927937204028,0.056249752752057555,-0.12626107367126704
595,control,30,averse,3,2023-08-31,-0.007551253256485424,0.05599886177029411,-1.5219405456068267
596,control,30,averse,3,2023-09-30,-0.034485805779032486,0.05113045919528919,-3.390294262792342
597,control,30,averse,3,2023-10-31,-0.049526512566737124,0.05622691802245165,-3.1810313662749747
598,control,30,averse,3,2023-11-30,-0.0015848146887322834,0.07513069070436311,-0.6138496127152682
599,control,30,averse,3,2023-12-31,0.03405014391873107,0.0791383235169171,0.3062220104325136
600,control,30,averse,3,2024-01-31,0.02253535259231132,0.0753449961580925,-0.05691140275805601
601,control,30,averse,3,2024-02-29,0.01902033388370028,0.07127496912693178,-0.19625647001458404
602,control,30,averse,3,2024-03-31,0.02875073468186784,0.0692344602606759,-0.0699217117527558
603,control,30,averse,3,2024-04-30,0.0007495163042341435,0.06796666602912194,-0.6104641694408061
604,control,30,averse,3,2024-05-31,0.01764806362966831,0.06667901804202905,-0.3486006277924359
605,control,30,averse,3,2024-06-30,0.023564837299073105,0.06447574691841426,-0.29874718879458934
606,control,30,averse,3,2024-07-31,0.04870252802725772,0.06281610175729425,0.031202790311147713
607,control,30,averse,3,2024-08-31,0.06636015195544842,0.06236827608536932,0.22322409007555757
608,control,30,averse,3,2024-09-30,0.08074650728580246,0.06061300743306648,0.3417349630077529
609,control,30,averse,3,2024-10-31,0.06107043406204227,0.0602166335697637,0.04387725697085215
610,control,30,averse,3,2024-11-30,0.07672753957004019,0.061008426705138945,0.17938811879175456
611,control,30,averse,3,2024-12-31,0.04874256379407327,0.06097012254878049,-0.17311639416649194
612,control,30,averse,4,2023-07-31,0.010454394930346389,0.055655748064254926,1.2909789043663698
613,control,30,averse,4,2023-08-31,-0.019550234630644314,0.1562363612016043,-0.9612783895164978
614,control,30,averse,4,2023-09-30,-0.0803585560733957,0.14430697966336065,-2.266697480291542
615,control,30,averse,4,2023-10-31,-0.06933065636722924,0.1416076132544352,-1.6229415435401575
616,control,30,averse,4,2023-11-30,0.03315216450646519,0.1684945830810737,0.2241074858742419
617,control,30,averse,4,2023-12-31,0.05760819137919748,0.15613717196711197,0.4581033457718318
618,control,30,averse,4,2024-01-31,0.04988058880622237,0.15969179176861492,0.267388557100511
619,control,30,averse,4,2024-02-29,0.05988382516096302,0.15218151703929372,0.3145855792159137
620,control,30,averse,4,2024-03-31,0.049682984815499376,0.14761802536844734,0.1536850671921822
621,control,30,averse,4,2024-04-30,0.00616183728709796,0.15195088638508605,-0.2309352960416224
622,control,30,averse,4,2024-05-31,0.0901602244780817,0.15181182032400434,0.36659691083265805
623,control,30,averse,4,2024-06-30,0.1632300864673839,0.15395886331228023,0.7634457235001757
624,control,30,averse,4,2024-07-31,0.18309266556208903,0.15538721966451402,0.7941122815614248
625,control,30,averse,4,2024-08-31,0.21076222904754682,0.15301107741924058,0.8803174272317325
626,control,30,averse,4,2024-09-30,0.24063843333689072,0.15233956515642877,0.9373411132298988
627,control,30,averse,4,2024-10-31,0.19574168260208524,0.15157311591615968,0.6573877734450244
628,control,30,averse,4,2024-11-30,0.24976750917034396,0.15110271164722336,0.8420488563537907
629,control,30,averse,4,2024-12-31,0.2549643076904349,0.14782673578466662,0.8040679915787572
630,control,30,averse,5,2023-07-31,0.01723434750388919,0.09248369779945434,1.6446364751791853
631,control,30,averse,5,2023-08-31,-0.0011112297109771019,0.0927179678089125,-0.5261168493831058
632,control,30,averse,5,2023-09-30,-0.04236885407940694,0.08930959761193324,-2.2548838625722274
633,control,30,averse,5,2023-10-31,-0.06709852665089622,0.09358967463236416,-2.3953296032583884
634,control,30,averse,5,2023-11-30,-0.0010698132424520335,0.12118838701507093,-0.370529495864223
635,control,30,averse,5,2023-12-31,0.04139729490811672,0.12033430149068106,0.3230794053832459
636,control,30,averse,5,2024-01-31,0.0386314458897592,0.11120253583375225,0.20924435776856748
637,control,30,averse,5,2024-02-29,0.061157648777288465,0.10530884003449635,0.4730983735595313
638,control,30,averse,5,2024-03-31,0.0733323433113462,0.10138971887741935,0.5324623984810991
639,control,30,averse,5,2024-04-30,0.019311476631596936,0.10241704042876,-0.19054011305496535
640,control,30,averse,5,2024-05-31,0.05214717955970283,0.10171973206375601,0.1399585896731662
641,control,30,averse,5,2024-06-30,0.06862525211517778,0.09815721824108893,0.25378430340640096
642,control,30,averse,5,2024-07-31,0.11199640025819901,0.09541675081823345,0.6216148677434408
643,control,30,averse,5,2024-08-31,0.1484043224737528,0.09441206884946775,0.8772122802864047
644,control,30,averse,5,2024-09-30,0.16190984902184202,0.09342104041151944,0.8898354743391712
645,control,30,averse,5,2024-10-31,0.1421988242873773,0.09306112182730407,0.6601221156916071
646,control,30,averse,5,2024-11-30,0.16935358428327718,0.09307959893631436,0.7932187345175719
647,control,30,averse,5,2024-12-31,0.12167828602591979,0.09296601150747011,0.38868252541794285
648,control,30,averse,6,2023-07-31,0.024153065079154157,0.09145471506824616,2.617112671629312
649,control,30,averse,6,2023-08-31,0.005281535953541194,0.11095520641431811,-0.10341056755332961
650,control,30,averse,6,2023-09-30,-0.042988509586807555,0.11043453698488213,-1.8432403195880143
651,control,30,averse,6,2023-10-31,-0.06710250839372067,0.10874920943630767,-2.061515737366644
652,control,30,averse,6,2023-11-30,0.010357803906459795,0.13685485065770334,-0.12949392762851275
653,control,30,averse,6,2023-12-31,0.06337747360319579,0.13338997422207044,0.6241785807263552
654,control,30,averse,6,2024-01-31,0.06523677544961748,0.12522080253218815,0.5546502168805982
655,control,30,averse,6,2024-02-29,0.10347361571882985,0.11835658839613222,0.9729274426679526
656,control,30,averse,6,2024-03-31,0.13607137898799193,0.1139967760243704,1.2107165120530579
657,control,30,averse,6,2024-04-30,0.0859897522243207,0.11581107876618658,0.5182895535510963
658,control,30,averse,6,2024-05-31,0.12524311284784106,0.11264674830285293,0.8343377444233708
659,control,30,averse,6,2024-06-30,0.1503955228813294,0.10866400546056831,0.966110114895963
660,control,30,averse,6,2024-07-31,0.18381627326760475,0.10563588032230532,1.1742728945730276
661,control,30,averse,6,2024-08-31,0.2150190672740191,0.10562933290960871,1.30858746900874
662,control,30,averse,6,2024-09-30,0.24070864334667608,0.10814257008201249,1.3209135033411077
663,control,30,averse,6,2024-10-31,0.22040364040764326,0.10740576650055404,1.0901977723091079
664,control,30,averse,6,2024-11-30,0.28317380008005855,0.11062348639097591,1.3479840516160133
665,control,30,averse,6,2024-12-31,0.2369507961702182,0.11009250459081879,0.979759540693418
666,control,30,averse,7,2023-07-31,0.01160734007312958,0.061937516982500336,1.3746690992119885
667,control,30,averse,7,2023-08-31,-0.0013225594340176006,0.07375590862948456,-0.6778361151024157
668,control,30,averse,7,2023-09-30,-0.03535543439506672,0.0734798167576472,-2.4016660246974246
669,control,30,averse,7,2023-10-31,-0.051340194978162224,0.07390878032691563,-2.4842947392264136
670,control,30,averse,7,2023-11-30,0.005842678468676699,0.09723299746152454,-0.2932342640613305
671,control,30,averse,7,2023-12-31,0.04589406335184698,0.09657510014112917,0.495856710704327
672,control,30,averse,7,2024-01-31,0.03999306188104357,0.09048426595145112,0.2830652349195296
673,control,30,averse,7,2024-02-29,0.057242002880412146,0.08521408763670386,0.5144584255815756
674,control,30,averse,7,2024-03-31,0.07379996208984241,0.0823625966316283,0.6630097176607707
675,control,30,averse,7,2024-04-30,0.03843379543367953,0.08323405922066272,0.03846693667123992
676,control,30,averse,7,2024-05-31,0.0670091940148243,0.08123816476940274,0.37439163376198153
677,control,30,averse,7,2024-06-30,0.08432513508699158,0.07852234508226806,0.5131408136606909
678,control,30,averse,7,2024-07-31,0.11046775634992723,0.07634561688431371,0.7587961619498453
679,control,30,averse,7,2024-08-31,0.13360155889365344,0.07521201170903354,0.9366040035731151
680,control,30,averse,7,2024-09-30,0.1523234158074216,0.07492616665376216,1.0117509961260809
681,control,30,averse,7,2024-10-31,0.1356706573021842,0.07435530918758271,0.7631163449003474
682,control,30,averse,7,2024-11-30,0.167936797499876,0.0760129283619472,0.9588102784583089
683,control,30,averse,7,2024-12-31,0.13604430794497824,0.07570191325106955,0.5971669651957451
684,control,30,averse,8,2023-07-31,-0.00579457228322422,0.045049826331782776,-2.2425328821918895
685,control,30,averse,8,2023-08-31,-0.009531981897560993,0.07789677365790966,-1.2351168715580079
686,control,30,averse,8,2023-09-30,-0.028381915429219196,0.07008504697726528,-2.1568414029930834
687,control,30,averse,8,2023-10-31,-0.031225218677893518,0.06812584886394978,-1.907464870446329
688,control,30,averse,8,2023-11-30,0.02374395737233148,0.08923816263318102,0.16423672226482383
689,control,30,averse,8,2023-12-31,0.05537255228139926,0.08511313433787045,0.7871468472311098
690,control,30,averse,8,2024-01-31,0.07243238145084585,0.07884535426708521,1.0410321341358204
691,control,30,averse,8,2024-02-29,0.0755749964249901,0.07642803117815802,0.9412862263101941
692,control,30,averse,8,2024-03-31,0.09749745732193893,0.07402341547442433,1.1642632413744871
693,control,30,averse,8,2024-04-30,0.06957128748128194,0.07521995727437242,0.5364799235836974
694,control,30,averse,8,2024-05-31,0.10683303887069107,0.0729945121222854,1.0118281533967348
695,control,30,averse,8,2024-06-30,0.13109212810406667,0.0705960965198356,1.2194612965864604
696,control,30,averse,8,2024-07-31,0.1513004482264777,0.06823339063671909,1.389086369958754
697,control,30,averse,8,2024-08-31,0.17216097572700995,0.06684722939690221,1.535317132572707
698,control,30,averse,8,2024-09-30,0.20971505916659394,0.06612369600743516,1.8065745287314192
699,control,30,averse,8,2024-10-31,0.20725875351422873,0.06502423192709926,1.6578956297605298
700,control,30,averse,8,2024-11-30,0.24194902888754788,0.06583915825004771,1.8543579892536204
701,control,30,averse,8,2024-12-31,0.22072814036525523,0.06677486144259513,1.466302229896769
702,control,30,averse,9,2023-07-31,0.0215778768342072,0.09778960853993159,2.1088446194420793
703,control,30,averse,9,2023-08-31,0.007768353528566196,0.093332263797059,0.03587063877170188
704,control,30,averse,9,2023-09-30,-0.030349674414612893,0.08758126337376723,-1.8081506711006303
705,control,30,averse,9,2023-10-31,-0.043478873154652375,0.0845896560733246,-1.925666125822177
706,control,30,averse,9,2023-11-30,0.010857848275760418,0.0986306380608333,-0.16752217887086635
707,control,30,averse,9,2023-12-31,0.03182569745709918,0.0954748772754367,0.2075863117235818
708,control,30,averse,9,2024-01-31,0.05259528035080985,0.08986446585155283,0.5275746288798228
709,control,30,averse,9,2024-02-29,0.07679638407687284,0.08642230774452762,0.854191126973441
710,control,30,averse,9,2024-03-31,0.09302889445408669,0.08220404819763905,0.975777327219039
711,control,30,averse,9,2024-04-30,0.05793504825575324,0.08350871830901631,0.31669372010303803
712,control,30,averse,9,2024-05-31,0.08784747471052179,0.08250597217742274,0.6439582317503062
713,control,30,averse,9,2024-06-30,0.10517815436069289,0.08033676463015181,0.7557894056191325
714,control,30,averse,9,2024-07-31,0.12613427609438643,0.07775436157590955,0.9270675203125787
715,control,30,averse,9,2024-08-31,0.16200233957111787,0.07651786045662565,1.2306544749329376
716,control,30,averse,9,2024-09-30,0.17399149669686897,0.0757174897944704,1.2195315887943927
717,control,30,averse,9,2024-10-31,0.15428525230118018,0.07611081207189375,0.920981743298849
718,control,30,averse,9,2024-11-30,0.1946814114525397,0.0767994553730165,1.1818749418365921
719,control,30,averse,9,2024-12-31,0.15596027378933908,0.07676278483409359,0.7519192406497119
720,control,30,neutral,0,2023-07-31,0.02010772878752376,0.07448700395461948,2.519388328227023
721,control,30,neutral,0,2023-08-31,-0.007325821140518607,0.13562820284417537,-0.6191196530505974
722,control,30,neutral,0,2023-09-30,-0.05674078765154922,0.12600537166836678,-1.9899426388046657
723,control,30,neutral,0,2023-10-31,-0.058385943333494894,0.11881210180700748,-1.6993879896561992
724,control,30,neutral,0,2023-11-30,0.02844374818531037,0.14194816785103587,0.18430616007929027
725,control,30,neutral,0,2023-12-31,0.07560364891826166,0.13460848948611231,0.8046827256714133
726,control,30,neutral,0,2024-01-31,0.07310415567274697,0.130952824140037,0.6358191255411594
727,control,30,neutral,0,2024-02-29,0.12255508894855538,0.12301897671940464,1.1788040778673639
728,control,30,neutral,0,2024-03-31,0.1370012344109024,0.11794961919392036,1.1807914908563673
729,control,30,neutral,0,2024-04-30,0.09138161542118128,0.1224323907379893,0.5431167631862187
730,control,30,neutral,0,2024-05-31,0.16904885973046047,0.12155713755364758,1.16807161334687
731,control,30,neutral,0,2024-06-30,0.21394864331095897,0.12021475995755174,1.3903364647863996
732,control,30,neutral,0,2024-07-31,0.2518591160611081,0.11856247343558204,1.560834501022402
733,control,30,neutral,0,2024-08-31,0.283701525812162,0.11816253264283391,1.649283180502798
734,control,30,neutral,0,2024-09-30,0.31403897440074213,0.12118864898544013,1.6313466890633654
735,control,30,neutral,0,2024-10-31,0.29875293035188766,0.12035507776337369,1.4286503157581874
736,control,30,neutral,0,2024-11-30,0.3819120868975123,0.12215073830384696,1.7423694189578443
737,control,30,neutral,0,2024-12-31,0.3695889635228542,0.11993363363617073,1.5644461535068972
738,control,30,neutral,1,2023-07-31,0.006054266790926466,0.07691686495482869,0.29134933556455145
739,control,30,neutral,1,2023-08-31,-0.026374941289332487,0.1454017128709309,-1.2756191449181178
740,control,30,neutral,1,2023-09-30,-0.0720614833014609,0.132695195790979,-2.2678719306870456
741,control,30,neutral,1,2023-10-31,-0.01983654570806237,0.13162014033816652,-0.7492422073378582
742,control,30,neutral,1,2023-11-30,0.0743738717455964,0.15311365005298874,0.930090247600007
743,control,30,neutral,1,2023-12-31,0.1291270609156674,0.15001096170258377,1.474113248611015
744,control,30,neutral,1,2024-01-31,0.1272593985481627,0.14476241307956253,1.244595885773332
745,control,30,neutral,1,2024-02-29,0.2516855067264383,0.1435874112310377,2.4619793291256107
746,control,30,neutral,1,2024-03-31,0.2885638776452941,0.14042238032451312,2.4783546833490036
747,control,30,neutral,1,2024-04-30,0.22836996077433125,0.14839936167007153,1.568747109142008
748,control,30,neutral,1,2024-05-31,0.320959535686842,0.14653636507443563,2.11266537409282
749,control,30,neutral,1,2024-06-30,0.36386942714465986,0.14314730260653963,2.190261039841762
750,control,30,neutral,1,2024-07-31,0.4079103114084415,0.13791489155556894,2.3486255341931246
751,control,30,neutral,1,2024-08-31,0.39669893912771603,0.14234634495904439,2.0171985870705518
752,control,30,neutral,1,2024-09-30,0.44619181976248545,0.15071978678319847,1.95696227757438
753,control,30,neutral,1,2024-10-31,0.45887485431239994,0.14994147829588841,1.877283498638422
754,control,30,neutral,1,2024-11-30,0.6470824585211152,0.15174072009907555,2.488565761364989
755,control,30,neutral,1,2024-12-31,0.6667381728373354,0.15005805857970167,2.381324148287705
756,control,30,neutral,2,2023-07-31,-0.00010182573557937502,0.10431003941166903,-0.416408122313303
757,control,30,neutral,2,2023-08-31,-0.02515430700982313,0.20243408571876198,-0.8854810506166279
758,control,30,neutral,2,2023-09-30,-0.07448946244951271,0.1789114799471217,-1.72524044503299
759,control,30,neutral,2,2023-10-31,-0.0821763613934654,0.17317934592682116,-1.5117297850584883
760,control,30,neutral,2,2023-11-30,0.018871613815292232,0.18694093344410911,0.014998406106796872
761,control,30,neutral,2,2023-12-31,0.05478980613400797,0.17666341594156623,0.3725563879446748
762,control,30,neutral,2,2024-01-31,-0.005684192677078537,0.17097145271182712,-0.30352127328165723
763,control,30,neutral,2,2024-02-29,0.06024577555036381,0.16519551415664407,0.2931515374314848
764,control,30,neutral,2,2024-03-31,0.036695558541132156,0.16440350743644988,0.0339866563879568
765,control,30,neutral,2,2024-04-30,0.02371915208245734,0.17961862660219027,-0.07953119430272362
766,control,30,neutral,2,2024-05-31,0.08166039393686986,0.18335675355987996,0.25296114944866593
767,control,30,neutral,2,2024-06-30,0.15093616398930698,0.17919471689010982,0.5888032540715233
768,control,30,neutral,2,2024-07-31,0.21789019807711774,0.18766519494988687,0.8239958088601758
769,control,30,neutral,2,2024-08-31,0.20135894361465834,0.1874133913695529,0.677117835877252
770,control,30,neutral,2,2024-09-30,0.2770344401086693,0.187728913904449,0.9061123718503213
771,control,30,neutral,2,2024-10-31,0.26619425432156096,0.18738091642083732,0.7965461295219752
772,control,30,neutral,2,2024-11-30,0.44841597087328133,0.1933986153955267,1.3184267460459875
773,control,30,neutral,2,2024-12-31,0.5295730483804773,0.19327552347975033,1.4508196642803473
774,control,30,neutral,3,2023-07-31,0.012399984513828954,0.07587261383932142,1.24373692878832
775,control,30,neutral,3,2023-08-31,-0.00013612417962816092,0.1252879077860359,-0.3445129460331036
776,control,30,neutral,3,2023-09-30,-0.0625241822189071,0.13013589515164783,-2.0746049283079024
777,control,30,neutral,3,2023-10-31,-0.04082327083791104,0.13098773399846278,-1.1895697380505208
778,control,30,neutral,3,2023-11-30,0.056780829474683436,0.1592443993873111,0.6095248149181243
779,control,30,neutral,3,2023-12-31,0.08363064995169012,0.1470818644882,0.8492748310549393
780,control,30,neutral,3,2024-01-31,0.08516549445298516,0.15484561873544198,0.6752881387976292
781,control,30,neutral,3,2024-02-29,0.1255789660561839,0.1484396219672384,1.0089656768297661
782,control,30,neutral,3,2024-03-31,0.12291427265803523,0.1439694678830148,0.8354353353169826
783,control,30,neutral,3,2024-04-30,0.08097841900777891,0.14979031980491989,0.3605988356225199
784,control,30,neutral,3,2024-05-31,0.14753150370382584,0.14747463532441335,0.8027807444001807
785,control,30,neutral,3,2024-06-30,0.23042764695105067,0.1465771072969772,1.2501676226196508
786,control,30,neutral,3,2024-07-31,0.23391930911072634,0.1491769217829351,1.1328793125893302
787,control,30,neutral,3,2024-08-31,0.2412792178207801,0.14934154924285475,1.0709841092002383
788,control,30,neutral,3,2024-09-30,0.27674691073281577,0.1512755193313111,1.1230396050514428
789,control,30,neutral,3,2024-10-31,0.2410992250131454,0.1495929308890641,0.8801764355945895
790,control,30,neutral,3,2024-11-30,0.3139436878900381,0.1484042946866591,1.1396242076044418
791,control,30,neutral,3,2024-12-31,0.34100841527052683,0.14707463488599445,1.1604561532800313
792,control,30,neutral,4,2023-07-31,0.010954341796967304,0.06739560776425685,1.1513684354527125
793,control,30,neutral,4,2023-08-31,-0.027150102063949855,0.15193084249454356,-1.2466954244499133
794,control,30,neutral,4,2023-09-30,-0.07405101996745111,0.13671707393167146,-2.2475174309042414
795,control,30,neutral,4,2023-10-31,-0.051633435213819356,0.12664461811230046,-1.455867905130949
796,control,30,neutral,4,2023-11-30,0.03789896033419771,0.14666450353950675,0.33769325050660703
797,control,30,neutral,4,2023-12-31,0.08455059501494011,0.14121689118120806,0.8980668281881108
798,control,30,neutral,4,2024-01-31,0.07645267698491187,0.13615039037836316,0.6548669517831514
799,control,30,neutral,4,2024-02-29,0.14433640168894812,0.1310685753999544,1.3687946279918397
800,control,30,neutral,4,2024-03-31,0.16379018017809344,0.12638581181887085,1.3893517260161654
801,control,30,neutral,4,2024-04-30,0.11716713739394469,0.13242528303163875,0.7364404542072187
802,control,30,neutral,4,2024-05-31,0.2100665326335378,0.13360683145309976,1.4001568825464494
803,control,30,neutral,4,2024-06-30,0.2496993376340615,0.13248637046286782,1.5252695474225004
804,control,30,neutral,4,2024-07-31,0.3002933824357783,0.1292856711505904,1.7659142694514547
805,control,30,neutral,4,2024-08-31,0.31603040691848094,0.12972764006009627,1.706626514490748
806,control,30,neutral,4,2024-09-30,0.3513784395864119,0.13395232438050877,1.682547053649154
807,control,30,neutral,4,2024-10-31,0.34782822251741075,0.1336451007455284,1.5404100698273222
808,control,30,neutral,4,2024-11-30,0.4748293637655059,0.1355214615152313,2.00383192600392
809,control,30,neutral,4,2024-12-31,0.47792166635945765,0.13262025743678216,1.8913673498135368
810,control,30,neutral,5,2023-07-31,0.01875235395796193,0.10674988383439302,1.5997272540806002
811,control,30,neutral,5,2023-08-31,-0.01528189782827738,0.13272022541825446,-0.9607463560064969
812,control,30,neutral,5,2023-09-30,-0.05910199415368489,0.119130561446033,-2.171066335667239
813,control,30,neutral,5,2023-10-31,-0.07408083485678107,0.10926886482841319,-2.2123810675802966
814,control,30,neutral,5,2023-11-30,0.012189281774828586,0.13700771299842865,-0.09726634213714459
815,control,30,neutral,5,2023-12-31,0.0674273263842442,0.13337494452608334,0.6862615502409986
816,control,30,neutral,5,2024-01-31,0.0593157643622777,0.1272286629535085,0.4645715976536795
817,control,30,neutral,5,2024-02-29,0.10128423934748754,0.12078836552588613,0.925104707873607
818,control,30,neutral,5,2024-03-31,0.12793445183946606,0.11777417080086054,1.0786652371863907
819,control,30,neutral,5,2024-04-30,0.08067755167797297,0.12226755732677354,0.43882109787689
820,control,30,neutral,5,2024-05-31,0.13540179200945301,0.1198073362600961,0.8772717373368818
821,control,30,neutral,5,2024-06-30,0.15850793354690262,0.11662558689192754,0.9682197918814813
822,control,30,neutral,5,2024-07-31,0.18314129499943,0.11451977892192,1.0778802999870598
823,control,30,neutral,5,2024-08-31,0.20016029620824716,0.11602223202337333,1.0851917146904555
824,control,30,neutral,5,2024-09-30,0.23729407387165047,0.12067190175252769,1.1624601103528538
825,control,30,neutral,5,2024-10-31,0.21305417082323208,0.11889182499806215,0.941212615105407
826,control,30,neutral,5,2024-11-30,0.26520242676144745,0.11969358002922142,1.1476627489635245
827,control,30,neutral,5,2024-12-31,0.2344154052355345,0.11832255357841212,0.8984910822925035
828,control,30,neutral,6,2023-07-31,0.07195396083660843,0.19413981130902164,5.240835761957837
829,control,30,neutral,6,2023-08-31,0.01921512341718823,0.2353127714469226,0.3139004083031916
830,control,30,neutral,6,2023-09-30,-0.0704453691731799,0.23400388817226828,-1.2638976780119047
831,control,30,neutral,6,2023-10-31,-0.08662958763726447,0.2166492330427202,-1.258677130404816
832,control,30,neutral,6,2023-11-30,0.04999675378226853,0.2465545410379366,0.3238622281704204
833,control,30,neutral,6,2023-12-31,0.1123485500603667,0.22922298463413998,0.8080426944085174
834,control,30,neutral,6,2024-01-31,0.07446929562395299,0.23239054790599725,0.3686267087407992
835,control,30,neutral,6,2024-02-29,0.13886629830298225,0.2233583676843136,0.7644173480798943
836,control,30,neutral,6,2024-03-31,0.16632489747898238,0.21393494043590852,0.8369086959248376
837,control,30,neutral,6,2024-04-30,0.15499754958459122,0.2194292269671834,0.6529710768257639
838,control,30,neutral,6,2024-05-31,0.19638347619242214,0.2123422108408477,0.8100928941630485
839,control,30,neutral,6,2024-06-30,0.2756446768904983,0.20549540150813414,1.1066985629915558
840,control,30,neutral,6,2024-07-31,0.2632329245073528,0.20891842619224257,0.9344604704473538
841,control,30,neutral,6,2024-08-31,0.26187996411002423,0.2047836511363322,0.863993928499351
842,control,30,neutral,6,2024-09-30,0.29916516701782925,0.207158946382103,0.9008937548428761
843,control,30,neutral,6,2024-10-31,0.30671472964324176,0.20183725790426776,0.879277491459292
844,control,30,neutral,6,2024-11-30,0.39155950831153663,0.19813224415447842,1.1052367549018347
845,control,30,neutral,6,2024-12-31,0.4582285981181291,0.19699949742748366,1.2155623700312672
846,control,30,neutral,7,2023-07-31,0.006101676218420504,0.06776766948365755,0.3383860706232354
847,control,30,neutral,7,2023-08-31,-0.032271719415373545,0.13626323427760853,-1.578065753481803
848,control,30,neutral,7,2023-09-30,-0.07550282659031415,0.12049039934901515,-2.588367910741465
849,control,30,neutral,7,2023-10-31,-0.053234179033267326,0.11195534466448104,-1.6841973590534076
850,control,30,neutral,7,2023-11-30,0.0353604796352025,0.13472551750341066,0.32084409092615046
851,control,30,neutral,7,2023-12-31,0.09403889267385401,0.13244494057699707,1.1068901173125156
852,control,30,neutral,7,2024-01-31,0.0807635856842599,0.12519597331685087,0.7729636599365205
853,control,30,neutral,7,2024-02-29,0.15303394496335554,0.12266097708540682,1.5753013391571726
854,control,30,neutral,7,2024-03-31,0.18196047230403845,0.12032402692328399,1.6652794131554267
855,control,30,neutral,7,2024-04-30,0.12252745199901316,0.12569450723036188,0.8273231690186736
856,control,30,neutral,7,2024-05-31,0.2035728714434235,0.12570972854650078,1.4312707125637658
857,control,30,neutral,7,2024-06-30,0.2275029189761495,0.12319109856253375,1.4642904593571235
858,control,30,neutral,7,2024-07-31,0.2858976524153449,0.11948415840713185,1.8033123408832916
859,control,30,neutral,7,2024-08-31,0.30322008500858355,0.11963818073720692,1.7628353787203852
860,control,30,neutral,7,2024-09-30,0.3417278770939993,0.12298557092958384,1.774538926313998
861,control,30,neutral,7,2024-10-31,0.3373811236385633,0.12368896148751786,1.6062368058286791
862,control,30,neutral,7,2024-11-30,0.4627544371985004,0.12627463993439564,2.090630059365279
863,control,30,neutral,7,2024-12-31,0.4395396813942769,0.1238592626374584,1.8458674397262012
864,control,30,neutral,8,2023-07-31,0.04475053994889078,0.19118948995459134,2.794388158761779
865,control,30,neutral,8,2023-08-31,0.05257567071146596,0.18229115126701728,1.6576021083003587
866,control,30,neutral,8,2023-09-30,-0.002451224573816302,0.18843911690963625,-0.27672583953000696
867,control,30,neutral,8,2023-10-31,0.007399539386262699,0.17551820086245798,-0.11879624833073808
868,control,30,neutral,8,2023-11-30,0.0989766888620236,0.19116838555435253,1.0856497662492137
869,control,30,neutral,8,2023-12-31,0.155913155942764,0.1800018687610388,1.55273153860188
870,control,30,neutral,8,2024-01-31,0.17430907061579415,0.1852295294724024,1.4412862732342717
871,control,30,neutral,8,2024-02-29,0.27249257274899796,0.17452843269261642,2.223836842498214
872,control,30,neutral,8,2024-03-31,0.33245462133872783,0.16820420057207403,2.4368926115308858
873,control,30,neutral,8,2024-04-30,0.3157102419761366,0.1789826664889136,1.9031693328808061
874,control,30,neutral,8,2024-05-31,0.37261901361667227,0.16950215218285683,2.164883023778809
875,control,30,neutral,8,2024-06-30,0.45352979656039016,0.16404485446754363,2.444038795878537
876,control,30,neutral,8,2024-07-31,0.4217877546001627,0.16657988275453273,2.0181968159013275
877,control,30,neutral,8,2024-08-31,0.3870000498420356,0.1695669257318233,1.646940178733923
878,control,30,neutral,8,2024-09-30,0.43152892859403535,0.18073919730910046,1.5727547962972928
879,control,30,neutral,8,2024-10-31,0.4468057368270444,0.17559347020055546,1.5566529589585956
880,control,30,neutral,8,2024-11-30,0.5562100230060081,0.17830735650592666,1.8064420747648282
881,control,30,neutral,8,2024-12-31,0.6235933899198993,0.17815953480947566,1.8712486881032189
882,control,30,neutral,9,2023-07-31,0.03498824281977453,0.13535239425248954,2.863618022295064
883,control,30,neutral,9,2023-08-31,0.03128437730953726,0.17429130593233297,0.8745681497098416
884,control,30,neutral,9,2023-09-30,-0.03831265149601171,0.16772906517033223,-1.1151514651549805
885,control,30,neutral,9,2023-10-31,-0.0307742221751639,0.16210344314235492,-0.7940610018206589
886,control,30,neutral,9,2023-11-30,0.0632213223142104,0.1835220220685523,0.6187015905747972
887,control,30,neutral,9,2023-12-31,0.10351865099320534,0.17041714638153269,0.9771507801356775
888,control,30,neutral,9,2024-01-31,0.11584473106134063,0.1784061595660741,0.8938945211265049
889,control,30,neutral,9,2024-02-29,0.18654333684022362,0.16926542500870673,1.4589707522613793
890,control,30,neutral,9,2024-03-31,0.21026957370279242,0.16221945764824877,1.4745824686259967
891,control,30,neutral,9,2024-04-30,0.1973884907371659,0.17475357365038263,1.115165376828205
892,control,30,neutral,9,2024-05-31,0.30386228383377434,0.1706262304298109,1.7033481678389302
893,control,30,neutral,9,2024-06-30,0.399544350162518,0.16919413021849228,2.058693851929712
894,control,30,neutral,9,2024-07-31,0.4101097712060455,0.17141116390000966,1.901028496945598
895,control,30,neutral,9,2024-08-31,0.40613222956801565,0.17233012632501768,1.710622204456212
896,control,30,neutral,9,2024-09-30,0.44397983052790435,0.17707175649544576,1.6566226563681463
897,control,30,neutral,9,2024-10-31,0.4497228320216795,0.1731079048472233,1.590385060730735
898,control,30,neutral,9,2024-11-30,0.545917012818415,0.17163136889422864,1.8397211312026447
899,control,30,neutral,9,2024-12-31,0.612087160431976,0.16919299300100815,1.9324404218138698
900,control,30,seeking,0,2023-07-31,-0.026804815977023666,0.1568146901584512,-1.8399840118965696
901,control,30,seeking,0,2023-08-31,-0.08333349530360623,0.2647493073800355,-1.6525144155770093
902,control,30,seeking,0,2023-09-30,-0.1196206441814075,0.25302957950141053,-1.7454360759077583
903,control,30,seeking,0,2023-10-31,-0.18075615546817503,0.23149376732710092,-2.0744255181510867
904,control,30,seeking,0,2023-11-30,-0.05530591880116209,0.25479557922622054,-0.6601531611381987
905,control,30,seeking,0,2023-12-31,0.037844237821549775,0.24821956972297393,0.1280476576870847
906,control,30,seeking,0,2024-01-31,-0.04389942984784578,0.23799294339880753,-0.4828489516772623
907,control,30,seeking,0,2024-02-29,0.06466664159920943,0.2365428736717984,0.23332602749136983
908,control,30,seeking,0,2024-03-31,0.06068283446666456,0.23540188851387148,0.15810737194966767
909,control,30,seeking,0,2024-04-30,0.00726748354674589,0.24815753198670942,-0.13613352346914825
910,control,30,seeking,0,2024-05-31,0.08941420548323076,0.2493537836508587,0.21992746486244583
911,control,30,seeking,0,2024-06-30,0.10976127763853039,0.24076220301358497,0.27083018799016223
912,control,30,seeking,0,2024-07-31,0.22873584343909825,0.24145494257610814,0.6806910048698863
913,control,30,seeking,0,2024-08-31,0.16275814553606693,0.24388858936076913,0.3886905706769771
914,control,30,seeking,0,2024-09-30,0.2519248754754624,0.24757499166968613,0.6110502276178512
915,control,30,seeking,0,2024-10-31,0.2536179824405398,0.2487625841360836,0.5646107115663757
916,control,30,seeking,0,2024-11-30,0.5505601470922681,0.2735053241713603,1.1649462003199271
917,control,30,seeking,0,2024-12-31,0.5737686999209597,0.27280284521219683,1.1196482003653982
918,control,30,seeking,1,2023-07-31,0.09628453420701621,0.3040782706216217,5.126947400058387
919,control,30,seeking,1,2023-08-31,-0.09103174870817632,0.4165463256821895,-1.1193697653108803
920,control,30,seeking,1,2023-09-30,-0.1533450297957173,0.4098266356831651,-1.2896660640963113
921,control,30,seeking,1,2023-10-31,-0.2042589090901582,0.35620571717202715,-1.4754266279097867
922,control,30,seeking,1,2023-11-30,-0.043986158620712534,0.3696205090128928,-0.3875408755181532
923,control,30,seeking,1,2023-12-31,0.11047808409062987,0.3609937800210928,0.502084639025116
924,control,30,seeking,1,2024-01-31,-0.09717153368332809,0.356208388024012,-0.5613338158095446
925,control,30,seeking,1,2024-02-29,0.0917005007382461,0.3593305839801455,0.26953358986722775
926,control,30,seeking,1,2024-03-31,0.061656198026242226,0.352059696327837,0.1093760150520215
927,control,30,seeking,1,2024-04-30,-0.0010649681847539894,0.3668724759181971,-0.1189392674777387
928,control,30,seeking,1,2024-05-31,0.05392081974045371,0.36358192003228285,0.04446394334697366
929,control,30,seeking,1,2024-06-30,0.001175753689018011,0.3531049692287994,-0.1167457651186785
930,control,30,seeking,1,2024-07-31,0.06104499763204729,0.34866308510225924,0.03776482363071432
931,control,30,seeking,1,2024-08-31,-0.01978560752184344,0.34887807811120286,-0.1698825359269151
932,control,30,seeking,1,2024-09-30,0.174504490153367,0.35448296632963205,0.2615936920074491
933,control,30,seeking,1,2024-10-31,0.13551043210159763,0.34948971426026765,0.16202638809350553
934,control,30,seeking,1,2024-11-30,0.4666998055751126,0.367141421178866,0.7257927630400454
935,control,30,seeking,1,2024-12-31,0.4804429216019823,0.36618444026229563,0.6889570453495387
936,control,30,seeking,2,2023-07-31,0.04584691463085777,0.20909689867624554,2.6377722220562916
937,control,30,seeking,2,2023-08-31,0.009496799672127132,0.2108641406839018,0.06522280408987555
938,control,30,seeking,2,2023-09-30,-0.04234741951764043,0.20371476833176544,-0.9881830069805768
939,control,30,seeking,2,2023-10-31,-0.01524809485382772,0.18514414720495423,-0.4633990496534414
940,control,30,seeking,2,2023-11-30,0.05271050336190708,0.20313764224912886,0.42688961617908605
941,control,30,seeking,2,2023-12-31,0.11092759060614732,0.19204230678176315,0.9487676910187668
942,control,30,seeking,2,2024-01-31,0.11132694674915933,0.18361699423816508,0.8241347389989561
943,control,30,seeking,2,2024-02-29,0.25002321217340584,0.17761946922426755,1.9747604906884517
944,control,30,seeking,2,2024-03-31,0.34343009780374567,0.17226645251351833,2.4698128580097354
945,control,30,seeking,2,2024-04-30,0.31813374726267685,0.18319035854118207,1.8758928018821537
946,control,30,seeking,2,2024-05-31,0.4287329744438715,0.17636929959309966,2.4350796314968792
947,control,30,seeking,2,2024-06-30,0.45422917004016305,0.17018684038499157,2.3598377956873233
948,control,30,seeking,2,2024-07-31,0.4417152485887206,0.16613786995365537,2.129599074848674
949,control,30,seeking,2,2024-08-31,0.4454312426033644,0.16964198549157405,1.9251396268941656
950,control,30,seeking,2,2024-09-30,0.5078071193486697,0.1817985096711445,1.8682476617657735
951,control,30,seeking,2,2024-10-31,0.5462077744263949,0.17712098567422344,1.919096867056356
952,control,30,seeking,2,2024-11-30,0.6965702856006861,0.17671994677872332,2.3057115647864745
953,control,30,seeking,2,2024-12-31,0.7052850804657045,0.17639647121088797,2.146081949567943
954,control,30,seeking,3,2023-07-31,0.031922933342794835,0.15201976825235003,2.2639174440675753
955,control,30,seeking,3,2023-08-31,-0.034984521368398136,0.21600520893356331,-1.0571186940426789
956,control,30,seeking,3,2023-09-30,-0.08904010881204427,0.1893006202666016,-1.8686124233239134
957,control,30,seeking,3,2023-10-31,-0.104309587958194,0.1782839285021632,-1.766563178426031
958,control,30,seeking,3,2023-11-30,-0.030799213145882742,0.20176337138185904,-0.563294613366832
959,control,30,seeking,3,2023-12-31,0.009711944712746723,0.18949450110649482,-0.12448118598486028
960,control,30,seeking,3,2024-01-31,-0.026096043925413315,0.17978844077105305,-0.47702211873792677
961,control,30,seeking,3,2024-02-29,0.05265949714667162,0.18012050915183508,0.20459411119472154
962,control,30,seeking,3,2024-03-31,0.06659217800148531,0.17383561758984234,0.2591208130708345
963,control,30,seeking,3,2024-04-30,0.016081136987681433,0.17980432776635388,-0.12983237979278725
964,control,30,seeking,3,2024-05-31,0.13388624628841006,0.18489056852400845,0.5594897317136249
965,control,30,seeking,3,2024-06-30,0.1561807826028785,0.17976660554891163,0.615477191771708
966,control,30,seeking,3,2024-07-31,0.19083542357707883,0.1750024083160177,0.7448643959238717
967,control,30,seeking,3,2024-08-31,0.22105616526016791,0.1752215819056822,0.8173878584669909
968,control,30,seeking,3,2024-09-30,0.2578463220097118,0.1776829764790132,0.8764304656726828
969,control,30,seeking,3,2024-10-31,0.2515590151001086,0.1740780172475659,0.7985532246243173
970,control,30,seeking,3,2024-11-30,0.3263633985400005,0.17316913267176776,1.023050699848077
971,control,30,seeking,3,2024-12-31,0.31430735840587887,0.16975294176993705,0.9114465239659829
972,control,30,seeking,4,2023-07-31,-0.01870994210533139,0.1994328619058122,-1.1067160536715261
973,control,30,seeking,4,2023-08-31,-0.053106601338308024,0.2776191621594928,-1.1267125836396268
974,control,30,seeking,4,2023-09-30,-0.07912600240635603,0.27325955095108284,-1.1829703228480621
975,control,30,seeking,4,2023-10-31,-0.11608062512405848,0.2578153900708303,-1.32740495986326
976,control,30,seeking,4,2023-11-30,0.01897786151638714,0.2708918961409141,0.01130137158927362
977,control,30,seeking,4,2023-12-31,0.09786981652819504,0.25665104258123284,0.6025042147125803
978,control,30,seeking,4,2024-01-31,0.019499076558350925,0.24853462025226972,-0.03803641757257865
979,control,30,seeking,4,2024-02-29,0.18501825125976645,0.2519135514596264,0.9705390862097014
980,control,30,seeking,4,2024-03-31,0.15293926664062352,0.2549598941105443,0.6308918714861252
981,control,30,seeking,4,2024-04-30,0.11662357213341656,0.2758623172945075,0.35114581108219267
982,control,30,seeking,4,2024-05-31,0.15705305014811288,0.2715731632893881,0.47437446948162043
983,control,30,seeking,4,2024-06-30,0.20295054442914995,0.2627642313432392,0.5951603648892306
984,control,30,seeking,4,2024-07-31,0.2604124300838846,0.2717256778289074,0.7091890916385962
985,control,30,seeking,4,2024-08-31,0.18798732762416814,0.27705586072994903,0.41795700444706513
986,control,30,seeking,4,2024-09-30,0.32547673231317265,0.2855854015155678,0.7220159847966119
987,control,30,seeking,4,2024-10-31,0.29979007519967293,0.28856658290829296,0.5983562215254346
988,control,30,seeking,4,2024-11-30,0.6021648023099868,0.3066672871318326,1.1422580159903066
989,control,30,seeking,4,2024-12-31,0.6744286478340986,0.3074302926145972,1.1761516097651679
990,control,30,seeking,5,2023-07-31,0.041890492050778105,0.2289224591437318,2.1402151471442807
991,control,30,seeking,5,2023-08-31,-0.0833010106335006,0.35898483706728973,-1.2183751011330264
992,control,30,seeking,5,2023-09-30,-0.14918927063824783,0.3390532137179907,-1.528893954948833
993,control,30,seeking,5,2023-10-31,-0.1956878824842455,0.2950466069233203,-1.7262003596646571
994,control,30,seeking,5,2023-11-30,0.011346040282131709,0.3481242652311359,-0.04409749139858015
995,control,30,seeking,5,2023-12-31,0.12334164770723066,0.3342113121718779,0.624438319221083
996,control,30,seeking,5,2024-01-31,-0.02286250540857082,0.3228020506581227,-0.24916002542514115
997,control,30,seeking,5,2024-02-29,0.15909851581580825,0.32102397349892486,0.632026889960061
998,control,30,seeking,5,2024-03-31,0.16424949950420298,0.3122217919621757,0.564404220477252
999,control,30,seeking,5,2024-04-30,0.0823628066854003,0.32663835313626616,0.17044486626320435
1000,control,30,seeking,5,2024-05-31,0.07273168573845368,0.32062282787080193,0.11430640839690887
1001,control,30,seeking,5,2024-06-30,0.09759851764782845,0.3091172900023769,0.1724089538091701
1002,control,30,seeking,5,2024-07-31,0.17599196632462766,0.30861551304658125,0.3791456244316239
1003,control,30,seeking,5,2024-08-31,0.1460422320482897,0.308481472296195,0.26207808460381965
1004,control,30,seeking,5,2024-09-30,0.2585975203349862,0.31295052552690744,0.49940954886939776
1005,control,30,seeking,5,2024-10-31,0.2841945439823905,0.31165317063552306,0.5192276233106516
1006,control,30,seeking,5,2024-11-30,0.6670088560760927,0.3346488407535632,1.164405498267619
1007,control,30,seeking,5,2024-12-31,0.7126113295890024,0.3334937486057108,1.1471776693686306
1008,control,30,seeking,6,2023-07-31,0.01601191607049901,0.20713579069494265,0.6626456159473875
1009,control,30,seeking,6,2023-08-31,-0.04660955381419629,0.2821885945454188,-1.0042767287892436
1010,control,30,seeking,6,2023-09-30,-0.11007503378060801,0.29084208515521826,-1.4274626577727418
1011,control,30,seeking,6,2023-10-31,-0.12164774449495397,0.2606859036361043,-1.3613661055627824
1012,control,30,seeking,6,2023-11-30,0.04526873537503451,0.2879265020850712,0.2359709110243954
1013,control,30,seeking,6,2023-12-31,0.12940542255103926,0.27397817660126944,0.8093094334821191
1014,control,30,seeking,6,2024-01-31,0.03085289649863876,0.2632941116762747,0.03765839386593983
1015,control,30,seeking,6,2024-02-29,0.22919971890965907,0.2654449213801265,1.1920217171249492
1016,control,30,seeking,6,2024-03-31,0.23813861350256826,0.2605038393871875,1.0660200534347612
1017,control,30,seeking,6,2024-04-30,0.18642096205608483,0.2748049326499925,0.6604580350678907
1018,control,30,seeking,6,2024-05-31,0.1946376991384855,0.2676612160489399,0.6354947709630919
1019,control,30,seeking,6,2024-06-30,0.2517240293421952,0.2594428362414851,0.7865144860458949
1020,control,30,seeking,6,2024-07-31,0.30617213302631363,0.26121149037900976,0.894092837111155
1021,control,30,seeking,6,2024-08-31,0.2416281449953559,0.26484437177867143,0.6049988122476292
1022,control,30,seeking,6,2024-09-30,0.35858355597277103,0.27203759384845516,0.848057702876038
1023,control,30,seeking,6,2024-10-31,0.38254374006099323,0.27074170774369233,0.848311522002132
1024,control,30,seeking,6,2024-11-30,0.7491678835441569,0.2850365072382764,1.5398272709131742
1025,control,30,seeking,6,2024-12-31,0.8443955500509099,0.2890346516644282,1.570167863361321
1026,control,30,seeking,7,2023-07-31,-0.026023345030968148,0.1919621551964346,-1.4701714246219677
1027,control,30,seeking,7,2023-08-31,-0.07576245720310881,0.2693722679031515,-1.5148613391177057
1028,control,30,seeking,7,2023-09-30,-0.09301226774358995,0.2631503255593424,-1.3895567177889627
1029,control,30,seeking,7,2023-10-31,-0.09371566033573953,0.24668713391495345,-1.1748317436869213
1030,control,30,seeking,7,2023-11-30,0.051079819746912225,0.2655013767511032,0.31106318564542623
1031,control,30,seeking,7,2023-12-31,0.15628367005165966,0.2583942155045002,1.0848181468558542
1032,control,30,seeking,7,2024-01-31,0.1033455351952215,0.2477874574991501,0.5528108783170064
1033,control,30,seeking,7,2024-02-29,0.3377032674106233,0.26254896668481587,1.8982414288491396
1034,control,30,seeking,7,2024-03-31,0.3285073313375897,0.2702567860531476,1.4960036817227667
1035,control,30,seeking,7,2024-04-30,0.2534128051900517,0.2880039318111278,0.9152013035407482
1036,control,30,seeking,7,2024-05-31,0.32125237005069396,0.28490111780725247,1.0877703533303509
1037,control,30,seeking,7,2024-06-30,0.33927112266508663,0.2754749443951348,1.0510304848764966
1038,control,30,seeking,7,2024-07-31,0.3902536706154234,0.27544662397292474,1.1191648865745896
1039,control,30,seeking,7,2024-08-31,0.3053645141972632,0.284101967548376,0.748534732467876
1040,control,30,seeking,7,2024-09-30,0.4556160143184438,0.29769571633537434,1.0138352209568762
1041,control,30,seeking,7,2024-10-31,0.4361488629769501,0.2964129982700537,0.8978419140191184
1042,control,30,seeking,7,2024-11-30,0.7876133467954471,0.3120589598454257,1.4795640922876792
1043,control,30,seeking,7,2024-12-31,0.8248718776376747,0.3114697214704585,1.4235379519643923
1044,control,30,seeking,8,2023-07-31,0.020065461915503402,0.2174717985614728,0.8604874553409109
1045,control,30,seeking,8,2023-08-31,-0.10623717502432417,0.3109872613236403,-1.671362626192388
1046,control,30,seeking,8,2023-09-30,-0.16496884021806713,0.3106755741402488,-1.790233431621563
1047,control,30,seeking,8,2023-10-31,-0.202368006347328,0.27381874171862347,-1.9063689672276645
1048,control,30,seeking,8,2023-11-30,0.012707654168370164,0.33583411865048335,-0.035970584525511544
1049,control,30,seeking,8,2023-12-31,0.15916100766847863,0.32712990039964407,0.8762790383466061
1050,control,30,seeking,8,2024-01-31,0.06670700967471221,0.3168920527154419,0.22729828683006412
1051,control,30,seeking,8,2024-02-29,0.3022631586926108,0.3183425614814125,1.376275001447659
1052,control,30,seeking,8,2024-03-31,0.2951061359112255,0.31856091286763977,1.12129415264186
1053,control,30,seeking,8,2024-04-30,0.19172624643249758,0.3381220277484223,0.555916347330612
1054,control,30,seeking,8,2024-05-31,0.21034409581570457,0.33028191971378046,0.5673215088711296
1055,control,30,seeking,8,2024-06-30,0.21182048564574374,0.3197248767752985,0.5162518225122698
1056,control,30,seeking,8,2024-07-31,0.24096525317427564,0.3229791080430015,0.5427853172589654
1057,control,30,seeking,8,2024-08-31,0.20430248652674776,0.3228292109723261,0.40065380575493464
1058,control,30,seeking,8,2024-09-30,0.33234028461153,0.33140258126656313,0.6375579060337844
1059,control,30,seeking,8,2024-10-31,0.32449643698397446,0.3272101263200626,0.5799962885832575
1060,control,30,seeking,8,2024-11-30,0.6460407957915411,0.34216145464511377,1.1017770626420933
1061,control,30,seeking,8,2024-12-31,0.6398241713725468,0.34117047104870235,1.0036570459572711
1062,control,30,seeking,9,2023-07-31,-0.014790585343933071,0.14806244352300493,-1.2558015353387886
1063,control,30,seeking,9,2023-08-31,-0.07246442636367267,0.25121214976597017,-1.5718657504678963
1064,control,30,seeking,9,2023-09-30,-0.0915289827799124,0.2660483394182178,-1.3577406393765825
1065,control,30,seeking,9,2023-10-31,-0.10568695425548669,0.2527633867322394,-1.258792636566829
1066,control,30,seeking,9,2023-11-30,0.009715244290435798,0.260987430638258,-0.07380230327666937
1067,control,30,seeking,9,2023-12-31,0.10791171161771063,0.2542886188711446,0.6913758183126557
1068,control,30,seeking,9,2024-01-31,0.05507890393076531,0.23998955228732205,0.215538296886122
1069,control,30,seeking,9,2024-02-29,0.2854070729774232,0.2533222632418365,1.6174875139774547
1070,control,30,seeking,9,2024-03-31,0.34143115823979464,0.25413311787298776,1.6630152785933257
1071,control,30,seeking,9,2024-04-30,0.2814435944545175,0.2640543554328366,1.1291894370904518
1072,control,30,seeking,9,2024-05-31,0.41927128232454347,0.27999599738307523,1.496152476850931
1073,control,30,seeking,9,2024-06-30,0.39688533109785307,0.272661976331388,1.267967462516648
1074,control,30,seeking,9,2024-07-31,0.46367940285524223,0.26411442570443083,1.4130194682659252
1075,control,30,seeking,9,2024-08-31,0.2801266578986523,0.28480530745051846,0.6739540599432874
1076,control,30,seeking,9,2024-09-30,0.36151178202184986,0.2893822518835338,0.8046968033756765
1077,control,30,seeking,9,2024-10-31,0.3444856966208554,0.28625644026651687,0.7111384494323185
1078,control,30,seeking,9,2024-11-30,0.6741687476754237,0.29716417124997074,1.3258203748625947
1079,control,30,seeking,9,2024-12-31,0.7243514666473889,0.29746345623090753,1.3077195651492344
1080,control,50,averse,0,2023-07-31,0.01721002936031968,0.08938865042062388,1.69825944841098
1081,control,50,averse,0,2023-08-31,-0.002093254462620431,0.10205908908995712,-0.533133373815571
1082,control,50,averse,0,2023-09-30,-0.048577134633800645,0.09961269108289832,-2.238471058284619
1083,control,50,averse,0,2023-10-31,-0.0720682329730783,0.09902272386135572,-2.3904268363211196
1084,control,50,averse,0,2023-11-30,0.0014052988684876144,0.12946121008809583,-0.30165227064708816
1085,control,50,averse,0,2023-12-31,0.05529630655816664,0.12869054455013504,0.5194024430811749
1086,control,50,averse,0,2024-01-31,0.04810163308491666,0.12051629112499777,0.32873095780395173
1087,control,50,averse,0,2024-02-29,0.07010834192356552,0.11373693668213365,0.5586277358070019
1088,control,50,averse,0,2024-03-31,0.0968118350687106,0.10968785713263193,0.7773539771542145
1089,control,50,averse,0,2024-04-30,0.04878064712081609,0.10979882199972868,0.14139601192479667
1090,control,50,averse,0,2024-05-31,0.08453330743949872,0.10750339515598449,0.46059224683346534
1091,control,50,averse,0,2024-06-30,0.09966536481974209,0.1035038045637212,0.5344619261230008
1092,control,50,averse,0,2024-07-31,0.13881784102031625,0.1008002589380922,0.8286579374930159
1093,control,50,averse,0,2024-08-31,0.17220263289446347,0.09954014025883802,1.0314068740747422
1094,control,50,averse,0,2024-09-30,0.19674317053810753,0.09891378852524844,1.1083431121766871
1095,control,50,averse,0,2024-10-31,0.16815507326865808,0.09861034300490683,0.8113903910499999
1096,control,50,averse,0,2024-11-30,0.21118861644996723,0.1003792392624671,1.0136265069080113
1097,control,50,averse,0,2024-12-31,0.16006035580966893,0.1005047331698,0.5998346868515911
1098,control,50,averse,1,2023-07-31,0.010126556676431253,0.08227362136828946,0.8276826780288552
1099,control,50,averse,1,2023-08-31,-0.0054912939152392815,0.09467015889349535,-0.7783995151816877
1100,control,50,averse,1,2023-09-30,-0.04454694479413124,0.09168113797331638,-2.279726582624773
1101,control,50,averse,1,2023-10-31,-0.04733701166608406,0.08852741999192873,-1.9553323747808238
1102,control,50,averse,1,2023-11-30,0.03092568542309926,0.11636687028770139,0.27728734147078443
1103,control,50,averse,1,2023-12-31,0.06947381010920228,0.11117007566619522,0.8610289986083153
1104,control,50,averse,1,2024-01-31,0.07788822223475766,0.10703174617579173,0.8566875993751824
1105,control,50,averse,1,2024-02-29,0.1000970465409452,0.1021125243494865,1.076204122209829
1106,control,50,averse,1,2024-03-31,0.12069521053064203,0.09834159472271081,1.1926915924235542
1107,control,50,averse,1,2024-04-30,0.07003986369430248,0.10149134690816314,0.40313392106406715
1108,control,50,averse,1,2024-05-31,0.11266128730700986,0.09769159900684998,0.8212258497859252
1109,control,50,averse,1,2024-06-30,0.1465197042042139,0.09562392226625949,1.058193607351846
1110,control,50,averse,1,2024-07-31,0.15849415319067517,0.09362997733446855,1.0815165493576433
1111,control,50,averse,1,2024-08-31,0.18095935475713465,0.09254706514108745,1.1880892266253253
1112,control,50,averse,1,2024-09-30,0.20737279910213502,0.09413511864132053,1.2501672820402991
1113,control,50,averse,1,2024-10-31,0.17521456102911936,0.0941597798190696,0.9032127232938439
1114,control,50,averse,1,2024-11-30,0.21662779939476362,0.09551502238167087,1.1030217418266224
1115,control,50,averse,1,2024-12-31,0.1861125368059302,0.09495204777189445,0.8059237084912557
1116,control,50,averse,2,2023-07-31,0.013690928562190896,0.0867041912200844,1.2632724139714855
1117,control,50,averse,2,2023-08-31,-0.001503078034435501,0.08931580808394816,-0.5713478324616266
1118,control,50,averse,2,2023-09-30,-0.04081101191988157,0.08574396747845636,-2.2846738167403675
1119,control,50,averse,2,2023-10-31,-0.05779911130818016,0.08591121006964865,-2.3325684466056
1120,control,50,averse,2,2023-11-30,0.006853419675518779,0.11141001779601327,-0.23429057804037753
1121,control,50,averse,2,2023-12-31,0.0537115531363237,0.11151029341304226,0.5706768284547845
1122,control,50,averse,2,2024-01-31,0.05397126059038726,0.10445726255995517,0.4767588023975138
1123,control,50,averse,2,2024-02-29,0.07508744693446223,0.09919732555090048,0.7176633469586086
1124,control,50,averse,2,2024-03-31,0.09401049329682376,0.09605356882221269,0.8487307035648082
1125,control,50,averse,2,2024-04-30,0.04757483775776983,0.09646533633691984,0.14604027631700853
1126,control,50,averse,2,2024-05-31,0.08237497748137512,0.09452076769244594,0.4989524571777889
1127,control,50,averse,2,2024-06-30,0.10150173971049115,0.0915227752997018,0.6240775996316157
1128,control,50,averse,2,2024-07-31,0.13695653401186592,0.08882449752413804,0.921480382922507
1129,control,50,averse,2,2024-08-31,0.16994624724509655,0.08745583704460422,1.1524354546008215
1130,control,50,averse,2,2024-09-30,0.19052393785948873,0.08686650077991831,1.2077265273707798
1131,control,50,averse,2,2024-10-31,0.1642247916789401,0.08678432180319884,0.8896194280985456
1132,control,50,averse,2,2024-11-30,0.2021739129596023,0.08920853312331109,1.073400839989215
1133,control,50,averse,2,2024-12-31,0.16040500384201128,0.08927702078553135,0.6776866684576028
1134,control,50,averse,3,2023-07-31,0.015545496969603834,0.11862403571770339,1.1097060883900964
1135,control,50,averse,3,2023-08-31,0.002307803070174863,0.0952306698058294,-0.3042020824400125
1136,control,50,averse,3,2023-09-30,-0.033239726709186845,0.09031100141070686,-1.8696767512097803
1137,control,50,averse,3,2023-10-31,-0.04367143201345791,0.0809822981297089,-2.017759703936326
1138,control,50,averse,3,2023-11-30,-0.0038487266241615803,0.08828576262514597,-0.5827688947965162
1139,control,50,averse,3,2023-12-31,0.006158117983628308,0.09066201780591578,-0.33622878249226545
1140,control,50,averse,3,2024-01-31,0.028621965357380708,0.0867403886981624,0.07030171036641789
1141,control,50,averse,3,2024-02-29,0.030258474190084428,0.08373443945998969,0.034717386945719145
1142,control,50,averse,3,2024-03-31,0.03505212162162685,0.07976182708023224,0.042982309541589145
1143,control,50,averse,3,2024-04-30,0.0030120025871893663,0.08098259283726898,-0.4793184805552627
1144,control,50,averse,3,2024-05-31,0.019512160113486887,0.08200439047478741,-0.25878869564093265
1145,control,50,averse,3,2024-06-30,0.02390559889401267,0.08039864330631036,-0.23542392223807154
1146,control,50,averse,3,2024-07-31,0.05183190971012008,0.07999985962326113,0.06003331188945667
1147,control,50,averse,3,2024-08-31,0.09259241213507519,0.07942588902782068,0.4536709854361229
1148,control,50,averse,3,2024-09-30,0.09716211818037257,0.07710652021328698,0.4333671626770125
1149,control,50,averse,3,2024-10-31,0.06876377463005512,0.07795818274762363,0.10602490197553208
1150,control,50,averse,3,2024-11-30,0.0909128774895438,0.07731111156817864,0.26744646873346833
1151,control,50,averse,3,2024-12-31,0.045746098067134255,0.07771499176625647,-0.16079795321883436
1152,control,50,averse,4,2023-07-31,0.01597075284653382,0.08753785739390656,1.5623032386742475
1153,control,50,averse,4,2023-08-31,-0.0017275173419427636,0.09053786506129213,-0.577848577580989
1154,control,50,averse,4,2023-09-30,-0.04361732826126996,0.08723832484288745,-2.3585947529639277
1155,control,50,averse,4,2023-10-31,-0.06773306952176705,0.09063021719573565,-2.491275309432296
1156,control,50,averse,4,2023-11-30,0.0003394632958735322,0.11974562892638659,-0.34719023593344595
1157,control,50,averse,4,2023-12-31,0.04605189558863154,0.11956689700356414,0.40315759311646837
1158,control,50,averse,4,2024-01-31,0.04218386278950459,0.1108941039372951,0.2650227752979941
1159,control,50,averse,4,2024-02-29,0.06156418525745955,0.10487981115270723,0.4809616200729408
1160,control,50,averse,4,2024-03-31,0.07597330781629652,0.10110868653239288,0.5686398573826147
1161,control,50,averse,4,2024-04-30,0.024071226211401342,0.10195479210485059,-0.13601524453463834
1162,control,50,averse,4,2024-05-31,0.05776454198006986,0.10084401519684866,0.20178903735137474
1163,control,50,averse,4,2024-06-30,0.0753972621149146,0.09739302200450882,0.3239070464405147
1164,control,50,averse,4,2024-07-31,0.11712136855580368,0.09462160156326592,0.6757823730940055
1165,control,50,averse,4,2024-08-31,0.1519680812921933,0.09357545899567361,0.9168569566816942
1166,control,50,averse,4,2024-09-30,0.16891908758109087,0.09236322558576224,0.9579066757465545
1167,control,50,averse,4,2024-10-31,0.146797046179985,0.09200320925360397,0.70357342301357
1168,control,50,averse,4,2024-11-30,0.1767405021112296,0.09251900088607677,0.8515303822046076
1169,control,50,averse,4,2024-12-31,0.1308962794557229,0.0923069487616355,0.45457180483064413
1170,control,50,averse,5,2023-07-31,0.017500787677049656,0.09007497582849955,1.7247839139699728
1171,control,50,averse,5,2023-08-31,-0.002861525153385891,0.10111613640416116,-0.5814869171682809
1172,control,50,averse,5,2023-09-30,-0.04555074879491461,0.09421318529925563,-2.255571547095093
1173,control,50,averse,5,2023-10-31,-0.06871864056964794,0.0949209989915176,-2.404907898193205
1174,control,50,averse,5,2023-11-30,0.005292293654209468,0.12462733590148228,-0.23929615708071086
1175,control,50,averse,5,2023-12-31,0.058218433122864566,0.1250538401294193,0.5818704272724348
1176,control,50,averse,5,2024-01-31,0.05316050844808795,0.11663386952245085,0.41490534584021055
1177,control,50,averse,5,2024-02-29,0.06554231581777992,0.11009119645709717,0.5135113983985649
1178,control,50,averse,5,2024-03-31,0.09754639208554994,0.10659115899520123,0.8091492631749564
1179,control,50,averse,5,2024-04-30,0.05501852493248238,0.10600803872898457,0.2166371921738766
1180,control,50,averse,5,2024-05-31,0.0934504700067682,0.10352941836784493,0.5722466426357673
1181,control,50,averse,5,2024-06-30,0.10628817847350147,0.09971751310071783,0.6197977723991589
1182,control,50,averse,5,2024-07-31,0.14766246957981433,0.09720099900244403,0.9413846204998046
1183,control,50,averse,5,2024-08-31,0.17704318095275484,0.09639870097983884,1.1068190897501864
1184,control,50,averse,5,2024-09-30,0.20153284812967232,0.09511137205646777,1.1908302317684896
1185,control,50,averse,5,2024-10-31,0.17803792010146502,0.0943931547790516,0.9222888267290749
1186,control,50,averse,5,2024-11-30,0.22623568027954444,0.09677569780985418,1.1543895444865513
1187,control,50,averse,5,2024-12-31,0.17634579854459154,0.09686198666322288,0.7273347462804167
1188,control,50,averse,6,2023-07-31,0.011991693423393013,0.06695424591015985,1.3383296267980351
1189,control,50,averse,6,2023-08-31,-0.00047441336295195313,0.07254240221544803,-0.6219123662213216
1190,control,50,averse,6,2023-09-30,-0.039305429911598466,0.07401526430286454,-2.574736372234024
1191,control,50,averse,6,2023-10-31,-0.040416415263476724,0.06948597599575547,-2.2268124214714535
1192,control,50,averse,6,2023-11-30,0.0024961144012314307,0.08313220429553651,-0.43866412713986125
1193,control,50,averse,6,2023-12-31,0.018268274464698697,0.08486057116127947,-0.08126615679570769
1194,control,50,averse,6,2024-01-31,0.031056122343243953,0.08305403018371628,0.12357306901358524
1195,control,50,averse,6,2024-02-29,0.034262474367191986,0.07901703403721783,0.11324511750988549
1196,control,50,averse,6,2024-03-31,0.04770057899040192,0.07597645586820169,0.2641941818132304
1197,control,50,averse,6,2024-04-30,0.02702962175339696,0.07642015528687543,-0.13550149908857267
1198,control,50,averse,6,2024-05-31,0.04414085233302445,0.07609745349959514,0.0726565384437952
1199,control,50,averse,6,2024-06-30,0.05170972562841736,0.07371256498279588,0.11304284320062113
1200,control,50,averse,6,2024-07-31,0.06990591888536835,0.07265353166439527,0.2918784888540504
1201,control,50,averse,6,2024-08-31,0.10739657435615313,0.07094232391832658,0.6833292687399652
1202,control,50,averse,6,2024-09-30,0.12354454144859273,0.0690183481240596,0.7787095850799366
1203,control,50,averse,6,2024-10-31,0.09388084588319612,0.07031765618515654,0.37761018275068436
1204,control,50,averse,6,2024-11-30,0.13454853113508092,0.07164191060777649,0.7032442911048381
1205,control,50,averse,6,2024-12-31,0.0875511901322088,0.07283160008936594,0.1980114862388602
1206,control,50,averse,7,2023-07-31,0.017449641689659456,0.07389255456431307,2.0940388103737715
1207,control,50,averse,7,2023-08-31,0.0036366507415155347,0.0862930115336912,-0.24546516089285372
1208,control,50,averse,7,2023-09-30,-0.03782031849054324,0.08588206883445038,-2.157498385868106
1209,control,50,averse,7,2023-10-31,-0.045318392627279325,0.08087921309090594,-2.074312281443583
1210,control,50,averse,7,2023-11-30,0.011147739365880316,0.09918809162079747,-0.15956876398796002
1211,control,50,averse,7,2023-12-31,0.037170792257492646,0.09730278266576424,0.31285791809319996
1212,control,50,averse,7,2024-01-31,0.05005760047417418,0.09287398508462498,0.46306457202008855
1213,control,50,averse,7,2024-02-29,0.06886420229977896,0.08829316059142416,0.6979800321490447
1214,control,50,averse,7,2024-03-31,0.08901736432208374,0.08447832218347649,0.8861417557298448
1215,control,50,averse,7,2024-04-30,0.060231849856244635,0.08542417775503078,0.34170147131196055
1216,control,50,averse,7,2024-05-31,0.08874766081981633,0.08399897682197235,0.6442043019450221
1217,control,50,averse,7,2024-06-30,0.1059801441699939,0.08137125580869639,0.7558325626645436
1218,control,50,averse,7,2024-07-31,0.12422847663026237,0.07882763460247694,0.8926160792839365
1219,control,50,averse,7,2024-08-31,0.15993918282720387,0.07701764129672374,1.2003301614986706
1220,control,50,averse,7,2024-09-30,0.17967782412282673,0.0754649441417888,1.2809644319263174
1221,control,50,averse,7,2024-10-31,0.1549958401765137,0.07606997168707606,0.928163519063203
1222,control,50,averse,7,2024-11-30,0.2050717951891896,0.078353300771752,1.2467081256203558
1223,control,50,averse,7,2024-12-31,0.16173301629411552,0.07880693262917428,0.778262554262287
1224,control,50,averse,8,2023-07-31,0.013935467496879017,0.08855447485546068,1.2695492115852698
1225,control,50,averse,8,2023-08-31,-0.003128186150062051,0.09435412962936665,-0.6392565697540362
1226,control,50,averse,8,2023-09-30,-0.04596875434700576,0.09037871714722251,-2.3673428700582155
1227,control,50,averse,8,2023-10-31,-0.06641453106822781,0.09070305071001777,-2.452441030252964
1228,control,50,averse,8,2023-11-30,0.00476854583725661,0.12030956219473149,-0.25824457382063165
1229,control,50,averse,8,2023-12-31,0.057594909457066246,0.12142232161727136,0.5888539971561938
1230,control,50,averse,8,2024-01-31,0.051151759280827935,0.11373056286927592,0.3948316889593222
1231,control,50,averse,8,2024-02-29,0.06726221289955991,0.10735949355665576,0.5511334866875645
1232,control,50,averse,8,2024-03-31,0.08836418823867165,0.10374446666678214,0.7131822766148277
1233,control,50,averse,8,2024-04-30,0.0418977683144659,0.10402554005525741,0.07041503369058405
1234,control,50,averse,8,2024-05-31,0.07528271839257883,0.10186968337182109,0.38705680671125664
1235,control,50,averse,8,2024-06-30,0.09285023696711003,0.09848563529026266,0.4939185935711804
1236,control,50,averse,8,2024-07-31,0.1335719256528014,0.09579817140134701,0.822526036835834
1237,control,50,averse,8,2024-08-31,0.16478082548166406,0.09437384819941413,1.0223519971920905
1238,control,50,averse,8,2024-09-30,0.18837128522023128,0.09315487511584668,1.108650817889115
1239,control,50,averse,8,2024-10-31,0.16218464449718772,0.09281676732394957,0.8160946385391414
1240,control,50,averse,8,2024-11-30,0.20547995697579702,0.09529611006510756,1.0279016245048496
1241,control,50,averse,8,2024-12-31,0.16030284090677438,0.09513603082321385,0.6352791103416205
1242,control,50,averse,9,2023-07-31,0.019972122344977583,0.10237638034521351,1.8164562129815458
1243,control,50,averse,9,2023-08-31,0.0008614874784262927,0.10374931336155556,-0.36038145677682853
1244,control,50,averse,9,2023-09-30,-0.04786739916090599,0.10135527013673233,-2.1758355295035705
1245,control,50,averse,9,2023-10-31,-0.06590484606225677,0.09962615074461871,-2.219799121609884
1246,control,50,averse,9,2023-11-30,0.0011635865061110362,0.12489005589296424,-0.31727577298723575
1247,control,50,averse,9,2023-12-31,0.03610817427925328,0.12384072368874727,0.22872998022180072
1248,control,50,averse,9,2024-01-31,0.045154649539913994,0.11530836336557104,0.29936350514073407
1249,control,50,averse,9,2024-02-29,0.06710687936438497,0.10961377396805855,0.5376260987150905
1250,control,50,averse,9,2024-03-31,0.08339906973243583,0.10519274273266777,0.6404674716296934
1251,control,50,averse,9,2024-04-30,0.03412013228696553,0.10637811163161101,-0.018136650224367695
1252,control,50,averse,9,2024-05-31,0.06773707128687545,0.10584150380986869,0.29485332205286496
1253,control,50,averse,9,2024-06-30,0.0857890410852844,0.10236791420679205,0.4076188812098306
1254,control,50,averse,9,2024-07-31,0.1234356604279383,0.09937429280681098,0.7008544189310129
1255,control,50,averse,9,2024-08-31,0.16814634023508912,0.09783552871269945,1.0148441483053812
1256,control,50,averse,9,2024-09-30,0.1844656832287086,0.09592593083258384,1.045688733021549
1257,control,50,averse,9,2024-10-31,0.15585909294778055,0.09643101052729769,0.7385929048176872
1258,control,50,averse,9,2024-11-30,0.19924210438460332,0.09726768032352183,0.9644042467730572
1259,control,50,averse,9,2024-12-31,0.1415553510027927,0.09784083506438274,0.4975079261176973
1260,control,50,neutral,0,2023-07-31,0.018441615162401837,0.11841887894393051,1.4096389713351911
1261,control,50,neutral,0,2023-08-31,-0.00709315258436416,0.18192230954133487,-0.4544327605964236
1262,control,50,neutral,0,2023-09-30,-0.05318551012265882,0.16508550899574115,-1.446163865262969
1263,control,50,neutral,0,2023-10-31,-0.061960761486673954,0.1560066739577681,-1.353100958511925
1264,control,50,neutral,0,2023-11-30,0.043687746231253044,0.1798740090237095,0.35567634151315386
1265,control,50,neutral,0,2023-12-31,0.0978781167017937,0.16937429113498775,0.9130710625857232
1266,control,50,neutral,0,2024-01-31,0.0930237295080345,0.1611745047289414,0.7354235005022621
1267,control,50,neutral,0,2024-02-29,0.2278707414883958,0.15948556169983233,1.970297701637128
1268,control,50,neutral,0,2024-03-31,0.25769561060450896,0.15482056590368046,1.9692021068985583
1269,control,50,neutral,0,2024-04-30,0.21301551494567939,0.17041871862983618,1.2556420519674436
1270,control,50,neutral,0,2024-05-31,0.31886514075126904,0.1682558623359555,1.826149053420749
1271,control,50,neutral,0,2024-06-30,0.37513326002612324,0.1626156844426966,1.9956002183259665
1272,control,50,neutral,0,2024-07-31,0.41682823859862883,0.16158871902568522,2.0533820906208073
1273,control,50,neutral,0,2024-08-31,0.40075441309928594,0.16919890392564882,1.716506272606917
1274,control,50,neutral,0,2024-09-30,0.4668135101948305,0.17934772440534014,1.7282333471462141
1275,control,50,neutral,0,2024-10-31,0.4714668630273213,0.1766762049171953,1.6412037271815916
1276,control,50,neutral,0,2024-11-30,0.6733542149726668,0.18393031194894197,2.139371162642767
1277,control,50,neutral,0,2024-12-31,0.6874632939895813,0.18256663253986694,2.0199145215190506
1278,control,50,neutral,1,2023-07-31,0.029433296833895506,0.10051721323094907,3.081682279863673
1279,control,50,neutral,1,2023-08-31,0.028343905893460253,0.15379222479575444,0.8640225850575095
1280,control,50,neutral,1,2023-09-30,-0.048136283253773726,0.15342036193700695,-1.4434874484706253
1281,control,50,neutral,1,2023-10-31,-0.05079382367562957,0.1509500927584996,-1.206899415989112
1282,control,50,neutral,1,2023-11-30,0.04274556895853232,0.17432916860795505,0.3534560767113847
1283,control,50,neutral,1,2023-12-31,0.08318914442341185,0.16253141801458085,0.7629118533868212
1284,control,50,neutral,1,2024-01-31,0.10367788445259585,0.16611605385743222,0.8281894191086334
1285,control,50,neutral,1,2024-02-29,0.1721581473581686,0.1602704394002399,1.3963780307000637
1286,control,50,neutral,1,2024-03-31,0.1935599184920782,0.15309571965203042,1.4125230798464303
1287,control,50,neutral,1,2024-04-30,0.16488699854621158,0.16327980445982537,0.951054804745682
1288,control,50,neutral,1,2024-05-31,0.26815428192651813,0.16020428334336223,1.5675789520814951
1289,control,50,neutral,1,2024-06-30,0.3596039468691503,0.16068398130602066,1.9253273871480447
1290,control,50,neutral,1,2024-07-31,0.3859359080790301,0.16205353401213968,1.8786561814327964
1291,control,50,neutral,1,2024-08-31,0.4075525318848079,0.1650912685885817,1.7926025158760306
1292,control,50,neutral,1,2024-09-30,0.4465360351147363,0.1678587059591081,1.7586440610840046
1293,control,50,neutral,1,2024-10-31,0.44542946651314597,0.16534754142075642,1.6474889230626797
1294,control,50,neutral,1,2024-11-30,0.5189445951910281,0.16349732180785762,1.8291375250698352
1295,control,50,neutral,1,2024-12-31,0.5353456090910385,0.16020279306830137,1.7708292133509778
1296,control,50,neutral,2,2023-07-31,0.02922872484652217,0.10008662279175128,3.06704556544898
1297,control,50,neutral,2,2023-08-31,0.004352044792590881,0.12372930839189453,-0.13714664172224578
1298,control,50,neutral,2,2023-09-30,-0.03660503525853176,0.11475313577623808,-1.5768809450471706
1299,control,50,neutral,2,2023-10-31,-0.05583575178616096,0.10803196470254096,-1.807938663710722
1300,control,50,neutral,2,2023-11-30,0.022854605411795292,0.13111281128182464,0.09523866860997157
1301,control,50,neutral,2,2023-12-31,0.06925547886580796,0.12624233061055348,0.754685292828909
1302,control,50,neutral,2,2024-01-31,0.07023957539046033,0.12127675640194595,0.6450248881537223
1303,control,50,neutral,2,2024-02-29,0.10471459475669365,0.11474059825524259,1.0204492769457003
1304,control,50,neutral,2,2024-03-31,0.1294269281680529,0.110142374657612,1.171673274509672
1305,control,50,neutral,2,2024-04-30,0.09373504157555512,0.11333728060284325,0.6116392811079553
1306,control,50,neutral,2,2024-05-31,0.13646142419980545,0.11116996978432163,0.955867689836113
1307,control,50,neutral,2,2024-06-30,0.17099882810478362,0.10849960509766239,1.1533609329892047
1308,control,50,neutral,2,2024-07-31,0.18417505699889936,0.10834593062826504,1.1478774350264833
1309,control,50,neutral,2,2024-08-31,0.20286864962494144,0.11126450746377396,1.1517907413755364
1310,control,50,neutral,2,2024-09-30,0.2401692884169706,0.11674081356071152,1.220147567672628
1311,control,50,neutral,2,2024-10-31,0.22080254924310627,0.11502113252410259,1.0204651074795523
1312,control,50,neutral,2,2024-11-30,0.26164523551321506,0.11722948349291948,1.15189518353448
1313,control,50,neutral,2,2024-12-31,0.2368579107419213,0.1157589414357181,0.9313088540110694
1314,control,50,neutral,3,2023-07-31,0.019821149963544782,0.06470367209653567,2.8448564740842217
1315,control,50,neutral,3,2023-08-31,-0.007650673734124536,0.1502597102185909,-0.5708835996856274
1316,control,50,neutral,3,2023-09-30,-0.06932054898607853,0.14311993328587935,-2.0412011686284948
1317,control,50,neutral,3,2023-10-31,-0.08357153714799415,0.13776415734353822,-1.9251978639001095
1318,control,50,neutral,3,2023-11-30,0.0034191602270363664,0.15792445933259916,-0.21704406807751156
1319,control,50,neutral,3,2023-12-31,0.04299576049138065,0.1499664173866014,0.28057052412718336
1320,control,50,neutral,3,2024-01-31,0.022143610917645384,0.14935284632018825,-0.03317655726233963
1321,control,50,neutral,3,2024-02-29,0.029878619021408648,0.14083912245487928,0.01657568690835371
1322,control,50,neutral,3,2024-03-31,0.022525107083993356,0.13525497278129361,-0.09608521664363726
1323,control,50,neutral,3,2024-04-30,-0.006741598940287363,0.1373463137540985,-0.3665152527225514
1324,control,50,neutral,3,2024-05-31,0.06645410649902739,0.13962671644114039,0.21349996077227953
1325,control,50,neutral,3,2024-06-30,0.12153573797642925,0.14029931815044785,0.5469317068233059
1326,control,50,neutral,3,2024-07-31,0.1668622769271586,0.1404949505019998,0.7743778593137031
1327,control,50,neutral,3,2024-08-31,0.19969410170158008,0.13860374119455315,0.9055996359700105
1328,control,50,neutral,3,2024-09-30,0.22396361115785535,0.13679053644383224,0.9520086979126128
1329,control,50,neutral,3,2024-10-31,0.19648086317255098,0.13525509458714802,0.7405762212731531
1330,control,50,neutral,3,2024-11-30,0.2530084861322963,0.136008823911491,0.9511619850929667
1331,control,50,neutral,3,2024-12-31,0.2535074384875071,0.13234615339857933,0.8914141659092312
1332,control,50,neutral,4,2023-07-31,0.041575416869057635,0.15885395975234895,3.0539431195982476
1333,control,50,neutral,4,2023-08-31,0.04302838388895269,0.17179394655324376,1.3575128698082903
1334,control,50,neutral,4,2023-09-30,-0.021380095678587008,0.1683238800646722,-0.7437666095297907
1335,control,50,neutral,4,2023-10-31,-0.025651245016758528,0.16587176051824556,-0.6914924552202819
1336,control,50,neutral,4,2023-11-30,0.05933155954161151,0.1799789958841676,0.5754821013861482
1337,control,50,neutral,4,2023-12-31,0.09739419335982191,0.1670670861569783,0.9195994562193703
1338,control,50,neutral,4,2024-01-31,0.09146050324028487,0.17880283535506133,0.6473489328290599
1339,control,50,neutral,4,2024-02-29,0.11969797048904218,0.1694033670189502,0.8295467282847214
1340,control,50,neutral,4,2024-03-31,0.13634201818962266,0.16509771221461333,0.8381905951051667
1341,control,50,neutral,4,2024-04-30,0.14235335594221943,0.17267142730179352,0.7410399959808233
1342,control,50,neutral,4,2024-05-31,0.21172079544691003,0.16720934528129117,1.1296704111759255
1343,control,50,neutral,4,2024-06-30,0.29754401649774453,0.16363413173550756,1.5205000012909682
1344,control,50,neutral,4,2024-07-31,0.29447098517907255,0.16866153420632063,1.322860498992688
1345,control,50,neutral,4,2024-08-31,0.2824896320299246,0.16588672351646425,1.1687957233216109
1346,control,50,neutral,4,2024-09-30,0.3143130344576963,0.1680983183765724,1.1773137964575302
1347,control,50,neutral,4,2024-10-31,0.3078776447653,0.1636271146696106,1.089534075365518
1348,control,50,neutral,4,2024-11-30,0.3683618413269598,0.1643358249261537,1.242396666937456
1349,control,50,neutral,4,2024-12-31,0.4466600407370447,0.16333524475892933,1.4250592238525872
1350,control,50,neutral,5,2023-07-31,0.008781444805547434,0.20452045970628516,0.2582308076054592
1351,control,50,neutral,5,2023-08-31,0.007854326098443165,0.26433116784581345,0.014615878528340401
1352,control,50,neutral,5,2023-09-30,-0.04471683085261968,0.24952795258919694,-0.8399879931362364
1353,control,50,neutral,5,2023-10-31,-0.08997767103895682,0.24648953823160782,-1.139252905048962
1354,control,50,neutral,5,2023-11-30,0.0311264751471787,0.2566716480589954,0.12764107772912775
1355,control,50,neutral,5,2023-12-31,0.0843917477682461,0.23905616912465524,0.5291326419343695
1356,control,50,neutral,5,2024-01-31,0.05041771665364503,0.22784531113333226,0.19149445008709443
1357,control,50,neutral,5,2024-02-29,0.21489943394901,0.22913347302711012,1.2787154016762925
1358,control,50,neutral,5,2024-03-31,0.2243180428488991,0.22639567351040646,1.1421538165204819
1359,control,50,neutral,5,2024-04-30,0.20622774521680443,0.2550412311556751,0.806460090329129
1360,control,50,neutral,5,2024-05-31,0.28723029994399485,0.2515355226212016,1.0822522785824447
1361,control,50,neutral,5,2024-06-30,0.3829094303581211,0.24328557925360475,1.3650592209255668
1362,control,50,neutral,5,2024-07-31,0.44186175896601276,0.24997798776518723,1.4158706301554806
1363,control,50,neutral,5,2024-08-31,0.3846030281843835,0.2588773569050464,1.0712379785830823
1364,control,50,neutral,5,2024-09-30,0.5082893407967488,0.2672050453134378,1.2724043644864884
1365,control,50,neutral,5,2024-10-31,0.5254960491379967,0.2679372107812775,1.2172021748056165
1366,control,50,neutral,5,2024-11-30,0.8196532658998483,0.2799371138403123,1.716831158331164
1367,control,50,neutral,5,2024-12-31,0.9140377611928829,0.27895218624780194,1.7593825567574441
1368,control,50,neutral,6,2023-07-31,0.025703561855068502,0.10172205961012687,2.5527608764433807
1369,control,50,neutral,6,2023-08-31,0.002288452854080969,0.12364029854399641,-0.23521782598227348
1370,control,50,neutral,6,2023-09-30,-0.043687237736532714,0.11869672765913537,-1.7355528834320897
1371,control,50,neutral,6,2023-10-31,-0.0677421883198398,0.11466409915044869,-1.9692990082079127
1372,control,50,neutral,6,2023-11-30,0.01507391930730484,0.1437994508043862,-0.044373948861632304
1373,control,50,neutral,6,2023-12-31,0.0707348730214108,0.14040149035174168,0.7001822009444204
1374,control,50,neutral,6,2024-01-31,0.06508000679850134,0.13270861931340738,0.5212870892847699
1375,control,50,neutral,6,2024-02-29,0.10092499680950917,0.12504480686039277,0.8891420192940134
1376,control,50,neutral,6,2024-03-31,0.12555363857856872,0.12056411880160536,1.02709694129703
1377,control,50,neutral,6,2024-04-30,0.07913346088449957,0.12343058740895876,0.41969389816788943
1378,control,50,neutral,6,2024-05-31,0.12267688169230784,0.12006139745888515,0.7594293162856821
1379,control,50,neutral,6,2024-06-30,0.1557762880185627,0.11630114587884385,0.9479396440290497
1380,control,50,neutral,6,2024-07-31,0.18170004700934017,0.11415745316773247,1.0699518271928843
1381,control,50,neutral,6,2024-08-31,0.20827380006915042,0.11384353423991875,1.1650704837594252
1382,control,50,neutral,6,2024-09-30,0.24019666264915807,0.1163588086990263,1.224330381448377
1383,control,50,neutral,6,2024-10-31,0.21890692932017597,0.11471740927014187,1.0115032380975912
1384,control,50,neutral,6,2024-11-30,0.2682464773768303,0.1174306854700442,1.1867573671027984
1385,control,50,neutral,6,2024-12-31,0.2313303773533235,0.1163985113623565,0.8971018759392626
1386,control,50,neutral,7,2023-07-31,0.01620082647841503,0.1131353716600044,1.2333957325678442
1387,control,50,neutral,7,2023-08-31,-0.025443798600603973,0.14735464413584387,-1.2265064933495637
1388,control,50,neutral,7,2023-09-30,-0.06593050822861124,0.13361826954385028,-2.1040952666946837
1389,control,50,neutral,7,2023-10-31,-0.07121124876680984,0.1197992961348006,-1.9579010140842819
1390,control,50,neutral,7,2023-11-30,0.01585212763264887,0.1490761489642824,-0.03020371661396857
1391,control,50,neutral,7,2023-12-31,0.08458282315844534,0.14502606536703558,0.8749400986959336
1392,control,50,neutral,7,2024-01-31,0.07278799680058157,0.13601356107148904,0.6080722461327737
1393,control,50,neutral,7,2024-02-29,0.1489763097584298,0.1317485921825087,1.4176495093124704
1394,control,50,neutral,7,2024-03-31,0.19045786599631387,0.13030472312467326,1.626958540605239
1395,control,50,neutral,7,2024-04-30,0.1291764658103196,0.13480043628000504,0.8309995343784266
1396,control,50,neutral,7,2024-05-31,0.19916902522334845,0.1307336202738399,1.339214192467981
1397,control,50,neutral,7,2024-06-30,0.19863616183862898,0.12637415719546966,1.2041106279382396
1398,control,50,neutral,7,2024-07-31,0.234037134660124,0.12206797959123913,1.3853344254608262
1399,control,50,neutral,7,2024-08-31,0.24885628139304616,0.1250197633690557,1.329357980424775
1400,control,50,neutral,7,2024-09-30,0.2865467393160286,0.13227531123838426,1.339732835777241
1401,control,50,neutral,7,2024-10-31,0.2670371532838427,0.1303711410932228,1.1493860881241453
1402,control,50,neutral,7,2024-11-30,0.34858790350991153,0.13019155429683318,1.4707920232977354
1403,control,50,neutral,7,2024-12-31,0.306732189756749,0.129064872782653,1.163560004030586
1404,control,50,neutral,8,2023-07-31,0.026625827424846094,0.09265452982774534,2.934550581178392
1405,control,50,neutral,8,2023-08-31,0.016373903668425838,0.13717209645618048,0.40828559197554093
1406,control,50,neutral,8,2023-09-30,-0.04840877215212447,0.14147711400859458,-1.5719855200002568
1407,control,50,neutral,8,2023-10-31,-0.04597012669236622,0.13920627779204772,-1.2175636444293534
1408,control,50,neutral,8,2023-11-30,0.0470394663967757,0.16314483692598364,0.44373606977334795
1409,control,50,neutral,8,2023-12-31,0.0844874350780973,0.1518492279781552,0.8343214869107866
1410,control,50,neutral,8,2024-01-31,0.08631061810916707,0.15755031335726757,0.6765860191101959
1411,control,50,neutral,8,2024-02-29,0.14163360074113962,0.14993724839332578,1.1679623718691434
1412,control,50,neutral,8,2024-03-31,0.14410535703898741,0.14496898360829255,1.02698463426885
1413,control,50,neutral,8,2024-04-30,0.11231270394536441,0.14985985282657702,0.6117171994915841
1414,control,50,neutral,8,2024-05-31,0.18222903659581147,0.1482920447893411,1.0550788563475837
1415,control,50,neutral,8,2024-06-30,0.2610522982012755,0.1462741879324248,1.4573212630310717
1416,control,50,neutral,8,2024-07-31,0.2766197178564318,0.14924392832641065,1.3882320422438719
1417,control,50,neutral,8,2024-08-31,0.29090056647072005,0.15101649033931555,1.3296290088519231
1418,control,50,neutral,8,2024-09-30,0.32449806922648783,0.1537003711024144,1.3368271984086173
1419,control,50,neutral,8,2024-10-31,0.30619142288213874,0.1509992800023927,1.1729065160943035
1420,control,50,neutral,8,2024-11-30,0.3944843833186382,0.15151343729192132,1.4575966033168593
1421,control,50,neutral,8,2024-12-31,0.4223363478188933,0.15007849837678813,1.4566328349294597
1422,control,50,neutral,9,2023-07-31,0.021468118044902118,0.07558437471664667,2.709933543195612
1423,control,50,neutral,9,2023-08-31,-0.0034924566854545036,0.15111522794593982,-0.41285112379599903
1424,control,50,neutral,9,2023-09-30,-0.06416935947830937,0.1414336478370891,-1.9471196247325087
1425,control,50,neutral,9,2023-10-31,-0.07961710454956039,0.13790924804039434,-1.8526384028059992
1426,control,50,neutral,9,2023-11-30,0.011624753417297073,0.16141767845851734,-0.09095838349902939
1427,control,50,neutral,9,2023-12-31,0.05618629202466585,0.15355301414164976,0.4470411505449116
1428,control,50,neutral,9,2024-01-31,0.04195641108497972,0.15183544334110227,0.19097734876862835
1429,control,50,neutral,9,2024-02-29,0.05889239697993598,0.1429286164115651,0.3243526307957929
1430,control,50,neutral,9,2024-03-31,0.0567595785512911,0.13741418345225795,0.23309443757389042
1431,control,50,neutral,9,2024-04-30,0.02047236273203268,0.1408900454404706,-0.12873639186247143
1432,control,50,neutral,9,2024-05-31,0.09227891706116531,0.1406209561330209,0.41221276169565507
1433,control,50,neutral,9,2024-06-30,0.15052543973195665,0.14059949251574422,0.7475739909344734
1434,control,50,neutral,9,2024-07-31,0.18632453497157098,0.14078644739887947,0.8971016848761794
1435,control,50,neutral,9,2024-08-31,0.21877151757765367,0.13920525216766053,1.0152829156954053
1436,control,50,neutral,9,2024-09-30,0.24642241230344242,0.1389892646295609,1.058681210394353
1437,control,50,neutral,9,2024-10-31,0.2201229096464523,0.13721479266386746,0.8519153703761341
1438,control,50,neutral,9,2024-11-30,0.2766274567011564,0.13836743243601424,1.0468068659077852
1439,control,50,neutral,9,2024-12-31,0.27266741605515143,0.13506467900935554,0.9596834642846791
1440,control,50,seeking,0,2023-07-31,0.09120709413744743,0.29678690897322213,4.83978246466392
1441,control,50,seeking,0,2023-08-31,-0.07092501010313423,0.3915609792585441,-0.9925350360176566
1442,control,50,seeking,0,2023-09-30,-0.08356206328780436,0.38047275504840466,-0.8857790101136633
1443,control,50,seeking,0,2023-10-31,-0.12380011875972818,0.33386085820292966,-1.0775282794568342
1444,control,50,seeking,0,2023-11-30,0.034441487249868175,0.34792965464857445,0.1176953226276783
1445,control,50,seeking,0,2023-12-31,0.12112034811087224,0.3255524070841015,0.62642515192661
1446,control,50,seeking,0,2024-01-31,-0.04232920603530688,0.3158242676975616,-0.355761744651997
1447,control,50,seeking,0,2024-02-29,0.21069225677096637,0.35938315253303316,0.7961747159481523
1448,control,50,seeking,0,2024-03-31,0.16523510860160262,0.351676762954571,0.504897076731025
1449,control,50,seeking,0,2024-04-30,0.10303611040912797,0.361901943777584,0.22244384138322523
1450,control,50,seeking,0,2024-05-31,0.18091988571193052,0.3651375204402134,0.4245570190635882
1451,control,50,seeking,0,2024-06-30,0.16052742250832264,0.3522021419624366,0.3262190879030985
1452,control,50,seeking,0,2024-07-31,0.25370908332287434,0.3443270052654531,0.5422492255676955
1453,control,50,seeking,0,2024-08-31,0.18457388033413547,0.3481150504269724,0.3244905220654034
1454,control,50,seeking,0,2024-09-30,0.41416590269892506,0.35524736478712754,0.7644376815291569
1455,control,50,seeking,0,2024-10-31,0.39578860989327413,0.3489284253492672,0.6841371845294826
1456,control,50,seeking,0,2024-11-30,0.8558457627881733,0.37761091511060024,1.3289564672980196
1457,control,50,seeking,0,2024-12-31,0.9234025959275407,0.3741668140596057,1.3248557752068184
1458,control,50,seeking,1,2023-07-31,0.0194435125067407,0.10237953064956189,1.751890196210103
1459,control,50,seeking,1,2023-08-31,-0.021629351897220372,0.14935033138389933,-1.078422212751935
1460,control,50,seeking,1,2023-09-30,-0.04810258842055115,0.1335732830513853,-1.657098767832662
1461,control,50,seeking,1,2023-10-31,-0.023238045919363515,0.11857684976577332,-0.9111896532090662
1462,control,50,seeking,1,2023-11-30,0.06197734121706988,0.13304952075648424,0.8293997145212225
1463,control,50,seeking,1,2023-12-31,0.1371758806507717,0.13188447944591136,1.8086792127162161
1464,control,50,seeking,1,2024-01-31,0.14451927037186874,0.12374700510570537,1.7110124462010907
1465,control,50,seeking,1,2024-02-29,0.293275939342432,0.13141609401747797,3.218573761473493
1466,control,50,seeking,1,2024-03-31,0.3726647039693567,0.13728450921364274,3.4026077051434864
1467,control,50,seeking,1,2024-04-30,0.2881366470967721,0.14470738285943094,2.1176949633695337
1468,control,50,seeking,1,2024-05-31,0.3780318563722105,0.1396670304751565,2.6704517206032676
1469,control,50,seeking,1,2024-06-30,0.37172110057662144,0.13541445961893736,2.3718892379966494
1470,control,50,seeking,1,2024-07-31,0.408726141543887,0.1315105403842738,2.4684917231891115
1471,control,50,seeking,1,2024-08-31,0.3778363567668017,0.14025135471428962,1.9380872650209515
1472,control,50,seeking,1,2024-09-30,0.4184503374433435,0.15512179946094865,1.7708655127628823
1473,control,50,seeking,1,2024-10-31,0.4382238084883341,0.1530901596261232,1.7475724675086952
1474,control,50,seeking,1,2024-11-30,0.6273445002192524,0.16056447817105332,2.2772018258236018
1475,control,50,seeking,1,2024-12-31,0.5768986063570054,0.16006965005370574,1.9192084330148789
1476,control,50,seeking,2,2023-07-31,0.02237737470747181,0.18400339665249643,1.1761907831884717
1477,control,50,seeking,2,2023-08-31,-0.001847592394650377,0.22760414902460135,-0.23288256640894991
1478,control,50,seeking,2,2023-09-30,-0.023636814302178788,0.21604816597292226,-0.6184946798510512
1479,control,50,seeking,2,2023-10-31,-0.051642538826387696,0.19250032141398174,-0.9579289355433751
1480,control,50,seeking,2,2023-11-30,0.03364240561009746,0.19193636256617874,0.20305031504451465
1481,control,50,seeking,2,2023-12-31,0.08237394582680468,0.1796304186429699,0.6808821794936752
1482,control,50,seeking,2,2024-01-31,0.01865195517743179,0.17061161341063832,-0.06384471840395624
1483,control,50,seeking,2,2024-02-29,0.11764204540527201,0.16737119591648023,0.8203472667088154
1484,control,50,seeking,2,2024-03-31,0.14705281459820352,0.1638315136881421,0.9331054110398165
1485,control,50,seeking,2,2024-04-30,0.1547488407154507,0.1785604060937918,0.8007330202062017
1486,control,50,seeking,2,2024-05-31,0.1866714859420182,0.17556344736653326,0.9189887062846389
1487,control,50,seeking,2,2024-06-30,0.22542463696685688,0.16927356912969047,1.053657228692643
1488,control,50,seeking,2,2024-07-31,0.2677506958175453,0.17492519937210874,1.1391339474330027
1489,control,50,seeking,2,2024-08-31,0.21742246888403582,0.17736136902444427,0.7905650405684913
1490,control,50,seeking,2,2024-09-30,0.31532585741839436,0.1863500587614191,1.0660444266816282
1491,control,50,seeking,2,2024-10-31,0.3208928905305606,0.18679062002824426,1.0026707492159666
1492,control,50,seeking,2,2024-11-30,0.4972763303680221,0.196599237958793,1.4526172444775158
1493,control,50,seeking,2,2024-12-31,0.5843147486908646,0.1988274547672748,1.566089046368144
1494,control,50,seeking,3,2023-07-31,-0.012928410547663027,0.2246567840671506,-0.7520420100482276
1495,control,50,seeking,3,2023-08-31,-0.09676682884146826,0.3285002890547665,-1.4823641685288012
1496,control,50,seeking,3,2023-09-30,-0.13965501417340165,0.31235809657225755,-1.5830889693278267
1497,control,50,seeking,3,2023-10-31,-0.21841379854982612,0.2818137708586505,-1.9575701686136067
1498,control,50,seeking,3,2023-11-30,-0.05974823372418303,0.3220381470906392,-0.5523853888720346
1499,control,50,seeking,3,2023-12-31,0.0537378750613291,0.3130429731615953,0.203453062299676
1500,control,50,seeking,3,2024-01-31,-0.06615946701261655,0.3004482799810791,-0.5020806756944812
1501,control,50,seeking,3,2024-02-29,0.05827086392450642,0.30008408218658406,0.15132412704572282
1502,control,50,seeking,3,2024-03-31,0.03983444853106355,0.29602139587929394,0.03281624563189206
1503,control,50,seeking,3,2024-04-30,-0.034406947182270775,0.3089528405866764,-0.26836270713335225
1504,control,50,seeking,3,2024-05-31,0.030243643922642338,0.31063712706193725,-0.030814757190129036
1505,control,50,seeking,3,2024-06-30,0.04845595160447247,0.29971678484447795,0.0171603270260645
1506,control,50,seeking,3,2024-07-31,0.17171987150790913,0.2977825612591495,0.38003329592569557
1507,control,50,seeking,3,2024-08-31,0.09447955103794081,0.30153351147184515,0.12476505881217087
1508,control,50,seeking,3,2024-09-30,0.19079784942611,0.304727175344294,0.34496084498557616
1509,control,50,seeking,3,2024-10-31,0.18572126913127596,0.30474457305674574,0.3036159822450234
1510,control,50,seeking,3,2024-11-30,0.5325803691010167,0.3339300477385248,0.9208813825139313
1511,control,50,seeking,3,2024-12-31,0.5587945999556341,0.3327621951917995,0.8924936783356651
1512,control,50,seeking,4,2023-07-31,0.009725008434523286,0.08580442994404448,0.7402188857529819
1513,control,50,seeking,4,2023-08-31,-0.0331559698945163,0.13428406731250028,-1.6337804592933534
1514,control,50,seeking,4,2023-09-30,-0.06481331555647118,0.11954925954557363,-2.321195049885177
1515,control,50,seeking,4,2023-10-31,-0.02091341543277725,0.11288283522348773,-0.9001162844605135
1516,control,50,seeking,4,2023-11-30,0.06259829482712798,0.12803042370228265,0.8743624960730595
1517,control,50,seeking,4,2023-12-31,0.12919129489392156,0.1251208138360386,1.768463424836839
1518,control,50,seeking,4,2024-01-31,0.1249544024404925,0.11591445558793166,1.5181913947547496
1519,control,50,seeking,4,2024-02-29,0.2467541601963632,0.12102440374154363,2.8535272124405333
1520,control,50,seeking,4,2024-03-31,0.32870851045827165,0.12819682083812342,3.1560061146005447
1521,control,50,seeking,4,2024-04-30,0.2597292663079309,0.13170534697835207,2.060379418714104
1522,control,50,seeking,4,2024-05-31,0.32948819797871143,0.12890132333538987,2.475079743814388
1523,control,50,seeking,4,2024-06-30,0.3261691650304821,0.12519657917279958,2.2105019918228836
1524,control,50,seeking,4,2024-07-31,0.38189966735011915,0.12109292378708231,2.4845725585827685
1525,control,50,seeking,4,2024-08-31,0.3904436382789809,0.12440383624117596,2.267319674680261
1526,control,50,seeking,4,2024-09-30,0.44886789323579523,0.13454371455146583,2.2067345646117995
1527,control,50,seeking,4,2024-10-31,0.47273668318319806,0.13356930939754078,2.1772640617385073
1528,control,50,seeking,4,2024-11-30,0.6141280865678194,0.136131890900642,2.6268090774722257
1529,control,50,seeking,4,2024-12-31,0.5601966256932198,0.13508384276427898,2.204415949366615
1530,control,50,seeking,5,2023-07-31,0.09012361010833536,0.4168489177742195,3.3846952118445075
1531,control,50,seeking,5,2023-08-31,-0.02401942840165361,0.4221644196986659,-0.41081093800444934
1532,control,50,seeking,5,2023-09-30,-0.08131822763627072,0.37403599933366044,-0.8824852233206731
1533,control,50,seeking,5,2023-10-31,-0.08880465031289209,0.3255943607579218,-0.8537450449745523
1534,control,50,seeking,5,2023-11-30,0.08190442798479936,0.3417289344419579,0.4744466203961717
1535,control,50,seeking,5,2023-12-31,0.1732771497746941,0.3221132326443289,0.9872415345254876
1536,control,50,seeking,5,2024-01-31,0.05241539059030842,0.3092799038806155,0.152282179378061
1537,control,50,seeking,5,2024-02-29,0.2524464141180638,0.30356782098088214,1.1686685132300876
1538,control,50,seeking,5,2024-03-31,0.2728525971442508,0.29393299374715137,1.1091580581307996
1539,control,50,seeking,5,2024-04-30,0.17699051266438048,0.30412304966151843,0.5590123627345615
1540,control,50,seeking,5,2024-05-31,0.19540918705572108,0.29626560793037027,0.5770011054104516
1541,control,50,seeking,5,2024-06-30,0.22010743382735964,0.2859133552439295,0.6056352267549991
1542,control,50,seeking,5,2024-07-31,0.30826134809974937,0.2784337531150832,0.8454758189323769
1543,control,50,seeking,5,2024-08-31,0.2413451143431764,0.2814428738537089,0.5684877880938225
1544,control,50,seeking,5,2024-09-30,0.3458109513852614,0.2882422968502475,0.767632687414598
1545,control,50,seeking,5,2024-10-31,0.32658791180498326,0.2842313012891014,0.6727820481462616
1546,control,50,seeking,5,2024-11-30,0.9272060919283196,0.31717132582818697,1.7130123945331226
1547,control,50,seeking,5,2024-12-31,1.046294814880568,0.3279502581597246,1.706712190163558
1548,control,50,seeking,6,2023-07-31,0.01831372341465709,0.18274014885646603,0.9048337754818948
1549,control,50,seeking,6,2023-08-31,-0.09412217897928188,0.32922938535663393,-1.4503411545936273
1550,control,50,seeking,6,2023-09-30,-0.1701235042413839,0.3290402665955804,-1.7264642774005197
1551,control,50,seeking,6,2023-10-31,-0.24835651234855227,0.29402078637105655,-2.0543989930253415
1552,control,50,seeking,6,2023-11-30,-0.07975355683378882,0.33724112196792483,-0.6545324471250057
1553,control,50,seeking,6,2023-12-31,0.047146519844515344,0.3276458952049554,0.1538345995564704
1554,control,50,seeking,6,2024-01-31,-0.0675967196875078,0.31222296490915286,-0.4905139281170567
1555,control,50,seeking,6,2024-02-29,0.06441886835282595,0.30747532180400966,0.17826514882435449
1556,control,50,seeking,6,2024-03-31,0.09037822976872678,0.29814615400922134,0.257172785397973
1557,control,50,seeking,6,2024-04-30,0.03698093430135718,0.3097134219574835,0.004756485734052523
1558,control,50,seeking,6,2024-05-31,0.08085327430564893,0.30946133315962143,0.14703628397083734
1559,control,50,seeking,6,2024-06-30,0.07091778814845173,0.29861239936239975,0.09094458722773942
1560,control,50,seeking,6,2024-07-31,0.1286696903064113,0.29653111754283734,0.25080790987633816
1561,control,50,seeking,6,2024-08-31,0.03305503911001617,0.29815991622337684,-0.04784968706156901
1562,control,50,seeking,6,2024-09-30,0.0942800953629026,0.294872436817969,0.10576897302261093
1563,control,50,seeking,6,2024-10-31,0.07404403533769344,0.29321508198194535,0.041331560816103396
1564,control,50,seeking,6,2024-11-30,0.2953988572580062,0.30352014621979057,0.5175414621234857
1565,control,50,seeking,6,2024-12-31,0.31510347223519486,0.3034592331809976,0.5114293924875518
1566,control,50,seeking,7,2023-07-31,0.0020010405419192967,0.16393691985743059,-0.13035148432543303
1567,control,50,seeking,7,2023-08-31,-0.044830848450089,0.2493919269213883,-1.1033939092827603
1568,control,50,seeking,7,2023-09-30,-0.08223544912409164,0.212871694165209,-1.5639544784944241
1569,control,50,seeking,7,2023-10-31,-0.09375029007737179,0.19240166690573904,-1.5067382204942228
1570,control,50,seeking,7,2023-11-30,0.010487906808589686,0.20044099703244747,-0.08685836455524434
1571,control,50,seeking,7,2023-12-31,0.07161345735260483,0.1962917870291914,0.5100057402740309
1572,control,50,seeking,7,2024-01-31,0.0009757048065988094,0.19107413332241963,-0.21321493915113085
1573,control,50,seeking,7,2024-02-29,0.10162136281987966,0.18961970731863312,0.5920630552746126
1574,control,50,seeking,7,2024-03-31,0.10967045968124922,0.18485798798414896,0.5543852353221713
1575,control,50,seeking,7,2024-04-30,0.09644259663231991,0.20210105493254982,0.3591008289798428
1576,control,50,seeking,7,2024-05-31,0.2603046323998648,0.21523197625506746,1.1265114750740497
1577,control,50,seeking,7,2024-06-30,0.32129826937784145,0.20848820920808142,1.3045990394893443
1578,control,50,seeking,7,2024-07-31,0.3760440014297608,0.2096552001856999,1.4102708621851494
1579,control,50,seeking,7,2024-08-31,0.31370779198396237,0.21116730893801236,1.039436778464177
1580,control,50,seeking,7,2024-09-30,0.3979834122001247,0.21516889930409988,1.2069764291521876
1581,control,50,seeking,7,2024-10-31,0.4009250469915313,0.2145695665712214,1.1288429906520923
1582,control,50,seeking,7,2024-11-30,0.6549545951221214,0.22584851628714567,1.6930926708726364
1583,control,50,seeking,7,2024-12-31,0.7514905354667478,0.2253109464810495,1.7921354823686186
1584,control,50,seeking,8,2023-07-31,0.02972278564676034,0.19333209158803377,1.6227094695796451
1585,control,50,seeking,8,2023-08-31,-0.06548009793322618,0.29447636442250685,-1.2435275154500378
1586,control,50,seeking,8,2023-09-30,-0.12934092353786708,0.285400478514888,-1.6388951766742796
1587,control,50,seeking,8,2023-10-31,-0.18217688064312765,0.2575697973969324,-1.875329840424501
1588,control,50,seeking,8,2023-11-30,0.007302585238967874,0.3088265372987717,-0.08105000776535726
1589,control,50,seeking,8,2023-12-31,0.11500527282594519,0.2946210910272987,0.6478660052077728
1590,control,50,seeking,8,2024-01-31,0.030345192702976087,0.28383062459255415,0.03187124085137915
1591,control,50,seeking,8,2024-02-29,0.1853305763631623,0.2769041337904127,0.8847678986177273
1592,control,50,seeking,8,2024-03-31,0.1717431747172049,0.27303528681283057,0.6827895779996893
1593,control,50,seeking,8,2024-04-30,0.10694296387729785,0.29272613744995585,0.2910728295039534
1594,control,50,seeking,8,2024-05-31,0.11723300743315135,0.28441589055382394,0.299648076385952
1595,control,50,seeking,8,2024-06-30,0.1581779009937081,0.2742875120987169,0.4105046266335634
1596,control,50,seeking,8,2024-07-31,0.19429927858127005,0.2843452157289213,0.4693753329836017
1597,control,50,seeking,8,2024-08-31,0.18912933141704125,0.28396796142554137,0.4111254335870286
1598,control,50,seeking,8,2024-09-30,0.30129653297163306,0.2898639017246043,0.6493271337401034
1599,control,50,seeking,8,2024-10-31,0.2992126318546724,0.28810672799279613,0.5979193856388252
1600,control,50,seeking,8,2024-11-30,0.5526651107728633,0.30103007801043946,1.0627411606080328
1601,control,50,seeking,8,2024-12-31,0.5801397872698713,0.29978522268833135,1.0308455945354638
1602,control,50,seeking,9,2023-07-31,-0.01742776958084158,0.207251657421859,-1.0107581549545017
1603,control,50,seeking,9,2023-08-31,-0.053391226856021046,0.26954937400799006,-1.1651415715564049
1604,control,50,seeking,9,2023-09-30,-0.08224675185555264,0.2680798757385237,-1.2420051563787124
1605,control,50,seeking,9,2023-10-31,-0.10228946916522286,0.2510132758711581,-1.2357917926317288
1606,control,50,seeking,9,2023-11-30,0.04162395352300474,0.27272472766897765,0.21564949701421765
1607,control,50,seeking,9,2023-12-31,0.13698533014150827,0.25959808711628324,0.9172770813292889
1608,control,50,seeking,9,2024-01-31,0.08558593347234389,0.25130992024641413,0.4190479587789907
1609,control,50,seeking,9,2024-02-29,0.28522973000853,0.2547113473907666,1.6074978906824868
1610,control,50,seeking,9,2024-03-31,0.2591477455598741,0.2592729091911278,1.183677579293866
1611,control,50,seeking,9,2024-04-30,0.20234086852380617,0.2787381564590973,0.7208524709284984
1612,control,50,seeking,9,2024-05-31,0.254676540244108,0.2737150908844272,0.8631115638696252
1613,control,50,seeking,9,2024-06-30,0.29773919411426486,0.2649590965251885,0.9397535571319812
1614,control,50,seeking,9,2024-07-31,0.3321123097126806,0.27132601681370266,0.9458880468706958
1615,control,50,seeking,9,2024-08-31,0.25534812108811544,0.2791490845893171,0.6145443466934952
1616,control,50,seeking,9,2024-09-30,0.39592829920858374,0.29075733397654285,0.8880101072107526
1617,control,50,seeking,9,2024-10-31,0.3628837911374416,0.2900613666643623,0.7453983387450412
1618,control,50,seeking,9,2024-11-30,0.6596826596381649,0.3035249760073966,1.2692251965909138
1619,control,50,seeking,9,2024-12-31,0.7104698618636918,0.30427860377531396,1.2534680725521874
1620,engineered,15,averse,0,2023-07-31,0.011037861484045619,0.10529755064041196,0.7460745533192741
1621,engineered,15,averse,0,2023-08-31,-0.018413561383173516,0.11642659948939285,-1.2384954443035256
1622,engineered,15,averse,0,2023-09-30,-0.07894357107107497,0.1247013617904422,-2.587685618394165
1623,engineered,15,averse,0,2023-10-31,-0.0780209519090087,0.1298494902311646,-1.9372216488919989
1624,engineered,15,averse,0,2023-11-30,-0.008213934805400003,0.1500763738911859,-0.41101205918815803
1625,engineered,15,averse,0,2023-12-31,0.030609738870003067,0.14245766056956513,0.12221046632282825
1626,engineered,15,averse,0,2024-01-31,0.038041181952934267,0.13313394742821613,0.1671461460635475
1627,engineered,15,averse,0,2024-02-29,0.055992497513846606,0.12599740716666682,0.3328034300150628
1628,engineered,15,averse,0,2024-03-31,0.10734712956050552,0.12176370668884229,0.8160675550961388
1629,engineered,15,averse,0,2024-04-30,0.07493612812887807,0.12129549457498814,0.3856301114990463
1630,engineered,15,averse,0,2024-05-31,0.1531492818273541,0.11923916027832196,1.044515669546545
1631,engineered,15,averse,0,2024-06-30,0.16069267637389428,0.1152851014587651,0.9980191794981154
1632,engineered,15,averse,0,2024-07-31,0.1810176587665897,0.11534154675296174,1.0536487885952361
1633,engineered,15,averse,0,2024-08-31,0.21078935002939314,0.11447721801386856,1.1768349771815512
1634,engineered,15,averse,0,2024-09-30,0.2438558464270313,0.11802994108567477,1.2303240104066753
1635,engineered,15,averse,0,2024-10-31,0.2062560823802182,0.1176833000464654,0.9100160195248715
1636,engineered,15,averse,0,2024-11-30,0.25483732770399325,0.11868542785476179,1.1001177503423427
1637,engineered,15,averse,0,2024-12-31,0.21163731928872775,0.12172107205205045,0.7584180624200645
1638,engineered,15,averse,1,2023-07-31,0.019523537053142137,0.09941296223275621,1.8142047300376807
1639,engineered,15,averse,1,2023-08-31,-0.005223694467596407,0.11550680394310536,-0.6249350751973526
1640,engineered,15,averse,1,2023-09-30,-0.06229983375516557,0.11903170158761567,-2.261926258757537
1641,engineered,15,averse,1,2023-10-31,-0.06812976011565974,0.11972227925366555,-1.894285856056718
1642,engineered,15,averse,1,2023-11-30,0.004432893220349454,0.1440896823102956,-0.2211652722848765
1643,engineered,15,averse,1,2023-12-31,0.045368424762764814,0.13685781476099235,0.3421972588786794
1644,engineered,15,averse,1,2024-01-31,0.05533694042644588,0.12820981785185365,0.4069565224317557
1645,engineered,15,averse,1,2024-02-29,0.0827079974517817,0.12144878265796095,0.6829022610165971
1646,engineered,15,averse,1,2024-03-31,0.1312187395348572,0.11713596416720361,1.1223489815666057
1647,engineered,15,averse,1,2024-04-30,0.0959842531359636,0.11801559198148424,0.6102910072769582
1648,engineered,15,averse,1,2024-05-31,0.1642732081359488,0.11514575368487055,1.18759857606288
1649,engineered,15,averse,1,2024-06-30,0.17747621562572036,0.11112907879305889,1.1830850170822322
1650,engineered,15,averse,1,2024-07-31,0.1983999302082562,0.11039372910857237,1.2423459871722857
1651,engineered,15,averse,1,2024-08-31,0.22867849692806752,0.11007253285616117,1.3584692376553973
1652,engineered,15,averse,1,2024-09-30,0.2607755119528363,0.11466822587196128,1.3772295130091954
1653,engineered,15,averse,1,2024-10-31,0.23160409673391658,0.11394631642658455,1.096912611075369
1654,engineered,15,averse,1,2024-11-30,0.28540982918722246,0.11556686301025139,1.3029454682878712
1655,engineered,15,averse,1,2024-12-31,0.23963493120711665,0.11463123566679399,0.9552936871806437
1656,engineered,15,averse,2,2023-07-31,0.02232175478656906,0.08384370397222987,2.572775999970536
1657,engineered,15,averse,2,2023-08-31,0.00881555713169635,0.10111761898503496,0.09535321252709657
1658,engineered,15,averse,2,2023-09-30,-0.02946086012404925,0.09813237016324888,-1.5806647817623056
1659,engineered,15,averse,2,2023-10-31,-0.04919055243332138,0.09560837013945683,-1.8615267324724123
1660,engineered,15,averse,2,2023-11-30,0.02374432396560011,0.1177413189724506,0.12448542388567886
1661,engineered,15,averse,2,2023-12-31,0.0680384343037852,0.11354101347285157,0.8171556178873995
1662,engineered,15,averse,2,2024-01-31,0.07762088375439191,0.10770088563897057,0.8469846515175377
1663,engineered,15,averse,2,2024-02-29,0.11622048320983902,0.1022694442878138,1.3207651975287766
1664,engineered,15,averse,2,2024-03-31,0.14120044110797014,0.0991418643594782,1.462050253322201
1665,engineered,15,averse,2,2024-04-30,0.09832040537481945,0.10287922944338353,0.7273742176050616
1666,engineered,15,averse,2,2024-05-31,0.1365884454526547,0.09920301649605152,1.0725769002142045
1667,engineered,15,averse,2,2024-06-30,0.16519413400419802,0.09600578678244467,1.244307345156998
1668,engineered,15,averse,2,2024-07-31,0.1804652339772046,0.09436784579797544,1.282564045127858
1669,engineered,15,averse,2,2024-08-31,0.20191529926041385,0.09593554255960551,1.3275845046309958
1670,engineered,15,averse,2,2024-09-30,0.22188440068231507,0.09969093614410748,1.2905493564857253
1671,engineered,15,averse,2,2024-10-31,0.2085715540985642,0.0985226880627914,1.1036277805157848
1672,engineered,15,averse,2,2024-11-30,0.2690120972091803,0.10195000117818989,1.3718782756099188
1673,engineered,15,averse,2,2024-12-31,0.24080522599713672,0.12182914538705558,0.9047274452798345
1674,engineered,15,averse,3,2023-07-31,0.017757312005632242,0.07291832492648134,2.173719973566726
1675,engineered,15,averse,3,2023-08-31,0.00836298550925374,0.08590252436829737,0.08053277511105092
1676,engineered,15,averse,3,2023-09-30,-0.02519342945582359,0.08423076981950477,-1.6550494621050913
1677,engineered,15,averse,3,2023-10-31,-0.038458161827651716,0.08115736792830225,-1.8419655649584386
1678,engineered,15,averse,3,2023-11-30,0.0276735610994725,0.10087040732036046,0.2406203515701661
1679,engineered,15,averse,3,2023-12-31,0.06269007901624368,0.09647639846735363,0.8484790505033913
1680,engineered,15,averse,3,2024-01-31,0.0747955157481841,0.09175818765148472,0.9398606913206098
1681,engineered,15,averse,3,2024-02-29,0.10629782781245045,0.0877444800158786,1.362554404335954
1682,engineered,15,averse,3,2024-03-31,0.13025123626075974,0.08507485402528728,1.5299755846701233
1683,engineered,15,averse,3,2024-04-30,0.0933418595528086,0.08886789053792779,0.774737044278874
1684,engineered,15,averse,3,2024-05-31,0.12613707104196692,0.08572036744210523,1.1078287908506272
1685,engineered,15,averse,3,2024-06-30,0.1507127587572865,0.08323870770755114,1.2649382178173036
1686,engineered,15,averse,3,2024-07-31,0.15932209400120323,0.08203748075099555,1.2434313579202376
1687,engineered,15,averse,3,2024-08-31,0.17560137417065813,0.08359460416353459,1.2619946064137404
1688,engineered,15,averse,3,2024-09-30,0.1960018445737497,0.087153983046105,1.251441802993381
1689,engineered,15,averse,3,2024-10-31,0.1804404179986232,0.08626115951310538,1.0290655009480896
1690,engineered,15,averse,3,2024-11-30,0.2283297335572232,0.0884626357042538,1.278522027600232
1691,engineered,15,averse,3,2024-12-31,0.20148389188706317,0.10485013078792986,0.8206724539148706
1692,engineered,15,averse,4,2023-07-31,0.019783436724901016,0.09057662638407293,2.027024673501158
1693,engineered,15,averse,4,2023-08-31,0.0006456539907448988,0.09490302640091824,-0.40716154531044835
1694,engineered,15,averse,4,2023-09-30,-0.02766346626284011,0.08851184301670299,-1.6780062036852663
1695,engineered,15,averse,4,2023-10-31,-0.053975814821091705,0.08250749720946922,-2.3087070600438038
1696,engineered,15,averse,4,2023-11-30,0.0020821390106819937,0.10651970210271729,-0.35156556054716587
1697,engineered,15,averse,4,2023-12-31,0.05051621059498035,0.10441486059397247,0.5476802616983658
1698,engineered,15,averse,4,2024-01-31,0.045359066851752505,0.0993261584925238,0.3510902571600148
1699,engineered,15,averse,4,2024-02-29,0.06365531762083898,0.09358086809103122,0.573226079174036
1700,engineered,15,averse,4,2024-03-31,0.08695884786924202,0.0905204062653072,0.7966726469932807
1701,engineered,15,averse,4,2024-04-30,0.05389323331885931,0.09068220863473064,0.23844269764090656
1702,engineered,15,averse,4,2024-05-31,0.08958496015168382,0.08840415106607039,0.6224374666145716
1703,engineered,15,averse,4,2024-06-30,0.08426315125774386,0.08541641716145258,0.47101365112915844
1704,engineered,15,averse,4,2024-07-31,0.12354563602226354,0.08390723964275638,0.8312300774353794
1705,engineered,15,averse,4,2024-08-31,0.13923103928581537,0.08547683892864191,0.8792215518235215
1706,engineered,15,averse,4,2024-09-30,0.14786907198718402,0.08723730986485605,0.8299168949227375
1707,engineered,15,averse,4,2024-10-31,0.11773503855032641,0.08669611324422999,0.5054507408638538
1708,engineered,15,averse,4,2024-11-30,0.15018680135662987,0.08891259638280082,0.6854427309939242
1709,engineered,15,averse,4,2024-12-31,0.11560325640057911,0.08905428701688774,0.36254102350340517
1710,engineered,15,averse,5,2023-07-31,0.02873183644185806,0.10752167843464293,2.7920943087391787
1711,engineered,15,averse,5,2023-08-31,0.009785673465384948,0.12731458561115355,0.12174955729606947
1712,engineered,15,averse,5,2023-09-30,-0.03479109183291351,0.12029771142793419,-1.4501181587639358
1713,engineered,15,averse,5,2023-10-31,-0.05925553617852808,0.11469803314888478,-1.7798754529010126
1714,engineered,15,averse,5,2023-11-30,0.019016208138993962,0.1381622187782762,0.02283144787191718
1715,engineered,15,averse,5,2023-12-31,0.06784582306704512,0.13169339043379602,0.7015268005306475
1716,engineered,15,averse,5,2024-01-31,0.07128516425073972,0.1254970087267612,0.6379718639105748
1717,engineered,15,averse,5,2024-02-29,0.10751980360890245,0.1185296699081599,1.0247556429226292
1718,engineered,15,averse,5,2024-03-31,0.1371449054496212,0.1137890338497419,1.2256718640252144
1719,engineered,15,averse,5,2024-04-30,0.09188308609033258,0.11670933626125997,0.5749090519403776
1720,engineered,15,averse,5,2024-05-31,0.12864687747357006,0.11291651626904328,0.8653273750425813
1721,engineered,15,averse,5,2024-06-30,0.15485271047906157,0.10884736321771968,1.0045514843148355
1722,engineered,15,averse,5,2024-07-31,0.17877237951231928,0.10727565078244676,1.1140521060833255
1723,engineered,15,averse,5,2024-08-31,0.20483309941648975,0.1093612125311564,1.186735430681724
1724,engineered,15,averse,5,2024-09-30,0.22960813025885796,0.11285514900575706,1.1916539236194341
1725,engineered,15,averse,5,2024-10-31,0.19888868456981013,0.1117016010325479,0.9120218416964965
1726,engineered,15,averse,5,2024-11-30,0.24418923870891618,0.11307911723494553,1.0927301790794428
1727,engineered,15,averse,5,2024-12-31,0.21004733258462216,0.11226663505363772,0.813555412820286
1728,engineered,15,averse,6,2023-07-31,0.019038191389941117,0.08291272818015372,2.1023952217745965
1729,engineered,15,averse,6,2023-08-31,0.0026646629276292355,0.1002082383040844,-0.2682703934110654
1730,engineered,15,averse,6,2023-09-30,-0.034282993837967846,0.09723977884572697,-1.775167479183357
1731,engineered,15,averse,6,2023-10-31,-0.03453383246668229,0.09176123228467077,-1.5139394907657808
1732,engineered,15,averse,6,2023-11-30,0.0345102347116657,0.1124765210198648,0.36558628750968536
1733,engineered,15,averse,6,2023-12-31,0.05765680882706947,0.10541784065876406,0.6794445815938962
1734,engineered,15,averse,6,2024-01-31,0.07997906897524665,0.1016464686109756,0.9384017478881284
1735,engineered,15,averse,6,2024-02-29,0.11813619039197487,0.09718298980267057,1.4207990116092037
1736,engineered,15,averse,6,2024-03-31,0.14220005604954777,0.09347648630247014,1.5651271901040733
1737,engineered,15,averse,6,2024-04-30,0.10318318059985532,0.09718107776828085,0.83020069006675
1738,engineered,15,averse,6,2024-05-31,0.14245664025746385,0.0943064189363107,1.196415325863683
1739,engineered,15,averse,6,2024-06-30,0.17087942501851172,0.0914581597287726,1.366990154078723
1740,engineered,15,averse,6,2024-07-31,0.16938426067245382,0.09051672936938922,1.2270194370615493
1741,engineered,15,averse,6,2024-08-31,0.1935482768603265,0.09137571751325778,1.3178267231376442
1742,engineered,15,averse,6,2024-09-30,0.21497365963071013,0.09483061846124899,1.301633476665074
1743,engineered,15,averse,6,2024-10-31,0.1890239611070228,0.0945365936942767,1.0035559344893137
1744,engineered,15,averse,6,2024-11-30,0.24397722899696928,0.09578454485634091,1.2885727048587259
1745,engineered,15,averse,6,2024-12-31,0.21428087831425424,0.1117223373017341,0.8408740512145931
1746,engineered,15,averse,7,2023-07-31,0.013904354711352651,0.09969073020549092,1.124034198040656
1747,engineered,15,averse,7,2023-08-31,-0.010718089993821844,0.11465486610997407,-0.8960758637480337
1748,engineered,15,averse,7,2023-09-30,-0.06766241248814031,0.11685508538214576,-2.4541134187778635
1749,engineered,15,averse,7,2023-10-31,-0.06856366865451569,0.11599970289135374,-1.9645294666504889
1750,engineered,15,averse,7,2023-11-30,0.007042288001733121,0.13929803626360818,-0.1841495205366424
1751,engineered,15,averse,7,2023-12-31,0.0441986288439824,0.13159393176095063,0.33805632052972606
1752,engineered,15,averse,7,2024-01-31,0.052048819896687526,0.12416511239923604,0.37419003249748817
1753,engineered,15,averse,7,2024-02-29,0.07546092056523612,0.11786781503920615,0.6088605996240115
1754,engineered,15,averse,7,2024-03-31,0.11587776762512658,0.11324783295301581,0.978516832253038
1755,engineered,15,averse,7,2024-04-30,0.08112839771506897,0.11410646816291983,0.4749423310761281
1756,engineered,15,averse,7,2024-05-31,0.14847857448589719,0.11163327500339627,1.0698213424001013
1757,engineered,15,averse,7,2024-06-30,0.16056965476634733,0.10800474528032772,1.064178989470078
1758,engineered,15,averse,7,2024-07-31,0.17931950626465465,0.10747655862849956,1.1165470855607085
1759,engineered,15,averse,7,2024-08-31,0.20580804178603196,0.10641371839820346,1.2272039703059088
1760,engineered,15,averse,7,2024-09-30,0.23472458234147364,0.10955052826635366,1.2628035901867773
1761,engineered,15,averse,7,2024-10-31,0.1969890910053267,0.10966850883333247,0.9166460770515868
1762,engineered,15,averse,7,2024-11-30,0.2422845650455281,0.11041325639130731,1.1077513374539283
1763,engineered,15,averse,7,2024-12-31,0.2036452843283123,0.10923457605979803,0.7999608313366977
1764,engineered,15,averse,8,2023-07-31,0.022470570007881108,0.08543731761232637,2.5470951178218124
1765,engineered,15,averse,8,2023-08-31,0.006100403187099035,0.10145469426574515,-0.06517857361785051
1766,engineered,15,averse,8,2023-09-30,-0.029729646199862736,0.09709704246988372,-1.6076376945687503
1767,engineered,15,averse,8,2023-10-31,-0.04877304346405387,0.09373757764596323,-1.8869759989851604
1768,engineered,15,averse,8,2023-11-30,0.019041279001107858,0.11479761527790792,0.028007941123973475
1769,engineered,15,averse,8,2023-12-31,0.059750439270946254,0.10996433701574519,0.6900097143071339
1770,engineered,15,averse,8,2024-01-31,0.06605308051333547,0.10381945791079057,0.6827553992040872
1771,engineered,15,averse,8,2024-02-29,0.10145036625135906,0.09838914169741686,1.1383426204143052
1772,engineered,15,averse,8,2024-03-31,0.12665596371310506,0.0947959540384174,1.321955559925955
1773,engineered,15,averse,8,2024-04-30,0.08925788713292726,0.09788395826124599,0.6532781509819061
1774,engineered,15,averse,8,2024-05-31,0.1260924665341825,0.09460331959354336,1.0032913138899227
1775,engineered,15,averse,8,2024-06-30,0.1492054647016554,0.09123014687937571,1.1379666176573413
1776,engineered,15,averse,8,2024-07-31,0.16429511708372746,0.09013115732074681,1.1814502065993344
1777,engineered,15,averse,8,2024-08-31,0.18552548620447973,0.09168086916250852,1.2407296315847844
1778,engineered,15,averse,8,2024-09-30,0.20490883902742718,0.09512320629390617,1.2175683958648935
1779,engineered,15,averse,8,2024-10-31,0.1886156760442943,0.09398089615837414,1.006403001150539
1780,engineered,15,averse,8,2024-11-30,0.23735260169848638,0.09618556412367256,1.237808268680631
1781,engineered,15,averse,8,2024-12-31,0.2098975201666633,0.10429865819367347,0.8748217699666856
1782,engineered,15,averse,9,2023-07-31,0.009033384469518069,0.11691139465943763,0.476099300687817
1783,engineered,15,averse,9,2023-08-31,-0.024130553339903993,0.11932410184810581,-1.4582238269967969
1784,engineered,15,averse,9,2023-09-30,-0.0866456634095345,0.1343731512435373,-2.578346107603007
1785,engineered,15,averse,9,2023-10-31,-0.07974643367343959,0.14043089365415695,-1.8216458225546186
1786,engineered,15,averse,9,2023-11-30,-0.016452532320176072,0.15689105583570012,-0.5151951647355331
1787,engineered,15,averse,9,2023-12-31,0.02773447681338692,0.1492631820146775,0.07853818736352915
1788,engineered,15,averse,9,2024-01-31,0.03914672784780149,0.13844840837046501,0.17447276888217367
1789,engineered,15,averse,9,2024-02-29,0.08088456053732385,0.132113782261089,0.6064703006628048
1790,engineered,15,averse,9,2024-03-31,0.14657872295130425,0.12766820351797234,1.1923869232731736
1791,engineered,15,averse,9,2024-04-30,0.119561901320266,0.12794458308284712,0.7848059093538342
1792,engineered,15,averse,9,2024-05-31,0.18954362239112243,0.12460215309062403,1.3201804028406081
1793,engineered,15,averse,9,2024-06-30,0.19329968557356692,0.1208945797441774,1.2155245249810627
1794,engineered,15,averse,9,2024-07-31,0.21083154360903777,0.1208588500358191,1.2270895912726942
1795,engineered,15,averse,9,2024-08-31,0.24828686661185095,0.11936378557520454,1.3884132273852086
1796,engineered,15,averse,9,2024-09-30,0.27437896077448465,0.1244547814717471,1.3508248964718181
1797,engineered,15,averse,9,2024-10-31,0.2585314033975452,0.12315660075975902,1.1683998787765006
1798,engineered,15,averse,9,2024-11-30,0.3182629677888602,0.12553765191420307,1.36948789072984
1799,engineered,15,averse,9,2024-12-31,0.23851235544805105,0.12584831254070294,0.864690060027562
1800,engineered,15,neutral,0,2023-07-31,0.007217707823173214,0.11363304070312898,0.3105229662868293
1801,engineered,15,neutral,0,2023-08-31,-0.0289104585214629,0.11315309367548504,-1.7524099607037835
1802,engineered,15,neutral,0,2023-09-30,-0.08551890084103508,0.12667101387431848,-2.707960108734895
1803,engineered,15,neutral,0,2023-10-31,-0.08346124053812076,0.13560508484556133,-1.9538575638963196
1804,engineered,15,neutral,0,2023-11-30,-0.028062363319897088,0.15156301416109771,-0.7088900973846611
1805,engineered,15,neutral,0,2023-12-31,0.017535478843496266,0.1456177363180897,-0.057211305254367864
1806,engineered,15,neutral,0,2024-01-31,0.0193081316407413,0.1351398322806368,-0.07235363654360218
1807,engineered,15,neutral,0,2024-02-29,0.047292779657303274,0.12839317330162994,0.2234314102656717
1808,engineered,15,neutral,0,2024-03-31,0.1028518585542979,0.12360561080704685,0.7551898601314454
1809,engineered,15,neutral,0,2024-04-30,0.08424397745050416,0.12133303532490777,0.4774430312428968
1810,engineered,15,neutral,0,2024-05-31,0.15327273695984855,0.11961450321081094,1.0423695227617789
1811,engineered,15,neutral,0,2024-06-30,0.14552745510912302,0.11598509091303168,0.8640558490537299
1812,engineered,15,neutral,0,2024-07-31,0.16976011655379453,0.11561474197318052,0.9635794829037991
1813,engineered,15,neutral,0,2024-08-31,0.20925711952137482,0.1138397676799433,1.1722692345289727
1814,engineered,15,neutral,0,2024-09-30,0.23434537125646804,0.11556960304163295,1.1945622668999119
1815,engineered,15,neutral,0,2024-10-31,0.21268766075630396,0.11425377044773481,0.9771528948168346
1816,engineered,15,neutral,0,2024-11-30,0.2537349057542837,0.11532790353512729,1.1258657160595265
1817,engineered,15,neutral,0,2024-12-31,0.18918560608442903,0.11527056573598551,0.6804115220161585
1818,engineered,15,neutral,1,2023-07-31,0.07711273797219276,0.3040607488042092,3.6930547778091407
1819,engineered,15,neutral,1,2023-08-31,-0.009621764255054788,0.3457888749230113,-0.2796708015170099
1820,engineered,15,neutral,1,2023-09-30,-0.08160309584396253,0.3100871456907209,-1.0673267864976965
1821,engineered,15,neutral,1,2023-10-31,-0.21319136581491205,0.31070142629583436,-1.7448847473495763
1822,engineered,15,neutral,1,2023-11-30,-0.08926864634276122,0.32666986214186255,-0.736750706019319
1823,engineered,15,neutral,1,2023-12-31,-0.01785209015378242,0.3146220687477961,-0.24306808386788828
1824,engineered,15,neutral,1,2024-01-31,-0.14728590214623882,0.2994434524167372,-0.9247380239503576
1825,engineered,15,neutral,1,2024-02-29,-0.02546580294113887,0.30520505867571,-0.26204333178678463
1826,engineered,15,neutral,1,2024-03-31,-0.07487011413126832,0.29888791202111425,-0.46370361996652115
1827,engineered,15,neutral,1,2024-04-30,-0.08493156867461171,0.3035195409298329,-0.4677032281966868
1828,engineered,15,neutral,1,2024-05-31,-0.03821797088811496,0.30651088196073667,-0.27311641637803363
1829,engineered,15,neutral,1,2024-06-30,-0.0012030381706710225,0.29661910814401443,-0.146846302917277
1830,engineered,15,neutral,1,2024-07-31,0.04111361018792681,0.30640840869659874,-0.01611104735472159
1831,engineered,15,neutral,1,2024-08-31,0.013600980092870252,0.30215528910423034,-0.10191567949235061
1832,engineered,15,neutral,1,2024-09-30,0.11633899566935191,0.30218315650117533,0.15951562727117158
1833,engineered,15,neutral,1,2024-10-31,0.07366113550540554,0.3029766649261609,0.039078129041919756
1834,engineered,15,neutral,1,2024-11-30,0.1592073040126889,0.3021570669062647,0.22179816624761775
1835,engineered,15,neutral,1,2024-12-31,0.17847068831271296,0.298615057707033,0.24035566330982439
1836,engineered,15,neutral,2,2023-07-31,0.008992510922073205,0.11231563158766307,0.49146267185486103
1837,engineered,15,neutral,2,2023-08-31,-0.027759804454265846,0.17559579460938704,-1.096242000170913
1838,engineered,15,neutral,2,2023-09-30,-0.07576585735283614,0.16430713371595906,-1.9031704240423812
1839,engineered,15,neutral,2,2023-10-31,-0.13439393445714998,0.1609259298928496,-2.381944068919463
1840,engineered,15,neutral,2,2023-11-30,-0.04580624632233932,0.1880465014556805,-0.7832311269358261
1841,engineered,15,neutral,2,2023-12-31,0.003519557801078488,0.18213961753023816,-0.19538646004121346
1842,engineered,15,neutral,2,2024-01-31,-0.05166150786679857,0.1710791007904099,-0.7453285913974343
1843,engineered,15,neutral,2,2024-02-29,-0.010438338404124115,0.1647548404217533,-0.35110392035940674
1844,engineered,15,neutral,2,2024-03-31,-0.013189853459984358,0.1641218560124988,-0.3624736401807657
1845,engineered,15,neutral,2,2024-04-30,-0.037335850411222116,0.17070522333971902,-0.5058423842819233
1846,engineered,15,neutral,2,2024-05-31,0.010430333011867576,0.16732257449596924,-0.18570503209551942
1847,engineered,15,neutral,2,2024-06-30,0.025977596146571136,0.16086256694093232,-0.10503255058448566
1848,engineered,15,neutral,2,2024-07-31,0.07278652909349326,0.16564666074178303,0.14378852868986336
1849,engineered,15,neutral,2,2024-08-31,0.07658117793739061,0.16561939806422213,0.1361363525846205
1850,engineered,15,neutral,2,2024-09-30,0.12938041461422278,0.16777631124154455,0.34706044948124964
1851,engineered,15,neutral,2,2024-10-31,0.09428225660838851,0.16694414965592289,0.16079652079637383
1852,engineered,15,neutral,2,2024-11-30,0.18223667433604662,0.17073572976627183,0.4829682957398441
1853,engineered,15,neutral,2,2024-12-31,0.17911308595737618,0.17423005284721022,0.4142428212463883
1854,engineered,15,neutral,3,2023-07-31,0.02314480745320613,0.09328335953240117,2.425778869748209
1855,engineered,15,neutral,3,2023-08-31,-0.017144708655062568,0.13824576449544096,-0.9943510878275255
1856,engineered,15,neutral,3,2023-09-30,-0.09369798310106514,0.14367448179543402,-2.5593025376279894
1857,engineered,15,neutral,3,2023-10-31,-0.11386880543432942,0.1501576112469382,-2.245321957010509
1858,engineered,15,neutral,3,2023-11-30,-0.060592786212619765,0.17948733805404626,-1.0013152380349368
1859,engineered,15,neutral,3,2023-12-31,-0.018105632546018935,0.17825334592919287,-0.43171561560343225
1860,engineered,15,neutral,3,2024-01-31,-0.04291134690365539,0.16627227687042576,-0.6814503191874721
1861,engineered,15,neutral,3,2024-02-29,-0.027044821887415194,0.1574322615450302,-0.522718778864789
1862,engineered,15,neutral,3,2024-03-31,0.03870437819639316,0.15565240466923455,0.05286230589639881
1863,engineered,15,neutral,3,2024-04-30,0.038684029622981564,0.14970039249425682,0.02337690548365729
1864,engineered,15,neutral,3,2024-05-31,0.18471438992183886,0.15881723023306574,1.002349237424765
1865,engineered,15,neutral,3,2024-06-30,0.13787227104978395,0.15649812292732176,0.5925029870910155
1866,engineered,15,neutral,3,2024-07-31,0.1590344494491316,0.15513518706020737,0.6558727496164138
1867,engineered,15,neutral,3,2024-08-31,0.19473899598541178,0.1529072370482199,0.7939857980600088
1868,engineered,15,neutral,3,2024-09-30,0.24175445221479186,0.15651736671562227,0.917687515219832
1869,engineered,15,neutral,3,2024-10-31,0.17501245924621456,0.1551452016936276,0.5472439983790127
1870,engineered,15,neutral,3,2024-11-30,0.21134779514545632,0.15221718810783585,0.669127571222089
1871,engineered,15,neutral,3,2024-12-31,0.1490650475669466,0.15035416948521213,0.3551328692192201
1872,engineered,15,neutral,4,2023-07-31,0.014320844234350538,0.10289529561765029,1.1370506632697752
1873,engineered,15,neutral,4,2023-08-31,-0.01422981147429292,0.11910852392830545,-1.0230041596927353
1874,engineered,15,neutral,4,2023-09-30,-0.07552505474009419,0.1267204278679898,-2.4616688990078806
1875,engineered,15,neutral,4,2023-10-31,-0.07533857276062361,0.12997681673705497,-1.884044897346005
1876,engineered,15,neutral,4,2023-11-30,-0.0031931373574362043,0.1516494148493154,-0.3291015456794199
1877,engineered,15,neutral,4,2023-12-31,0.034750031972142326,0.1430999218160919,0.17906864635450234
1878,engineered,15,neutral,4,2024-01-31,0.04501935353017594,0.13407778736008863,0.25571189796906013
1879,engineered,15,neutral,4,2024-02-29,0.06660142052755536,0.12719072558119016,0.4572367850914867
1880,engineered,15,neutral,4,2024-03-31,0.12132456914504863,0.12313382197087938,0.9594267537010704
1881,engineered,15,neutral,4,2024-04-30,0.08887129296715779,0.12409739769859027,0.5115451711544674
1882,engineered,15,neutral,4,2024-05-31,0.1696106272255351,0.12150423382293123,1.1736546462577993
1883,engineered,15,neutral,4,2024-06-30,0.17931667405179685,0.11752853717092783,1.1339824346046594
1884,engineered,15,neutral,4,2024-07-31,0.1961300582561185,0.11795563194550847,1.1454212934739938
1885,engineered,15,neutral,4,2024-08-31,0.2242312419142316,0.11729570257760086,1.243451540376528
1886,engineered,15,neutral,4,2024-09-30,0.2604880694888534,0.12230165996192043,1.2895070489951184
1887,engineered,15,neutral,4,2024-10-31,0.22523828409691737,0.12175739631383517,0.9897051802689595
1888,engineered,15,neutral,4,2024-11-30,0.27409528873775457,0.12261435338455433,1.1677975642447294
1889,engineered,15,neutral,4,2024-12-31,0.229768570917539,0.12115873069983549,0.8539513827445265
1890,engineered,15,neutral,5,2023-07-31,0.013120865953039518,0.1477960980200424,0.6956324827155067
1891,engineered,15,neutral,5,2023-08-31,-0.01372461835382921,0.2289195371834971,-0.5203551714918024
1892,engineered,15,neutral,5,2023-09-30,-0.07107676409127583,0.22337058843886345,-1.3331363704974195
1893,engineered,15,neutral,5,2023-10-31,-0.13548455285916794,0.21722531941502277,-1.7756336716081271
1894,engineered,15,neutral,5,2023-11-30,-0.04553009468749758,0.23505904756525173,-0.6239770814962863
1895,engineered,15,neutral,5,2023-12-31,-0.003342164811816817,0.21957788049301552,-0.22226222423737954
1896,engineered,15,neutral,5,2024-01-31,-0.07766304869655194,0.20571313682995515,-0.8224769524696686
1897,engineered,15,neutral,5,2024-02-29,-0.048716473680110894,0.19457110946964315,-0.5853500945938744
1898,engineered,15,neutral,5,2024-03-31,-0.033347400962329354,0.1945137145298229,-0.4396097563958788
1899,engineered,15,neutral,5,2024-04-30,-0.01222315675021568,0.2113130734662797,-0.2688262916001899
1900,engineered,15,neutral,5,2024-05-31,0.04232179656135959,0.20738652285262826,0.017124407199154538
1901,engineered,15,neutral,5,2024-06-30,0.07509870652811146,0.20026385566353905,0.15606293127846255
1902,engineered,15,neutral,5,2024-07-31,0.14320917436032832,0.21589334666080867,0.40524163689866555
1903,engineered,15,neutral,5,2024-08-31,0.13345704793841606,0.2119626171640688,0.3317704776062538
1904,engineered,15,neutral,5,2024-09-30,0.2281145397318074,0.21453199581198173,0.6216221838745014
1905,engineered,15,neutral,5,2024-10-31,0.20634761558625003,0.218569415840078,0.4902720829543721
1906,engineered,15,neutral,5,2024-11-30,0.35799303853658726,0.23050247888618355,0.8569331969667005
1907,engineered,15,neutral,5,2024-12-31,0.40866625086298747,0.22876573253519336,0.9206746476368616
1908,engineered,15,neutral,6,2023-07-31,0.007845278328437733,0.11099702875295808,0.3809955043858258
1909,engineered,15,neutral,6,2023-08-31,-0.017332364386845933,0.17894757700524042,-0.7737608072888339
1910,engineered,15,neutral,6,2023-09-30,-0.0725621659138409,0.17253988733510486,-1.7534185363972805
1911,engineered,15,neutral,6,2023-10-31,-0.12129492709901524,0.17112520019783944,-2.069191919426028
1912,engineered,15,neutral,6,2023-11-30,-0.03197185415106163,0.1949222979082028,-0.5966786543598214
1913,engineered,15,neutral,6,2023-12-31,0.010749865371208145,0.18456526234515047,-0.11687254989904461
1914,engineered,15,neutral,6,2024-01-31,-0.039852839762687164,0.17240714588856573,-0.6282842598606965
1915,engineered,15,neutral,6,2024-02-29,-0.005991824154279124,0.1636417448028617,-0.3132833747498391
1916,engineered,15,neutral,6,2024-03-31,0.00981326313135189,0.16171545897761933,-0.18304427466005802
1917,engineered,15,neutral,6,2024-04-30,0.0033029263485517824,0.17151558446197374,-0.22430869680839907
1918,engineered,15,neutral,6,2024-05-31,0.05320498590034339,0.16810576908710398,0.09153415765634972
1919,engineered,15,neutral,6,2024-06-30,0.07869127993514446,0.16188622363361682,0.21480289792272278
1920,engineered,15,neutral,6,2024-07-31,0.1394100679556698,0.1701535733144624,0.4940423667262608
1921,engineered,15,neutral,6,2024-08-31,0.1473011484537612,0.16920143365729476,0.48402636435814517
1922,engineered,15,neutral,6,2024-09-30,0.22154788716564333,0.17168067265645576,0.7479116095639093
1923,engineered,15,neutral,6,2024-10-31,0.19416876576565256,0.1731647909179602,0.5689734475968335
1924,engineered,15,neutral,6,2024-11-30,0.32191773719708894,0.1836406301683469,0.9490655553917173
1925,engineered,15,neutral,6,2024-12-31,0.3225691738861498,0.1809640397479342,0.8823222935661417
1926,engineered,15,neutral,7,2023-07-31,0.006540905175181244,0.13458775871017178,0.20639595837614147
1927,engineered,15,neutral,7,2023-08-31,-0.05008335368874173,0.13185665364795032,-2.269397296489802
1928,engineered,15,neutral,7,2023-09-30,-0.11617875083766571,0.16360683442951746,-2.641682835793941
1929,engineered,15,neutral,7,2023-10-31,-0.11234494527095851,0.19507162936420358,-1.710361274954147
1930,engineered,15,neutral,7,2023-11-30,-0.03920749339879004,0.20472718945494345,-0.647612179856322
1931,engineered,15,neutral,7,2023-12-31,0.010994327557616979,0.19473475219512904,-0.1083271416289363
1932,engineered,15,neutral,7,2024-01-31,-0.018045677608511612,0.18282887842398968,-0.3963370355132829
1933,engineered,15,neutral,7,2024-02-29,-0.021332312187782754,0.17258965924564912,-0.42821792913025675
1934,engineered,15,neutral,7,2024-03-31,0.03265325901859617,0.16802882647707448,0.0016575930747726045
1935,engineered,15,neutral,7,2024-04-30,0.027688279863355314,0.16240037028174675,-0.058945690715917536
1936,engineered,15,neutral,7,2024-05-31,0.1088620078210778,0.16074161394693698,0.4732737880647444
1937,engineered,15,neutral,7,2024-06-30,0.039435185180783705,0.15928241186296152,-0.023230102847323963
1938,engineered,15,neutral,7,2024-07-31,0.08241636667962537,0.15927627756430932,0.20433552067531305
1939,engineered,15,neutral,7,2024-08-31,0.0911572166543162,0.15412485804360035,0.22595666923182525
1940,engineered,15,neutral,7,2024-09-30,0.10699103753631123,0.15616750819619465,0.2625476428577782
1941,engineered,15,neutral,7,2024-10-31,0.04992885957069659,0.15402499353296534,-0.035840336395129097
1942,engineered,15,neutral,7,2024-11-30,0.030044276844011675,0.15617514344597233,-0.13675643456133912
1943,engineered,15,neutral,7,2024-12-31,-0.029538308929224044,0.1549929000245634,-0.39949872197826447
1944,engineered,15,neutral,8,2023-07-31,0.0720122420622582,0.25724989297557427,3.9596513003450986
1945,engineered,15,neutral,8,2023-08-31,-0.02305134179745494,0.3098296550294463,-0.5436470223185855
1946,engineered,15,neutral,8,2023-09-30,-0.09700082833774415,0.28333171441177046,-1.3323170328242722
1947,engineered,15,neutral,8,2023-10-31,-0.21843444679314838,0.29256324417309126,-1.885772364181242
1948,engineered,15,neutral,8,2023-11-30,-0.09407406147681141,0.3189673509202631,-0.7857757227885478
1949,engineered,15,neutral,8,2023-12-31,-0.03720665847008753,0.313994825574861,-0.3592379934345067
1950,engineered,15,neutral,8,2024-01-31,-0.16544912598580797,0.29878202171044743,-1.017661985063211
1951,engineered,15,neutral,8,2024-02-29,-0.055556682110705635,0.3076348072575195,-0.40240541072689445
1952,engineered,15,neutral,8,2024-03-31,-0.15438743445136416,0.3028550780445603,-0.7866910455351072
1953,engineered,15,neutral,8,2024-04-30,-0.1914484052883927,0.3042511817591931,-0.8692511792678161
1954,engineered,15,neutral,8,2024-05-31,-0.1696932314567341,0.30691453407357394,-0.7325756157039176
1955,engineered,15,neutral,8,2024-06-30,-0.15416721704223713,0.2955099877577744,-0.6560453979448978
1956,engineered,15,neutral,8,2024-07-31,-0.11524563545950017,0.30248275347934694,-0.4895105734676172
1957,engineered,15,neutral,8,2024-08-31,-0.1112582903821927,0.2995326230784296,-0.46083090372262636
1958,engineered,15,neutral,8,2024-09-30,-0.03286844607194772,0.29583815422938003,-0.23108890516638847
1959,engineered,15,neutral,8,2024-10-31,-0.09285579571228753,0.29647130421548107,-0.37849530596174513
1960,engineered,15,neutral,8,2024-11-30,-0.006288540631138484,0.294236017761521,-0.15905660896535406
1961,engineered,15,neutral,8,2024-12-31,-0.039485062912945734,0.2914910479130906,-0.23515566931915463
1962,engineered,15,neutral,9,2023-07-31,0.009215367780221584,0.13390377321226832,0.43107636436363245
1963,engineered,15,neutral,9,2023-08-31,-0.048364066567798236,0.17978511185171253,-1.6209914133219152
1964,engineered,15,neutral,9,2023-09-30,-0.11859105672279535,0.18983379519244972,-2.3116634798019735
1965,engineered,15,neutral,9,2023-10-31,-0.15217127342410186,0.19123735337830317,-2.2049304321002134
1966,engineered,15,neutral,9,2023-11-30,-0.06492360078160486,0.23571049952173465,-0.8022297861168199
1967,engineered,15,neutral,9,2023-12-31,-0.02909132907074108,0.22850498974227593,-0.42734152993233127
1968,engineered,15,neutral,9,2024-01-31,-0.0995406961019768,0.21448810057900478,-0.9495012157203936
1969,engineered,15,neutral,9,2024-02-29,-0.08524099241466976,0.20274392084314297,-0.8205401313327472
1970,engineered,15,neutral,9,2024-03-31,-0.07134447098895069,0.19613240971273327,-0.6837996753234937
1971,engineered,15,neutral,9,2024-04-30,-0.06243287533375508,0.19588688347609357,-0.5908269746090603
1972,engineered,15,neutral,9,2024-05-31,0.005176013443860317,0.19338049660404202,-0.1901355721055484
1973,engineered,15,neutral,9,2024-06-30,-0.02507602119454022,0.1884650584956281,-0.35542835546027934
1974,engineered,15,neutral,9,2024-07-31,0.04497930018778584,0.1930240896364933,-0.007372030765080928
1975,engineered,15,neutral,9,2024-08-31,0.06999448911966621,0.19142522405502416,0.08875645427007789
1976,engineered,15,neutral,9,2024-09-30,0.14639588115459823,0.19045904170051625,0.37421342371798305
1977,engineered,15,neutral,9,2024-10-31,0.09961360220724802,0.190711121288342,0.1610359477718279
1978,engineered,15,neutral,9,2024-11-30,0.21373403660315216,0.19585620115998265,0.5281229953682366
1979,engineered,15,neutral,9,2024-12-31,0.19536209736098487,0.19191971248330075,0.42861569897124663
1980,engineered,15,seeking,0,2023-07-31,0.04838553673687107,0.15813269617811138,3.7452706274923786
1981,engineered,15,seeking,0,2023-08-31,-0.013452534786219883,0.21031277513035376,-0.5593901813787253
1982,engineered,15,seeking,0,2023-09-30,-0.10815201929911022,0.20911902712698785,-1.959301997078283
1983,engineered,15,seeking,0,2023-10-31,-0.18043515248297815,0.22077415065594047,-2.1722652063194023
1984,engineered,15,seeking,0,2023-11-30,-0.1101011123157698,0.24830986348765052,-1.1410970447838489
1985,engineered,15,seeking,0,2023-12-31,-0.015469277790915337,0.24250500844737363,-0.2967208887925622
1986,engineered,15,seeking,0,2024-01-31,0.0012005124199958583,0.22306445605406022,-0.18094539072097987
1987,engineered,15,seeking,0,2024-02-29,0.05412188963155251,0.21019150912764514,0.185925127852392
1988,engineered,15,seeking,0,2024-03-31,0.13025411671511544,0.20271898436556707,0.6421023400014064
1989,engineered,15,seeking,0,2024-04-30,0.0916753816958431,0.20644883654028226,0.3237985533816905
1990,engineered,15,seeking,0,2024-05-31,0.22602412861333865,0.21239863082899849,0.963492165176249
1991,engineered,15,seeking,0,2024-06-30,0.1894737046514583,0.206549862102862,0.6933382332321353
1992,engineered,15,seeking,0,2024-07-31,0.18905073239909598,0.2016983702295101,0.6383272816647583
1993,engineered,15,seeking,0,2024-08-31,0.11462190410087358,0.2112524638560526,0.25818085511289424
1994,engineered,15,seeking,0,2024-09-30,0.14834767586581266,0.21229194803833665,0.34276340970340247
1995,engineered,15,seeking,0,2024-10-31,0.11440039210424824,0.2075714181644953,0.19950925243373796
1996,engineered,15,seeking,0,2024-11-30,0.13766526170846194,0.21019289023908744,0.24972475643866157
1997,engineered,15,seeking,0,2024-12-31,0.04648787705103419,0.20907146784696945,-0.05747134223558328
1998,engineered,15,seeking,1,2023-07-31,-0.004568456874704974,0.10765065682536135,-0.8256502666871486
1999,engineered,15,seeking,1,2023-08-31,-0.041170343088771655,0.1828607892994378,-1.4110938915034823
2000,engineered,15,seeking,1,2023-09-30,-0.10371875955289767,0.19387996785497497,-2.047936922438014
2001,engineered,15,seeking,1,2023-10-31,-0.15098222462444355,0.20187977526900708,-2.0762202386404742
2002,engineered,15,seeking,1,2023-11-30,-0.07927922418182509,0.22107705262705463,-0.9939244439394629
2003,engineered,15,seeking,1,2023-12-31,-0.04274978879477387,0.2092741708657507,-0.588122054519291
2004,engineered,15,seeking,1,2024-01-31,-0.11153423173372568,0.19739705820252998,-1.126211621424594
2005,engineered,15,seeking,1,2024-02-29,-0.09759468172894359,0.18684271412007417,-0.9841350941752924
2006,engineered,15,seeking,1,2024-03-31,-0.0771024079751903,0.1834730055361678,-0.770845802342069
2007,engineered,15,seeking,1,2024-04-30,-0.06399752298468875,0.19048681270860574,-0.6171690161416721
2008,engineered,15,seeking,1,2024-05-31,-0.0048789211324052895,0.18854366005497258,-0.25278754247335367
2009,engineered,15,seeking,1,2024-06-30,-0.0016297404458285314,0.18185429992907037,-0.24182041286826952
2010,engineered,15,seeking,1,2024-07-31,0.0767793342909926,0.19285483686475582,0.14227114325418824
2011,engineered,15,seeking,1,2024-08-31,0.08443762583624115,0.18903157224785408,0.15430250599353293
2012,engineered,15,seeking,1,2024-09-30,0.1700640256687742,0.18981442718446037,0.4707121418234471
2013,engineered,15,seeking,1,2024-10-31,0.13426566005148044,0.19348154541794416,0.2880454091197706
2014,engineered,15,seeking,1,2024-11-30,0.2576517045987221,0.20225134043774015,0.6547098022118517
2015,engineered,15,seeking,1,2024-12-31,0.2621967737937838,0.19872427417702793,0.6202739644295434
2016,engineered,15,seeking,2,2023-07-31,0.009437383334550908,0.14202469796229553,0.42416742186807554
2017,engineered,15,seeking,2,2023-08-31,-0.0593505445333663,0.19720681259160783,-1.7248864077766317
2018,engineered,15,seeking,2,2023-09-30,-0.1336932649158762,0.20001970837766073,-2.3954928949539864
2019,engineered,15,seeking,2,2023-10-31,-0.18242834378864226,0.21107626967999427,-2.290759814624963
2020,engineered,15,seeking,2,2023-11-30,-0.10124584476738585,0.24306133242006472,-1.09178938584664
2021,engineered,15,seeking,2,2023-12-31,-0.06399498325160091,0.24184900175599447,-0.6697122478188205
2022,engineered,15,seeking,2,2024-01-31,-0.15512735896179497,0.2280369876000902,-1.2659243624946401
2023,engineered,15,seeking,2,2024-02-29,-0.11478900042771722,0.21857576053629882,-0.9519287471858041
2024,engineered,15,seeking,2,2024-03-31,-0.12705504388620503,0.21199595944334718,-0.9637070679467186
2025,engineered,15,seeking,2,2024-04-30,-0.12105787471901575,0.21501778361446316,-0.8548869786531924
2026,engineered,15,seeking,2,2024-05-31,-0.0568277162949119,0.2150225976827948,-0.4827029976818439
2027,engineered,15,seeking,2,2024-06-30,-0.09871501325345022,0.21030941750678436,-0.6624663530965822
2028,engineered,15,seeking,2,2024-07-31,-0.03663931297931422,0.21988014699492672,-0.3449917943067291
2029,engineered,15,seeking,2,2024-08-31,-0.010722629089292335,0.21749809855085542,-0.23689829485703998
2030,engineered,15,seeking,2,2024-09-30,0.0832318061622177,0.21856479542780094,0.1035813638737325
2031,engineered,15,seeking,2,2024-10-31,0.022256092213030154,0.2209079399156678,-0.11720195869150361
2032,engineered,15,seeking,2,2024-11-30,0.1235786021066263,0.22364758395171794,0.19202705285019975
2033,engineered,15,seeking,2,2024-12-31,0.11388519314538015,0.2194673994960779,0.14214488958992785
2034,engineered,15,seeking,3,2023-07-31,0.015239981850853512,0.11413611982638962,1.1212037048222383
2035,engineered,15,seeking,3,2023-08-31,-0.03501651962755348,0.1428231878603619,-1.5998738653464937
2036,engineered,15,seeking,3,2023-09-30,-0.08901478338292457,0.13328751149836973,-2.6533086539265036
2037,engineered,15,seeking,3,2023-10-31,-0.1341864543431467,0.12867405445893657,-2.975425757396345
2038,engineered,15,seeking,3,2023-11-30,-0.06703123968529334,0.16056913958161,-1.2059162275108084
2039,engineered,15,seeking,3,2023-12-31,-0.011318413464324828,0.16330991367926123,-0.3922678987923055
2040,engineered,15,seeking,3,2024-01-31,-0.043412030399255896,0.15404914057985664,-0.740811804762129
2041,engineered,15,seeking,3,2024-02-29,-0.017664348110708716,0.1468950465928648,-0.4663759203321989
2042,engineered,15,seeking,3,2024-03-31,-0.001539554237412033,0.14378744128359539,-0.3086363066112171
2043,engineered,15,seeking,3,2024-04-30,-0.04021777656283465,0.14218277751294275,-0.6310992678335396
2044,engineered,15,seeking,3,2024-05-31,0.02187641186728473,0.13975548835738938,-0.1334914367267529
2045,engineered,15,seeking,3,2024-06-30,0.0029909445098612597,0.1351595363162771,-0.2918228255631817
2046,engineered,15,seeking,3,2024-07-31,0.029355299515730904,0.1351244330820629,-0.11567790930726585
2047,engineered,15,seeking,3,2024-08-31,0.04545999381861465,0.13486446920099956,-0.02782082155552791
2048,engineered,15,seeking,3,2024-09-30,0.06739514090352738,0.13635694295741757,0.07592242532046076
2049,engineered,15,seeking,3,2024-10-31,0.020103067038555578,0.13399941805395013,-0.20508773437940434
2050,engineered,15,seeking,3,2024-11-30,0.02964674927804989,0.13184714459902105,-0.16409052957557022
2051,engineered,15,seeking,3,2024-12-31,-0.006905458153180555,0.12946677132497622,-0.3624699328065263
2052,engineered,15,seeking,4,2023-07-31,0.019447477949318115,0.11377140401085868,1.576908737313276
2053,engineered,15,seeking,4,2023-08-31,-0.027208443937947746,0.2457124083520829,-0.7720692346196555
2054,engineered,15,seeking,4,2023-09-30,-0.08354948199769663,0.21387957989475265,-1.5755409914873935
2055,engineered,15,seeking,4,2023-10-31,-0.1497551466414867,0.1848838675436155,-2.252988121773647
2056,engineered,15,seeking,4,2023-11-30,-0.05788503431194447,0.21983128290533485,-0.7907638427528988
2057,engineered,15,seeking,4,2023-12-31,-0.0017105436904076843,0.21857450961833622,-0.20893945134111058
2058,engineered,15,seeking,4,2024-01-31,-0.09554134589666352,0.2096065740645661,-0.9417581319136054
2059,engineered,15,seeking,4,2024-02-29,-0.018849174379688916,0.21734666602130928,-0.3232299048105975
2060,engineered,15,seeking,4,2024-03-31,-0.0006523057562115575,0.22371245152474586,-0.1932166979059817
2061,engineered,15,seeking,4,2024-04-30,0.0006165572491991789,0.22527011903287425,-0.18488189842180583
2062,engineered,15,seeking,4,2024-05-31,0.17853198584986907,0.26392585706405264,0.5774308373782774
2063,engineered,15,seeking,4,2024-06-30,0.1381917174868459,0.25588829680492253,0.36358935489012006
2064,engineered,15,seeking,4,2024-07-31,0.16684298815604404,0.24851452756627201,0.43771613631748924
2065,engineered,15,seeking,4,2024-08-31,0.14754462905279997,0.24927236490335425,0.32936399998041016
2066,engineered,15,seeking,4,2024-09-30,0.24549830176083498,0.2551509415142204,0.573975615991747
2067,engineered,15,seeking,4,2024-10-31,0.14758913262663653,0.25738048081741915,0.2537061295132782
2068,engineered,15,seeking,4,2024-11-30,0.3071669655024969,0.25689504288287446,0.6412385405519343
2069,engineered,15,seeking,4,2024-12-31,0.2881838711499929,0.25499174196783486,0.5451365202932761
2070,engineered,15,seeking,5,2023-07-31,0.016472902614344864,0.1331267387953765,1.072931386810642
2071,engineered,15,seeking,5,2023-08-31,-0.015253150894227963,0.13725411833180334,-0.927885824138944
2072,engineered,15,seeking,5,2023-09-30,-0.08569972516344604,0.14693558920390407,-2.338256088478236
2073,engineered,15,seeking,5,2023-10-31,-0.09272211250469453,0.14960814538352335,-1.921218970209093
2074,engineered,15,seeking,5,2023-11-30,-0.016783406422299696,0.1675066469414314,-0.487108495990207
2075,engineered,15,seeking,5,2023-12-31,0.024603741398151246,0.16346168026303481,0.03393661068406092
2076,engineered,15,seeking,5,2024-01-31,0.027824802901443846,0.1521259647882914,0.03112796271535286
2077,engineered,15,seeking,5,2024-02-29,0.046921514219339766,0.14317871051681658,0.1964188799020474
2078,engineered,15,seeking,5,2024-03-31,0.09770010191048573,0.13863123540502809,0.623623117177564
2079,engineered,15,seeking,5,2024-04-30,0.07497797308855425,0.13570987941369986,0.3450397468004541
2080,engineered,15,seeking,5,2024-05-31,0.13103427035131454,0.13486833517063176,0.7438554053812235
2081,engineered,15,seeking,5,2024-06-30,0.12524509664001293,0.13051899803683914,0.615738220291004
2082,engineered,15,seeking,5,2024-07-31,0.1586166505857789,0.12973313610657095,0.7813939569376475
2083,engineered,15,seeking,5,2024-08-31,0.1822911065348125,0.12736064254888046,0.8720262408508224
2084,engineered,15,seeking,5,2024-09-30,0.22666072257060943,0.1289758207277571,1.0254722995405863
2085,engineered,15,seeking,5,2024-10-31,0.2074245563160697,0.12731320987107902,0.8476789839139066
2086,engineered,15,seeking,5,2024-11-30,0.25598035549207454,0.12683190328549604,1.0353754153303456
2087,engineered,15,seeking,5,2024-12-31,0.2104710553093736,0.12524013403527706,0.7313663879836823
2088,engineered,15,seeking,6,2023-07-31,0.014250501014736239,0.14088955387054644,0.8244844670563827
2089,engineered,15,seeking,6,2023-08-31,-0.022732996422342056,0.291639971756441,-0.571908223685268
2090,engineered,15,seeking,6,2023-09-30,-0.08054089529585273,0.26127381301474367,-1.2541148781683622
2091,engineered,15,seeking,6,2023-10-31,-0.18255993300410445,0.24112816401925322,-2.006339029401849
2092,engineered,15,seeking,6,2023-11-30,-0.07891539268212378,0.2796482038907427,-0.7830027761081529
2093,engineered,15,seeking,6,2023-12-31,-0.0325318416682725,0.27301782367211813,-0.38124465592093754
2094,engineered,15,seeking,6,2024-01-31,-0.15785020125237947,0.263882990384635,-1.1093841191198204
2095,engineered,15,seeking,6,2024-02-29,-0.10969957190566282,0.2615719085051706,-0.7681710942787454
2096,engineered,15,seeking,6,2024-03-31,-0.12459578325031251,0.2681783030480716,-0.7503641170856531
2097,engineered,15,seeking,6,2024-04-30,-0.10581609893925015,0.27891201782462033,-0.5958616466227344
2098,engineered,15,seeking,6,2024-05-31,0.0031972948245131416,0.2928866183588271,-0.1328598412378208
2099,engineered,15,seeking,6,2024-06-30,0.008603292711172994,0.28148242779375454,-0.12056448283920808
2100,engineered,15,seeking,6,2024-07-31,0.07040054317329836,0.2876357878823598,0.07528466331860863
2101,engineered,15,seeking,6,2024-08-31,0.058990138647037726,0.2867046658664773,0.026841425299259
2102,engineered,15,seeking,6,2024-09-30,0.18228405817937743,0.28947797686933036,0.34078625084396613
2103,engineered,15,seeking,6,2024-10-31,0.09825242936377254,0.2990659384627802,0.09939086889981896
2104,engineered,15,seeking,6,2024-11-30,0.278764444437523,0.3037204795304069,0.48149578739504373
2105,engineered,15,seeking,6,2024-12-31,0.31096390604590063,0.3017865620681557,0.5060376592411865
2106,engineered,15,seeking,7,2023-07-31,0.020531259825093517,0.1260121982246503,1.5314648189668223
2107,engineered,15,seeking,7,2023-08-31,-0.006554849200629764,0.16786314674774014,-0.47456136477024063
2108,engineered,15,seeking,7,2023-09-30,-0.04748036437119885,0.1514389081700502,-1.4474172498242897
2109,engineered,15,seeking,7,2023-10-31,-0.10296563881895138,0.14407844888825677,-2.1640446614577455
2110,engineered,15,seeking,7,2023-11-30,-0.03970659265752052,0.15876472621090632,-0.8421297336012651
2111,engineered,15,seeking,7,2023-12-31,0.003474092838297249,0.1514588896321355,-0.23554550552859574
2112,engineered,15,seeking,7,2024-01-31,-0.06341666022393033,0.14453979478133433,-1.0132333188481724
2113,engineered,15,seeking,7,2024-02-29,-0.049566159870857995,0.13739362679019407,-0.83791431139664
2114,engineered,15,seeking,7,2024-03-31,-0.03835311776534833,0.1347677675325806,-0.6822601150830654
2115,engineered,15,seeking,7,2024-04-30,-0.024965970238021162,0.1399380705034794,-0.5131904182207195
2116,engineered,15,seeking,7,2024-05-31,0.0091564249693048,0.1381820416751897,-0.23486288074734404
2117,engineered,15,seeking,7,2024-06-30,0.01778202545743257,0.1328054281777932,-0.18774428641169646
2118,engineered,15,seeking,7,2024-07-31,0.07234478473772343,0.1362908851849825,0.17182046751230476
2119,engineered,15,seeking,7,2024-08-31,0.06460205599258018,0.13383687954029913,0.09292921649997711
2120,engineered,15,seeking,7,2024-09-30,0.10748523469945459,0.13497321890318179,0.3065975277419649
2121,engineered,15,seeking,7,2024-10-31,0.07892527437713692,0.13460351616426433,0.11646819477068719
2122,engineered,15,seeking,7,2024-11-30,0.12952725919018548,0.1358783054905682,0.34575813644608416
2123,engineered,15,seeking,7,2024-12-31,0.1522036328474603,0.1344017157326787,0.41193580686361214
2124,engineered,15,seeking,8,2023-07-31,0.056572967411502084,0.19518208346022947,3.740068657820798
2125,engineered,15,seeking,8,2023-08-31,-0.04274207193164481,0.23872082320020224,-1.1118981798797
2126,engineered,15,seeking,8,2023-09-30,-0.1228904806594514,0.21948079528908282,-2.0526720684001
2127,engineered,15,seeking,8,2023-10-31,-0.23465321946326712,0.24532937180495556,-2.3664103450605602
2128,engineered,15,seeking,8,2023-11-30,-0.14752554610874047,0.2703833227575274,-1.3190259101915875
2129,engineered,15,seeking,8,2023-12-31,-0.08433523133302245,0.27139788351596883,-0.7311968798773141
2130,engineered,15,seeking,8,2024-01-31,-0.18319537720521095,0.2544133815461382,-1.297904712449077
2131,engineered,15,seeking,8,2024-02-29,-0.07656163935199456,0.26432027350708487,-0.5825591751978911
2132,engineered,15,seeking,8,2024-03-31,-0.10833653657484921,0.25290460400603343,-0.7151518758651934
2133,engineered,15,seeking,8,2024-04-30,-0.13367080380240615,0.25285629221954026,-0.7844668411887308
2134,engineered,15,seeking,8,2024-05-31,-0.07096180150817055,0.2593773339957464,-0.458867959194754
2135,engineered,15,seeking,8,2024-06-30,-0.0850468701971927,0.2510221501454488,-0.5015025495152108
2136,engineered,15,seeking,8,2024-07-31,-0.04397884391016971,0.2541603229609757,-0.3249003179727677
2137,engineered,15,seeking,8,2024-08-31,-0.042673283911400794,0.24979627491840622,-0.31574018534408493
2138,engineered,15,seeking,8,2024-09-30,0.03904532825537976,0.2498118464486857,-0.046993400423288256
2139,engineered,15,seeking,8,2024-10-31,-0.001202054915532047,0.24802276029765144,-0.17446043972152137
2140,engineered,15,seeking,8,2024-11-30,0.04766824689089355,0.2449203193083695,-0.037208219362943926
2141,engineered,15,seeking,8,2024-12-31,0.0006406813800889921,0.24237735605430583,-0.17309949733372917
2142,engineered,15,seeking,9,2023-07-31,0.0540373103047771,0.13617208304844997,5.039606278750114
2143,engineered,15,seeking,9,2023-08-31,-0.04284713751674207,0.1726839691071345,-1.5399566059445677
2144,engineered,15,seeking,9,2023-09-30,-0.13899829126358276,0.1849103274805156,-2.6651614635931455
2145,engineered,15,seeking,9,2023-10-31,-0.2047600322364962,0.1939790503781931,-2.7141853302847743
2146,engineered,15,seeking,9,2023-11-30,-0.11472800985496134,0.2338599410495127,-1.2513499597906577
2147,engineered,15,seeking,9,2023-12-31,-0.04859124913033619,0.23519746848918924,-0.5691065166114375
2148,engineered,15,seeking,9,2024-01-31,-0.0885019126237947,0.2167286496055112,-0.8597760244193892
2149,engineered,15,seeking,9,2024-02-29,-0.019860676745080075,0.2142518165695464,-0.3348468545319387
2150,engineered,15,seeking,9,2024-03-31,-0.005606886302544134,0.20243993582906733,-0.2453067393469328
2151,engineered,15,seeking,9,2024-04-30,-0.05885931986018045,0.1992684958027298,-0.5598463015798071
2152,engineered,15,seeking,9,2024-05-31,0.06488952052350161,0.21173458585838015,0.13274318077555394
2153,engineered,15,seeking,9,2024-06-30,0.023769946665120667,0.2053565793923123,-0.09281805147671354
2154,engineered,15,seeking,9,2024-07-31,0.03318198802454386,0.20582950773654635,-0.05902610261563478
2155,engineered,15,seeking,9,2024-08-31,0.05879753596576931,0.20181476173100862,0.03732510100735428
2156,engineered,15,seeking,9,2024-09-30,0.1244843794007231,0.20349041574925086,0.26766661503049294
2157,engineered,15,seeking,9,2024-10-31,0.075225030478415,0.2016174878478204,0.06438061880378108
2158,engineered,15,seeking,9,2024-11-30,0.07839194049513032,0.1986102805297549,0.060863306974254135
2159,engineered,15,seeking,9,2024-12-31,-0.014265344632705346,0.1992724546838252,-0.259895183273944
2160,engineered,30,averse,0,2023-07-31,0.04393913347713929,0.10455263572518331,4.988580932351337
2161,engineered,30,averse,0,2023-08-31,0.0006678479661870185,0.2045227552694754,-0.18830290110480483
2162,engineered,30,averse,0,2023-09-30,-0.06733036721441987,0.18461014784622787,-1.5475782526516009
2163,engineered,30,averse,0,2023-10-31,-0.12073123419210652,0.18641646722486066,-1.8926147370166502
2164,engineered,30,averse,0,2023-11-30,-0.01620393185118063,0.2475226912910696,-0.3242327248610296
2165,engineered,30,averse,0,2023-12-31,0.050898624057778674,0.2513438026716593,0.23058843468423706
2166,engineered,30,averse,0,2024-01-31,0.002285577452028953,0.2364736743762553,-0.1629789348053379
2167,engineered,30,averse,0,2024-02-29,0.04261776046573096,0.22814688484615384,0.09463805655401922
2168,engineered,30,averse,0,2024-03-31,0.09923211831549894,0.22721858167873848,0.38950236613972233
2169,engineered,30,averse,0,2024-04-30,0.07348988095135267,0.2179572394456913,0.2066625616527948
2170,engineered,30,averse,0,2024-05-31,0.2650778626028518,0.2323217996153179,1.0663389448366811
2171,engineered,30,averse,0,2024-06-30,0.21808007992205325,0.22820676485057165,0.7500983550985973
2172,engineered,30,averse,0,2024-07-31,0.23703785814754275,0.22203901715921462,0.7737025576993646
2173,engineered,30,averse,0,2024-08-31,0.26840983785292627,0.2189795629645079,0.832536325823671
2174,engineered,30,averse,0,2024-09-30,0.3267447883413406,0.21885170806667772,0.9464775977208673
2175,engineered,30,averse,0,2024-10-31,0.239305688656281,0.2156647820507289,0.6046772192091442
2176,engineered,30,averse,0,2024-11-30,0.27486030024214236,0.2120096268611069,0.6777471540288478
2177,engineered,30,averse,0,2024-12-31,0.20144707638341908,0.20868349539238948,0.4122264408283139
2178,engineered,30,averse,1,2023-07-31,0.013915357674996631,0.09601059298360354,1.1684761464868858
2179,engineered,30,averse,1,2023-08-31,-0.0161597742933014,0.10456981855984498,-1.2643497688990284
2180,engineered,30,averse,1,2023-09-30,-0.07014607472848078,0.11517208344692849,-2.5596040468009233
2181,engineered,30,averse,1,2023-10-31,-0.07870976202993052,0.12163506505198937,-2.0820712971360886
2182,engineered,30,averse,1,2023-11-30,-0.028017064800706204,0.13736049447621243,-0.7814366419548492
2183,engineered,30,averse,1,2023-12-31,0.009981231122170309,0.1314935885557893,-0.17540891620628934
2184,engineered,30,averse,1,2024-01-31,0.007065491464533613,0.12200003960961923,-0.2499747787625918
2185,engineered,30,averse,1,2024-02-29,0.021523053394666647,0.11512970772673325,-0.08888605289133486
2186,engineered,30,averse,1,2024-03-31,0.06860309318919877,0.11114783766587666,0.429251912039881
2187,engineered,30,averse,1,2024-04-30,0.05322856834334733,0.10909584542354747,0.1909285362187822
2188,engineered,30,averse,1,2024-05-31,0.12041461912141793,0.10833140340204564,0.8188190905915479
2189,engineered,30,averse,1,2024-06-30,0.1125148076403546,0.10453832877479016,0.6495405432882302
2190,engineered,30,averse,1,2024-07-31,0.14287601160236219,0.10482443423913956,0.8317581629824095
2191,engineered,30,averse,1,2024-08-31,0.17371132953099244,0.10337556993765874,1.0052913821073102
2192,engineered,30,averse,1,2024-09-30,0.20163761659431478,0.10516539884439502,1.077739348417654
2193,engineered,30,averse,1,2024-10-31,0.17524578764786702,0.10428974686173804,0.8156944208971109
2194,engineered,30,averse,1,2024-11-30,0.2081646120247862,0.10451856265275618,0.9542706567942146
2195,engineered,30,averse,1,2024-12-31,0.16960600187357988,0.1032724578696707,0.6415087900746227
2196,engineered,30,averse,2,2023-07-31,0.019632118882927374,0.07549448545889675,2.4069370627679127
2197,engineered,30,averse,2,2023-08-31,0.012537629119843352,0.08832739922183805,0.3653086399800891
2198,engineered,30,averse,2,2023-09-30,-0.025044618268274865,0.08630085375986235,-1.6089595650398134
2199,engineered,30,averse,2,2023-10-31,-0.04331530534242245,0.08490609242048835,-1.9133714368363623
2200,engineered,30,averse,2,2023-11-30,0.024389135278020335,0.10438081354558186,0.15550188770046727
2201,engineered,30,averse,2,2023-12-31,0.05924980876989805,0.09961727330434408,0.7514688620593654
2202,engineered,30,averse,2,2024-01-31,0.06549396759506076,0.0950957136275899,0.7350917199851852
2203,engineered,30,averse,2,2024-02-29,0.09444557018181365,0.09083125111235207,1.1131653950990101
2204,engineered,30,averse,2,2024-03-31,0.11108960235398069,0.08711171183410349,1.198303778858706
2205,engineered,30,averse,2,2024-04-30,0.07729244414546232,0.08976247552574045,0.5525396026782599
2206,engineered,30,averse,2,2024-05-31,0.10474872212669939,0.08696418093648456,0.8231077447820337
2207,engineered,30,averse,2,2024-06-30,0.1222799366735492,0.08441159470637746,0.9176786674488729
2208,engineered,30,averse,2,2024-07-31,0.14018576508974845,0.0822369404095131,1.0307126098403805
2209,engineered,30,averse,2,2024-08-31,0.15574987972424514,0.08189240711592193,1.0862030434411252
2210,engineered,30,averse,2,2024-09-30,0.17221172046686917,0.08296989788687074,1.0965942778264612
2211,engineered,30,averse,2,2024-10-31,0.15224571608734982,0.08255141531266699,0.8314349644374136
2212,engineered,30,averse,2,2024-11-30,0.19054441149582768,0.08370617888698478,1.0513989732423357
2213,engineered,30,averse,2,2024-12-31,0.16163118143343702,0.08290772074984788,0.7389999449213834
2214,engineered,30,averse,3,2023-07-31,0.0272609025459698,0.09646811799299919,2.906446331825595
2215,engineered,30,averse,3,2023-08-31,0.013290539608489027,0.11701868278911925,0.31526543985807504
2216,engineered,30,averse,3,2023-09-30,-0.03259589678806618,0.11336862435637933,-1.4688640929653964
2217,engineered,30,averse,3,2023-10-31,-0.05158293350437548,0.11127632772461438,-1.6557505087082995
2218,engineered,30,averse,3,2023-11-30,0.029970700325999466,0.13436779697493137,0.22263955053832638
2219,engineered,30,averse,3,2023-12-31,0.07626453791328425,0.12795468132881144,0.8571722003370911
2220,engineered,30,averse,3,2024-01-31,0.08726336815847757,0.12245852969979497,0.8842764278544547
2221,engineered,30,averse,3,2024-02-29,0.1285118096036928,0.1162948249666152,1.3275609830324273
2222,engineered,30,averse,3,2024-03-31,0.15618920816465742,0.11211544371432386,1.4740449025159006
2223,engineered,30,averse,3,2024-04-30,0.11092506008930814,0.11623480703228839,0.7742951690780869
2224,engineered,30,averse,3,2024-05-31,0.1526092763264224,0.11210433820922792,1.1057126843899572
2225,engineered,30,averse,3,2024-06-30,0.18689898740751643,0.10882112246930131,1.2928646633097711
2226,engineered,30,averse,3,2024-07-31,0.2067872131917563,0.10655114581334117,1.3578074480298274
2227,engineered,30,averse,3,2024-08-31,0.2295532220410601,0.1076159384845341,1.3962008349380566
2228,engineered,30,averse,3,2024-09-30,0.2520661744879469,0.11061500409264485,1.3685928064050588
2229,engineered,30,averse,3,2024-10-31,0.23251819687722763,0.10970222725529742,1.1452157484555123
2230,engineered,30,averse,3,2024-11-30,0.29376907586168866,0.11218211652477313,1.3908065962296832
2231,engineered,30,averse,3,2024-12-31,0.2604703360521414,0.11086832842232305,1.1023327617164533
2232,engineered,30,averse,4,2023-07-31,0.015563627633518484,0.09039368426129275,1.4586839373936589
2233,engineered,30,averse,4,2023-08-31,0.0008276997386484908,0.09314398374202065,-0.40351866270282766
2234,engineered,30,averse,4,2023-09-30,-0.028660664617683462,0.08384452659358649,-1.8150811475923405
2235,engineered,30,averse,4,2023-10-31,-0.04752008665933494,0.07954222731264976,-2.1822752377231334
2236,engineered,30,averse,4,2023-11-30,0.012223045820617617,0.09946284600744787,-0.1331663269409711
2237,engineered,30,averse,4,2023-12-31,0.0527237850744906,0.09704138478110681,0.6351971746963625
2238,engineered,30,averse,4,2024-01-31,0.05485255976652614,0.0914468404742396,0.5613452613879777
2239,engineered,30,averse,4,2024-02-29,0.07198150079990051,0.08643646175177382,0.7683554421931031
2240,engineered,30,averse,4,2024-03-31,0.09332980360250498,0.08340796571530386,0.9665098981977006
2241,engineered,30,averse,4,2024-04-30,0.0630295485489023,0.08378264513607876,0.3882914814386825
2242,engineered,30,averse,4,2024-05-31,0.09368120173336814,0.08132558276989896,0.731580266489217
2243,engineered,30,averse,4,2024-06-30,0.10011907685889754,0.0781256288647259,0.7137631532174631
2244,engineered,30,averse,4,2024-07-31,0.12050698056286202,0.07708945094542535,0.8691457797262999
2245,engineered,30,averse,4,2024-08-31,0.14378522869717347,0.07774050790814388,1.015690113962114
2246,engineered,30,averse,4,2024-09-30,0.15846092467240114,0.07782978744838183,1.0342611791139464
2247,engineered,30,averse,4,2024-10-31,0.12939327633560005,0.07752458915994262,0.6736627229242016
2248,engineered,30,averse,4,2024-11-30,0.15268591886250915,0.0776661470081739,0.8063813284330189
2249,engineered,30,averse,4,2024-12-31,0.12781475982531654,0.09725905723077373,0.41142075283053064
2250,engineered,30,averse,5,2023-07-31,0.013996413120119122,0.08237577794504551,1.373539206775061
2251,engineered,30,averse,5,2023-08-31,0.003949925733178317,0.11946537775009985,-0.1618783191866954
2252,engineered,30,averse,5,2023-09-30,-0.02784989199142196,0.11076948668835468,-1.347020212423941
2253,engineered,30,averse,5,2023-10-31,-0.061034537113832554,0.10922342001497583,-1.910939316532219
2254,engineered,30,averse,5,2023-11-30,0.009782734206940091,0.12413404406137456,-0.1538645388303723
2255,engineered,30,averse,5,2023-12-31,0.04357815614424876,0.11760543504308481,0.36769297747841606
2256,engineered,30,averse,5,2024-01-31,0.02445521760389302,0.11058857899385958,-0.009191784179296699
2257,engineered,30,averse,5,2024-02-29,0.05661834072595595,0.10512665699139036,0.4079580364092482
2258,engineered,30,averse,5,2024-03-31,0.06336086250919948,0.10401633596598814,0.3918964135408527
2259,engineered,30,averse,5,2024-04-30,0.042795074741933226,0.11090385099899534,0.07568214952229115
2260,engineered,30,averse,5,2024-05-31,0.06314877027064725,0.10763566867903486,0.2435134464090833
2261,engineered,30,averse,5,2024-06-30,0.09572765058356025,0.1041439166336293,0.49414517387063944
2262,engineered,30,averse,5,2024-07-31,0.12687851015439255,0.10668052633395758,0.6819935979338907
2263,engineered,30,averse,5,2024-08-31,0.13134005707787977,0.10760982143980759,0.6370338151594691
2264,engineered,30,averse,5,2024-09-30,0.17259916990301583,0.10943445821798338,0.8341015464536953
2265,engineered,30,averse,5,2024-10-31,0.15854561066806871,0.10886448504555253,0.6718942481063267
2266,engineered,30,averse,5,2024-11-30,0.23693921470917934,0.11500952974573225,1.0328414324331545
2267,engineered,30,averse,5,2024-12-31,0.23417886572259072,0.1136172037598524,0.9344260091841079
2268,engineered,30,averse,6,2023-07-31,0.02307041306411861,0.08650371013050306,2.604810456838431
2269,engineered,30,averse,6,2023-08-31,0.0116546009584515,0.10167073417659124,0.264217149782049
2270,engineered,30,averse,6,2023-09-30,-0.02722075141883451,0.0983330963816428,-1.493844817566668
2271,engineered,30,averse,6,2023-10-31,-0.04327121411097401,0.09635274690552552,-1.6848479992367786
2272,engineered,30,averse,6,2023-11-30,0.027312406231732256,0.11613975253845474,0.20135802979562695
2273,engineered,30,averse,6,2023-12-31,0.0666032237644052,0.1109624698252089,0.8096853767181267
2274,engineered,30,averse,6,2024-01-31,0.07862961102665844,0.10556946936411127,0.8809508547452172
2275,engineered,30,averse,6,2024-02-29,0.11536336273756453,0.10027754607246131,1.333607450782587
2276,engineered,30,averse,6,2024-03-31,0.14112778878582044,0.09709829915091435,1.4918090690000583
2277,engineered,30,averse,6,2024-04-30,0.09977067695910113,0.10083085362956248,0.7594435490263198
2278,engineered,30,averse,6,2024-05-31,0.13295313729555214,0.09728027385072704,1.0528640305933155
2279,engineered,30,averse,6,2024-06-30,0.16433937704475388,0.09449382567383445,1.2553675888715674
2280,engineered,30,averse,6,2024-07-31,0.17959936987951952,0.09257914416155395,1.2989349124243073
2281,engineered,30,averse,6,2024-08-31,0.19968822431168887,0.0936766285620357,1.339871236353812
2282,engineered,30,averse,6,2024-09-30,0.21952317799685583,0.09701108919943953,1.3078172216763886
2283,engineered,30,averse,6,2024-10-31,0.20419043327064146,0.09619296516277422,1.098116899895803
2284,engineered,30,averse,6,2024-11-30,0.259533180968081,0.09849199640562165,1.3569698861023332
2285,engineered,30,averse,6,2024-12-31,0.23098941932477457,0.10599073283712317,0.9832207905998446
2286,engineered,30,averse,7,2023-07-31,0.011598312896236695,0.08932511568979805,0.9520161758131939
2287,engineered,30,averse,7,2023-08-31,-0.012743481169054882,0.11276605734245718,-1.0091711490082746
2288,engineered,30,averse,7,2023-09-30,-0.06259583355259879,0.11112848470226547,-2.4315699105366115
2289,engineered,30,averse,7,2023-10-31,-0.08373852862952169,0.11639614066810447,-2.28214005517593
2290,engineered,30,averse,7,2023-11-30,-0.01906890721248944,0.13635776455056425,-0.6370329090097804
2291,engineered,30,averse,7,2023-12-31,0.024151763535802617,0.1326890471934971,0.03509881811997326
2292,engineered,30,averse,7,2024-01-31,0.01043012531379972,0.12298700265869,-0.20180696026504405
2293,engineered,30,averse,7,2024-02-29,0.024242295380226375,0.11610370048709683,-0.05295927325031069
2294,engineered,30,averse,7,2024-03-31,0.056476879691444326,0.11231360508940144,0.2818612298661099
2295,engineered,30,averse,7,2024-04-30,0.03962679151028037,0.11255853476678938,0.04105875162186616
2296,engineered,30,averse,7,2024-05-31,0.09457461636517217,0.11128439931214983,0.5433945869957301
2297,engineered,30,averse,7,2024-06-30,0.10208889117222153,0.10700912128618274,0.5391347358237668
2298,engineered,30,averse,7,2024-07-31,0.13918632426659805,0.1082980562731849,0.7743562685583222
2299,engineered,30,averse,7,2024-08-31,0.16185888614956467,0.1070780290857486,0.8783075121645695
2300,engineered,30,averse,7,2024-09-30,0.19915555268998175,0.10775991137665775,1.0343330794520331
2301,engineered,30,averse,7,2024-10-31,0.17556861192537654,0.10624572816846763,0.8028427738023891
2302,engineered,30,averse,7,2024-11-30,0.23240567130126366,0.10952958498533892,1.0571974871398264
2303,engineered,30,averse,7,2024-12-31,0.20854315549803482,0.10776440244311378,0.8389347270932738
2304,engineered,30,averse,8,2023-07-31,0.022583105441780882,0.10963117009530599,1.9981540821382586
2305,engineered,30,averse,8,2023-08-31,-0.005723451447318562,0.12806909130704835,-0.5855979957126336
2306,engineered,30,averse,8,2023-09-30,-0.0678004491465447,0.13078826827509898,-2.1960915753388517
2307,engineered,30,averse,8,2023-10-31,-0.08484543417479018,0.1306487369615648,-2.0539044390143495
2308,engineered,30,averse,8,2023-11-30,-0.007436769121884512,0.15712292813776232,-0.38101273305089517
2309,engineered,30,averse,8,2023-12-31,0.044013272523928615,0.15160276675032863,0.2909882416520247
2310,engineered,30,averse,8,2024-01-31,0.049105560323844166,0.14106946681260005,0.2931638154912499
2311,engineered,30,averse,8,2024-02-29,0.08295748555493532,0.1331866170890433,0.6256103369810165
2312,engineered,30,averse,8,2024-03-31,0.13477155699157461,0.12854654976262567,1.0600236748056446
2313,engineered,30,averse,8,2024-04-30,0.09691483044813376,0.13007540450260793,0.5623061070221247
2314,engineered,30,averse,8,2024-05-31,0.16831286627427655,0.1271918493685429,1.1099743552466037
2315,engineered,30,averse,8,2024-06-30,0.17794103303670883,0.12251372052198031,1.0768572653722601
2316,engineered,30,averse,8,2024-07-31,0.20862546520775282,0.12180490328874524,1.2013096652562254
2317,engineered,30,averse,8,2024-08-31,0.24229151619728695,0.12230195035994697,1.3146007340101786
2318,engineered,30,averse,8,2024-09-30,0.27332300193768155,0.1268854244952765,1.3187195289419253
2319,engineered,30,averse,8,2024-10-31,0.2458464786068142,0.1259646179835328,1.0717496471034134
2320,engineered,30,averse,8,2024-11-30,0.31220990115695146,0.1284922892600116,1.307483570523724
2321,engineered,30,averse,8,2024-12-31,0.2605886795544854,0.13983052568467919,0.8745283660076235
2322,engineered,30,averse,9,2023-07-31,0.021142388061286654,0.10264452324820147,1.9552782054569795
2323,engineered,30,averse,9,2023-08-31,-0.002758095744294531,0.11754916874223385,-0.49518085842375004
2324,engineered,30,averse,9,2023-09-30,-0.061047141258649185,0.11990188762892369,-2.2109848151339246
2325,engineered,30,averse,9,2023-10-31,-0.07467279999152354,0.1207447616965843,-2.0143499066282833
2326,engineered,30,averse,9,2023-11-30,-0.005319337207495334,0.14336785726097298,-0.38296223473298696
2327,engineered,30,averse,9,2023-12-31,0.04052459849004397,0.13782071926084574,0.26943072140139585
2328,engineered,30,averse,9,2024-01-31,0.045949282995409346,0.12850229891654336,0.2793170608963978
2329,engineered,30,averse,9,2024-02-29,0.07015713720063022,0.1215315579302312,0.5234157353613278
2330,engineered,30,averse,9,2024-03-31,0.11908729126074746,0.11736527169787908,0.9809432595665414
2331,engineered,30,averse,9,2024-04-30,0.08695517962770505,0.11859669677165918,0.5158825572759417
2332,engineered,30,averse,9,2024-05-31,0.15180304696646085,0.11587741274342588,1.0620827437650715
2333,engineered,30,averse,9,2024-06-30,0.16314914694665772,0.11181988797080837,1.0504397002937351
2334,engineered,30,averse,9,2024-07-31,0.1914448477073425,0.11126003739771874,1.1765281315438287
2335,engineered,30,averse,9,2024-08-31,0.22027337449773565,0.11075649093002421,1.2872928766636083
2336,engineered,30,averse,9,2024-09-30,0.2513421697878335,0.11423023397310415,1.320517293794171
2337,engineered,30,averse,9,2024-10-31,0.22582515708713813,0.113396364541976,1.0663276179683638
2338,engineered,30,averse,9,2024-11-30,0.27797673287885893,0.11509470483587675,1.2661362544345605
2339,engineered,30,averse,9,2024-12-31,0.23420333383197267,0.11381761964261386,0.9329123087666653
2340,engineered,30,neutral,0,2023-07-31,0.08021640809181818,0.1322170198737267,8.990422083730436
2341,engineered,30,neutral,0,2023-08-31,-0.010321932563150837,0.2313139871680761,-0.4347481595554663
2342,engineered,30,neutral,0,2023-09-30,-0.10159759259261136,0.2109196921166427,-1.8534222823300543
2343,engineered,30,neutral,0,2023-10-31,-0.20820103617405306,0.20697245655329238,-2.5748228673775144
2344,engineered,30,neutral,0,2023-11-30,-0.11487843341026971,0.25444245124354103,-1.1513082968338808
2345,engineered,30,neutral,0,2023-12-31,-0.036224029404512414,0.26400031798668055,-0.4203435270584156
2346,engineered,30,neutral,0,2024-01-31,-0.12765869499522076,0.24786822664475347,-0.9969906330120976
2347,engineered,30,neutral,0,2024-02-29,-0.02369849452813877,0.2612962946881531,-0.2961495750592312
2348,engineered,30,neutral,0,2024-03-31,-0.02399627639843449,0.2548521398767549,-0.2882428441645082
2349,engineered,30,neutral,0,2024-04-30,-0.05226170704953159,0.24493090679908205,-0.4239692522960881
2350,engineered,30,neutral,0,2024-05-31,0.1250125106692357,0.2730494326945692,0.3432827068907308
2351,engineered,30,neutral,0,2024-06-30,0.06586048904005204,0.2653925119433392,0.08365530772601204
2352,engineered,30,neutral,0,2024-07-31,0.06343791239004148,0.2589731372368743,0.05922883782885131
2353,engineered,30,neutral,0,2024-08-31,0.08594825376413628,0.25747513071767353,0.11822638297379615
2354,engineered,30,neutral,0,2024-09-30,0.16420532149115963,0.25974395269078276,0.3267867412418921
2355,engineered,30,neutral,0,2024-10-31,0.05798514130790977,0.25800291137418263,0.0014884909006063374
2356,engineered,30,neutral,0,2024-11-30,0.08021682870321167,0.25170275164113076,0.05300563811677659
2357,engineered,30,neutral,0,2024-12-31,-0.002649873122697044,0.24916718970588253,-0.1770782010609397
2358,engineered,30,neutral,1,2023-07-31,0.032461543720600394,0.12329370726744791,2.852580160623495
2359,engineered,30,neutral,1,2023-08-31,-0.0069089020920860555,0.16442952818226358,-0.4965169015028555
2360,engineered,30,neutral,1,2023-09-30,-0.09874157059039079,0.17805928762937334,-2.1487212934098676
2361,engineered,30,neutral,1,2023-10-31,-0.1126886582950507,0.19756982426773537,-1.6927457228127574
2362,engineered,30,neutral,1,2023-11-30,-0.04815371145541181,0.23055780126218467,-0.6613527443742563
2363,engineered,30,neutral,1,2023-12-31,-0.005393305837874229,0.2232325443469308,-0.23624796879014953
2364,engineered,30,neutral,1,2024-01-31,-0.029754623085958443,0.20923670956301485,-0.43865825614260445
2365,engineered,30,neutral,1,2024-02-29,-0.014410522817801641,0.1979341678878367,-0.32188415260516273
2366,engineered,30,neutral,1,2024-03-31,0.05597452803378067,0.19538515437074824,0.15862509282444417
2367,engineered,30,neutral,1,2024-04-30,0.05491849167867824,0.1873528120625477,0.12194056054596834
2368,engineered,30,neutral,1,2024-05-31,0.2204563459386566,0.19212455489918628,1.033238632368889
2369,engineered,30,neutral,1,2024-06-30,0.17132779389576958,0.18782149806592272,0.6679799980644718
2370,engineered,30,neutral,1,2024-07-31,0.20123939830636783,0.18594070793947323,0.7512961234195941
2371,engineered,30,neutral,1,2024-08-31,0.2484010081014354,0.18186691099409452,0.91176798436787
2372,engineered,30,neutral,1,2024-09-30,0.3113231277409423,0.18515032523855562,1.056876012293706
2373,engineered,30,neutral,1,2024-10-31,0.25421645478774413,0.1827506319391323,0.7708507937892942
2374,engineered,30,neutral,1,2024-11-30,0.3030194852833137,0.18011117244984667,0.8996575490275724
2375,engineered,30,neutral,1,2024-12-31,0.21727389517657536,0.17838742502798957,0.5369618512966707
2376,engineered,30,neutral,2,2023-07-31,0.025587898980226065,0.1167486796193948,2.2111250054876304
2377,engineered,30,neutral,2,2023-08-31,-0.03600057821832736,0.18103363337622388,-1.2886156797706647
2378,engineered,30,neutral,2,2023-09-30,-0.11077562060413093,0.1665685971094689,-2.504307296747294
2379,engineered,30,neutral,2,2023-10-31,-0.14667093914470397,0.1668402520905084,-2.45720301840005
2380,engineered,30,neutral,2,2023-11-30,-0.09033286059999213,0.20410084959286615,-1.1900331123460446
2381,engineered,30,neutral,2,2023-12-31,-0.03921584309906467,0.210321236289673,-0.5540634412563398
2382,engineered,30,neutral,2,2024-01-31,-0.07518738252206203,0.19995908960845268,-0.8264656662721956
2383,engineered,30,neutral,2,2024-02-29,-0.05063974385580694,0.19135443966838625,-0.6097574524407398
2384,engineered,30,neutral,2,2024-03-31,0.009504946764317568,0.19061697386477167,-0.1573997168075448
2385,engineered,30,neutral,2,2024-04-30,0.010175871861028307,0.18294126897702784,-0.16584525818823304
2386,engineered,30,neutral,2,2024-05-31,0.19770200744887512,0.20446328369151684,0.8484011988203005
2387,engineered,30,neutral,2,2024-06-30,0.12725731600438306,0.2025741714658259,0.40644552101206494
2388,engineered,30,neutral,2,2024-07-31,0.1654236752294329,0.19861878440773564,0.5412446093472908
2389,engineered,30,neutral,2,2024-08-31,0.20737446915839453,0.19434669992171708,0.6786333998912086
2390,engineered,30,neutral,2,2024-09-30,0.26090292343213317,0.1950065062086773,0.8103321099267058
2391,engineered,30,neutral,2,2024-10-31,0.15496468410192987,0.1944365679628481,0.3630133500911544
2392,engineered,30,neutral,2,2024-11-30,0.19453265533118813,0.19106244546081486,0.4745474851785548
2393,engineered,30,neutral,2,2024-12-31,0.10120096034577908,0.19016052002543912,0.12165234221861797
2394,engineered,30,neutral,3,2023-07-31,0.015867142595253014,0.09075765990867392,1.4931045455964345
2395,engineered,30,neutral,3,2023-08-31,-0.0068420494870569115,0.1004267489221401,-0.8092296715218209
2396,engineered,30,neutral,3,2023-09-30,-0.058625701795798735,0.10528214278121527,-2.4415555820401535
2397,engineered,30,neutral,3,2023-10-31,-0.07049391401831184,0.10874854585336238,-2.1402718140890595
2398,engineered,30,neutral,3,2023-11-30,-0.011189187570189163,0.12837836506812367,-0.5345351309486596
2399,engineered,30,neutral,3,2023-12-31,0.029729473365111003,0.12425072247054553,0.12609330865469145
2400,engineered,30,neutral,3,2024-01-31,0.03199023569672166,0.1152717376404067,0.10291710591257533
2401,engineered,30,neutral,3,2024-02-29,0.052222343961716655,0.10883567324772343,0.3324809210895786
2402,engineered,30,neutral,3,2024-03-31,0.09519289912911977,0.10515405026639857,0.7902975990288104
2403,engineered,30,neutral,3,2024-04-30,0.06893381659357778,0.10497194608994354,0.3771616673552151
2404,engineered,30,neutral,3,2024-05-31,0.1284886235274738,0.10313189162802487,0.9457460014441199
2405,engineered,30,neutral,3,2024-06-30,0.13213650223033158,0.09939322830872079,0.8764328328993223
2406,engineered,30,neutral,3,2024-07-31,0.1586945335402572,0.09897060771279825,1.024979336019772
2407,engineered,30,neutral,3,2024-08-31,0.1865161306418084,0.09864993403961791,1.1614266615036368
2408,engineered,30,neutral,3,2024-09-30,0.21156841800882398,0.10112993278625208,1.1950920988958302
2409,engineered,30,neutral,3,2024-10-31,0.1889457957992864,0.10035639943610873,0.9448049392969217
2410,engineered,30,neutral,3,2024-11-30,0.23596122356620097,0.10195777292919003,1.1587286744470573
2411,engineered,30,neutral,3,2024-12-31,0.19733508815718737,0.11476528414774695,0.7274089671194112
2412,engineered,30,neutral,4,2023-07-31,9.774580003396593e-06,0.0730815649976966,-0.5784688158460042
2413,engineered,30,neutral,4,2023-08-31,-0.025419826003999613,0.12585292205128987,-1.4350795892670114
2414,engineered,30,neutral,4,2023-09-30,-0.07166501389932234,0.13439529178401421,-2.2297488681900792
2415,engineered,30,neutral,4,2023-10-31,-0.10360643569485561,0.1383801968641666,-2.26404414019007
2416,engineered,30,neutral,4,2023-11-30,-0.05060334929397492,0.15231393642452287,-1.0365680268282358
2417,engineered,30,neutral,4,2023-12-31,-0.024843939962482797,0.14382407504354539,-0.6234977023711878
2418,engineered,30,neutral,4,2024-01-31,-0.06804066128237729,0.134319723074639,-1.1454743064131472
2419,engineered,30,neutral,4,2024-02-29,-0.05353288852072524,0.12715597610861845,-0.9505486414646428
2420,engineered,30,neutral,4,2024-03-31,-0.0341569002742923,0.12476420356780472,-0.6937221512907541
2421,engineered,30,neutral,4,2024-04-30,-0.026489361018225632,0.13007831455992036,-0.5658647740524493
2422,engineered,30,neutral,4,2024-05-31,0.019402614616775837,0.12860071892682423,-0.1659452174395853
2423,engineered,30,neutral,4,2024-06-30,0.022053637764046563,0.12395870299864463,-0.1673460852983475
2424,engineered,30,neutral,4,2024-07-31,0.07218564409110684,0.1307612495380976,0.17798291630289942
2425,engineered,30,neutral,4,2024-08-31,0.07845291743710292,0.12861675844900738,0.18757215562703855
2426,engineered,30,neutral,4,2024-09-30,0.13457498705047488,0.13025942803622798,0.4776237618249902
2427,engineered,30,neutral,4,2024-10-31,0.11352939058662281,0.13218215247117973,0.3085371034129132
2428,engineered,30,neutral,4,2024-11-30,0.19501504489522659,0.1381426171972519,0.6586650342031014
2429,engineered,30,neutral,4,2024-12-31,0.193799757159274,0.1358093031803548,0.5985750093371598
2430,engineered,30,neutral,5,2023-07-31,0.008587424656417264,0.13219002561592988,0.38296999748373955
2431,engineered,30,neutral,5,2023-08-31,-0.03817794126315144,0.13164800216371705,-1.8517922895244254
2432,engineered,30,neutral,5,2023-09-30,-0.11307956213182369,0.15247852427026357,-2.778054638681868
2433,engineered,30,neutral,5,2023-10-31,-0.1318420811743518,0.171218510118874,-2.205882808322713
2434,engineered,30,neutral,5,2023-11-30,-0.07827554100700285,0.1903900448540334,-1.1429834852445173
2435,engineered,30,neutral,5,2023-12-31,-0.032559089441192124,0.184553701106264,-0.5642665495273655
2436,engineered,30,neutral,5,2024-01-31,-0.052335932242432825,0.1715137450426202,-0.7498013984102028
2437,engineered,30,neutral,5,2024-02-29,-0.050067996977191775,0.16126318760629238,-0.7183995088646745
2438,engineered,30,neutral,5,2024-03-31,0.00974352562526315,0.15712049733813452,-0.18897606101533282
2439,engineered,30,neutral,5,2024-04-30,-0.006628345725830376,0.1510562705215898,-0.33236513216527636
2440,engineered,30,neutral,5,2024-05-31,0.07703342526308865,0.1503835407613246,0.27488107559588126
2441,engineered,30,neutral,5,2024-06-30,0.04048694291318622,0.14639583855369726,-0.018231366456797567
2442,engineered,30,neutral,5,2024-07-31,0.08778289438488973,0.14655942990259127,0.25523183525006776
2443,engineered,30,neutral,5,2024-08-31,0.12233897635191027,0.14384211928760357,0.42415980908093165
2444,engineered,30,neutral,5,2024-09-30,0.15392024982391672,0.14305897036039913,0.538430284895135
2445,engineered,30,neutral,5,2024-10-31,0.10782826308905569,0.14166308182789458,0.2587883965189385
2446,engineered,30,neutral,5,2024-11-30,0.13394349600045796,0.14015654798359015,0.3565458289561573
2447,engineered,30,neutral,5,2024-12-31,0.07071015952872517,0.1385409583708458,0.026136754241214862
2448,engineered,30,neutral,6,2023-07-31,0.010748277535216344,0.13944333484309102,0.5394684150596343
2449,engineered,30,neutral,6,2023-08-31,-0.04200824317327345,0.21175162317571014,-1.2372310868700007
2450,engineered,30,neutral,6,2023-09-30,-0.10102663669370737,0.20070941421863295,-1.9394487414471147
2451,engineered,30,neutral,6,2023-10-31,-0.1781655497336052,0.19323885487425477,-2.4584381218349307
2452,engineered,30,neutral,6,2023-11-30,-0.08353388812117235,0.2401256124665912,-0.952379991108402
2453,engineered,30,neutral,6,2023-12-31,-0.02920431335632745,0.2305769566477105,-0.4244196539199014
2454,engineered,30,neutral,6,2024-01-31,-0.12247940995442341,0.21926319828772875,-1.0908637345067171
2455,engineered,30,neutral,6,2024-02-29,-0.09599468748358575,0.21130280490351955,-0.8595059792469228
2456,engineered,30,neutral,6,2024-03-31,-0.09530255437899338,0.20759911976057774,-0.7921913066129519
2457,engineered,30,neutral,6,2024-04-30,-0.1171695944880593,0.21189558100060232,-0.8462914325748718
2458,engineered,30,neutral,6,2024-05-31,-0.0675641470992826,0.20890333386245138,-0.5522224310928975
2459,engineered,30,neutral,6,2024-06-30,-0.0734003106478407,0.20069599780332792,-0.5702337158693617
2460,engineered,30,neutral,6,2024-07-31,-0.012051111983787721,0.20439265969739362,-0.2611488110900519
2461,engineered,30,neutral,6,2024-08-31,-0.010020374714758473,0.20171754468900108,-0.2524587741520885
2462,engineered,30,neutral,6,2024-09-30,0.059580701685769455,0.20256334310710225,0.0211073828935016
2463,engineered,30,neutral,6,2024-10-31,0.01686420409619105,0.2033658716639673,-0.14690933651505306
2464,engineered,30,neutral,6,2024-11-30,0.08312771159581644,0.20386554886867453,0.07524548013786543
2465,engineered,30,neutral,6,2024-12-31,0.06257252928527768,0.20069555801421146,-0.008064935605272262
2466,engineered,30,neutral,7,2023-07-31,-0.0029920441875678216,0.11524770760561283,-0.6339421730269155
2467,engineered,30,neutral,7,2023-08-31,-0.056766772327918935,0.18753836977963736,-1.753995781805951
2468,engineered,30,neutral,7,2023-09-30,-0.11487485407565778,0.18264867995048178,-2.3465190709141908
2469,engineered,30,neutral,7,2023-10-31,-0.17780812528839407,0.18130786955022501,-2.616283017750166
2470,engineered,30,neutral,7,2023-11-30,-0.10408395439048712,0.21211483747827398,-1.2783586254614239
2471,engineered,30,neutral,7,2023-12-31,-0.05602412039431315,0.2070664178697542,-0.7122008234522477
2472,engineered,30,neutral,7,2024-01-31,-0.13393015222265425,0.19540469764152282,-1.3136285003284423
2473,engineered,30,neutral,7,2024-02-29,-0.11319996921889397,0.18819088054083663,-1.0937963065591134
2474,engineered,30,neutral,7,2024-03-31,-0.10913153231629391,0.1861544512849053,-0.9769501292776597
2475,engineered,30,neutral,7,2024-04-30,-0.11496490927457126,0.1907125172816593,-0.9269327273072895
2476,engineered,30,neutral,7,2024-05-31,-0.054891012680375884,0.18980733831572533,-0.5358274537273567
2477,engineered,30,neutral,7,2024-06-30,-0.06619269415364792,0.18256945966001858,-0.5880629785350932
2478,engineered,30,neutral,7,2024-07-31,-0.0019182420076447881,0.19015517673522955,-0.23205883701435254
2479,engineered,30,neutral,7,2024-08-31,0.0006150129633875068,0.18690305262476087,-0.22392794827938048
2480,engineered,30,neutral,7,2024-09-30,0.06438349174432334,0.18750610185538477,0.04272733279973688
2481,engineered,30,neutral,7,2024-10-31,0.018306921119737085,0.1884291809536132,-0.15289248703507302
2482,engineered,30,neutral,7,2024-11-30,0.09528552703173965,0.19020072859787382,0.12444225211967737
2483,engineered,30,neutral,7,2024-12-31,0.09101786067711126,0.1867821194290538,0.08907502715307321
2484,engineered,30,neutral,8,2023-07-31,0.07446844890996207,0.23787612546465944,4.490836600308087
2485,engineered,30,neutral,8,2023-08-31,-0.07942291102758636,0.2468514348799692,-1.7113127223592202
2486,engineered,30,neutral,8,2023-09-30,-0.08423952636714782,0.22917396111344449,-1.479654064071094
2487,engineered,30,neutral,8,2023-10-31,-0.12949531540515324,0.24311631295096783,-1.5321229052957965
2488,engineered,30,neutral,8,2023-11-30,-0.09169594281071158,0.2417281108697171,-1.0164952919250094
2489,engineered,30,neutral,8,2023-12-31,-0.02444537492415444,0.24950542619615879,-0.3564006891464227
2490,engineered,30,neutral,8,2024-01-31,-0.039317247672390865,0.23946415990108927,-0.4486956697846059
2491,engineered,30,neutral,8,2024-02-29,0.19759317754036076,0.29762893882522157,0.8898081117807533
2492,engineered,30,neutral,8,2024-03-31,0.19819717749170196,0.35621646697662646,0.624934678393862
2493,engineered,30,neutral,8,2024-04-30,0.11108827406822752,0.34522546326095394,0.2612688684464563
2494,engineered,30,neutral,8,2024-05-31,0.168358004094471,0.33814512199158503,0.417658630046441
2495,engineered,30,neutral,8,2024-06-30,0.07318506606528463,0.3401971727431339,0.08635804359284507
2496,engineered,30,neutral,8,2024-07-31,0.25254844231229656,0.335501316898715,0.5534195065025749
2497,engineered,30,neutral,8,2024-08-31,0.3055413723217386,0.32750857342346557,0.6497696787237118
2498,engineered,30,neutral,8,2024-09-30,0.4820846868175068,0.32491998807812317,0.9880441610153792
2499,engineered,30,neutral,8,2024-10-31,0.4228635145452042,0.3166848994719547,0.8119404917886713
2500,engineered,30,neutral,8,2024-11-30,0.3777824299705166,0.3142158205407458,0.6689500400622929
2501,engineered,30,neutral,8,2024-12-31,0.21980104153816526,0.3190241401030268,0.3051243187387998
2502,engineered,30,neutral,9,2023-07-31,-0.0021709905981837085,0.11643186193414296,-0.5559164082253191
2503,engineered,30,neutral,9,2023-08-31,-0.04832647895664055,0.184511808855919,-1.5785370842413076
2504,engineered,30,neutral,9,2023-09-30,-0.09207476117576452,0.17115538362366892,-2.1200619746025136
2505,engineered,30,neutral,9,2023-10-31,-0.165660201967742,0.1665763265261976,-2.7000694256722673
2506,engineered,30,neutral,9,2023-11-30,-0.08616605016608614,0.1949279295485243,-1.2014890017389006
2507,engineered,30,neutral,9,2023-12-31,-0.0356251425938936,0.19276427192424506,-0.5698972652349783
2508,engineered,30,neutral,9,2024-01-31,-0.11588172772195005,0.18398276497770497,-1.244849459983556
2509,engineered,30,neutral,9,2024-02-29,-0.09116777877648385,0.17875750469370302,-0.977742581976261
2510,engineered,30,neutral,9,2024-03-31,-0.10532711668163364,0.17930106501980608,-0.9876312588849261
2511,engineered,30,neutral,9,2024-04-30,-0.11913913854493752,0.18487717795000183,-0.9822761790738788
2512,engineered,30,neutral,9,2024-05-31,-0.07936838990636574,0.18287745326664315,-0.7002939436466888
2513,engineered,30,neutral,9,2024-06-30,-0.08195804258930317,0.1757271433210552,-0.699110610426956
2514,engineered,30,neutral,9,2024-07-31,-0.025135545358132783,0.1822537415024718,-0.3584741369118294
2515,engineered,30,neutral,9,2024-08-31,-0.029966434750849147,0.17991738250827308,-0.37783649496408006
2516,engineered,30,neutral,9,2024-09-30,0.028342927896366055,0.1794877492573303,-0.11205581473633763
2517,engineered,30,neutral,9,2024-10-31,-0.016183432252384833,0.1812650119079778,-0.30024674920784067
2518,engineered,30,neutral,9,2024-11-30,0.052655164100990914,0.18229292626223073,-0.031045360235627147
2519,engineered,30,neutral,9,2024-12-31,0.055079418850930706,0.17924328929079675,-0.036014490599179036
2520,engineered,30,seeking,0,2023-07-31,0.05421440397280697,0.13508231465088233,5.102641298020879
2521,engineered,30,seeking,0,2023-08-31,-0.018268002148457918,0.252562311821251,-0.5678756623850447
2522,engineered,30,seeking,0,2023-09-30,-0.0950600012191819,0.22401261600519082,-1.659518114760518
2523,engineered,30,seeking,0,2023-10-31,-0.2055139951045848,0.21184631100737658,-2.491932928111436
2524,engineered,30,seeking,0,2023-11-30,-0.11260228145036366,0.2585726783653559,-1.1152704049919184
2525,engineered,30,seeking,0,2023-12-31,-0.05000755916061028,0.26213819329914295,-0.520547477988402
2526,engineered,30,seeking,0,2024-01-31,-0.16391870747042625,0.24928542983870552,-1.2106065026662667
2527,engineered,30,seeking,0,2024-02-29,-0.08081266436705725,0.25966967104005445,-0.6163659079464365
2528,engineered,30,seeking,0,2024-03-31,-0.09334559477557403,0.2594401628112851,-0.6243777779867462
2529,engineered,30,seeking,0,2024-04-30,-0.09567952147710623,0.25622462130724327,-0.6027620203252891
2530,engineered,30,seeking,0,2024-05-31,0.05438352648063871,0.2837395300367233,0.058750218216902156
2531,engineered,30,seeking,0,2024-06-30,0.01719995488245263,0.2737112082913397,-0.0931798219210956
2532,engineered,30,seeking,0,2024-07-31,0.04043378105908024,0.2702879432018146,-0.02055062069818334
2533,engineered,30,seeking,0,2024-08-31,0.04583393623376164,0.2687242367307284,-0.012783968395051826
2534,engineered,30,seeking,0,2024-09-30,0.14393784189346004,0.271775534016434,0.2553231461229243
2535,engineered,30,seeking,0,2024-10-31,0.045944387884747195,0.2737860147076229,-0.03084444363100492
2536,engineered,30,seeking,0,2024-11-30,0.12633417025630655,0.2679064502349599,0.16728273065940652
2537,engineered,30,seeking,0,2024-12-31,0.08797482650606891,0.26427528275446366,0.05559520907244122
2538,engineered,30,seeking,1,2023-07-31,0.028759042930469603,0.10475710682692974,2.8693039869841956
2539,engineered,30,seeking,1,2023-08-31,-0.008551212248688933,0.2382668118268147,-0.38102492213593436
2540,engineered,30,seeking,1,2023-09-30,-0.07735472067648974,0.21024448393378856,-1.5111412550471501
2541,engineered,30,seeking,1,2023-10-31,-0.15770848315370012,0.1878287426810357,-2.306911188790815
2542,engineered,30,seeking,1,2023-11-30,-0.06502375857297316,0.24059265755337278,-0.7868486031957326
2543,engineered,30,seeking,1,2023-12-31,-0.010639677096725642,0.24403749062366553,-0.25720365612709156
2544,engineered,30,seeking,1,2024-01-31,-0.10756050268523765,0.23143538620631976,-0.9339500682776423
2545,engineered,30,seeking,1,2024-02-29,-0.058337884299863085,0.23069765409812423,-0.5540150193564535
2546,engineered,30,seeking,1,2024-03-31,-0.04302150852714082,0.2346764037435926,-0.41734243229073587
2547,engineered,30,seeking,1,2024-04-30,-0.03202505118087873,0.23383884673520594,-0.3426021382960315
2548,engineered,30,seeking,1,2024-05-31,0.11820605656638228,0.2576857632409665,0.33485991513617336
2549,engineered,30,seeking,1,2024-06-30,0.0882740249674252,0.24971783004947856,0.1768450262238608
2550,engineered,30,seeking,1,2024-07-31,0.1306809880431068,0.24536497067007948,0.3105076377512042
2551,engineered,30,seeking,1,2024-08-31,0.13658824902004563,0.24463103598506464,0.2981745306752553
2552,engineered,30,seeking,1,2024-09-30,0.23092854953969089,0.24857362778279105,0.5450291409412497
2553,engineered,30,seeking,1,2024-10-31,0.1315233904380857,0.2509291760292959,0.21423845913649323
2554,engineered,30,seeking,1,2024-11-30,0.25008587670237614,0.24829590709296773,0.5132796128464132
2555,engineered,30,seeking,1,2024-12-31,0.22426218778180518,0.24546331571232988,0.4077349768002084
2556,engineered,30,seeking,2,2023-07-31,0.006608863014540445,0.14105670851209703,0.20225934591516848
2557,engineered,30,seeking,2,2023-08-31,-0.05218621082649866,0.1467611801331825,-2.103349881876267
2558,engineered,30,seeking,2,2023-09-30,-0.12657949386992073,0.15630892097628454,-2.945555035755857
2559,engineered,30,seeking,2,2023-10-31,-0.1554705296401493,0.17193582606294494,-2.492891800471653
2560,engineered,30,seeking,2,2023-11-30,-0.09813831384148164,0.1976066936110153,-1.3107183872379735
2561,engineered,30,seeking,2,2023-12-31,-0.043715151589880374,0.19663443459556276,-0.635002852737499
2562,engineered,30,seeking,2,2024-01-31,-0.07566906538256613,0.18382457519186968,-0.9031735896202058
2563,engineered,30,seeking,2,2024-02-29,-0.06929385522476783,0.17368995680307148,-0.82661249120106
2564,engineered,30,seeking,2,2024-03-31,-0.02111561383366889,0.16931257417868922,-0.411900818606237
2565,engineered,30,seeking,2,2024-04-30,-0.0424528219992113,0.162855319813253,-0.5670841345062367
2566,engineered,30,seeking,2,2024-05-31,0.05218881171016254,0.1625836133122821,0.08784306721066357
2567,engineered,30,seeking,2,2024-06-30,0.008286326732716454,0.1583435235879657,-0.21628746606329996
2568,engineered,30,seeking,2,2024-07-31,0.05285599403562058,0.1595219402170685,0.03593698170332363
2569,engineered,30,seeking,2,2024-08-31,0.08247992137207749,0.15650672982536024,0.17583143744165644
2570,engineered,30,seeking,2,2024-09-30,0.1141304513511614,0.1563031983626155,0.2975157593160688
2571,engineered,30,seeking,2,2024-10-31,0.05888378867870192,0.15424782593312833,0.006754868125957205
2572,engineered,30,seeking,2,2024-11-30,0.07236776511342069,0.1519145354774216,0.05230146476061231
2573,engineered,30,seeking,2,2024-12-31,0.015916856629488052,0.15131734180709783,-0.211003206211676
2574,engineered,30,seeking,3,2023-07-31,0.03678082396661608,0.10717745232166331,3.858701832569707
2575,engineered,30,seeking,3,2023-08-31,-0.013101478203251138,0.17239305123089627,-0.6713962785642591
2576,engineered,30,seeking,3,2023-09-30,-0.08453882627577114,0.15778352553568267,-2.154959762556315
2577,engineered,30,seeking,3,2023-10-31,-0.1212469585742133,0.15035733220979436,-2.354273814496078
2578,engineered,30,seeking,3,2023-11-30,-0.05768371871185618,0.19503960825547728,-0.8890291069198347
2579,engineered,30,seeking,3,2023-12-31,-0.0007236233617219368,0.20034017736489004,-0.21847961472751543
2580,engineered,30,seeking,3,2024-01-31,-0.0585015932002918,0.19097220546937568,-0.7255077293977529
2581,engineered,30,seeking,3,2024-02-29,-0.04463428729319563,0.18300040537712003,-0.5899792632243934
2582,engineered,30,seeking,3,2024-03-31,0.0024037096014772885,0.18032773204235839,-0.21766545664714682
2583,engineered,30,seeking,3,2024-04-30,-0.0018274305783999578,0.17199339053346285,-0.2589424991483762
2584,engineered,30,seeking,3,2024-05-31,0.137803582150134,0.1830011609215331,0.5887035957281618
2585,engineered,30,seeking,3,2024-06-30,0.0714119152559487,0.18030510448463077,0.15330324118932956
2586,engineered,30,seeking,3,2024-07-31,0.09211172171552473,0.17728823001460536,0.23310072113944474
2587,engineered,30,seeking,3,2024-08-31,0.13300946661578306,0.1740310715431126,0.401930354778519
2588,engineered,30,seeking,3,2024-09-30,0.19369301709825582,0.1762180590463734,0.6089981485425543
2589,engineered,30,seeking,3,2024-10-31,0.09716946549292049,0.17574459723514824,0.16466504725859352
2590,engineered,30,seeking,3,2024-11-30,0.10278750147325155,0.17420917840085112,0.16528822194359788
2591,engineered,30,seeking,3,2024-12-31,0.032257286324841594,0.1723620596280792,-0.12334388628963952
2592,engineered,30,seeking,4,2023-07-31,0.03213527495808721,0.10761765611419061,3.225588899971307
2593,engineered,30,seeking,4,2023-08-31,-0.018966044999731646,0.1853464873856874,-0.7937069119662034
2594,engineered,30,seeking,4,2023-09-30,-0.09454558726093332,0.16714473100438348,-2.21500745985178
2595,engineered,30,seeking,4,2023-10-31,-0.14897191031285595,0.15487633997317346,-2.6787450262626002
2596,engineered,30,seeking,4,2023-11-30,-0.06456214647228986,0.2041736758728287,-0.9223234213099759
2597,engineered,30,seeking,4,2023-12-31,0.001140761075398622,0.21632472447258988,-0.1857341325812131
2598,engineered,30,seeking,4,2024-01-31,-0.048761556456024424,0.20366153649657984,-0.6030227593162993
2599,engineered,30,seeking,4,2024-02-29,-0.013792017945045698,0.19771347740926473,-0.31762765015316263
2600,engineered,30,seeking,4,2024-03-31,0.017990519432265817,0.19789489083655618,-0.09563936083174727
2601,engineered,30,seeking,4,2024-04-30,-0.01013461539422067,0.1910208626045603,-0.28448868368419106
2602,engineered,30,seeking,4,2024-05-31,0.13572381235112885,0.20436553727477413,0.5160173394886901
2603,engineered,30,seeking,4,2024-06-30,0.08980379712818043,0.2010506683326187,0.22710618957195722
2604,engineered,30,seeking,4,2024-07-31,0.1089763513274642,0.1972163840568619,0.28690592892067496
2605,engineered,30,seeking,4,2024-08-31,0.13658740282816728,0.19465690513816486,0.3747210326081504
2606,engineered,30,seeking,4,2024-09-30,0.1791186212226461,0.1957133862143375,0.4917521542992823
2607,engineered,30,seeking,4,2024-10-31,0.08508503702279602,0.19412060203273884,0.10385837145571451
2608,engineered,30,seeking,4,2024-11-30,0.11331146324234798,0.1903333728935658,0.18897254025615653
2609,engineered,30,seeking,4,2024-12-31,0.054003115708675775,0.18709839351140567,-0.03822088387670046
2610,engineered,30,seeking,5,2023-07-31,0.06647331990541305,0.17937124477448294,5.076190902424684
2611,engineered,30,seeking,5,2023-08-31,-0.03149784472005168,0.28945772425037664,-0.729648462300195
2612,engineered,30,seeking,5,2023-09-30,-0.1254010444759288,0.2614697728727207,-1.7488421558985385
2613,engineered,30,seeking,5,2023-10-31,-0.2588773269151966,0.2550035154958321,-2.4373288750699054
2614,engineered,30,seeking,5,2023-11-30,-0.14479985976821053,0.3162427414701724,-1.1113263883201998
2615,engineered,30,seeking,5,2023-12-31,-0.07543257917075197,0.31359421460829545,-0.5821903490452089
2616,engineered,30,seeking,5,2024-01-31,-0.21061506924029916,0.2985936069831534,-1.2386372988198209
2617,engineered,30,seeking,5,2024-02-29,-0.11353395378065056,0.3104077628146132,-0.6646435809648104
2618,engineered,30,seeking,5,2024-03-31,-0.14333271400526437,0.308104089323997,-0.7288466238169365
2619,engineered,30,seeking,5,2024-04-30,-0.15404487191986282,0.30472809835179626,-0.7277480520565507
2620,engineered,30,seeking,5,2024-05-31,-0.018520875502841316,0.322623390846215,-0.1934942665429468
2621,engineered,30,seeking,5,2024-06-30,-0.04537696229995791,0.31008131928559635,-0.2803045967469965
2622,engineered,30,seeking,5,2024-07-31,-0.0004027824775970634,0.30825540365458365,-0.13866593523912796
2623,engineered,30,seeking,5,2024-08-31,0.0006844893755644232,0.3045285293172016,-0.13724033369449842
2624,engineered,30,seeking,5,2024-09-30,0.10923939528048443,0.30607261261740176,0.1396227047237605
2625,engineered,30,seeking,5,2024-10-31,0.011599617439872922,0.30752113392156155,-0.1098233364045402
2626,engineered,30,seeking,5,2024-11-30,0.09706832115852126,0.301973058156267,0.08241809013750746
2627,engineered,30,seeking,5,2024-12-31,0.047950770940070164,0.29801672782766303,-0.037138067408502264
2628,engineered,30,seeking,6,2023-07-31,-0.0050370131422917686,0.0826654328459808,-1.1315391445838314
2629,engineered,30,seeking,6,2023-08-31,-0.039463167704705815,0.14663682603976694,-1.7044193503771636
2630,engineered,30,seeking,6,2023-09-30,-0.09521457744127004,0.1655454326608915,-2.248392348588117
2631,engineered,30,seeking,6,2023-10-31,-0.13040578018442361,0.17499887007469217,-2.140048994451042
2632,engineered,30,seeking,6,2023-11-30,-0.07610723168998101,0.18895805669888974,-1.1273367144620363
2633,engineered,30,seeking,6,2023-12-31,-0.0478213753254616,0.17864577871005888,-0.7413329058618714
2634,engineered,30,seeking,6,2024-01-31,-0.1051774643198391,0.16787086177243898,-1.2655261421790807
2635,engineered,30,seeking,6,2024-02-29,-0.09486481594375018,0.159006228574498,-1.132139135063
2636,engineered,30,seeking,6,2024-03-31,-0.07277645397383992,0.15572759386891222,-0.8729060157233294
2637,engineered,30,seeking,6,2024-04-30,-0.05703544557303308,0.16011681411763234,-0.6834229828034907
2638,engineered,30,seeking,6,2024-05-31,0.00021913769337289501,0.15923367588058177,-0.26464041038005376
2639,engineered,30,seeking,6,2024-06-30,-0.0036487565972033176,0.15384618813474027,-0.29872109760090326
2640,engineered,30,seeking,6,2024-07-31,0.06081597595511612,0.1621980594014049,0.07989829901145085
2641,engineered,30,seeking,6,2024-08-31,0.0696348088993608,0.1585918578033957,0.10521756590141768
2642,engineered,30,seeking,6,2024-09-30,0.1370853137196495,0.1591661641815271,0.40297580011429673
2643,engineered,30,seeking,6,2024-10-31,0.10947336223617565,0.16160861817269664,0.23421305923160574
2644,engineered,30,seeking,6,2024-11-30,0.20495420679467702,0.16790864339193484,0.5813013651156476
2645,engineered,30,seeking,6,2024-12-31,0.2075984263105417,0.16486490728054665,0.5448361159405262
2646,engineered,30,seeking,7,2023-07-31,0.055411449809585234,0.18603479201772838,3.8156049470068245
2647,engineered,30,seeking,7,2023-08-31,-0.09473188873037297,0.2648027316205856,-1.8114922841824714
2648,engineered,30,seeking,7,2023-09-30,-0.17372004645218153,0.2478594204993857,-2.3248869135667434
2649,engineered,30,seeking,7,2023-10-31,-0.26670123032271686,0.2341978242280109,-2.708115360552798
2650,engineered,30,seeking,7,2023-11-30,-0.19905324277963843,0.28622247146297086,-1.5743191763998319
2651,engineered,30,seeking,7,2023-12-31,-0.1028419126498279,0.2988858416921691,-0.7728302566623938
2652,engineered,30,seeking,7,2024-01-31,-0.23724083658867934,0.29174302717396666,-1.3966530729650557
2653,engineered,30,seeking,7,2024-02-29,-0.21582238009832,0.29002592189714044,-1.1914174595740255
2654,engineered,30,seeking,7,2024-03-31,-0.22037576950229776,0.2832479922540528,-1.125714680743876
2655,engineered,30,seeking,7,2024-04-30,-0.25931163135453505,0.27456520583451816,-1.2420734357929408
2656,engineered,30,seeking,7,2024-05-31,-0.1780103227674712,0.27279006634051195,-0.8567248195759403
2657,engineered,30,seeking,7,2024-06-30,-0.2609062667602955,0.26593907968564984,-1.1245253497228975
2658,engineered,30,seeking,7,2024-07-31,-0.22216814612162028,0.265200552265614,-0.932170972187929
2659,engineered,30,seeking,7,2024-08-31,-0.23962151906212603,0.26124121312689613,-0.9594071447728229
2660,engineered,30,seeking,7,2024-09-30,-0.1761145631316613,0.26000449543000687,-0.7074128520766765
2661,engineered,30,seeking,7,2024-10-31,-0.24442895437576118,0.25621930206259513,-0.8989948555884902
2662,engineered,30,seeking,7,2024-11-30,-0.2669513336173026,0.25455591719078025,-0.9366434799559474
2663,engineered,30,seeking,7,2024-12-31,-0.3075881658949643,0.24714793085304382,-1.0409952261615898
2664,engineered,30,seeking,8,2023-07-31,0.03422068923690191,0.07792848103097656,4.832725376295426
2665,engineered,30,seeking,8,2023-08-31,0.007683646259235122,0.1440266526392447,0.019719520943491862
2666,engineered,30,seeking,8,2023-09-30,-0.04776417399409871,0.13249925756440945,-1.6617145166668164
2667,engineered,30,seeking,8,2023-10-31,-0.08248486224935148,0.11940455184322582,-2.198895150809002
2668,engineered,30,seeking,8,2023-11-30,-0.01526973832106815,0.1502746488284447,-0.5196758840688419
2669,engineered,30,seeking,8,2023-12-31,0.030522500181334067,0.15550157701374728,0.11084808509397277
2670,engineered,30,seeking,8,2024-01-31,0.00589417587961738,0.1451521872294952,-0.22369856432825147
2671,engineered,30,seeking,8,2024-02-29,0.044059844029901374,0.14061504089384158,0.16910360770794336
2672,engineered,30,seeking,8,2024-03-31,0.08136873855547777,0.1408811520769482,0.4590370135806755
2673,engineered,30,seeking,8,2024-04-30,0.0652842539864027,0.13805058649144664,0.2551748422540708
2674,engineered,30,seeking,8,2024-05-31,0.19458065961496818,0.15343372975692138,1.1081956240079398
2675,engineered,30,seeking,8,2024-06-30,0.17517275504092145,0.15137838512927154,0.8536361585326142
2676,engineered,30,seeking,8,2024-07-31,0.17342167795980967,0.14770674992907315,0.7765270271845359
2677,engineered,30,seeking,8,2024-08-31,0.19803311377052113,0.148296902715535,0.8371109507414677
2678,engineered,30,seeking,8,2024-09-30,0.2382228075938284,0.15272894793184832,0.9230446081850249
2679,engineered,30,seeking,8,2024-10-31,0.1747906457505768,0.1510084306351523,0.5611885001207482
2680,engineered,30,seeking,8,2024-11-30,0.22139210808856769,0.1480554405908741,0.732912060679415
2681,engineered,30,seeking,8,2024-12-31,0.17749825742711378,0.1460657227336166,0.48723675547242173
2682,engineered,30,seeking,9,2023-07-31,0.05074450050544499,0.1813750071897086,3.4784762794306183
2683,engineered,30,seeking,9,2023-08-31,-0.021476528320137578,0.21899579051752283,-0.7318269924979396
2684,engineered,30,seeking,9,2023-09-30,-0.10562956941250601,0.1994627293736723,-2.0181189250088347
2685,engineered,30,seeking,9,2023-10-31,-0.11860672322406374,0.18177564457207168,-1.914394387387547
2686,engineered,30,seeking,9,2023-11-30,-0.00857364718389575,0.2113590676192773,-0.29581750393309725
2687,engineered,30,seeking,9,2023-12-31,0.04052819784556072,0.20838411553110264,0.17823012828957865
2688,engineered,30,seeking,9,2024-01-31,0.020234080712582925,0.19363808581411135,-0.0423672676259736
2689,engineered,30,seeking,9,2024-02-29,0.06287990752264472,0.18360191794990996,0.2857056886287211
2690,engineered,30,seeking,9,2024-03-31,0.09891159861703547,0.17681707802152555,0.4981052913237979
2691,engineered,30,seeking,9,2024-04-30,0.06681527151977473,0.17214706833992932,0.21526701350365804
2692,engineered,30,seeking,9,2024-05-31,0.09718241408298489,0.16974921600492743,0.3730096258082405
2693,engineered,30,seeking,9,2024-06-30,0.09107982455741714,0.16560169333580713,0.2832685954080648
2694,engineered,30,seeking,9,2024-07-31,0.13759493516666743,0.1611640508820105,0.5114409684812666
2695,engineered,30,seeking,9,2024-08-31,0.12963221721885065,0.15823165635494513,0.4241966549975023
2696,engineered,30,seeking,9,2024-09-30,0.16927570400470193,0.16043878344508156,0.5531527988163851
2697,engineered,30,seeking,9,2024-10-31,0.14270065944147503,0.15868192889915209,0.389407582585494
2698,engineered,30,seeking,9,2024-11-30,0.20876966690565824,0.159205080639409,0.6290056649209713
2699,engineered,30,seeking,9,2024-12-31,0.16334760355765532,0.1569678237733111,0.39716375828274003
2700,engineered,50,averse,0,2023-07-31,0.02366048904661855,0.09995380452677136,2.330582724359909
2701,engineered,50,averse,0,2023-08-31,-0.003325300796636954,0.1227103360021878,-0.5006744566293632
2702,engineered,50,averse,0,2023-09-30,-0.04950071554329305,0.11308478468417076,-1.9998903557439907
2703,engineered,50,averse,0,2023-10-31,-0.08077747452477302,0.107625789356854,-2.4005259764477924
2704,engineered,50,averse,0,2023-11-30,-0.00487240060283578,0.13336034332540858,-0.4038337937557322
2705,engineered,50,averse,0,2023-12-31,0.04511963267852259,0.13022480440361203,0.35579376905433274
2706,engineered,50,averse,0,2024-01-31,0.03393528340340635,0.12403412731545271,0.12253535907007441
2707,engineered,50,averse,0,2024-02-29,0.06046632074752778,0.11673416616908737,0.41773928591753723
2708,engineered,50,averse,0,2024-03-31,0.08833455451213856,0.11278871669640977,0.6556435985740496
2709,engineered,50,averse,0,2024-04-30,0.04896804345978234,0.11449593465125592,0.1375464883867858
2710,engineered,50,averse,0,2024-05-31,0.09327306414656955,0.11099034582757264,0.5320348999553277
2711,engineered,50,averse,0,2024-06-30,0.10221874821737287,0.10692945115911097,0.5407257497016816
2712,engineered,50,averse,0,2024-07-31,0.12234140313154418,0.10564130440242155,0.6499232554377226
2713,engineered,50,averse,0,2024-08-31,0.13848613558394618,0.10636720756184867,0.7006872388630829
2714,engineered,50,averse,0,2024-09-30,0.16604158585664242,0.10844287563676054,0.7956399581996993
2715,engineered,50,averse,0,2024-10-31,0.13990778053901165,0.10694049708143273,0.5590638357129007
2716,engineered,50,averse,0,2024-11-30,0.1781605293212316,0.10766764013524092,0.7405502252844808
2717,engineered,50,averse,0,2024-12-31,0.14546049742048295,0.1062403985179834,0.48128506233062474
2718,engineered,50,averse,1,2023-07-31,0.012504751608855669,0.10890535137252341,0.8777306634581576
2719,engineered,50,averse,1,2023-08-31,-0.013386442858097758,0.11866568434250314,-0.9883978509300915
2720,engineered,50,averse,1,2023-09-30,-0.06297665092644911,0.10924077784941869,-2.4850671248158798
2721,engineered,50,averse,1,2023-10-31,-0.09199592371176801,0.10347794107760333,-2.7608110155057326
2722,engineered,50,averse,1,2023-11-30,-0.007301093431488881,0.13614705416683537,-0.43738270186097605
2723,engineered,50,averse,1,2023-12-31,0.05066075047843488,0.13529140129385722,0.42484109160743894
2724,engineered,50,averse,1,2024-01-31,0.040655851956141076,0.12865351048922236,0.20796092254440407
2725,engineered,50,averse,1,2024-02-29,0.06119741311954985,0.1214075216788966,0.41086620839138693
2726,engineered,50,averse,1,2024-03-31,0.0817193526297666,0.11733455185793612,0.5551332202040412
2727,engineered,50,averse,1,2024-04-30,0.04595093092451541,0.11712953810449662,0.103753913747115
2728,engineered,50,averse,1,2024-05-31,0.10486116341729224,0.11513982743431658,0.6227533928926324
2729,engineered,50,averse,1,2024-06-30,0.1117000563849011,0.11098212515109243,0.604638857021901
2730,engineered,50,averse,1,2024-07-31,0.14023089890470186,0.11000529465535368,0.7709024847910089
2731,engineered,50,averse,1,2024-08-31,0.15667787785300558,0.10861883891484866,0.826063891911551
2732,engineered,50,averse,1,2024-09-30,0.1893032791350171,0.10969490993014923,0.9479389002583409
2733,engineered,50,averse,1,2024-10-31,0.153491916708967,0.10886566862548475,0.6386644334112086
2734,engineered,50,averse,1,2024-11-30,0.18761673120004985,0.1091386565278942,0.7884881981923957
2735,engineered,50,averse,1,2024-12-31,0.14601075630665772,0.10778078524154189,0.4776144183072654
2736,engineered,50,averse,2,2023-07-31,0.007359643862084431,0.12162148387783256,0.3031215386667194
2737,engineered,50,averse,2,2023-08-31,-0.03610474795963481,0.149554187133733,-1.5632314131531058
2738,engineered,50,averse,2,2023-09-30,-0.09535909599448267,0.1394578265883416,-2.672056239271857
2739,engineered,50,averse,2,2023-10-31,-0.14801168624376726,0.14348344485269685,-2.8771727616838643
2740,engineered,50,averse,2,2023-11-30,-0.07077068362687433,0.18289913113798936,-1.1025297481739664
2741,engineered,50,averse,2,2023-12-31,-0.0008638505227779314,0.18803133050083384,-0.23421688972468563
2742,engineered,50,averse,2,2024-01-31,-0.04810044432321825,0.17833669397435653,-0.6826427590391133
2743,engineered,50,averse,2,2024-02-29,-0.022106972640962064,0.17019439153159074,-0.4409352129888282
2744,engineered,50,averse,2,2024-03-31,0.003884738881823724,0.16633038487867666,-0.22439655885678458
2745,engineered,50,averse,2,2024-04-30,-0.05393961542483561,0.16424238615261252,-0.644209961006575
2746,engineered,50,averse,2,2024-05-31,0.011052998727423491,0.15973458060428658,-0.1902999873934094
2747,engineered,50,averse,2,2024-06-30,-0.007501647810885581,0.1547182391115055,-0.3214727393956225
2748,engineered,50,averse,2,2024-07-31,0.02762979713420277,0.1531030205134453,-0.1123503628769247
2749,engineered,50,averse,2,2024-08-31,0.04535841514755479,0.15098565556518762,-0.025420073665723002
2750,engineered,50,averse,2,2024-09-30,0.07204269681422848,0.14974056537903152,0.09324317323429836
2751,engineered,50,averse,2,2024-10-31,0.037260399343848505,0.1461210486314408,-0.10148083035941918
2752,engineered,50,averse,2,2024-11-30,0.05638684624951784,0.14519758301196242,-0.021199712009117046
2753,engineered,50,averse,2,2024-12-31,0.00568113935779424,0.14296642590366002,-0.2702816657030622
2754,engineered,50,averse,3,2023-07-31,0.02727375204179938,0.0916371015944117,3.0615491785029563
2755,engineered,50,averse,3,2023-08-31,-0.0004004591726303186,0.12356854823304728,-0.3616504285432942
2756,engineered,50,averse,3,2023-09-30,-0.042645459905874206,0.11051157503573195,-1.831066233864722
2757,engineered,50,averse,3,2023-10-31,-0.07213060540779881,0.0999696375782317,-2.3693495195695804
2758,engineered,50,averse,3,2023-11-30,-0.0069729274059697754,0.12944661811699865,-0.4540886528290159
2759,engineered,50,averse,3,2023-12-31,0.03858166944697783,0.13086370645713613,0.2541144165618851
2760,engineered,50,averse,3,2024-01-31,0.020344989265522306,0.12281295295531018,-0.0652645141959622
2761,engineered,50,averse,3,2024-02-29,0.0468157127782598,0.1166545724897956,0.2397014910239203
2762,engineered,50,averse,3,2024-03-31,0.07748112125843565,0.11486765497956788,0.517974744164712
2763,engineered,50,averse,3,2024-04-30,0.05419562002948175,0.11204475046972635,0.1962011862184535
2764,engineered,50,averse,3,2024-05-31,0.1305716360925313,0.11388919874628214,0.8764324762189057
2765,engineered,50,averse,3,2024-06-30,0.12058701153040907,0.11078115600684316,0.6842799548610343
2766,engineered,50,averse,3,2024-07-31,0.1365830183347283,0.10895193299828394,0.7481564467884173
2767,engineered,50,averse,3,2024-08-31,0.16299688046780836,0.10992794288394299,0.8641681395959726
2768,engineered,50,averse,3,2024-09-30,0.19223920832317498,0.11242747977917564,0.9447256539384244
2769,engineered,50,averse,3,2024-10-31,0.14049874875769341,0.1116409809814927,0.5393270866009542
2770,engineered,50,averse,3,2024-11-30,0.1670881087844882,0.1100491083652471,0.6570924489126403
2771,engineered,50,averse,3,2024-12-31,0.13057437676354322,0.12223312109280764,0.34161742788480737
2772,engineered,50,averse,4,2023-07-31,0.03808609700348731,0.07664387520797282,5.646140215523912
2773,engineered,50,averse,4,2023-08-31,0.029282251723197206,0.10584294623452059,1.314112842805177
2774,engineered,50,averse,4,2023-09-30,-0.014826479273631898,0.11057884091061068,-0.9077417033739996
2775,engineered,50,averse,4,2023-10-31,-0.044360573922365476,0.10702360412950379,-1.5438780520784006
2776,engineered,50,averse,4,2023-11-30,0.021906468885452446,0.1332054382493545,0.07640294790567582
2777,engineered,50,averse,4,2023-12-31,0.09333037659546362,0.13803704126697663,1.051308219007998
2778,engineered,50,averse,4,2024-01-31,0.09334994741040492,0.13014822624811706,0.9152085302674652
2779,engineered,50,averse,4,2024-02-29,0.11700548038445091,0.12163942007078216,1.120561006715165
2780,engineered,50,averse,4,2024-03-31,0.14133228822526567,0.11724143516421033,1.2378620240660445
2781,engineered,50,averse,4,2024-04-30,0.10310788084929334,0.1177920388864549,0.6841651216962056
2782,engineered,50,averse,4,2024-05-31,0.12952601867232838,0.11399423910533404,0.8655862008075778
2783,engineered,50,averse,4,2024-06-30,0.15790814233508366,0.11039069707154561,1.0175889688100657
2784,engineered,50,averse,4,2024-07-31,0.19469302002977296,0.10883910777726374,1.2295054532878622
2785,engineered,50,averse,4,2024-08-31,0.22028804600977758,0.10948998502022032,1.3022943298289802
2786,engineered,50,averse,4,2024-09-30,0.25346167937877206,0.11136006702596435,1.3688485497626262
2787,engineered,50,averse,4,2024-10-31,0.2440851884045272,0.11148669264605585,1.1998367129519656
2788,engineered,50,averse,4,2024-11-30,0.2899647602359212,0.11390791508752701,1.3479862193643646
2789,engineered,50,averse,4,2024-12-31,0.2544415873173733,0.11255118497608847,1.053248359040255
2790,engineered,50,averse,5,2023-07-31,0.021851850264712702,0.10054550010116022,2.085722415411228
2791,engineered,50,averse,5,2023-08-31,-0.007051598191543995,0.11807386787537553,-0.6982016586027687
2792,engineered,50,averse,5,2023-09-30,-0.06814546060003612,0.12203308798887594,-2.3628045696317015
2793,engineered,50,averse,5,2023-10-31,-0.08454613539363554,0.12313785097273275,-2.1732430778175535
2794,engineered,50,averse,5,2023-11-30,-0.011567590109886283,0.15015235783388506,-0.46288519461519795
2795,engineered,50,averse,5,2023-12-31,0.042053625825316354,0.14708809611477158,0.27323992876456704
2796,engineered,50,averse,5,2024-01-31,0.04227930611518316,0.1364435543316536,0.21660320534264946
2797,engineered,50,averse,5,2024-02-29,0.06780676022821375,0.12853118852667467,0.4668481417783305
2798,engineered,50,averse,5,2024-03-31,0.11583545339796064,0.12399242412325408,0.8932647613307273
2799,engineered,50,averse,5,2024-04-30,0.08076791410138484,0.12381264521810481,0.4342197326377379
2800,engineered,50,averse,5,2024-05-31,0.14673584395695416,0.12127931853034404,0.9689856252425256
2801,engineered,50,averse,5,2024-06-30,0.152979591625096,0.11685380343148667,0.9200381807568323
2802,engineered,50,averse,5,2024-07-31,0.18183914617682073,0.11609264766685991,1.0531935485869628
2803,engineered,50,averse,5,2024-08-31,0.21352287769229572,0.11564912327025867,1.1844949004056016
2804,engineered,50,averse,5,2024-09-30,0.24174927933074297,0.11875281705829797,1.2094882821126427
2805,engineered,50,averse,5,2024-10-31,0.21397309848166368,0.11816818663986689,0.9524727655198093
2806,engineered,50,averse,5,2024-11-30,0.2663719170814238,0.12037295748631843,1.1475505493243485
2807,engineered,50,averse,5,2024-12-31,0.21806417240756493,0.12504619594751473,0.7699039829662161
2808,engineered,50,averse,6,2023-07-31,0.021250111274607075,0.07904283897945065,2.5563743447973764
2809,engineered,50,averse,6,2023-08-31,0.009979055195649789,0.09309819159596217,0.17907501305909918
2810,engineered,50,averse,6,2023-09-30,-0.024887415711918548,0.08860926512429401,-1.560465537484184
2811,engineered,50,averse,6,2023-10-31,-0.03951694219014523,0.08591302852763899,-1.7730306490057208
2812,engineered,50,averse,6,2023-11-30,0.023390699681028027,0.1031808484820553,0.13369014361297044
2813,engineered,50,averse,6,2023-12-31,0.06021678938306363,0.09880525200697983,0.7775334851184859
2814,engineered,50,averse,6,2024-01-31,0.06951310229864416,0.09469723065067713,0.8125989894473049
2815,engineered,50,averse,6,2024-02-29,0.09948105345076685,0.0897809567781949,1.2133470145125835
2816,engineered,50,averse,6,2024-03-31,0.12231879133960977,0.08680886017587891,1.3763079269740048
2817,engineered,50,averse,6,2024-04-30,0.08571288531351118,0.09018011508235305,0.6619145363749924
2818,engineered,50,averse,6,2024-05-31,0.11461106095118789,0.08689768304038983,0.947760040991367
2819,engineered,50,averse,6,2024-06-30,0.14289053042232336,0.08463906356753226,1.1535689115822545
2820,engineered,50,averse,6,2024-07-31,0.15801368012772854,0.08277979031546415,1.2180467702855025
2821,engineered,50,averse,6,2024-08-31,0.17452613879104306,0.08365726998813923,1.2503504402632917
2822,engineered,50,averse,6,2024-09-30,0.19258592896101967,0.08618201986246452,1.2354814738524609
2823,engineered,50,averse,6,2024-10-31,0.17860843046552377,0.08547063994953559,1.0233227352629384
2824,engineered,50,averse,6,2024-11-30,0.22475218138368813,0.08748151815326385,1.2658164906680638
2825,engineered,50,averse,6,2024-12-31,0.20130132592828254,0.0864386478883352,0.9941704380213765
2826,engineered,50,averse,7,2023-07-31,0.0207075429661725,0.09561069348600225,2.041657899782815
2827,engineered,50,averse,7,2023-08-31,-0.000521821029699554,0.10996987650407986,-0.4127337244904568
2828,engineered,50,averse,7,2023-09-30,-0.037727044804221066,0.10344364122562083,-1.7880077546694328
2829,engineered,50,averse,7,2023-10-31,-0.03938602582753148,0.0955939862756707,-1.5898062670954485
2830,engineered,50,averse,7,2023-11-30,0.03968272485967872,0.11855656049483046,0.4552119679050871
2831,engineered,50,averse,7,2023-12-31,0.07366590999841893,0.1120468796196229,0.931110075987024
2832,engineered,50,averse,7,2024-01-31,0.08170194220612048,0.10885350171458405,0.904256395931425
2833,engineered,50,averse,7,2024-02-29,0.11198244273579205,0.1043796273714504,1.2304904732279927
2834,engineered,50,averse,7,2024-03-31,0.13728835641705772,0.10038135782052425,1.391312498599657
2835,engineered,50,averse,7,2024-04-30,0.08963364048266809,0.1054419726488687,0.6107292275826662
2836,engineered,50,averse,7,2024-05-31,0.12397181951893876,0.10237087522520426,0.9045019420009134
2837,engineered,50,averse,7,2024-06-30,0.16595485774644847,0.10067690762193428,1.1939671614744514
2838,engineered,50,averse,7,2024-07-31,0.16414991820436042,0.10090092618690122,1.054051448031199
2839,engineered,50,averse,7,2024-08-31,0.17760184320572425,0.10112054494832291,1.0597334702542704
2840,engineered,50,averse,7,2024-09-30,0.2044114073023824,0.10380442080542054,1.112113245978819
2841,engineered,50,averse,7,2024-10-31,0.16422136210541183,0.10395903475653936,0.7426249091210031
2842,engineered,50,averse,7,2024-11-30,0.19274198379186847,0.10430445743305644,0.8578194987293334
2843,engineered,50,averse,7,2024-12-31,0.16833694874490823,0.10371984302192064,0.6311065007553696
2844,engineered,50,averse,8,2023-07-31,0.01227319134796545,0.08734914485797933,1.063385773366535
2845,engineered,50,averse,8,2023-08-31,-0.013425926742131389,0.10713220837677036,-1.0968017149168614
2846,engineered,50,averse,8,2023-09-30,-0.054408510443873626,0.09822531001228199,-2.472732212044945
2847,engineered,50,averse,8,2023-10-31,-0.0872554970124968,0.09907341933551307,-2.7677875997579093
2848,engineered,50,averse,8,2023-11-30,-0.025595326153854403,0.12269952331282585,-0.8298534781529865
2849,engineered,50,averse,8,2023-12-31,0.021888227702241414,0.12310153322658661,0.0016651717182618623
2850,engineered,50,averse,8,2024-01-31,0.006126314271761357,0.11683840688781741,-0.27456175969440294
2851,engineered,50,averse,8,2024-02-29,0.031082643826920275,0.11091250642188244,0.03741346427978373
2852,engineered,50,averse,8,2024-03-31,0.0556902816458551,0.10819650595401203,0.2829795248258144
2853,engineered,50,averse,8,2024-04-30,0.016381980416371178,0.10849299350624311,-0.2118831679388081
2854,engineered,50,averse,8,2024-05-31,0.06524665438953825,0.10529057185101287,0.2706344425985944
2855,engineered,50,averse,8,2024-06-30,0.06721074431782847,0.10216398577000153,0.23026374409628095
2856,engineered,50,averse,8,2024-07-31,0.0861280062782881,0.10104043577299451,0.3553816000252165
2857,engineered,50,averse,8,2024-08-31,0.10128934048803662,0.10123578704692172,0.42817348547481965
2858,engineered,50,averse,8,2024-09-30,0.12252780780744499,0.1024393440834585,0.5170246183437662
2859,engineered,50,averse,8,2024-10-31,0.10171730534786438,0.09999603032243186,0.32237304848002246
2860,engineered,50,averse,8,2024-11-30,0.13056991526056572,0.10014560498781909,0.47618219443598936
2861,engineered,50,averse,8,2024-12-31,0.10123165858695216,0.09858367888443556,0.2348565641384593
2862,engineered,50,averse,9,2023-07-31,0.02130613576474527,0.0892948579168526,2.2708279628755488
2863,engineered,50,averse,9,2023-08-31,0.006911069084600152,0.1069632832929736,-0.016654638018463
2864,engineered,50,averse,9,2023-09-30,-0.038187032528242515,0.10411264453037523,-1.7922541424935379
2865,engineered,50,averse,9,2023-10-31,-0.042552699196625965,0.09711271201699852,-1.6519882335631733
2866,engineered,50,averse,9,2023-11-30,0.03754414692907382,0.1205465888284849,0.40354132893369626
2867,engineered,50,averse,9,2023-12-31,0.0659639623624122,0.11434333362439245,0.7743183275370102
2868,engineered,50,averse,9,2024-01-31,0.09188987268202897,0.1106828999008198,1.0526662173665462
2869,engineered,50,averse,9,2024-02-29,0.1252963015563242,0.10607764126961063,1.4077020685747692
2870,engineered,50,averse,9,2024-03-31,0.15349968766734645,0.10224294320164984,1.5806714955183652
2871,engineered,50,averse,9,2024-04-30,0.10942234844781162,0.10556078669968383,0.8354432519061645
2872,engineered,50,averse,9,2024-05-31,0.1507222726620876,0.1025222153941298,1.188881225044652
2873,engineered,50,averse,9,2024-06-30,0.18356839439469685,0.09990494224072942,1.3756445888438604
2874,engineered,50,averse,9,2024-07-31,0.18616307657632092,0.09780106906919879,1.2899107881421243
2875,engineered,50,averse,9,2024-08-31,0.21842621032240306,0.0973326607053958,1.449121139856759
2876,engineered,50,averse,9,2024-09-30,0.24212021220845203,0.09935048525706851,1.4485008556790162
2877,engineered,50,averse,9,2024-10-31,0.20904003291530082,0.099744472929861,1.0934322698328878
2878,engineered,50,averse,9,2024-11-30,0.27710408993051505,0.10220475882034595,1.4202414622640716
2879,engineered,50,averse,9,2024-12-31,0.23941027023984085,0.11583059159731979,0.9442158580320061
2880,engineered,50,neutral,0,2023-07-31,0.03809788509929524,0.17699905905562507,2.44586771672841
2881,engineered,50,neutral,0,2023-08-31,-0.0274380398611922,0.2439277853934022,-0.7824819343906496
2882,engineered,50,neutral,0,2023-09-30,-0.08414068009119557,0.22341067388135583,-1.5164650953863323
2883,engineered,50,neutral,0,2023-10-31,-0.16952107473980993,0.2209117648441942,-2.071665131020924
2884,engineered,50,neutral,0,2023-11-30,-0.059336310622259525,0.24146613505000003,-0.7329960252571837
2885,engineered,50,neutral,0,2023-12-31,-0.02140170582718659,0.22802716681311488,-0.3648098330370653
2886,engineered,50,neutral,0,2024-01-31,-0.09690405860924844,0.21366005753653886,-0.9338812502476471
2887,engineered,50,neutral,0,2024-02-29,0.0063791187581119235,0.21843588516406584,-0.15054693067273026
2888,engineered,50,neutral,0,2024-03-31,-0.04442035789956844,0.2168290798797703,-0.45996920258887014
2889,engineered,50,neutral,0,2024-04-30,-0.0755300110620366,0.22513751194539022,-0.5819279830958344
2890,engineered,50,neutral,0,2024-05-31,-0.04234967253514921,0.2268396530100329,-0.3887056414553985
2891,engineered,50,neutral,0,2024-06-30,-0.005986959598699104,0.2192005830149452,-0.2201244017889715
2892,engineered,50,neutral,0,2024-07-31,0.02010202415956419,0.22945831234898453,-0.10483137316048424
2893,engineered,50,neutral,0,2024-08-31,0.016527034369403282,0.22741346743056715,-0.12446719553589057
2894,engineered,50,neutral,0,2024-09-30,0.10405079560121822,0.2267002754477944,0.17085833052052052
2895,engineered,50,neutral,0,2024-10-31,0.0583523325114641,0.23123733880395803,0.002823369825049368
2896,engineered,50,neutral,0,2024-11-30,0.17052965172064805,0.23422877589515798,0.31858267799114415
2897,engineered,50,neutral,0,2024-12-31,0.16059868059812255,0.23196814461327164,0.261341948409159
2898,engineered,50,neutral,1,2023-07-31,0.024583366925713834,0.16722284579387628,1.4648655687632794
2899,engineered,50,neutral,1,2023-08-31,-0.04959748420404586,0.19944574313298133,-1.4893086688074872
2900,engineered,50,neutral,1,2023-09-30,-0.12068758389962952,0.18263813143817673,-2.4340688569523325
2901,engineered,50,neutral,1,2023-10-31,-0.1947215252415232,0.17498192701869716,-2.9000550832520062
2902,engineered,50,neutral,1,2023-11-30,-0.10503998388436753,0.2357492941866604,-1.158445065556714
2903,engineered,50,neutral,1,2023-12-31,-0.0159695220247984,0.2381465641402104,-0.3061379628231956
2904,engineered,50,neutral,1,2024-01-31,-0.08181276300038032,0.2245857482981846,-0.7826592556818939
2905,engineered,50,neutral,1,2024-02-29,-0.045814577187933914,0.21549190825194736,-0.5089798545945956
2906,engineered,50,neutral,1,2024-03-31,-0.04331277754164953,0.20939514969779333,-0.46951465437345513
2907,engineered,50,neutral,1,2024-04-30,-0.11561290631454868,0.20571142176416285,-0.8629886444764033
2908,engineered,50,neutral,1,2024-05-31,-0.045645575217312384,0.2031648698804123,-0.4515103963413137
2909,engineered,50,neutral,1,2024-06-30,-0.07538693443846578,0.19657607405838237,-0.5921148368682927
2910,engineered,50,neutral,1,2024-07-31,-0.026385841787255226,0.19444795183009841,-0.34187291567945266
2911,engineered,50,neutral,1,2024-08-31,-0.023966603853627477,0.19446382031005602,-0.3231658792458517
2912,engineered,50,neutral,1,2024-09-30,-0.004345732870199237,0.19438928531854865,-0.23562285459193372
2913,engineered,50,neutral,1,2024-10-31,-0.05215039656474918,0.18973432996652378,-0.4289311609267212
2914,engineered,50,neutral,1,2024-11-30,-0.02188024531302213,0.19172698030593963,-0.30148527345272413
2915,engineered,50,neutral,1,2024-12-31,-0.07449980750697038,0.18798157819684963,-0.4897340072667267
2916,engineered,50,neutral,2,2023-07-31,0.010559114154672145,0.1384388022490933,0.5276837735949027
2917,engineered,50,neutral,2,2023-08-31,-0.047902190245617704,0.19189339769369207,-1.5077217087620198
2918,engineered,50,neutral,2,2023-09-30,-0.10322915352968776,0.17806639523825382,-2.221883144304144
2919,engineered,50,neutral,2,2023-10-31,-0.1523326741515898,0.16998203981746016,-2.4826526601979526
2920,engineered,50,neutral,2,2023-11-30,-0.058104109152881556,0.21171652030555985,-0.8233270119469488
2921,engineered,50,neutral,2,2023-12-31,0.00013395539580973725,0.20641235810221562,-0.20405300770150767
2922,engineered,50,neutral,2,2024-01-31,-0.0658378113174587,0.19424829377516575,-0.7739275761212282
2923,engineered,50,neutral,2,2024-02-29,-0.033853760999902116,0.18556670414853663,-0.4971696238103661
2924,engineered,50,neutral,2,2024-03-31,-0.03052017558299891,0.18234600000104192,-0.44898350129971565
2925,engineered,50,neutral,2,2024-04-30,-0.06795190454561206,0.18343912302345278,-0.6660426684630241
2926,engineered,50,neutral,2,2024-05-31,-0.005372859876653369,0.18177058493203713,-0.2651493897497271
2927,engineered,50,neutral,2,2024-06-30,-0.010840142518036888,0.1745878116502547,-0.3036510359749587
2928,engineered,50,neutral,2,2024-07-31,0.044725692250841,0.17765924811740186,-0.009306874988539666
2929,engineered,50,neutral,2,2024-08-31,0.057154511605377545,0.17597645173767318,0.03491230354509259
2930,engineered,50,neutral,2,2024-09-30,0.10548437222299167,0.17520844260032126,0.22738341719953584
2931,engineered,50,neutral,2,2024-10-31,0.04652612755846253,0.17318470965504723,-0.04629520344224348
2932,engineered,50,neutral,2,2024-11-30,0.07744140661314591,0.17129820926884237,0.0667541718546152
2933,engineered,50,neutral,2,2024-12-31,0.05098254379748246,0.16875590377236208,-0.053952647418072194
2934,engineered,50,neutral,3,2023-07-31,-0.010184293298741376,0.11246391715602513,-1.274771303369968
2935,engineered,50,neutral,3,2023-08-31,-0.06197778844242696,0.18245571412046438,-1.9260343422314001
2936,engineered,50,neutral,3,2023-09-30,-0.1251616730031998,0.18479303905181924,-2.47102673051445
2937,engineered,50,neutral,3,2023-10-31,-0.1861845477195191,0.19404959072507916,-2.529818701326973
2938,engineered,50,neutral,3,2023-11-30,-0.12442143771666059,0.22251226267322047,-1.4017200397012093
2939,engineered,50,neutral,3,2023-12-31,-0.07907370538182557,0.21590715756087953,-0.8757513096140421
2940,engineered,50,neutral,3,2024-01-31,-0.16137396580937302,0.2037988729457886,-1.4622337654621564
2941,engineered,50,neutral,3,2024-02-29,-0.14703334475679697,0.19597785434587528,-1.290032209188795
2942,engineered,50,neutral,3,2024-03-31,-0.12445675150704161,0.19206599212668668,-1.0468157385991723
2943,engineered,50,neutral,3,2024-04-30,-0.1265650327469735,0.1956740712184037,-0.971870292528826
2944,engineered,50,neutral,3,2024-05-31,-0.05656826526599901,0.1952436756325588,-0.5301700248177824
2945,engineered,50,neutral,3,2024-06-30,-0.08104105068860357,0.18822602897406407,-0.6478996377761258
2946,engineered,50,neutral,3,2024-07-31,-0.018731223984803536,0.1945859866087454,-0.30567121929129054
2947,engineered,50,neutral,3,2024-08-31,-0.01762003338785878,0.1912428451481421,-0.3002312574864624
2948,engineered,50,neutral,3,2024-09-30,0.050068305115409384,0.1923261158900433,-0.016298699485131525
2949,engineered,50,neutral,3,2024-10-31,0.01626058502199612,0.19450099586391612,-0.15590078507276794
2950,engineered,50,neutral,3,2024-11-30,0.09152533941824204,0.19598155552354593,0.10764245940026083
2951,engineered,50,neutral,3,2024-12-31,0.08031666781153457,0.19216589085365277,0.05093987941730872
2952,engineered,50,neutral,4,2023-07-31,0.0031473693646588696,0.10854861316989868,-0.08434867028955728
2953,engineered,50,neutral,4,2023-08-31,-0.04430087009689376,0.1721114802157075,-1.5845239929426456
2954,engineered,50,neutral,4,2023-09-30,-0.1029958119860449,0.18729959281550523,-2.1087570305463386
2955,engineered,50,neutral,4,2023-10-31,-0.141495272480906,0.19368898273899302,-2.0590518282739687
2956,engineered,50,neutral,4,2023-11-30,-0.07954053297678532,0.21048752241745866,-1.0465495708841022
2957,engineered,50,neutral,4,2023-12-31,-0.04819118823242574,0.19874135933051018,-0.6697977249038302
2958,engineered,50,neutral,4,2024-01-31,-0.11458000580110372,0.18662696681450214,-1.2164431659219306
2959,engineered,50,neutral,4,2024-02-29,-0.10017592357448568,0.17668477638568714,-1.0613496869988555
2960,engineered,50,neutral,4,2024-03-31,-0.0759798310419798,0.1716375814574334,-0.8156983677278514
2961,engineered,50,neutral,4,2024-04-30,-0.05798689093022247,0.17617962794990755,-0.6274272626160432
2962,engineered,50,neutral,4,2024-05-31,0.00037496287950200546,0.17602154314710328,-0.23844155541683443
2963,engineered,50,neutral,4,2024-06-30,0.0015696446552004861,0.1697490056476827,-0.24057319561367171
2964,engineered,50,neutral,4,2024-07-31,0.06695704769356836,0.17928992608376462,0.10335984781062525
2965,engineered,50,neutral,4,2024-08-31,0.07760978321675238,0.17515172118969463,0.13367901167364069
2966,engineered,50,neutral,4,2024-09-30,0.15829546225539226,0.1771798076263918,0.453606803838228
2967,engineered,50,neutral,4,2024-10-31,0.12360215531592589,0.17864746365512826,0.2689834840472915
2968,engineered,50,neutral,4,2024-11-30,0.2109131591302853,0.18322960801970192,0.5543001799803509
2969,engineered,50,neutral,4,2024-12-31,0.21156925962152617,0.18009829441972322,0.5123508009045797
2970,engineered,50,neutral,5,2023-07-31,0.05438084304562718,0.05844782770462343,11.841706055128727
2971,engineered,50,neutral,5,2023-08-31,0.01383514669769692,0.14818688160104654,0.27160135167571736
2972,engineered,50,neutral,5,2023-09-30,-0.060556604425905824,0.14814607238486313,-1.778485838434827
2973,engineered,50,neutral,5,2023-10-31,-0.12453509368712135,0.14040871331023433,-2.5738958373394727
2974,engineered,50,neutral,5,2023-11-30,-0.06115029805135341,0.18767527449151675,-0.9640748178715806
2975,engineered,50,neutral,5,2023-12-31,-0.017358757193335017,0.19767036035240587,-0.38215116791889603
2976,engineered,50,neutral,5,2024-01-31,-0.09467377570889834,0.18968914191297387,-1.0334733820805146
2977,engineered,50,neutral,5,2024-02-29,-0.06626748942892391,0.18686985184489377,-0.7450569056608136
2978,engineered,50,neutral,5,2024-03-31,-0.029470874344856957,0.18785616990262372,-0.42861866113649627
2979,engineered,50,neutral,5,2024-04-30,-0.05445690826075911,0.17875895637849012,-0.5952807452776052
2980,engineered,50,neutral,5,2024-05-31,0.07967440494318656,0.19330910057206258,0.22873570225283438
2981,engineered,50,neutral,5,2024-06-30,0.031828261937580704,0.18901648691696527,-0.05903514047713744
2982,engineered,50,neutral,5,2024-07-31,0.043111095704881475,0.18768456924462076,-0.016628296387535806
2983,engineered,50,neutral,5,2024-08-31,0.04205015496417097,0.19010772263742998,-0.03493009212980379
2984,engineered,50,neutral,5,2024-09-30,0.0733309550507899,0.19085694602848816,0.07839526969633247
2985,engineered,50,neutral,5,2024-10-31,-0.005933233793369075,0.18855178058376013,-0.24814394371694115
2986,engineered,50,neutral,5,2024-11-30,0.039831649510990275,0.18504656092246846,-0.07862990461860164
2987,engineered,50,neutral,5,2024-12-31,-0.026438294251135974,0.18232321517639122,-0.32831285647763414
2988,engineered,50,neutral,6,2023-07-31,0.0016170251074583142,0.11396478980632233,-0.22315326697771856
2989,engineered,50,neutral,6,2023-08-31,-0.03572270564380031,0.1828462994531789,-1.2684661963348636
2990,engineered,50,neutral,6,2023-09-30,-0.07794426056739046,0.16736627489646747,-1.9093422179591213
2991,engineered,50,neutral,6,2023-10-31,-0.1454650213494425,0.1637667602886528,-2.4875319458475884
2992,engineered,50,neutral,6,2023-11-30,-0.05998887395822483,0.18885680038254743,-0.9446947619063144
2993,engineered,50,neutral,6,2023-12-31,-0.010809603567506931,0.1843852833439152,-0.34217128587394957
2994,engineered,50,neutral,6,2024-01-31,-0.0818445910879676,0.1756309271974373,-1.0011021773702808
2995,engineered,50,neutral,6,2024-02-29,-0.054105674541152005,0.16910298747539018,-0.7196583353660656
2996,engineered,50,neutral,6,2024-03-31,-0.06690393419424667,0.1694694734155407,-0.7580439352808478
2997,engineered,50,neutral,6,2024-04-30,-0.08392648231973632,0.17637994112935074,-0.7982094619477024
2998,engineered,50,neutral,6,2024-05-31,-0.049507048503012796,0.17373306301489266,-0.5519810298010874
2999,engineered,50,neutral,6,2024-06-30,-0.03683940651133388,0.16714602428420716,-0.46985330450730056
3000,engineered,50,neutral,6,2024-07-31,0.02000256463820782,0.17389634043547067,-0.13884712596193438
3001,engineered,50,neutral,6,2024-08-31,0.016689750506617695,0.17201418782310243,-0.16374896007162473
3002,engineered,50,neutral,6,2024-09-30,0.07673185969423635,0.17147692771909215,0.10264339756299481
3003,engineered,50,neutral,6,2024-10-31,0.03865475636631266,0.1727958765236716,-0.079877790022422
3004,engineered,50,neutral,6,2024-11-30,0.12558204734548184,0.17688716316363853,0.2504756068479321
3005,engineered,50,neutral,6,2024-12-31,0.13367453122318174,0.17439645826762884,0.25065208015504586
3006,engineered,50,neutral,7,2023-07-31,0.0026380700804777835,0.08646720676781613,-0.16883205995334397
3007,engineered,50,neutral,7,2023-08-31,-0.032451120171427594,0.1364320270710671,-1.5826058444653455
3008,engineered,50,neutral,7,2023-09-30,-0.0810730829209132,0.1434194826266415,-2.2962058190590855
3009,engineered,50,neutral,7,2023-10-31,-0.11618784373752022,0.15181538114866144,-2.2558369491893635
3010,engineered,50,neutral,7,2023-11-30,-0.06145961439570535,0.17005002159197355,-1.0679427551723584
3011,engineered,50,neutral,7,2023-12-31,-0.027198674423456137,0.16225542485180733,-0.5799476457198259
3012,engineered,50,neutral,7,2024-01-31,-0.0872503775864717,0.1545500582240516,-1.1929181107555276
3013,engineered,50,neutral,7,2024-02-29,-0.08563039028898833,0.14589068748043948,-1.1440997448851933
3014,engineered,50,neutral,7,2024-03-31,-0.06840678268828781,0.14106847050529428,-0.9242205492512285
3015,engineered,50,neutral,7,2024-04-30,-0.061512089083055055,0.14262393439578325,-0.8039298447266477
3016,engineered,50,neutral,7,2024-05-31,-0.017689393744199977,0.14272383237938968,-0.4310869033719477
3017,engineered,50,neutral,7,2024-06-30,-0.03377285976324507,0.13795918659654463,-0.5474327961213922
3018,engineered,50,neutral,7,2024-07-31,0.022225018194266033,0.1431645247138375,-0.1545160591559883
3019,engineered,50,neutral,7,2024-08-31,0.03639723709674936,0.13987413736420481,-0.08173122958580697
3020,engineered,50,neutral,7,2024-09-30,0.09879503420689528,0.14006495317008413,0.24757596983043134
3021,engineered,50,neutral,7,2024-10-31,0.059611734379953374,0.14163200414631194,0.011118522384085061
3022,engineered,50,neutral,7,2024-11-30,0.11267366229934783,0.14317842509105738,0.24817730739100724
3023,engineered,50,neutral,7,2024-12-31,0.09728243101528022,0.14055057384925546,0.14682446861634696
3024,engineered,50,neutral,8,2023-07-31,0.02200032649724948,0.13011750269223168,1.626248276970248
3025,engineered,50,neutral,8,2023-08-31,-0.033887340331926974,0.16111155202386382,-1.3840170932211195
3026,engineered,50,neutral,8,2023-09-30,-0.09323944717987387,0.1502765310814608,-2.4377728903273836
3027,engineered,50,neutral,8,2023-10-31,-0.13949067898069833,0.14362880427572605,-2.746419350450722
3028,engineered,50,neutral,8,2023-11-30,-0.06263488838795572,0.17965828205162232,-1.0249973156890064
3029,engineered,50,neutral,8,2023-12-31,0.0010473740207932458,0.1823942427126984,-0.22127301386840806
3030,engineered,50,neutral,8,2024-01-31,-0.03973201667235604,0.1723074443630464,-0.627503497507626
3031,engineered,50,neutral,8,2024-02-29,-0.013942437934462149,0.16379278752991475,-0.38476198278092083
3032,engineered,50,neutral,8,2024-03-31,0.006868608594984726,0.15997611264915412,-0.2090230220797704
3033,engineered,50,neutral,8,2024-04-30,-0.03717579164405671,0.15794772855769626,-0.5455100805979791
3034,engineered,50,neutral,8,2024-05-31,0.02585414626531768,0.15473645680190723,-0.09266381989646641
3035,engineered,50,neutral,8,2024-06-30,0.0018652659365938629,0.1496300838436102,-0.27098178099325887
3036,engineered,50,neutral,8,2024-07-31,0.035109736258071234,0.14921119009829908,-0.0696719739064721
3037,engineered,50,neutral,8,2024-08-31,0.05531285906604122,0.14783923954307313,0.03102309836451187
3038,engineered,50,neutral,8,2024-09-30,0.08676288092447204,0.14952459306367563,0.16969496977798545
3039,engineered,50,neutral,8,2024-10-31,0.03028733533386463,0.14705226642622374,-0.13576413404937335
3040,engineered,50,neutral,8,2024-11-30,0.03761298458972839,0.1453588261225187,-0.11070359936136626
3041,engineered,50,neutral,8,2024-12-31,-0.012470563293894621,0.14296235085089154,-0.35396123049050693
3042,engineered,50,neutral,9,2023-07-31,0.01256406989524228,0.0925533553066334,1.0402984304023257
3043,engineered,50,neutral,9,2023-08-31,-0.012942519944427522,0.09562182493974208,-1.2014137976756998
3044,engineered,50,neutral,9,2023-09-30,-0.06769741513257543,0.10757574574242315,-2.6668566836800958
3045,engineered,50,neutral,9,2023-10-31,-0.0760020566512527,0.11775630319607959,-2.0935963450631077
3046,engineered,50,neutral,9,2023-11-30,-0.02588881631193174,0.1319420719617002,-0.7767961523334617
3047,engineered,50,neutral,9,2023-12-31,0.010401187334053041,0.1265049085761955,-0.1758723380396625
3048,engineered,50,neutral,9,2024-01-31,0.0071351995340132035,0.11719633564311921,-0.25921835609923943
3049,engineered,50,neutral,9,2024-02-29,0.019946494815126226,0.11061431928707138,-0.11390212688930455
3050,engineered,50,neutral,9,2024-03-31,0.06829157401883323,0.10723904120332653,0.4410457458484903
3051,engineered,50,neutral,9,2024-04-30,0.05536668309598425,0.10439013734359036,0.22397501220013163
3052,engineered,50,neutral,9,2024-05-31,0.1196133309453622,0.10379794119142863,0.8461393380754405
3053,engineered,50,neutral,9,2024-06-30,0.11028854534586574,0.10041850455342766,0.6544807095865663
3054,engineered,50,neutral,9,2024-07-31,0.14361717845461364,0.10007003848178872,0.8779534681855747
3055,engineered,50,neutral,9,2024-08-31,0.17203801209130876,0.09859150130938565,1.0399405735076057
3056,engineered,50,neutral,9,2024-09-30,0.19839039619176235,0.10010286586735952,1.1076559425491712
3057,engineered,50,neutral,9,2024-10-31,0.17133186725868876,0.09956988254025445,0.826335609238568
3058,engineered,50,neutral,9,2024-11-30,0.20768804151142106,0.1000156106589403,0.9940688119823651
3059,engineered,50,neutral,9,2024-12-31,0.16498761071238444,0.09901613036788186,0.6399642085494898
3060,engineered,50,seeking,0,2023-07-31,0.027586359097363955,0.10532372127991776,2.703515256297947
3061,engineered,50,seeking,0,2023-08-31,-0.017514849578500913,0.24824633459504694,-0.5616681185472551
3062,engineered,50,seeking,0,2023-09-30,-0.09249263670208108,0.21699303305977485,-1.6779808628123676
3063,engineered,50,seeking,0,2023-10-31,-0.16623216048828426,0.19202347455592267,-2.3483612614997065
3064,engineered,50,seeking,0,2023-11-30,-0.06844735175323169,0.24604057301795712,-0.7993591572026892
3065,engineered,50,seeking,0,2023-12-31,-0.009979028820092495,0.2505919055484884,-0.2454473749188874
3066,engineered,50,seeking,0,2024-01-31,-0.10439264266040882,0.2370522828596733,-0.8910422269938995
3067,engineered,50,seeking,0,2024-02-29,-0.0524234616288507,0.23577804056320062,-0.5058259740819027
3068,engineered,50,seeking,0,2024-03-31,-0.03853980131138024,0.2393134801946468,-0.38521241451593197
3069,engineered,50,seeking,0,2024-04-30,-0.02600786412438627,0.23879322832014016,-0.30587316139894904
3070,engineered,50,seeking,0,2024-05-31,0.1339602614371591,0.26363534436991837,0.3926840770386105
3071,engineered,50,seeking,0,2024-06-30,0.10507972937159749,0.25565712901286,0.23711949622598302
3072,engineered,50,seeking,0,2024-07-31,0.13797940966198508,0.2517624123842826,0.3287730560130601
3073,engineered,50,seeking,0,2024-08-31,0.15063974649662693,0.25165288279390285,0.33652010955834355
3074,engineered,50,seeking,0,2024-09-30,0.24594789209460077,0.2552220952343698,0.5751402954401963
3075,engineered,50,seeking,0,2024-10-31,0.1354349871250704,0.2577589219786368,0.21947761182820252
3076,engineered,50,seeking,0,2024-11-30,0.2561929069785125,0.25505219513415944,0.5154168785677204
3077,engineered,50,seeking,0,2024-12-31,0.23056646175481887,0.25166535316964384,0.41306028499705166
3078,engineered,50,seeking,1,2023-07-31,0.05380496756163078,0.09999485841183474,6.823300106674434
3079,engineered,50,seeking,1,2023-08-31,0.006222506942174855,0.24350911696580907,-0.02417228833689912
3080,engineered,50,seeking,1,2023-09-30,-0.05340624284892426,0.21666327292316398,-1.1053550786226796
3081,engineered,50,seeking,1,2023-10-31,-0.1418935515567583,0.1966479827817974,-2.032453033510938
3082,engineered,50,seeking,1,2023-11-30,-0.06621141949887432,0.23691278500780683,-0.8098720834323022
3083,engineered,50,seeking,1,2023-12-31,-0.00939748484889047,0.23720852861372926,-0.25461633243014287
3084,engineered,50,seeking,1,2024-01-31,-0.10405968393615406,0.2248773407579334,-0.9369784028023107
3085,engineered,50,seeking,1,2024-02-29,-0.06129388279769665,0.21732728841126484,-0.6077106786956578
3086,engineered,50,seeking,1,2024-03-31,-0.03786333288952093,0.21762062316515016,-0.4196170815428872
3087,engineered,50,seeking,1,2024-04-30,-0.0376630176836813,0.21351776979008485,-0.4062140209154726
3088,engineered,50,seeking,1,2024-05-31,0.11214877466375928,0.23278960602113113,0.3422261632691657
3089,engineered,50,seeking,1,2024-06-30,0.06483476095015872,0.22558423747196885,0.0939618788063746
3090,engineered,50,seeking,1,2024-07-31,0.0926704273804666,0.2196854594018992,0.19041667598961245
3091,engineered,50,seeking,1,2024-08-31,0.090457607402602,0.2206676308751125,0.15515075983015764
3092,engineered,50,seeking,1,2024-09-30,0.16593133776970914,0.22384262588134488,0.3850803952446703
3093,engineered,50,seeking,1,2024-10-31,0.08641763688159032,0.22437654680990837,0.0941732035152859
3094,engineered,50,seeking,1,2024-11-30,0.16904706630425514,0.22138453645190811,0.33257459073980467
3095,engineered,50,seeking,1,2024-12-31,0.14590223102689648,0.21969719438162,0.2340014981668048
3096,engineered,50,seeking,2,2023-07-31,0.04089406602952206,0.11908976668065109,3.9866641417300697
3097,engineered,50,seeking,2,2023-08-31,-0.05525802692899562,0.21127902515403388,-1.5255788786190498
3098,engineered,50,seeking,2,2023-09-30,-0.1409110266382425,0.2015440666011898,-2.4693511966129615
3099,engineered,50,seeking,2,2023-10-31,-0.2189643493993374,0.20595371764779385,-2.6834578736869035
3100,engineered,50,seeking,2,2023-11-30,-0.12811244514179265,0.24377148704947943,-1.3092483147001135
3101,engineered,50,seeking,2,2023-12-31,-0.04953333178677222,0.244077539421217,-0.5554964928736068
3102,engineered,50,seeking,2,2024-01-31,-0.13055816175219115,0.23208161361891316,-1.0838908731858294
3103,engineered,50,seeking,2,2024-02-29,-0.05646723625566541,0.2308577016032573,-0.541932901085594
3104,engineered,50,seeking,2,2024-03-31,-0.06718081359094208,0.22033693422822012,-0.5846402199306399
3105,engineered,50,seeking,2,2024-04-30,-0.11974248021622336,0.21608744947210742,-0.8436269082185218
3106,engineered,50,seeking,2,2024-05-31,-0.025815190318984937,0.22055905104902954,-0.3187953548340599
3107,engineered,50,seeking,2,2024-06-30,-0.052675232401541594,0.21278591918048123,-0.4421560483159638
3108,engineered,50,seeking,2,2024-07-31,-0.032510218609463126,0.2106652230543781,-0.34214621363145187
3109,engineered,50,seeking,2,2024-08-31,-0.015256606628949454,0.20991729363332043,-0.2639011840932469
3110,engineered,50,seeking,2,2024-09-30,0.021395645608039082,0.20993002446134687,-0.12174445972718954
3111,engineered,50,seeking,2,2024-10-31,-0.030826369744590854,0.20516180274609136,-0.3186197819503939
3112,engineered,50,seeking,2,2024-11-30,-0.03698837708437752,0.20310984477783148,-0.3373255741476141
3113,engineered,50,seeking,2,2024-12-31,-0.09221586282598049,0.20018665025746255,-0.5198866021862202
3114,engineered,50,seeking,3,2023-07-31,0.03959819166095824,0.16297897632231714,2.793255968138384
3115,engineered,50,seeking,3,2023-08-31,-0.04632172985165384,0.21441752863473457,-1.3155202675035405
3116,engineered,50,seeking,3,2023-09-30,-0.12640066650142312,0.20357974497355785,-2.259260968746658
3117,engineered,50,seeking,3,2023-10-31,-0.21974139416995642,0.23205576534370437,-2.387677324966087
3118,engineered,50,seeking,3,2023-11-30,-0.13336728184071456,0.2581616790806499,-1.2760134279615614
3119,engineered,50,seeking,3,2023-12-31,-0.07208181816854153,0.257412042697952,-0.6859048399564184
3120,engineered,50,seeking,3,2024-01-31,-0.16279554755476966,0.2410478937498482,-1.245051203269886
3121,engineered,50,seeking,3,2024-02-29,-0.08414611099064617,0.24178446768820389,-0.6816040905456126
3122,engineered,50,seeking,3,2024-03-31,-0.09970736034933347,0.2323738451499401,-0.7316266968132399
3123,engineered,50,seeking,3,2024-04-30,-0.1169741833013922,0.2326429467741172,-0.7698477267106224
3124,engineered,50,seeking,3,2024-05-31,-0.04869073536340918,0.23859117203622396,-0.39824071194660376
3125,engineered,50,seeking,3,2024-06-30,-0.06148089035805748,0.2304146246304713,-0.4458644110855063
3126,engineered,50,seeking,3,2024-07-31,-0.008977463747903425,0.2354696298718795,-0.21476344509754813
3127,engineered,50,seeking,3,2024-08-31,6.479190207375751e-05,0.22990059451685058,-0.18408753826185667
3128,engineered,50,seeking,3,2024-09-30,0.08320637069353287,0.22932166055929162,0.098636720256352
3129,engineered,50,seeking,3,2024-10-31,0.03862512144454855,0.22821844746754213,-0.0605750930104835
3130,engineered,50,seeking,3,2024-11-30,0.10016060380681391,0.22711324703498642,0.11888818817848071
3131,engineered,50,seeking,3,2024-12-31,0.06106209918704231,0.22405700523967442,-0.01157129653463777
3132,engineered,50,seeking,4,2023-07-31,0.053706788720844445,0.17994616624580678,3.7823788790886206
3133,engineered,50,seeking,4,2023-08-31,-0.014680372735299096,0.22096547944082903,-0.5624263767964576
3134,engineered,50,seeking,4,2023-09-30,-0.06336539617135217,0.20080116108008955,-1.358304802105878
3135,engineered,50,seeking,4,2023-10-31,-0.17120853900567756,0.21035875623994105,-2.1918789257357973
3136,engineered,50,seeking,4,2023-11-30,-0.07561591309560467,0.22959576422933614,-0.9232596517209657
3137,engineered,50,seeking,4,2023-12-31,-0.012048840821459628,0.22634692947902696,-0.28917008397720895
3138,engineered,50,seeking,4,2024-01-31,-0.09902868689369948,0.21349680264051538,-0.9501621938792958
3139,engineered,50,seeking,4,2024-02-29,0.002606122295213842,0.2199175573076985,-0.17507771770777797
3140,engineered,50,seeking,4,2024-03-31,-0.045002113934317856,0.2145276438041001,-0.4683810106427924
3141,engineered,50,seeking,4,2024-04-30,-0.07572410466448143,0.21711533909984107,-0.604471087683885
3142,engineered,50,seeking,4,2024-05-31,-0.04478150604177844,0.21942706413754,-0.4137984462023462
3143,engineered,50,seeking,4,2024-06-30,-0.02766449032809326,0.21245840329146987,-0.3272487023992452
3144,engineered,50,seeking,4,2024-07-31,0.013018612286727738,0.21518104378218555,-0.14177451247946446
3145,engineered,50,seeking,4,2024-08-31,0.005373711697499228,0.21318923714485816,-0.1772979274992545
3146,engineered,50,seeking,4,2024-09-30,0.07889555007504234,0.21202365737064405,0.0909276716938767
3147,engineered,50,seeking,4,2024-10-31,0.054239712570232745,0.2110641115798971,-0.011179053261383423
3148,engineered,50,seeking,4,2024-11-30,0.12484372483996342,0.21105002000027356,0.2075573337477979
3149,engineered,50,seeking,4,2024-12-31,0.1067156114090344,0.2083942228772286,0.12784770911545393
3150,engineered,50,seeking,5,2023-07-31,0.0024318931951945455,0.10024558239398978,-0.1675317583167907
3151,engineered,50,seeking,5,2023-08-31,-0.03186603202084681,0.09306525164685212,-2.2890003361372906
3152,engineered,50,seeking,5,2023-09-30,-0.09313981518544256,0.13540081169818205,-2.703402414538253
3153,engineered,50,seeking,5,2023-10-31,-0.09153777299074972,0.16254147439942485,-1.750811751744641
3154,engineered,50,seeking,5,2023-11-30,-0.06353760512958528,0.16445015264845947,-1.1316592151332139
3155,engineered,50,seeking,5,2023-12-31,-0.03554144677885818,0.15600085974118774,-0.7032009798360634
3156,engineered,50,seeking,5,2024-01-31,-0.04468902648948647,0.14525399735988553,-0.7999717613402039
3157,engineered,50,seeking,5,2024-02-29,-0.052122866728952943,0.13688904857591624,-0.8680574213688228
3158,engineered,50,seeking,5,2024-03-31,0.0053344978044338465,0.13388520943650614,-0.26467955252446
3159,engineered,50,seeking,5,2024-04-30,0.009604642286389575,0.1274615422233049,-0.24333802984377598
3160,engineered,50,seeking,5,2024-05-31,0.08812486735916436,0.12782851535797654,0.41800554225762493
3161,engineered,50,seeking,5,2024-06-30,0.05525086139698088,0.12458922677436687,0.09474002328920422
3162,engineered,50,seeking,5,2024-07-31,0.09077333830957213,0.12394302510114152,0.32365168264064137
3163,engineered,50,seeking,5,2024-08-31,0.1213954615698487,0.12174691165679023,0.4946430955732028
3164,engineered,50,seeking,5,2024-09-30,0.14839050793261155,0.12041140304966373,0.6045829604148031
3165,engineered,50,seeking,5,2024-10-31,0.11846118634069835,0.11923631502414309,0.37190661994059665
3166,engineered,50,seeking,5,2024-11-30,0.13562234682953433,0.11801587951621555,0.43306411013237134
3167,engineered,50,seeking,5,2024-12-31,0.09266632924106766,0.11593847878732037,0.1525860099086974
3168,engineered,50,seeking,6,2023-07-31,0.03159875432187986,0.14621787661808283,2.3228133978333134
3169,engineered,50,seeking,6,2023-08-31,-0.021095173930513633,0.16491582903559823,-0.959755644048254
3170,engineered,50,seeking,6,2023-09-30,-0.0942756801853405,0.16410444153685044,-2.2511579735400837
3171,engineered,50,seeking,6,2023-10-31,-0.12111064632975077,0.15928165686461607,-2.2204301809225244
3172,engineered,50,seeking,6,2023-11-30,-0.026898305813160994,0.2057007817789924,-0.5094423856058483
3173,engineered,50,seeking,6,2023-12-31,0.027372599118266727,0.19548516140332398,0.05631193211118046
3174,engineered,50,seeking,6,2024-01-31,-0.0017398628787942405,0.18134744593201418,-0.24976269114255947
3175,engineered,50,seeking,6,2024-02-29,0.02364653082382495,0.17109134417413896,-0.04117177974115955
3176,engineered,50,seeking,6,2024-03-31,0.06770676450673929,0.1643309999062498,0.2830988500233295
3177,engineered,50,seeking,6,2024-04-30,0.032358707540557585,0.16184342519019274,-0.024860073041992666
3178,engineered,50,seeking,6,2024-05-31,0.09840909818637655,0.15946365947577154,0.405467756975207
3179,engineered,50,seeking,6,2024-06-30,0.09692606182442143,0.15329725843485947,0.34335888042331225
3180,engineered,50,seeking,6,2024-07-31,0.14093279409043524,0.15060674343357347,0.5672809368533966
3181,engineered,50,seeking,6,2024-08-31,0.1669506483758476,0.14873672036251392,0.6608426398597734
3182,engineered,50,seeking,6,2024-09-30,0.20495260427116446,0.15116264456417583,0.7664073012150178
3183,engineered,50,seeking,6,2024-10-31,0.17036400807437868,0.14956457256950767,0.5455017489285492
3184,engineered,50,seeking,6,2024-11-30,0.24783022191851156,0.1517694046074043,0.8299534762089139
3185,engineered,50,seeking,6,2024-12-31,0.19746978036523433,0.14948653347986327,0.5590112957654777
3186,engineered,50,seeking,7,2023-07-31,0.009225470797580515,0.11046182983828584,0.5235952613004797
3187,engineered,50,seeking,7,2023-08-31,-0.026580097151892357,0.14305627357429118,-1.3038220293019942
3188,engineered,50,seeking,7,2023-09-30,-0.08864685800970773,0.15424602821569366,-2.2855667662818684
3189,engineered,50,seeking,7,2023-10-31,-0.11550667139167492,0.16266301889785084,-2.095812889551366
3190,engineered,50,seeking,7,2023-11-30,-0.04879197262689894,0.18447288069236473,-0.8342137924142768
3191,engineered,50,seeking,7,2023-12-31,-0.006879397669251164,0.17597641438673506,-0.31586092097347285
3192,engineered,50,seeking,7,2024-01-31,-0.038494123668354474,0.16277641003990492,-0.6518292757882365
3193,engineered,50,seeking,7,2024-02-29,-0.021866377206867793,0.153511020126756,-0.4865519317742062
3194,engineered,50,seeking,7,2024-03-31,0.019603490093245135,0.14876386228099914,-0.1130511897035639
3195,engineered,50,seeking,7,2024-04-30,0.013157225308326526,0.14868444500556194,-0.18030861294721084
3196,engineered,50,seeking,7,2024-05-31,0.08272031945139768,0.1475312718072853,0.3222230122396742
3197,engineered,50,seeking,7,2024-06-30,0.07784492827804379,0.142138170350446,0.23881288846779045
3198,engineered,50,seeking,7,2024-07-31,0.13278006586726487,0.1453881342462906,0.5370587603419072
3199,engineered,50,seeking,7,2024-08-31,0.15845819244999748,0.1434571550653861,0.6358088840928514
3200,engineered,50,seeking,7,2024-09-30,0.2127917097139267,0.14492672810362622,0.8403200963936283
3201,engineered,50,seeking,7,2024-10-31,0.17691694352337572,0.14365560271113434,0.6004588995167248
3202,engineered,50,seeking,7,2024-11-30,0.25273942824101314,0.14693015220171923,0.8792586804775178
3203,engineered,50,seeking,7,2024-12-31,0.2238108467904969,0.15096284084412498,0.6611343980428389
3204,engineered,50,seeking,8,2023-07-31,0.053216371103425475,0.22293587044410748,3.015678056391339
3205,engineered,50,seeking,8,2023-08-31,-0.030752888749911667,0.27170244833708657,-0.763709371940424
3206,engineered,50,seeking,8,2023-09-30,-0.09227840006216803,0.24527091917184038,-1.4819100985893874
3207,engineered,50,seeking,8,2023-10-31,-0.22031631077159808,0.2584169605802277,-2.1481290285907964
3208,engineered,50,seeking,8,2023-11-30,-0.10963089295032269,0.28143008201793585,-1.003436894410693
3209,engineered,50,seeking,8,2023-12-31,-0.0399965018561671,0.2771707765370235,-0.42565663564634604
3210,engineered,50,seeking,8,2024-01-31,-0.1520185579561284,0.26287089327549534,-1.0804534472477414
3211,engineered,50,seeking,8,2024-02-29,-0.03264466884832529,0.27190544452825116,-0.3328032879260337
3212,engineered,50,seeking,8,2024-03-31,-0.09726706714938549,0.26545208034989587,-0.6288731416181288
3213,engineered,50,seeking,8,2024-04-30,-0.13366073619898278,0.2701108364400311,-0.7343125798052087
3214,engineered,50,seeking,8,2024-05-31,-0.1000566297890163,0.2721215163037272,-0.5523463600292602
3215,engineered,50,seeking,8,2024-06-30,-0.08272237896311407,0.26329944992549276,-0.469442082854062
3216,engineered,50,seeking,8,2024-07-31,-0.03996063080338497,0.2697555985602816,-0.292476666550558
3217,engineered,50,seeking,8,2024-08-31,-0.04647358988844397,0.2673530552644188,-0.30720500043651533
3218,engineered,50,seeking,8,2024-09-30,0.04208547193595469,0.2663617725976493,-0.035156553424145115
3219,engineered,50,seeking,8,2024-10-31,0.005353050746414567,0.26658388901257063,-0.14405688792563054
3220,engineered,50,seeking,8,2024-11-30,0.09098702850631413,0.26644786644643403,0.07779142315592269
3221,engineered,50,seeking,8,2024-12-31,0.07689818353547007,0.26325048082172064,0.02885545657476639
3222,engineered,50,seeking,9,2023-07-31,0.08513417912515853,0.11309453414368321,11.464832804609769
3223,engineered,50,seeking,9,2023-08-31,-0.023950492983755955,0.2180112570503456,-0.793881426334948
3224,engineered,50,seeking,9,2023-09-30,-0.1167732791748789,0.20869913768522347,-2.0787701208877003
3225,engineered,50,seeking,9,2023-10-31,-0.23087533270066674,0.21057295673520435,-2.7255804383730915
3226,engineered,50,seeking,9,2023-11-30,-0.15925808023924626,0.2552779817042238,-1.4836412157330983
3227,engineered,50,seeking,9,2023-12-31,-0.08360572398280042,0.265575750781747,-0.7423490131950538
3228,engineered,50,seeking,9,2024-01-31,-0.1817019384299775,0.252064797380947,-1.3013271133520317
3229,engineered,50,seeking,9,2024-02-29,-0.0921306499976462,0.26838044278850354,-0.656322487251929
3230,engineered,50,seeking,9,2024-03-31,-0.09844274127360253,0.26015226606299624,-0.6473807316945189
3231,engineered,50,seeking,9,2024-04-30,-0.1379102334589859,0.24947481755783157,-0.8146570346015325
3232,engineered,50,seeking,9,2024-05-31,0.012909575280071417,0.2729959902551347,-0.10397295650415873
3233,engineered,50,seeking,9,2024-06-30,-0.058994699961379626,0.2653343273891559,-0.3779817698688731
3234,engineered,50,seeking,9,2024-07-31,-0.06261643127599936,0.260203721924337,-0.3830129390221554
3235,engineered,50,seeking,9,2024-08-31,-0.06095251830706239,0.26001677421578634,-0.36372983731925185
3236,engineered,50,seeking,9,2024-09-30,-0.008154178425680114,0.26188842981758254,-0.1863661768213168
3237,engineered,50,seeking,9,2024-10-31,-0.08175314080851936,0.25731812704825996,-0.4032722332965641
3238,engineered,50,seeking,9,2024-11-30,-0.0769751710563692,0.2523724422848326,-0.38478134567664546
3239,engineered,50,seeking,9,2024-12-31,-0.15335530844993261,0.2501133333948336,-0.5843940618433504
