VFAWF.PK;IUSQ.DE,,,,,,,,
Updated at 12:39:27,Holding Name,Holding RIC,Number of Shares,Percentage of Fund Assets,Country of Domicile,,,
VFAWF.PK,APPLE INC ORD,AAPL.OQ,4237389,4.3576,UNITED STATES,Technology,Technology Equipment,"Computers, Phones & Household Electronics"
VFAWF.PK,MICROSOFT CORP ORD,MSFT.OQ,2114373,3.718,UNITED STATES,Technology,Software & IT Services,Software & IT Services
VFAWF.PK,AMAZON.COM INC ORD,AMZN.OQ,2558542,1.7904,UNITED STATES,Consumer Cyclicals,Retailers,Diversified Retail
VFAWF.PK,NVIDIA CORP ORD,NVDA.OQ,675375,1.6521,UNITED STATES,Technology,Technology Equipment,Semiconductors & Semiconductor Equipment
VFAWF.PK,OTHER ASSETS LESS LIABILITIES,NULL,NULL,1.357,NULL,Unable to resolve all requested identifiers.,,
VFAWF.PK,ALPHABET INC CLASS A ORD,GOOGL.OQ,1680162,1.1673,UNITED STATES,Technology,Software & IT Services,Software & IT Services
VFAWF.PK,TESLA INC ORD,TSLA.OQ,784380,1.0981,UNITED STATES,Consumer Cyclicals,Automobiles & Auto Parts,Automobiles & Auto Parts
VFAWF.PK,META PLATFORMS INC ORD,META.OQ,628551,1.0483,UNITED STATES,Technology,Software & IT Services,Software & IT Services
VFAWF.PK,ALPHABET INC CLASS C ORD,GOOG.OQ,1471906,1.0256,UNITED STATES,Technology,Software & IT Services,Software & IT Services
VFAWF.PK,BERKSHIRE HATHAWAY INC ORD,BRKb.N,382498,0.7047,UNITED STATES,Consumer Non-Cyclicals,Consumer Goods Conglomerates,Consumer Goods Conglomerates
VFAWF.PK,UNITEDHEALTH GROUP INC ORD,UNH.N,263921,0.6996,UNITED STATES,Healthcare,Healthcare Services & Equipment,Healthcare Providers & Services
VFAWF.PK,JPMORGAN CHASE & CO ORD,JPM.N,826409,0.6833,UNITED STATES,Financials,Banking & Investment Services,Banking Services
VFAWF.PK,EXXON MOBIL CORP ORD,XOM.N,1152720,0.6471,UNITED STATES,Energy,Energy - Fossil Fuels,Oil & Gas
VFAWF.PK,JOHNSON & JOHNSON ORD,JNJ.N,736694,0.6461,UNITED STATES,Healthcare,Pharmaceuticals & Medical Research,Pharmaceuticals
VFAWF.PK,TAIWAN SEMICONDUCTOR MANUFACTURING CO LTD ORD,2330.TW,6831000,0.6429,TAIWAN,Technology,Technology Equipment,Semiconductors & Semiconductor Equipment
VFAWF.PK,VISA INC ORD,V.N,457803,0.5697,UNITED STATES,Technology,Software & IT Services,Software & IT Services
VFAWF.PK,ELI LILLY AND CO ORD,LLY.N,239077,0.5689,UNITED STATES,Healthcare,Pharmaceuticals & Medical Research,Pharmaceuticals
VFAWF.PK,BROADCOM INC ORD,AVGO.OQ,115797,0.5447,UNITED STATES,Technology,Technology Equipment,Semiconductors & Semiconductor Equipment
VFAWF.PK,PROCTER & GAMBLE CO ORD,PG.N,664436,0.5436,UNITED STATES,Consumer Non-Cyclicals,Personal & Household Products & Services,Personal & Household Products & Services
VFAWF.PK,HOME DEPOT INC ORD,HD.N,288071,0.5034,UNITED STATES,Consumer Cyclicals,Retailers,Specialty Retailers
VFAWF.PK,NESTLE SA ORD,NESN.S,761130,0.4913,SWITZERLAND,Consumer Non-Cyclicals,Food & Beverages,Food & Tobacco
VFAWF.PK,MASTERCARD INC ORD,MA.N,237455,0.4901,UNITED STATES,Technology,Software & IT Services,Software & IT Services
VFAWF.PK,TENCENT HOLDINGS LTD ORD,0700.HK,1789078,0.4256,CHINA,Technology,Software & IT Services,Software & IT Services
VFAWF.PK,ASML HOLDING NV ORD,ASML.AS,112435,0.4232,NETHERLANDS,Technology,Technology Equipment,Semiconductors & Semiconductor Equipment
VFAWF.PK,CHEVRON CORP ORD,CVX.N,489223,0.4191,UNITED STATES,Energy,Energy - Fossil Fuels,Oil & Gas
VFAWF.PK,MERCK & CO INC ORD,MRK.N,717186,0.4004,UNITED STATES,Healthcare,Pharmaceuticals & Medical Research,Pharmaceuticals
VFAWF.PK,ABBVIE INC ORD,ABBV.N,502651,0.3936,UNITED STATES,Healthcare,Pharmaceuticals & Medical Research,Pharmaceuticals
VFAWF.PK,PEPSICO INC ORD,PEP.OQ,388239,0.381,UNITED STATES,Consumer Non-Cyclicals,Food & Beverages,Beverages
VFAWF.PK,NOVO NORDISK A/S ORD,NOVOb.CO,444480,0.376,DENMARK,Healthcare,Pharmaceuticals & Medical Research,Pharmaceuticals
VFAWF.PK,SAMSUNG ELECTRONICS CO LTD ORD,005930.KS,1308785,0.3752,KOREA,Technology,Technology Equipment,"Computers, Phones & Household Electronics"
VFAWF.PK,ADOBE INC ORD,ADBE.OQ,130663,0.3736,UNITED STATES,Technology,Software & IT Services,Software & IT Services
VFAWF.PK,COSTCO WHOLESALE CORP ORD,COST.OQ,125026,0.367,UNITED STATES,Consumer Cyclicals,Retailers,Diversified Retail
VFAWF.PK,COCA-COLA CO ORD,KO.N,1088461,0.3529,UNITED STATES,Consumer Non-Cyclicals,Food & Beverages,Beverages
VFAWF.PK,LVMH MOET HENNESSY LOUIS VUITTON SE ORD,LVMH.PA,69730,0.3413,FRANCE,Consumer Cyclicals,Cyclical Consumer Products,Textiles & Apparel
VFAWF.PK,WALMART INC ORD,WMT.N,399981,0.3347,UNITED STATES,Consumer Non-Cyclicals,Food & Drug Retailing,Food & Drug Retailing
VFAWF.PK,BANK OF AMERICA CORP ORD,BAC.N,1974360,0.3307,UNITED STATES,Financials,Banking & Investment Services,Banking Services
VFAWF.PK,ALIBABA GROUP HOLDING LTD ORD,9988.HK,4930940,0.3227,CHINA,Technology,Software & IT Services,Software & IT Services
VFAWF.PK,MCDONALD'S CORP ORD,MCD.N,207224,0.3181,UNITED STATES,Consumer Cyclicals,Cyclical Consumer Services,Hotels & Entertainment Services
VFAWF.PK,CISCO SYSTEMS INC ORD,CSCO.OQ,1166445,0.3178,UNITED STATES,Technology,Technology Equipment,Communications & Networking
VFAWF.PK,SALESFORCE INC ORD,CRM.N,269398,0.3173,UNITED STATES,Technology,Software & IT Services,Software & IT Services
VFAWF.PK,THERMO FISHER SCIENTIFIC INC ORD,TMO.N,109980,0.3159,UNITED STATES,Healthcare,Healthcare Services & Equipment,Healthcare Equipment & Supplies
VFAWF.PK,ASTRAZENECA PLC ORD,AZN.L,417991,0.3149,UNITED KINGDOM,Healthcare,Pharmaceuticals & Medical Research,Pharmaceuticals
VFAWF.PK,NOVARTIS AG ORD,NOVN.S,564693,0.3106,SWITZERLAND,Healthcare,Pharmaceuticals & Medical Research,Pharmaceuticals
VFAWF.PK,SHELL PLC ORD,SHEL.L,1948629,0.3105,UNITED KINGDOM,Energy,Energy - Fossil Fuels,Oil & Gas
VFAWF.PK,PFIZER INC ORD,PFE.N,1601816,0.3024,UNITED STATES,Healthcare,Pharmaceuticals & Medical Research,Pharmaceuticals
VFAWF.PK,ACCENTURE PLC ORD,ACN.N,179919,0.298,IRELAND,Technology,Software & IT Services,Software & IT Services
VFAWF.PK,TOYOTA MOTOR CORP ORD,7203.T,3373410,0.2966,JAPAN,Consumer Cyclicals,Automobiles & Auto Parts,Automobiles & Auto Parts
VFAWF.PK,NETFLIX INC ORD,NFLX.OQ,125201,0.2877,UNITED STATES,Technology,Software & IT Services,Software & IT Services
VFAWF.PK,LINDE PLC ORD,LIN.N,138731,0.2837,UNITED KINGDOM,Basic Materials,Chemicals,Chemicals
VFAWF.PK,ABBOTT LABORATORIES ORD,ABT.N,486806,0.2837,UNITED STATES,Healthcare,Healthcare Services & Equipment,Healthcare Equipment & Supplies
VFAWF.PK,ROCHE HOLDING AG,ROG.S,172085,0.2812,SWITZERLAND,Healthcare,Pharmaceuticals & Medical Research,Pharmaceuticals
VFAWF.PK,COMCAST CORP ORD,CMCSA.OQ,1173069,0.2779,UNITED STATES,Technology,Telecommunications Services,Telecommunications Services
VFAWF.PK,ADVANCED MICRO DEVICES INC ORD,AMD.OQ,456561,0.2734,UNITED STATES,Technology,Technology Equipment,Semiconductors & Semiconductor Equipment
VFAWF.PK,ORACLE CORP ORD,ORCL.N,432085,0.2652,UNITED STATES,Technology,Software & IT Services,Software & IT Services
VFAWF.PK,WELLS FARGO & CO ORD,WFC.N,1075001,0.2598,UNITED STATES,Financials,Banking & Investment Services,Banking Services
VFAWF.PK,BERKSHIRE HATHAWAY INC ORD,BRKa.N,90,0.2522,UNITED STATES,Consumer Non-Cyclicals,Consumer Goods Conglomerates,Consumer Goods Conglomerates
VFAWF.PK,HSBC HOLDINGS PLC ORD,HSBA.L,5667731,0.2467,UNITED KINGDOM,Financials,Banking & Investment Services,Banking Services
VFAWF.PK,DANAHER CORP ORD,DHR.N,184177,0.2459,UNITED STATES,Healthcare,Healthcare Services & Equipment,Healthcare Equipment & Supplies
VFAWF.PK,TEXAS INSTRUMENTS INC ORD,TXN.OQ,257330,0.2425,UNITED STATES,Technology,Technology Equipment,Semiconductors & Semiconductor Equipment
VFAWF.PK,WALT DISNEY CO ORD,DIS.N,518835,0.2414,UNITED STATES,Consumer Cyclicals,Cyclical Consumer Services,Media & Publishing
VFAWF.PK,PHILIP MORRIS INTERNATIONAL INC ORD,PM.N,439407,0.2294,UNITED STATES,Consumer Non-Cyclicals,Food & Beverages,Food & Tobacco
VFAWF.PK,BHP GROUP LTD ORD,BHP.AX,1412934,0.2293,AUSTRALIA,Basic Materials,Mineral Resources,Metals & Mining
VFAWF.PK,SAP SE ORD,SAPG.DE,311482,0.2236,GERMANY,Technology,Software & IT Services,Software & IT Services
VFAWF.PK,INTEL CORP ORD,INTC.OQ,1190088,0.2228,UNITED STATES,Technology,Technology Equipment,Semiconductors & Semiconductor Equipment
VFAWF.PK,QUALCOMM INC ORD,QCOM.OQ,319687,0.2212,UNITED STATES,Technology,Technology Equipment,Semiconductors & Semiconductor Equipment
VFAWF.PK,NEXTERA ENERGY INC ORD,NEE.N,570222,0.2188,UNITED STATES,Utilities,Utilities,Electric Utilities & IPPs
VFAWF.PK,CONOCOPHILLIPS ORD,COP.N,345477,0.2129,UNITED STATES,Energy,Energy - Fossil Fuels,Oil & Gas
VFAWF.PK,VERIZON COMMUNICATIONS INC ORD,VZ.N,1188407,0.212,UNITED STATES,Technology,Telecommunications Services,Telecommunications Services
VFAWF.PK,UNION PACIFIC CORP ORD,UNP.N,172345,0.2093,UNITED STATES,Industrials,Transportation,Freight & Logistics Services
VFAWF.PK,INTUIT INC ORD,INTU.OQ,78009,0.209,UNITED STATES,Technology,Financial Technology (Fintech) & Infrastructure,Financial Technology (Fintech) & Infrastructure
VFAWF.PK,LOWE'S COMPANIES INC ORD,LOW.N,168979,0.2072,UNITED STATES,Consumer Cyclicals,Retailers,Specialty Retailers
VFAWF.PK,TOTALENERGIES SE ORD,TTEF.PA,641366,0.2046,FRANCE,Energy,Energy - Fossil Fuels,Oil & Gas
VFAWF.PK,CATERPILLAR INC ORD,CAT.N,146177,0.2029,UNITED STATES,Industrials,Industrial Goods,"Machinery, Tools, Heavy Vehicles, Trains & Ships"
VFAWF.PK,ROYAL BANK OF CANADA ORD,RY.TO,387838,0.2016,CANADA,Financials,Banking & Investment Services,Banking Services
VFAWF.PK,UNITED PARCEL SERVICE INC ORD,UPS.N,204729,0.2006,UNITED STATES,Industrials,Transportation,Freight & Logistics Services
VFAWF.PK,UNILEVER PLC ORD,ULVR.L,709216,0.2002,UNITED KINGDOM,Consumer Non-Cyclicals,Personal & Household Products & Services,Personal & Household Products & Services
VFAWF.PK,BOEING CO ORD,BA.N,157764,0.1973,UNITED STATES,Industrials,Industrial Goods,Aerospace & Defense
VFAWF.PK,BRISTOL-MYERS SQUIBB CO ORD,BMY.N,602510,0.1962,UNITED STATES,Healthcare,Pharmaceuticals & Medical Research,Pharmaceuticals
VFAWF.PK,NIKE INC ORD,NKE.N,336969,0.1947,UNITED STATES,Consumer Cyclicals,Cyclical Consumer Products,Textiles & Apparel
VFAWF.PK,APPLIED MATERIALS INC ORD,AMAT.OQ,241985,0.192,UNITED STATES,Technology,Technology Equipment,Semiconductors & Semiconductor Equipment
VFAWF.PK,INTERNATIONAL BUSINESS MACHINES CORP ORD,IBM.N,254005,0.1917,UNITED STATES,Technology,Software & IT Services,Software & IT Services
VFAWF.PK,HONEYWELL INTERNATIONAL INC ORD,HON.OQ,188654,0.1917,UNITED STATES,Consumer Non-Cyclicals,Consumer Goods Conglomerates,Consumer Goods Conglomerates
VFAWF.PK,RTX CORP ORD,RTX.N,409779,0.1886,UNITED STATES,Industrials,Industrial Goods,Aerospace & Defense
VFAWF.PK,AMGEN INC ORD,AMGN.OQ,152764,0.1873,UNITED STATES,Healthcare,Pharmaceuticals & Medical Research,Pharmaceuticals
VFAWF.PK,S&P GLOBAL INC ORD,SPGI.N,90423,0.1867,UNITED STATES,Industrials,Industrial & Commercial Services,Professional & Commercial Services
VFAWF.PK,GENERAL ELECTRIC CO ORD,GE.N,307299,0.1838,UNITED STATES,Consumer Non-Cyclicals,Consumer Goods Conglomerates,Consumer Goods Conglomerates
VFAWF.PK,COMMONWEALTH BANK OF AUSTRALIA ORD,CBA.AX,479217,0.1787,AUSTRALIA,Financials,Banking & Investment Services,Banking Services
VFAWF.PK,SERVICENOW INC ORD,NOW.N,58413,0.1783,UNITED STATES,Technology,Software & IT Services,Software & IT Services
VFAWF.PK,TORONTO-DOMINION BANK ORD,TD.TO,513454,0.1776,CANADA,Financials,Banking & Investment Services,Banking Services
VFAWF.PK,SIEMENS AG ORD,SIEGn.DE,198330,0.1774,GERMANY,Technology,Software & IT Services,Software & IT Services
VFAWF.PK,MEDTRONIC PLC ORD,MDT.N,380499,0.1748,IRELAND,Healthcare,Healthcare Services & Equipment,Healthcare Equipment & Supplies
VFAWF.PK,SONY GROUP CORP ORD,6758.T,354300,0.1738,JAPAN,Technology,Technology Equipment,"Computers, Phones & Household Electronics"
VFAWF.PK,SANOFI SA ORD,SASY.PA,309592,0.1735,FRANCE,Healthcare,Pharmaceuticals & Medical Research,Pharmaceuticals
VFAWF.PK,DEERE & CO ORD,DE.N,76898,0.1729,UNITED STATES,Industrials,Industrial Goods,"Machinery, Tools, Heavy Vehicles, Trains & Ships"
VFAWF.PK,AIA GROUP LTD ORD,1299.HK,3309000,0.1719,HONG KONG,Financials,Insurance,Insurance
VFAWF.PK,PROLOGIS INC ORD,PLD.N,260566,0.1702,UNITED STATES,Real Estate,Real Estate,Residential & Commercial REITs
VFAWF.PK,STARBUCKS CORP ORD,SBUX.OQ,319151,0.1697,UNITED STATES,Consumer Cyclicals,Cyclical Consumer Services,Hotels & Entertainment Services
VFAWF.PK,INTUITIVE SURGICAL INC ORD,ISRG.OQ,99528,0.169,UNITED STATES,Healthcare,Healthcare Services & Equipment,Healthcare Equipment & Supplies
VFAWF.PK,GOLDMAN SACHS GROUP INC ORD,GS.N,89487,0.1667,UNITED STATES,Financials,Banking & Investment Services,Investment Banking & Investment Services
VFAWF.PK,ELEVANCE HEALTH INC ORD,ELV.N,67455,0.1665,UNITED STATES,Healthcare,Healthcare Services & Equipment,Healthcare Providers & Services
VFAWF.PK,MORGAN STANLEY ORD,MS.N,344629,0.1652,UNITED STATES,Financials,Banking & Investment Services,Investment Banking & Investment Services
VFAWF.PK,BOOKING HOLDINGS INC ORD,BKNG.OQ,10561,0.1642,UNITED STATES,Consumer Cyclicals,Cyclical Consumer Services,Hotels & Entertainment Services
VFAWF.PK,BLACKROCK INC ORD,BLK.N,41884,0.162,UNITED STATES,Financials,Banking & Investment Services,Investment Banking & Investment Services
VFAWF.PK,BP PLC ORD,BP.L,4943467,0.1608,UNITED KINGDOM,Energy,Energy - Fossil Fuels,Oil & Gas
VFAWF.PK,AT&T INC ORD,T.N,2037838,0.1549,UNITED STATES,Technology,Telecommunications Services,Telecommunications Services
VFAWF.PK,AUTOMATIC DATA PROCESSING INC ORD,ADP.OQ,118120,0.1529,UNITED STATES,Technology,Software & IT Services,Software & IT Services
VFAWF.PK,MEITUAN ORD,3690.HK,1543363,0.1516,CHINA,Technology,Software & IT Services,Software & IT Services
VFAWF.PK,RELIANCE INDUSTRIES LTD ORD,RELI.NS,934466,0.1516,INDIA,Energy,Energy - Fossil Fuels,Oil & Gas
VFAWF.PK,LOCKHEED MARTIN CORP ORD,LMT.N,64707,0.1512,UNITED STATES,Industrials,Industrial Goods,Aerospace & Defense
VFAWF.PK,AMERICAN EXPRESS CO ORD,AXP.N,169164,0.1496,UNITED STATES,Financials,Banking & Investment Services,Banking Services
VFAWF.PK,ANALOG DEVICES INC ORD,ADI.OQ,143203,0.1496,UNITED STATES,Technology,Technology Equipment,Semiconductors & Semiconductor Equipment
VFAWF.PK,TJX COMPANIES INC ORD,TJX.N,328519,0.1488,UNITED STATES,Consumer Cyclicals,Retailers,Diversified Retail
VFAWF.PK,STRYKER CORP ORD,SYK.N,99577,0.1477,UNITED STATES,Healthcare,Healthcare Services & Equipment,Healthcare Equipment & Supplies
VFAWF.PK,MONDELEZ INTERNATIONAL INC ORD,MDLZ.OQ,379904,0.1474,UNITED STATES,Consumer Non-Cyclicals,Food & Beverages,Food & Tobacco
VFAWF.PK,CHARLES SCHWAB CORP ORD,SCHW.N,421689,0.1459,UNITED STATES,Financials,Banking & Investment Services,Investment Banking & Investment Services
VFAWF.PK,GILEAD SCIENCES INC ORD,GILD.OQ,360047,0.1435,UNITED STATES,Healthcare,Pharmaceuticals & Medical Research,Pharmaceuticals
VFAWF.PK,LAM RESEARCH CORP ORD,LRCX.OQ,38117,0.1434,UNITED STATES,Technology,Technology Equipment,Semiconductors & Semiconductor Equipment
VFAWF.PK,CVS HEALTH CORP ORD,CVS.N,365744,0.143,UNITED STATES,Healthcare,Healthcare Services & Equipment,Healthcare Providers & Services
VFAWF.PK,DIAGEO PLC ORD,DGE.L,625052,0.143,UNITED KINGDOM,Consumer Non-Cyclicals,Food & Beverages,Beverages
VFAWF.PK,SCHNEIDER ELECTRIC SE ORD,SCHN.PA,150492,0.1407,FRANCE,Industrials,Industrial Goods,"Machinery, Tools, Heavy Vehicles, Trains & Ships"
VFAWF.PK,UBER TECHNOLOGIES INC ORD,UBER.N,543312,0.1407,UNITED STATES,Technology,Software & IT Services,Software & IT Services
VFAWF.PK,ALLIANZ SE ORD,ALVG.DE,111837,0.1403,GERMANY,Financials,Insurance,Insurance
VFAWF.PK,MITSUBISHI UFJ FINANCIAL GROUP INC ORD,8306.T,3275200,0.1383,JAPAN,Financials,Banking & Investment Services,Banking Services
VFAWF.PK,CITIGROUP INC ORD,C.N,549030,0.137,UNITED STATES,Financials,Banking & Investment Services,Investment Banking & Investment Services
VFAWF.PK,MARSH & MCLENNAN COMPANIES INC ORD,MMC.N,137942,0.1361,UNITED STATES,Financials,Insurance,Insurance
VFAWF.PK,VERTEX PHARMACEUTICALS INC ORD,VRTX.OQ,73551,0.1357,UNITED STATES,Healthcare,Pharmaceuticals & Medical Research,Biotechnology & Medical Research
VFAWF.PK,AMERICAN TOWER CORP ORD,AMT.N,131878,0.1314,UNITED STATES,Real Estate,Real Estate,Residential & Commercial REITs
VFAWF.PK,ZOETIS INC ORD,ZTS.N,131931,0.1299,UNITED STATES,Healthcare,Pharmaceuticals & Medical Research,Pharmaceuticals
VFAWF.PK,CSL LTD ORD,CSL.AX,136312,0.1291,AUSTRALIA,Healthcare,Pharmaceuticals & Medical Research,Pharmaceuticals
VFAWF.PK,CIGNA GROUP ORD,CI.N,82709,0.1278,UNITED STATES,Healthcare,Healthcare Services & Equipment,Healthcare Providers & Services
VFAWF.PK,PAYPAL HOLDINGS INC ORD,PYPL.OQ,321046,0.1274,UNITED STATES,Technology,Software & IT Services,Software & IT Services
VFAWF.PK,AIRBUS SE ORD,AIR.PA,163317,0.1263,NETHERLANDS,Industrials,Industrial Goods,Aerospace & Defense
VFAWF.PK,CHUBB LTD ORD,CB.N,117488,0.1257,SWITZERLAND,Financials,Insurance,Insurance
VFAWF.PK,KEYENCE CORP ORD,6861.T,53300,0.1252,JAPAN,Industrials,Industrial Goods,"Machinery, Tools, Heavy Vehicles, Trains & Ships"
VFAWF.PK,SCHLUMBERGER NV ORD,SLB.N,405161,0.1237,UNITED STATES,Energy,Energy - Fossil Fuels,Oil & Gas Related Equipment and Services
VFAWF.PK,COMPAGNIE FINANCIERE RICHEMONT SA ORD,CFR.S,145102,0.1229,SWITZERLAND,Consumer Cyclicals,Cyclical Consumer Products,Textiles & Apparel
VFAWF.PK,EATON CORPORATION PLC ORD,ETN.N,114007,0.1225,IRELAND,Industrials,Industrial Goods,"Machinery, Tools, Heavy Vehicles, Trains & Ships"
VFAWF.PK,ALTRIA GROUP INC ORD,MO.N,508558,0.1209,UNITED STATES,Consumer Non-Cyclicals,Food & Beverages,Food & Tobacco
VFAWF.PK,EOG RESOURCES INC ORD,EOG.N,169278,0.1174,UNITED STATES,Energy,Energy - Fossil Fuels,Oil & Gas
VFAWF.PK,ILLINOIS TOOL WORKS INC ORD,ITW.N,84341,0.1163,UNITED STATES,Consumer Non-Cyclicals,Consumer Goods Conglomerates,Consumer Goods Conglomerates
VFAWF.PK,MICRON TECHNOLOGY INC ORD,MU.OQ,310959,0.1162,UNITED STATES,Technology,Technology Equipment,Semiconductors & Semiconductor Equipment
VFAWF.PK,BECTON DICKINSON AND CO ORD,BDX.N,79236,0.1156,UNITED STATES,Healthcare,Healthcare Services & Equipment,Healthcare Equipment & Supplies
VFAWF.PK,SOUTHERN CO ORD,SO.N,304819,0.1154,UNITED STATES,Utilities,Utilities,Electric Utilities & IPPs
VFAWF.PK,FISERV INC ORD,FI.N,173525,0.1146,UNITED STATES,Industrials,Industrial & Commercial Services,Professional & Commercial Services
VFAWF.PK,CANADIAN PACIFIC KANSAS CITY LTD ORD,CP.TO,263976,0.1139,CANADA,Industrials,Transportation,Freight & Logistics Services
VFAWF.PK,REGENERON PHARMACEUTICALS INC ORD,REGN.OQ,29258,0.1136,UNITED STATES,Healthcare,Pharmaceuticals & Medical Research,Biotechnology & Medical Research
VFAWF.PK,GLENCORE PLC ORD,GLEN.L,3562896,0.1136,SWITZERLAND,Basic Materials,Mineral Resources,Metals & Mining
VFAWF.PK,SHOPIFY INC ORD,SHOP.N,320269,0.1135,CANADA,Technology,Software & IT Services,Software & IT Services
VFAWF.PK,IBERDROLA SA ORD,IBE.MC,1712159,0.1122,SPAIN,Utilities,Utilities,Electric Utilities & IPPs
VFAWF.PK,BRITISH AMERICAN TOBACCO PLC ORD,BATS.L,636407,0.1121,UNITED KINGDOM,Consumer Non-Cyclicals,Food & Beverages,Food & Tobacco
VFAWF.PK,T-MOBILE US INC ORD,TMUS.OQ,155188,0.1119,UNITED STATES,Technology,Telecommunications Services,Telecommunications Services
VFAWF.PK,HERMES INTERNATIONAL SCA ORD,HRMS.PA,9590,0.1116,FRANCE,Consumer Cyclicals,Cyclical Consumer Products,Textiles & Apparel
VFAWF.PK,BLACKSTONE INC ORD,BX.N,202235,0.1109,UNITED STATES,Financials,Banking & Investment Services,Investment Banking & Investment Services
VFAWF.PK,PALO ALTO NETWORKS INC ORD,PANW.OQ,84345,0.1104,UNITED STATES,Technology,Software & IT Services,Software & IT Services
VFAWF.PK,EQUINIX INC ORD,EQIX.OQ,25915,0.1099,UNITED STATES,Real Estate,Real Estate,Residential & Commercial REITs
VFAWF.PK,BOSTON SCIENTIFIC CORP ORD,BSX.N,404126,0.1097,UNITED STATES,Healthcare,Healthcare Services & Equipment,Healthcare Equipment & Supplies
VFAWF.PK,PROGRESSIVE CORP ORD,PGR.N,166158,0.1096,UNITED STATES,Financials,Insurance,Insurance
VFAWF.PK,ENBRIDGE INC ORD,ENB.TO,565878,0.1091,CANADA,Energy,Energy - Fossil Fuels,Oil & Gas Related Equipment and Services
VFAWF.PK,ACTIVISION BLIZZARD INC ORD,ATVI.OQ,221998,0.1078,UNITED STATES,Technology,Software & IT Services,Software & IT Services
VFAWF.PK,RIO TINTO PLC ORD,RIO.L,309999,0.1075,UNITED KINGDOM,Basic Materials,Mineral Resources,Metals & Mining
VFAWF.PK,DEUTSCHE TELEKOM AG ORD,DTEGn.DE,937915,0.1074,GERMANY,Technology,Telecommunications Services,Telecommunications Services
VFAWF.PK,BNP PARIBAS SA ORD,BNPP.PA,309341,0.1072,FRANCE,Financials,Banking & Investment Services,Banking Services
VFAWF.PK,ZURICH INSURANCE GROUP AG ORD,ZURN.S,41892,0.1065,SWITZERLAND,Financials,Insurance,Insurance
VFAWF.PK,DUKE ENERGY CORP ORD,DUK.N,216903,0.1063,UNITED STATES,Utilities,Utilities,Electric Utilities & IPPs
VFAWF.PK,CANADIAN NATIONAL RAILWAY CO ORD,CNR.TO,167257,0.1063,CANADA,Industrials,Transportation,Freight & Logistics Services
VFAWF.PK,KLA CORP ORD,KLAC.OQ,38991,0.1049,UNITED STATES,Technology,Technology Equipment,Semiconductors & Semiconductor Equipment
VFAWF.PK,GSK PLC ORD,GSK.L,1123320,0.1048,UNITED KINGDOM,Healthcare,Pharmaceuticals & Medical Research,Pharmaceuticals
VFAWF.PK,CME GROUP INC ORD,CME.OQ,100027,0.1042,UNITED STATES,Financials,Banking & Investment Services,Investment Banking & Investment Services
VFAWF.PK,SYNOPSYS INC ORD,SNPS.OQ,43545,0.103,UNITED STATES,Technology,Software & IT Services,Software & IT Services
VFAWF.PK,CSX CORP ORD,CSX.OQ,587261,0.1024,UNITED STATES,Industrials,Transportation,Freight & Logistics Services
VFAWF.PK,MERCEDES BENZ GROUP AG ORD,MBGn.DE,242920,0.1018,GERMANY,Consumer Cyclicals,Automobiles & Auto Parts,Automobiles & Auto Parts
VFAWF.PK,TOKYO ELECTRON LTD ORD,8035.T,128690,0.1007,JAPAN,Technology,Technology Equipment,Semiconductors & Semiconductor Equipment
VFAWF.PK,CANADIAN NATURAL RESOURCES LTD ORD,CNQ.TO,312440,0.0996,CANADA,Energy,Energy - Fossil Fuels,Oil & Gas
VFAWF.PK,WASTE MANAGEMENT INC ORD,WM.N,116087,0.0995,UNITED STATES,Industrials,Industrial & Commercial Services,Professional & Commercial Services
VFAWF.PK,AIR PRODUCTS AND CHEMICALS INC ORD,APD.N,62267,0.0995,UNITED STATES,Basic Materials,Chemicals,Chemicals
VFAWF.PK,UBS GROUP AG ORD,UBSG.S,834564,0.0971,SWITZERLAND,Financials,Banking & Investment Services,Investment Banking & Investment Services
VFAWF.PK,SHERWIN-WILLIAMS CO ORD,SHW.N,66928,0.0969,UNITED STATES,Basic Materials,Chemicals,Chemicals
VFAWF.PK,BANCO SANTANDER SA ORD,SAN.MC,4554007,0.0968,SPAIN,Financials,Banking & Investment Services,Banking Services
VFAWF.PK,FREEPORT-MCMORAN INC ORD,FCX.N,413717,0.0967,UNITED STATES,Basic Materials,Mineral Resources,Metals & Mining
VFAWF.PK,AON PLC ORD,AON.N,57803,0.0964,IRELAND,Financials,Insurance,Insurance
VFAWF.PK,CADENCE DESIGN SYSTEMS INC ORD,CDNS.OQ,78005,0.0956,UNITED STATES,Technology,Software & IT Services,Software & IT Services
VFAWF.PK,BANK OF MONTREAL ORD,BMO.TO,195087,0.0951,CANADA,Financials,Banking & Investment Services,Banking Services
VFAWF.PK,TARGET CORP ORD,TGT.N,132722,0.0948,UNITED STATES,Consumer Cyclicals,Retailers,Diversified Retail
VFAWF.PK,NORTHROP GRUMMAN CORP ORD,NOC.N,40645,0.0947,UNITED STATES,Industrials,Industrial Goods,Aerospace & Defense
VFAWF.PK,RELX PLC ORD,REL.L,535435,0.0945,UNITED KINGDOM,Industrials,Industrial & Commercial Services,Professional & Commercial Services
VFAWF.PK,FEDEX CORP ORD,FDX.N,66897,0.0945,UNITED STATES,Industrials,Transportation,Freight & Logistics Services
VFAWF.PK,SHIN-ETSU CHEMICAL CO LTD ORD,4063.T,547250,0.0943,JAPAN,Basic Materials,Chemicals,Chemicals
VFAWF.PK,AIRBNB INC ORD,ABNB.OQ,115898,0.0923,UNITED STATES,Technology,Software & IT Services,Software & IT Services
VFAWF.PK,US BANCORP ORD,USB.N,441606,0.0917,UNITED STATES,Financials,Banking & Investment Services,Banking Services
VFAWF.PK,ABB LTD ORD,ABBN.S,434760,0.0915,SWITZERLAND,Industrials,Industrial Goods,"Machinery, Tools, Heavy Vehicles, Trains & Ships"
VFAWF.PK,COLGATE-PALMOLIVE CO ORD,CL.N,229191,0.0915,UNITED STATES,Consumer Non-Cyclicals,Personal & Household Products & Services,Personal & Household Products & Services
VFAWF.PK,3M CO ORD,MMM.N,156371,0.0913,UNITED STATES,Consumer Non-Cyclicals,Consumer Goods Conglomerates,Consumer Goods Conglomerates
VFAWF.PK,INTERCONTINENTAL EXCHANGE INC ORD,ICE.N,150428,0.0904,UNITED STATES,Financials,Banking & Investment Services,Investment Banking & Investment Services
VFAWF.PK,SUMITOMO MITSUI FINANCIAL GROUP INC ORD,8316.T,363400,0.0896,JAPAN,Financials,Banking & Investment Services,Banking Services
VFAWF.PK,MITSUBISHI CORP ORD,8058.T,333700,0.0893,JAPAN,Industrials,Industrial & Commercial Services,Diversified Industrial Goods Wholesale
VFAWF.PK,MARATHON PETROLEUM CORP ORD,MPC.N,127277,0.0886,UNITED STATES,Energy,Energy - Fossil Fuels,Oil & Gas
VFAWF.PK,BANK OF NOVA SCOTIA ORD,BNS.TO,334232,0.0883,CANADA,Financials,Banking & Investment Services,Banking Services
VFAWF.PK,NATIONAL AUSTRALIA BANK LTD ORD,NAB.AX,880030,0.0882,AUSTRALIA,Financials,Banking & Investment Services,Banking Services
VFAWF.PK,ESSILORLUXOTTICA SA ORD,ESLX.PA,83059,0.0877,FRANCE,Healthcare,Healthcare Services & Equipment,Healthcare Equipment & Supplies
VFAWF.PK,INFOSYS LTD ORD,INFY.NS,1005657,0.0868,INDIA,Technology,Software & IT Services,Software & IT Services
VFAWF.PK,DAIICHI SANKYO CO LTD ORD,4568.T,541700,0.0868,JAPAN,Healthcare,Pharmaceuticals & Medical Research,Pharmaceuticals
VFAWF.PK,HDFC BANK LTD ORD,HDBK.NS,825279,0.0867,INDIA,Financials,Banking & Investment Services,Banking Services
VFAWF.PK,HUMANA INC ORD,HUM.N,36171,0.0865,UNITED STATES,Healthcare,Healthcare Services & Equipment,Healthcare Providers & Services
VFAWF.PK,NXP SEMICONDUCTORS NV ORD,NXPI.OQ,73635,0.086,NETHERLANDS,Technology,Technology Equipment,Semiconductors & Semiconductor Equipment
VFAWF.PK,O'REILLY AUTOMOTIVE INC ORD,ORLY.OQ,17750,0.086,UNITED STATES,Consumer Cyclicals,Retailers,Specialty Retailers
VFAWF.PK,MITSUI & CO LTD ORD,8031.T,420800,0.0859,JAPAN,Industrials,Industrial & Commercial Services,Diversified Industrial Goods Wholesale
VFAWF.PK,MERCADOLIBRE INC ORD,MELI.OQ,13254,0.0859,URUGUAY,Technology,Software & IT Services,Software & IT Services
VFAWF.PK,SAFRAN SA ORD,SAF.PA,98639,0.0859,FRANCE,Industrials,Industrial Goods,Aerospace & Defense
VFAWF.PK,VINCI SA ORD,SGEF.PA,139259,0.0858,FRANCE,Industrials,Industrial & Commercial Services,Construction & Engineering
VFAWF.PK,BAYER AG ORD,BAYGn.DE,277986,0.0853,GERMANY,Healthcare,Pharmaceuticals & Medical Research,Pharmaceuticals
VFAWF.PK,HITACHI LTD ORD,6501.T,248700,0.0852,JAPAN,Consumer Non-Cyclicals,Consumer Goods Conglomerates,Consumer Goods Conglomerates
VFAWF.PK,PROSUS NV ORD,PRX.AS,203966,0.0848,NETHERLANDS,Technology,Software & IT Services,Software & IT Services
VFAWF.PK,INFINEON TECHNOLOGIES AG ORD,IFXGn.DE,367315,0.0848,GERMANY,Technology,Technology Equipment,Semiconductors & Semiconductor Equipment
VFAWF.PK,MCKESSON CORP ORD,MCK.N,39977,0.0842,UNITED STATES,Healthcare,Pharmaceuticals & Medical Research,Pharmaceuticals
VFAWF.PK,VALE SA ORD,VALE3.SA,1100161,0.0837,BRAZIL,Basic Materials,Mineral Resources,Metals & Mining
VFAWF.PK,SNOWFLAKE INC. ORD,SNOW.N,89484,0.0832,UNITED STATES,Technology,Software & IT Services,Software & IT Services
VFAWF.PK,MARVELL TECHNOLOGY INC ORD,MRVL.OQ,243481,0.083,UNITED STATES,Technology,Technology Equipment,Semiconductors & Semiconductor Equipment
VFAWF.PK,HCA HEALTHCARE INC ORD,HCA.N,57660,0.0823,UNITED STATES,Healthcare,Healthcare Services & Equipment,Healthcare Providers & Services
VFAWF.PK,AXA SA ORD,AXAF.PA,507155,0.0819,FRANCE,Financials,Insurance,Insurance
VFAWF.PK,ADYEN NV ORD,ADYEN.AS,8379,0.0817,NETHERLANDS,Technology,Financial Technology (Fintech) & Infrastructure,Financial Technology (Fintech) & Infrastructure
VFAWF.PK,MOODY'S CORP ORD,MCO.N,44124,0.0815,UNITED STATES,Industrials,Industrial & Commercial Services,Professional & Commercial Services
VFAWF.PK,PNC FINANCIAL SERVICES GROUP INC ORD,PNC.N,113347,0.0812,UNITED STATES,Financials,Banking & Investment Services,Banking Services
VFAWF.PK,ITOCHU CORP ORD,8001.T,382600,0.0811,JAPAN,Industrials,Industrial & Commercial Services,Diversified Industrial Goods Wholesale
VFAWF.PK,GENERAL DYNAMICS CORP ORD,GD.N,69099,0.0809,UNITED STATES,Industrials,Industrial Goods,Aerospace & Defense
VFAWF.PK,GENERAL MOTORS CO ORD,GM.N,398578,0.0801,UNITED STATES,Consumer Cyclicals,Automobiles & Auto Parts,Automobiles & Auto Parts
VFAWF.PK,SK HYNIX INC ORD,000660.KS,157698,0.0799,KOREA,Technology,Technology Equipment,Semiconductors & Semiconductor Equipment
VFAWF.PK,CHIPOTLE MEXICAN GRILL INC ORD,CMG.N,7752,0.0796,UNITED STATES,Consumer Cyclicals,Cyclical Consumer Services,Hotels & Entertainment Services
VFAWF.PK,HONG KONG EXCHANGES AND CLEARING LTD ORD,0388.HK,361900,0.0791,HONG KONG,Financials,Banking & Investment Services,Investment Banking & Investment Services
VFAWF.PK,PIONEER NATURAL RESOURCES CO ORD,PXD.N,66830,0.079,UNITED STATES,Energy,Energy - Fossil Fuels,Oil & Gas
VFAWF.PK,ENEL SPA ORD,ENEI.MI,2171951,0.0786,ITALY,Utilities,Utilities,Electric Utilities & IPPs
VFAWF.PK,RECKITT BENCKISER GROUP PLC ORD,RKT.L,199986,0.0786,UNITED KINGDOM,Consumer Non-Cyclicals,Personal & Household Products & Services,Personal & Household Products & Services
VFAWF.PK,NORFOLK SOUTHERN CORP ORD,NSC.N,63865,0.0781,UNITED STATES,Industrials,Transportation,Freight & Logistics Services
VFAWF.PK,MUENCHENER RUECKVERSICHERUNGS GESELLSCHAFT AG IN MUENCHEN ORD,MUVGn.DE,39350,0.0778,GERMANY,Financials,Insurance,Insurance
VFAWF.PK,EMERSON ELECTRIC CO ORD,EMR.N,161856,0.0774,UNITED STATES,Industrials,Industrial Goods,"Machinery, Tools, Heavy Vehicles, Trains & Ships"
VFAWF.PK,PARKER-HANNIFIN CORP ORD,PH.N,36077,0.0774,UNITED STATES,Industrials,Industrial Goods,"Machinery, Tools, Heavy Vehicles, Trains & Ships"
VFAWF.PK,HONDA MOTOR CO LTD ORD,7267.T,465600,0.0774,JAPAN,Consumer Cyclicals,Automobiles & Auto Parts,Automobiles & Auto Parts
VFAWF.PK,ING GROEP NV ORD,INGA.AS,1009108,0.0773,NETHERLANDS,Financials,Banking & Investment Services,Banking Services
VFAWF.PK,CHINA CONSTRUCTION BANK CORP ORD,0939.HK,25193000,0.0766,CHINA,Financials,Banking & Investment Services,Banking Services
VFAWF.PK,PHILLIPS 66 ORD,PSX.N,131074,0.0765,UNITED STATES,Energy,Energy - Fossil Fuels,Oil & Gas
VFAWF.PK,DAIKIN INDUSTRIES LTD ORD,6367.T,71900,0.076,JAPAN,Industrials,Industrial Goods,"Machinery, Tools, Heavy Vehicles, Trains & Ships"
VFAWF.PK,FORD MOTOR CO ORD,F.N,1096858,0.0759,UNITED STATES,Consumer Cyclicals,Automobiles & Auto Parts,Automobiles & Auto Parts
VFAWF.PK,WESTPAC BANKING CORP ORD,WBC.AX,957790,0.0755,AUSTRALIA,Financials,Banking & Investment Services,Banking Services
VFAWF.PK,BROOKFIELD CORP ORD,BN.N,412638,0.0755,CANADA,Financials,Banking & Investment Services,Investment Banking & Investment Services
VFAWF.PK,MARRIOTT INTERNATIONAL INC ORD,MAR.OQ,71488,0.0755,UNITED STATES,Consumer Cyclicals,Cyclical Consumer Services,Hotels & Entertainment Services
VFAWF.PK,ROPER TECHNOLOGIES INC ORD,ROP.OQ,29128,0.0752,UNITED STATES,Technology,Software & IT Services,Software & IT Services
VFAWF.PK,ANZ GROUP HOLDINGS LTD ORD,ANZ.AX,827074,0.0751,AUSTRALIA,Financials,Banking & Investment Services,Banking Services
VFAWF.PK,CARRIER GLOBAL CORP ORD,CARR.N,240417,0.0749,UNITED STATES,Industrials,Industrial Goods,"Machinery, Tools, Heavy Vehicles, Trains & Ships"
VFAWF.PK,DEUTSCHE POST AG ORD,DHLn.DE,277434,0.0748,GERMANY,Industrials,Transportation,Freight & Logistics Services
VFAWF.PK,AMPHENOL CORP ORD,APH.N,161593,0.0747,UNITED STATES,Technology,Technology Equipment,Electronic Equipment & Parts
VFAWF.PK,EDWARDS LIFESCIENCES CORP ORD,EW.N,172656,0.0742,UNITED STATES,Healthcare,Healthcare Services & Equipment,Healthcare Equipment & Supplies
VFAWF.PK,MICROCHIP TECHNOLOGY INC ORD,MCHP.OQ,150687,0.0741,UNITED STATES,Technology,Technology Equipment,Semiconductors & Semiconductor Equipment
VFAWF.PK,FORTINET INC ORD,FTNT.OQ,182237,0.0741,UNITED STATES,Technology,Software & IT Services,Software & IT Services
VFAWF.PK,ANHEUSER-BUSCH INBEV SA ORD,ABI.BR,242965,0.073,BELGIUM,Consumer Non-Cyclicals,Food & Beverages,Beverages
VFAWF.PK,SOFTBANK GROUP CORP ORD,9984.T,273200,0.0729,JAPAN,Technology,Telecommunications Services,Telecommunications Services
VFAWF.PK,BASF SE ORD,BASFn.DE,257809,0.0726,GERMANY,Basic Materials,Chemicals,Chemicals
VFAWF.PK,JD.COM INC ORD,9618.HK,675961,0.0725,CHINA,Consumer Cyclicals,Retailers,Diversified Retail
VFAWF.PK,NINTENDO CO LTD ORD,7974.T,303400,0.0721,JAPAN,Consumer Cyclicals,Cyclical Consumer Products,Leisure Products
VFAWF.PK,JOHNSON CONTROLS INTERNATIONAL PLC ORD,JCI.N,195948,0.0713,IRELAND,Industrials,Industrial Goods,"Machinery, Tools, Heavy Vehicles, Trains & Ships"
VFAWF.PK,UNICREDIT SPA ORD,CRDI.MI,536112,0.0712,ITALY,Financials,Banking & Investment Services,Banking Services
VFAWF.PK,WOODSIDE ENERGY GROUP LTD ORD,WDS.AX,530310,0.0711,AUSTRALIA,Energy,Energy - Fossil Fuels,Oil & Gas
VFAWF.PK,RECRUIT HOLDINGS CO LTD ORD,6098.T,390139,0.0709,JAPAN,Industrials,Industrial & Commercial Services,Professional & Commercial Services
VFAWF.PK,BANCO BILBAO VIZCAYA ARGENTARIA SA ORD,BBVA.MC,1703936,0.0709,SPAIN,Financials,Banking & Investment Services,Banking Services
VFAWF.PK,DEXCOM INC ORD,DXCM.OQ,107987,0.0704,UNITED STATES,Healthcare,Healthcare Services & Equipment,Healthcare Equipment & Supplies
VFAWF.PK,VALERO ENERGY CORP ORD,VLO.N,104320,0.0704,UNITED STATES,Energy,Energy - Fossil Fuels,Oil & Gas
VFAWF.PK,NATIONAL GRID PLC ORD,NG.L,1012833,0.0704,UNITED KINGDOM,Utilities,Utilities,Multiline Utilities
VFAWF.PK,CROWN CASTLE INC ORD,CCI.N,123720,0.0701,UNITED STATES,Real Estate,Real Estate,Residential & Commercial REITs
VFAWF.PK,TRANSDIGM GROUP INC ORD,TDG.N,14856,0.07,UNITED STATES,Industrials,Industrial Goods,Aerospace & Defense
VFAWF.PK,WORKDAY INC ORD,WDAY.OQ,56169,0.0697,UNITED STATES,Technology,Software & IT Services,Software & IT Services
VFAWF.PK,KDDI CORP ORD,9433.T,451300,0.0696,JAPAN,Technology,Telecommunications Services,Telecommunications Services
VFAWF.PK,ON SEMICONDUCTOR CORP ORD,ON.OQ,123351,0.0696,UNITED STATES,Technology,Technology Equipment,Semiconductors & Semiconductor Equipment
VFAWF.PK,TAKEDA PHARMACEUTICAL CO LTD ORD,4502.T,434800,0.0695,JAPAN,Healthcare,Pharmaceuticals & Medical Research,Pharmaceuticals
VFAWF.PK,MOTOROLA SOLUTIONS INC ORD,MSI.N,45893,0.0689,UNITED STATES,Technology,Technology Equipment,Communications & Networking
VFAWF.PK,ARCHER-DANIELS-MIDLAND CO ORD,ADM.N,154783,0.0688,UNITED STATES,Consumer Non-Cyclicals,Food & Beverages,Food & Tobacco
VFAWF.PK,TRANE TECHNOLOGIES PLC ORD,TT.N,65595,0.0685,IRELAND,Industrials,Industrial Goods,"Machinery, Tools, Heavy Vehicles, Trains & Ships"
VFAWF.PK,LONDON STOCK EXCHANGE GROUP PLC ORD,LSEG.L,120026,0.0684,UNITED KINGDOM,Financials,Banking & Investment Services,Investment Banking & Investment Services
VFAWF.PK,AUTODESK INC ORD,ADSK.OQ,61513,0.0683,UNITED STATES,Technology,Software & IT Services,Software & IT Services
VFAWF.PK,INTESA SANPAOLO SPA ORD,ISP.MI,4484291,0.068,ITALY,Financials,Banking & Investment Services,Banking Services
VFAWF.PK,AUTOZONE INC ORD,AZO.N,5233,0.068,UNITED STATES,Consumer Cyclicals,Retailers,Specialty Retailers
VFAWF.PK,SEMPRA ORD,SRE.N,86897,0.0678,UNITED STATES,Utilities,Utilities,Multiline Utilities
VFAWF.PK,PERNOD RICARD SA ORD,PERP.PA,58515,0.0678,FRANCE,Consumer Non-Cyclicals,Food & Beverages,Beverages
VFAWF.PK,SIKA AG ORD,SIKA.S,41131,0.0672,SWITZERLAND,Basic Materials,Chemicals,Chemicals
VFAWF.PK,IDEXX LABORATORIES INC ORD,IDXX.OQ,23110,0.0671,UNITED STATES,Healthcare,Healthcare Services & Equipment,Healthcare Equipment & Supplies
VFAWF.PK,TE CONNECTIVITY LTD ORD,TEL.N,89060,0.0669,SWITZERLAND,Industrials,Industrial Goods,"Machinery, Tools, Heavy Vehicles, Trains & Ships"
VFAWF.PK,DBS GROUP HOLDINGS LTD ORD,DBSM.SI,495200,0.0669,SINGAPORE,Financials,Banking & Investment Services,Banking Services
VFAWF.PK,SAMSUNG ELECTRONICS CO LTD,005935.KS,283518,0.0668,KOREA,Technology,Technology Equipment,"Computers, Phones & Household Electronics"
VFAWF.PK,ECOLAB INC ORD,ECL.N,69432,0.0666,UNITED STATES,Basic Materials,Chemicals,Chemicals
VFAWF.PK,OCCIDENTAL PETROLEUM CORP ORD,OXY.N,200482,0.0663,UNITED STATES,Energy,Energy - Fossil Fuels,Oil & Gas
VFAWF.PK,CAPITAL ONE FINANCIAL CORP ORD,COF.N,108134,0.0662,UNITED STATES,Financials,Banking & Investment Services,Banking Services
VFAWF.PK,PUBLIC STORAGE OPERATING CO ORD,PSA.N,44800,0.0661,UNITED STATES,Real Estate,Real Estate,Residential & Commercial REITs
VFAWF.PK,COMPASS GROUP PLC ORD,CPG.L,483312,0.066,UNITED KINGDOM,Consumer Cyclicals,Cyclical Consumer Services,Hotels & Entertainment Services
VFAWF.PK,DOMINION ENERGY INC ORD,D.N,235211,0.0659,UNITED STATES,Utilities,Utilities,Electric Utilities & IPPs
VFAWF.PK,ARTHUR J. GALLAGHER & CO. ORD,AJG.N,58518,0.0658,UNITED STATES,Financials,Insurance,Insurance
VFAWF.PK,TRUIST FINANCIAL CORP ORD,TFC.N,376961,0.0656,UNITED STATES,Financials,Banking & Investment Services,Banking Services
VFAWF.PK,NUCOR CORP ORD,NUE.N,72653,0.0655,UNITED STATES,Basic Materials,Mineral Resources,Metals & Mining
VFAWF.PK,BAIDU INC ORD,9888.HK,636992,0.0654,CHINA,Technology,Software & IT Services,Software & IT Services
VFAWF.PK,MIZUHO FINANCIAL GROUP INC ORD,8411.T,738320,0.0654,JAPAN,Financials,Banking & Investment Services,Banking Services
VFAWF.PK,AMERICAN INTERNATIONAL GROUP INC ORD,AIG.N,207061,0.0653,UNITED STATES,Financials,Insurance,Insurance
VFAWF.PK,CRH PLC ORD,CRH.L,208409,0.0653,IRELAND,Basic Materials,Mineral Resources,Construction Materials
VFAWF.PK,GENERAL MILLS INC ORD,GIS.N,166619,0.0652,UNITED STATES,Consumer Non-Cyclicals,Food & Beverages,Food & Tobacco
VFAWF.PK,AFLAC INC ORD,AFL.N,172258,0.0652,UNITED STATES,Financials,Insurance,Insurance
VFAWF.PK,AMERICAN ELECTRIC POWER COMPANY INC ORD,AEP.OQ,146346,0.0649,UNITED STATES,Utilities,Utilities,Electric Utilities & IPPs
VFAWF.PK,LONZA GROUP AG ORD,LONN.S,21279,0.0649,SWITZERLAND,Healthcare,Pharmaceuticals & Medical Research,Biotechnology & Medical Research
VFAWF.PK,MSCI INC ORD,MSCI.N,22480,0.0645,UNITED STATES,Industrials,Industrial & Commercial Services,Professional & Commercial Services
VFAWF.PK,PACCAR INC ORD,PCAR.OQ,143062,0.0645,UNITED STATES,Industrials,Industrial Goods,"Machinery, Tools, Heavy Vehicles, Trains & Ships"
VFAWF.PK,CINTAS CORP ORD,CTAS.OQ,24490,0.0644,UNITED STATES,Industrials,Industrial & Commercial Services,Professional & Commercial Services
VFAWF.PK,IQVIA HOLDINGS INC ORD,IQV.N,54931,0.0643,UNITED STATES,Healthcare,Pharmaceuticals & Medical Research,Biotechnology & Medical Research
VFAWF.PK,ALCON AG ORD,ALCC.S,142505,0.0637,SWITZERLAND,Healthcare,Healthcare Services & Equipment,Healthcare Equipment & Supplies
VFAWF.PK,TATA CONSULTANCY SERVICES LTD ORD,TCS.NS,292182,0.0636,INDIA,Technology,Software & IT Services,Software & IT Services
VFAWF.PK,TOKIO MARINE HOLDINGS INC ORD,8766.T,529300,0.0636,JAPAN,Financials,Insurance,Insurance
VFAWF.PK,SUNCOR ENERGY INC ORD,SU.TO,386564,0.0634,CANADA,Energy,Energy - Fossil Fuels,Oil & Gas
VFAWF.PK,HOYA CORP ORD,7741.T,103900,0.0633,JAPAN,Healthcare,Healthcare Services & Equipment,Healthcare Equipment & Supplies
VFAWF.PK,KIMBERLY-CLARK CORP ORD,KMB.N,93599,0.0633,UNITED STATES,Consumer Non-Cyclicals,Personal & Household Products & Services,Personal & Household Products & Services
VFAWF.PK,HON HAI PRECISION INDUSTRY CO LTD ORD,2317.TW,3488489,0.0631,TAIWAN,Technology,Technology Equipment,Electronic Equipment & Parts
VFAWF.PK,HESS CORP ORD,HES.N,78966,0.0627,UNITED STATES,Energy,Energy - Fossil Fuels,Oil & Gas
VFAWF.PK,APOLLO GLOBAL MANAGEMENT INC ORD,APO.N,146311,0.0626,UNITED STATES,Financials,Banking & Investment Services,Investment Banking & Investment Services
VFAWF.PK,KERING SA ORD,PRTP.PA,20710,0.0626,FRANCE,Consumer Cyclicals,Retailers,Specialty Retailers
VFAWF.PK,CHARTER COMMUNICATIONS INC ORD,CHTR.OQ,29462,0.0625,UNITED STATES,Technology,Telecommunications Services,Telecommunications Services
VFAWF.PK,ESTEE LAUDER COMPANIES INC ORD,EL.N,66146,0.0623,UNITED STATES,Consumer Non-Cyclicals,Personal & Household Products & Services,Personal & Household Products & Services
VFAWF.PK,MONSTER BEVERAGE CORP ORD,MNST.OQ,205247,0.0618,UNITED STATES,Consumer Non-Cyclicals,Food & Beverages,Beverages
VFAWF.PK,LULULEMON ATHLETICA INC ORD,LULU.OQ,31117,0.0617,CANADA,Consumer Cyclicals,Cyclical Consumer Products,Textiles & Apparel
VFAWF.PK,STELLANTIS NV ORD,STLAM.MI,571204,0.0615,NETHERLANDS,Consumer Cyclicals,Automobiles & Auto Parts,Automobiles & Auto Parts
VFAWF.PK,PAYCHEX INC ORD,PAYX.OQ,93534,0.0614,UNITED STATES,Industrials,Industrial & Commercial Services,Professional & Commercial Services
VFAWF.PK,OLD DOMINION FREIGHT LINE INC ORD,ODFL.OQ,27907,0.0613,UNITED STATES,Industrials,Transportation,Freight & Logistics Services
VFAWF.PK,WILLIAMS COMPANIES INC ORD,WMB.N,339084,0.0612,UNITED STATES,Energy,Energy - Fossil Fuels,Oil & Gas Related Equipment and Services
VFAWF.PK,METLIFE INC ORD,MET.N,185604,0.0612,UNITED STATES,Financials,Insurance,Insurance
VFAWF.PK,EXELON CORP ORD,EXC.OQ,278659,0.0611,UNITED STATES,Utilities,Utilities,Electric Utilities & IPPs
VFAWF.PK,CORTEVA INC ORD,CTVA.N,205934,0.0608,UNITED STATES,Basic Materials,Chemicals,Chemicals
VFAWF.PK,CONSTELLATION SOFTWARE INC ORD,CSU.TO,5469,0.0606,CANADA,Technology,Software & IT Services,Software & IT Services
VFAWF.PK,DR HORTON INC ORD,DHI.N,90794,0.0604,UNITED STATES,Consumer Cyclicals,Cyclical Consumer Products,Homebuilding & Construction Supplies
VFAWF.PK,HILTON WORLDWIDE HOLDINGS INC ORD,HLT.N,73932,0.0602,UNITED STATES,Consumer Cyclicals,Cyclical Consumer Services,Hotels & Entertainment Services
VFAWF.PK,NETEASE INC ORD,9999.HK,528493,0.0601,CHINA,Technology,Software & IT Services,Software & IT Services
VFAWF.PK,SIMON PROPERTY GROUP INC ORD,SPG.N,92201,0.0601,UNITED STATES,Real Estate,Real Estate,Residential & Commercial REITs
VFAWF.PK,MACQUARIE GROUP LTD ORD,MQG.AX,96948,0.0599,AUSTRALIA,Financials,Banking & Investment Services,Investment Banking & Investment Services
VFAWF.PK,CONSTELLATION BRANDS INC ORD,STZ.N,41884,0.0598,UNITED STATES,Consumer Non-Cyclicals,Food & Beverages,Beverages
VFAWF.PK,AL RAJHI BANKING & INVESTMENT CORPORATION SJSC ORD,1120.SE,573052,0.0597,SAUDI ARABIA,Financials,Banking & Investment Services,Banking Services
VFAWF.PK,TRADE DESK INC ORD,TTD.OQ,124592,0.0595,UNITED STATES,Technology,Software & IT Services,Software & IT Services
VFAWF.PK,CHENIERE ENERGY INC ORD,LNG.A,70115,0.0594,UNITED STATES,Energy,Energy - Fossil Fuels,Oil & Gas Related Equipment and Services
VFAWF.PK,INDUSTRIA DE DISENO TEXTIL SA ORD,ITX.MC,295591,0.0594,SPAIN,Consumer Cyclicals,Retailers,Specialty Retailers
VFAWF.PK,PDD HOLDINGS ADS,PDD.OQ,125445,0.059,IRELAND,Technology,Software & IT Services,Software & IT Services
VFAWF.PK,WELLTOWER INC ORD,WELL.N,136479,0.0587,UNITED STATES,Real Estate,Real Estate,Residential & Commercial REITs
VFAWF.PK,NORDEA BANK ABP ORD,NDAFI.HE,986846,0.0587,FINLAND,Financials,Banking & Investment Services,Banking Services
VFAWF.PK,DOW INC ORD,DOW.N,198063,0.0586,UNITED STATES,Basic Materials,Chemicals,Chemicals
VFAWF.PK,TRAVELERS COMPANIES INC ORD,TRV.N,64600,0.0584,UNITED STATES,Financials,Insurance,Insurance
VFAWF.PK,POSCO HOLDINGS INC ORD,005490.KS,22123,0.0583,KOREA,Basic Materials,Mineral Resources,Metals & Mining
VFAWF.PK,BIOGEN INC ORD,BIIB.OQ,41223,0.0583,UNITED STATES,Healthcare,Pharmaceuticals & Medical Research,Pharmaceuticals
VFAWF.PK,L'OREAL SA ORD,OREP.PA,23817,0.0582,FRANCE,Consumer Non-Cyclicals,Personal & Household Products & Services,Personal & Household Products & Services
VFAWF.PK,CANADIAN IMPERIAL BANK OF COMMERCE ORD,CM.TO,251252,0.058,CANADA,Financials,Banking & Investment Services,Banking Services
VFAWF.PK,SYSCO CORP ORD,SYY.N,144846,0.0579,UNITED STATES,Consumer Non-Cyclicals,Food & Drug Retailing,Food & Drug Retailing
VFAWF.PK,MODERNA INC ORD,MRNA.OQ,93953,0.0579,UNITED STATES,Healthcare,Pharmaceuticals & Medical Research,Biotechnology & Medical Research
VFAWF.PK,ALIMENTATION COUCHE-TARD INC ORD,ATD.TO,217398,0.0577,CANADA,Energy,Energy - Fossil Fuels,Oil & Gas
VFAWF.PK,YUM! BRANDS INC ORD,YUM.N,79978,0.0576,UNITED STATES,Consumer Cyclicals,Cyclical Consumer Services,Hotels & Entertainment Services
VFAWF.PK,ROCKWELL AUTOMATION INC ORD,ROK.N,32699,0.0576,UNITED STATES,Industrials,Industrial Goods,"Machinery, Tools, Heavy Vehicles, Trains & Ships"
VFAWF.PK,ROSS STORES INC ORD,ROST.OQ,95372,0.0572,UNITED STATES,Consumer Cyclicals,Retailers,Specialty Retailers
VFAWF.PK,PRUDENTIAL PLC ORD,PRU.L,779242,0.0568,UNITED KINGDOM,Financials,Insurance,Insurance
VFAWF.PK,LLOYDS BANKING GROUP PLC ORD,LLOY.L,18716989,0.0567,UNITED KINGDOM,Financials,Banking & Investment Services,Banking Services
VFAWF.PK,ARISTA NETWORKS INC ORD,ANET.N,69655,0.0566,UNITED STATES,Technology,Technology Equipment,Communications & Networking
VFAWF.PK,BLOCK INC ORD,SQ.N,133969,0.0565,UNITED STATES,Industrials,Industrial & Commercial Services,Professional & Commercial Services
VFAWF.PK,WESFARMERS LTD ORD,WES.AX,321041,0.0562,AUSTRALIA,Consumer Cyclicals,Retailers,Diversified Retail
VFAWF.PK,NASPERS LTD ORD,NPNJn.J,54312,0.0562,SOUTH AFRICA,Technology,Software & IT Services,Software & IT Services
VFAWF.PK,ROCHE HOLDING AG ORD,RO.S,32098,0.056,SWITZERLAND,Healthcare,Pharmaceuticals & Medical Research,Pharmaceuticals
VFAWF.PK,PALANTIR TECHNOLOGIES INC ORD,PLTR.N,536823,0.0558,UNITED STATES,Technology,Software & IT Services,Software & IT Services
VFAWF.PK,"L'OREAL S.A., PARIS ORD",NULL,22806,0.0557,FRANCE,Unable to resolve all requested identifiers.,,
VFAWF.PK,DANONE SA ORD,DANO.PA,173571,0.0556,FRANCE,Consumer Non-Cyclicals,Food & Beverages,Food & Tobacco
VFAWF.PK,ANGLO AMERICAN PLC ORD,AAL.L,344040,0.0555,UNITED KINGDOM,Basic Materials,Mineral Resources,Metals & Mining
VFAWF.PK,CENTENE CORP ORD,CNC.N,155428,0.0554,UNITED STATES,Healthcare,Healthcare Services & Equipment,Healthcare Providers & Services
VFAWF.PK,COPART INC ORD,CPRT.OQ,119490,0.0553,UNITED STATES,Technology,Software & IT Services,Software & IT Services
VFAWF.PK,REALTY INCOME CORP ORD,O.N,173147,0.0553,UNITED STATES,Real Estate,Real Estate,Residential & Commercial REITs
VFAWF.PK,DIGITAL REALTY TRUST INC ORD,DLR.N,84685,0.0552,UNITED STATES,Real Estate,Real Estate,Residential & Commercial REITs
VFAWF.PK,CUMMINS INC ORD,CMI.N,40343,0.0551,UNITED STATES,Consumer Cyclicals,Automobiles & Auto Parts,Automobiles & Auto Parts
VFAWF.PK,KKR & CO INC ORD,KKR.N,176421,0.0548,UNITED STATES,Financials,Banking & Investment Services,Investment Banking & Investment Services
VFAWF.PK,FERRARI NV ORD,RACE.MI,32555,0.0548,ITALY,Consumer Cyclicals,Automobiles & Auto Parts,Automobiles & Auto Parts
VFAWF.PK,HOLCIM AG ORD,HOLN.S,149262,0.0546,SWITZERLAND,Basic Materials,Mineral Resources,Construction Materials
VFAWF.PK,DOLLAR GENERAL CORP ORD,DG.N,61666,0.0545,UNITED STATES,Consumer Cyclicals,Retailers,Diversified Retail
VFAWF.PK,DSV A/S ORD,DSV.CO,51723,0.0544,DENMARK,Industrials,Transportation,Freight & Logistics Services
VFAWF.PK,MANULIFE FINANCIAL CORP ORD,MFC.TO,518946,0.0544,CANADA,Financials,Insurance,Insurance
VFAWF.PK,OTIS WORLDWIDE CORP ORD,OTIS.N,113971,0.0543,UNITED STATES,Industrials,Industrial Goods,"Machinery, Tools, Heavy Vehicles, Trains & Ships"
VFAWF.PK,TC ENERGY CORP ORD,TRP.TO,288825,0.0543,CANADA,Energy,Energy - Fossil Fuels,Oil & Gas Related Equipment and Services
VFAWF.PK,L'AIR LIQUIDE SOCIETE ANONYME POUR L'ETUDE ET L'EXPLOITATION DES PROCEDES GEORGES CLAUDE SA ORD,AIRP.PA,57493,0.0542,FRANCE,Basic Materials,Chemicals,Chemicals
VFAWF.PK,WASTE CONNECTIONS INC ORD,WCN.TO,73182,0.0542,CANADA,Industrials,Industrial & Commercial Services,Professional & Commercial Services
VFAWF.PK,ELECTRONIC ARTS INC ORD,EA.OQ,75583,0.054,UNITED STATES,Technology,Software & IT Services,Software & IT Services
VFAWF.PK,AMETEK INC ORD,AME.N,64893,0.0539,UNITED STATES,Industrials,Industrial Goods,"Machinery, Tools, Heavy Vehicles, Trains & Ships"
VFAWF.PK,BAE SYSTEMS PLC ORD,BAES.L,856932,0.0538,UNITED KINGDOM,Industrials,Industrial Goods,Aerospace & Defense
VFAWF.PK,AMERIPRISE FINANCIAL INC ORD,AMP.N,29463,0.0537,UNITED STATES,Financials,Banking & Investment Services,Investment Banking & Investment Services
VFAWF.PK,FAST RETAILING CO LTD ORD,9983.T,40900,0.0536,JAPAN,Consumer Cyclicals,Retailers,Specialty Retailers
VFAWF.PK,L3HARRIS TECHNOLOGIES INC ORD,LHX.N,53905,0.0535,UNITED STATES,Industrials,Industrial Goods,Aerospace & Defense
VFAWF.PK,FIDELITY NATIONAL INFORMATION SERVICES INC ORD,FIS.N,168570,0.0533,UNITED STATES,Technology,Financial Technology (Fintech) & Infrastructure,Financial Technology (Fintech) & Infrastructure
VFAWF.PK,FLUTTER ENTERTAINMENT PLC ORD,FLTRF.L,51009,0.0533,IRELAND,Consumer Cyclicals,Cyclical Consumer Services,Hotels & Entertainment Services
VFAWF.PK,BAYERISCHE MOTOREN WERKE AG ORD,BMWG.DE,83106,0.0532,GERMANY,Consumer Cyclicals,Automobiles & Auto Parts,Automobiles & Auto Parts
VFAWF.PK,AGILENT TECHNOLOGIES INC ORD,A.N,83120,0.053,UNITED STATES,Healthcare,Healthcare Services & Equipment,Healthcare Equipment & Supplies
VFAWF.PK,NUTRIEN LTD ORD,NTR.TO,145541,0.0526,CANADA,Basic Materials,Chemicals,Chemicals
VFAWF.PK,DEUTSCHE BOERSE AG ORD,DB1Gn.DE,52082,0.0524,GERMANY,Financials,Banking & Investment Services,Investment Banking & Investment Services
VFAWF.PK,HALLIBURTON CO ORD,HAL.N,254318,0.052,UNITED STATES,Energy,Energy - Fossil Fuels,Oil & Gas Related Equipment and Services
VFAWF.PK,EXPERIAN PLC ORD,EXPN.L,255902,0.0519,IRELAND,Industrials,Industrial & Commercial Services,Professional & Commercial Services
VFAWF.PK,PRUDENTIAL FINANCIAL INC ORD,PRU.N,102320,0.0517,UNITED STATES,Financials,Insurance,Insurance
VFAWF.PK,NEWMONT CORPORATION ORD,NEM.N,230195,0.0517,UNITED STATES,Basic Materials,Mineral Resources,Metals & Mining
VFAWF.PK,DUPONT DE NEMOURS INC ORD,DD.N,126482,0.0514,UNITED STATES,Basic Materials,Chemicals,Chemicals
VFAWF.PK,BAKER HUGHES CO ORD,BKR.OQ,273559,0.0513,UNITED STATES,Energy,Energy - Fossil Fuels,Oil & Gas Related Equipment and Services
VFAWF.PK,DEVON ENERGY CORP ORD,DVN.N,181322,0.0513,UNITED STATES,Energy,Energy - Fossil Fuels,Oil & Gas
VFAWF.PK,CROWDSTRIKE HOLDINGS INC ORD,CRWD.OQ,60542,0.0512,UNITED STATES,Technology,Software & IT Services,Software & IT Services
VFAWF.PK,BANK OF NEW YORK MELLON CORP ORD,BK.N,214154,0.0509,UNITED STATES,Financials,Banking & Investment Services,Investment Banking & Investment Services
VFAWF.PK,ORIENTAL LAND CO LTD ORD,4661.T,252900,0.0508,JAPAN,Consumer Cyclicals,Cyclical Consumer Services,Hotels & Entertainment Services
VFAWF.PK,STMICROELECTRONICS NV ORD,STMMI.MI,180527,0.0507,NETHERLANDS,Technology,Technology Equipment,Semiconductors & Semiconductor Equipment
VFAWF.PK,BANK CENTRAL ASIA TBK PT ORD,BBCA.JK,16019400,0.0507,INDONESIA,Financials,Banking & Investment Services,Banking Services
VFAWF.PK,KINDER MORGAN INC ORD,KMI.N,547307,0.0507,UNITED STATES,Energy,Energy - Fossil Fuels,Oil & Gas Related Equipment and Services
VFAWF.PK,ADIDAS AG ORD,ADSGn.DE,47629,0.0506,GERMANY,Consumer Cyclicals,Cyclical Consumer Products,Textiles & Apparel
VFAWF.PK,COSTAR GROUP INC ORD,CSGP.OQ,114744,0.0504,UNITED STATES,Technology,Software & IT Services,Software & IT Services
VFAWF.PK,ATLAS COPCO AB ORD,ATCOa.ST,673111,0.0502,SWEDEN,Industrials,Industrial Goods,"Machinery, Tools, Heavy Vehicles, Trains & Ships"
VFAWF.PK,VMWARE INC ORD,VMW.N,60837,0.0502,UNITED STATES,Technology,Software & IT Services,Software & IT Services
VFAWF.PK,MURATA MANUFACTURING CO LTD ORD,6981.T,163700,0.0502,JAPAN,Technology,Technology Equipment,Electronic Equipment & Parts
VFAWF.PK,HERSHEY CO ORD,HSY.N,41104,0.0498,UNITED STATES,Consumer Non-Cyclicals,Food & Beverages,Food & Tobacco
VFAWF.PK,COGNIZANT TECHNOLOGY SOLUTIONS CORP ORD,CTSH.OQ,143743,0.0497,UNITED STATES,Technology,Software & IT Services,Software & IT Services
VFAWF.PK,CONSOLIDATED EDISON INC ORD,ED.N,99793,0.0496,UNITED STATES,Utilities,Utilities,Electric Utilities & IPPs
VFAWF.PK,XCEL ENERGY INC ORD,XEL.OQ,150992,0.0496,UNITED STATES,Utilities,Utilities,Electric Utilities & IPPs
VFAWF.PK,FERGUSON PLC ORD,FERG.N,58733,0.0495,UNITED KINGDOM,Consumer Cyclicals,Cyclical Consumer Products,Homebuilding & Construction Supplies
VFAWF.PK,PPG INDUSTRIES INC ORD,PPG.N,65231,0.0491,UNITED STATES,Basic Materials,Chemicals,Chemicals
VFAWF.PK,FASTENAL CO ORD,FAST.OQ,159595,0.049,UNITED STATES,Industrials,Industrial Goods,"Machinery, Tools, Heavy Vehicles, Trains & Ships"
VFAWF.PK,ENI SPA ORD,ENI.MI,608847,0.0488,ITALY,Energy,Energy - Fossil Fuels,Oil & Gas
VFAWF.PK,WW GRAINGER INC ORD,GWW.N,12630,0.0488,UNITED STATES,Industrials,Industrial Goods,"Machinery, Tools, Heavy Vehicles, Trains & Ships"
VFAWF.PK,ASHTEAD GROUP PLC ORD,AHT.L,125394,0.0487,UNITED KINGDOM,Industrials,Industrial & Commercial Services,Professional & Commercial Services
VFAWF.PK,PETROLEO BRASILEIRO SA PETROBRAS ORD,PETR3.SA,1271541,0.0487,BRAZIL,Energy,Energy - Fossil Fuels,Oil & Gas
VFAWF.PK,MEDIATEK INC ORD,2454.TW,422794,0.0486,TAIWAN,Technology,Technology Equipment,Semiconductors & Semiconductor Equipment
VFAWF.PK,VERISK ANALYTICS INC ORD,VRSK.OQ,40425,0.0485,UNITED STATES,Technology,Software & IT Services,Software & IT Services
VFAWF.PK,DENSO CORP ORD,6902.T,133000,0.0484,JAPAN,Consumer Cyclicals,Automobiles & Auto Parts,Automobiles & Auto Parts
VFAWF.PK,PETROLEO BRASILEIRO SA PETROBRAS,PETR4.SA,1414800,0.0484,BRAZIL,Energy,Energy - Fossil Fuels,Oil & Gas
VFAWF.PK,COMPAGNIE DE SAINT GOBAIN SA ORD,SGOB.PA,136387,0.0484,FRANCE,Consumer Cyclicals,Cyclical Consumer Products,Homebuilding & Construction Supplies
VFAWF.PK,OVERSEA-CHINESE BANKING CORPORATION LTD ORD,OCBC.SI,921863,0.0483,SINGAPORE,Financials,Banking & Investment Services,Banking Services
VFAWF.PK,UNITED RENTALS INC ORD,URI.N,19827,0.0482,UNITED STATES,Industrials,Industrial & Commercial Services,Professional & Commercial Services
VFAWF.PK,DOLLAR TREE INC ORD,DLTR.OQ,59610,0.0482,UNITED STATES,Consumer Cyclicals,Retailers,Diversified Retail
VFAWF.PK,KONINKLIJKE AHOLD DELHAIZE NV ORD,AD.AS,263281,0.0477,NETHERLANDS,Consumer Non-Cyclicals,Food & Drug Retailing,Food & Drug Retailing
VFAWF.PK,KROGER CO ORD,KR.N,186143,0.0474,UNITED STATES,Consumer Non-Cyclicals,Food & Drug Retailing,Food & Drug Retailing
VFAWF.PK,BARCLAYS PLC ORD,BARC.L,4533384,0.0473,UNITED KINGDOM,Financials,Banking & Investment Services,Banking Services
VFAWF.PK,EMINI S&P SEP3,ESU3,765,0.0473,NULL,NULL,NULL,NULL
VFAWF.PK,RESMED INC ORD,RMD.N,40519,0.0472,UNITED STATES,Healthcare,Healthcare Services & Equipment,Healthcare Equipment & Supplies
VFAWF.PK,LENNAR CORP ORD,LEN.N,70826,0.047,UNITED STATES,Consumer Cyclicals,Cyclical Consumer Products,Homebuilding & Construction Supplies
VFAWF.PK,AMADEUS IT GROUP SA ORD,AMA.MC,124419,0.0468,SPAIN,Technology,Software & IT Services,Software & IT Services
VFAWF.PK,VOLVO AB ORD,VOLVb.ST,404946,0.0468,SWEDEN,Industrials,Industrial Goods,"Machinery, Tools, Heavy Vehicles, Trains & Ships"
VFAWF.PK,DATADOG INC ORD,DDOG.OQ,76327,0.0466,UNITED STATES,Technology,Software & IT Services,Software & IT Services
VFAWF.PK,RWE AG ORD,RWEG.DE,206136,0.0466,GERMANY,Utilities,Utilities,Multiline Utilities
VFAWF.PK,CONSTELLATION ENERGY CORP ORD,CEG.OQ,91647,0.0464,UNITED STATES,Utilities,Utilities,Electric Utilities & IPPs
VFAWF.PK,KEURIG DR PEPPER INC ORD,KDP.OQ,260361,0.0464,UNITED STATES,Consumer Non-Cyclicals,Food & Beverages,Beverages
VFAWF.PK,WOLTERS KLUWER NV ORD,WLSNc.AS,70243,0.0463,NETHERLANDS,Industrials,Industrial & Commercial Services,Professional & Commercial Services
VFAWF.PK,VICI PROPERTIES INC ORD,VICI.N,281214,0.0463,UNITED STATES,Real Estate,Real Estate,Residential & Commercial REITs
VFAWF.PK,REPUBLIC SERVICES INC ORD,RSG.N,58418,0.0462,UNITED STATES,Industrials,Industrial & Commercial Services,Professional & Commercial Services
VFAWF.PK,TRANSURBAN GROUP,TCL.AX,910810,0.0461,AUSTRALIA,Industrials,Transportation,Transport Infrastructure
VFAWF.PK,SEVEN & I HOLDINGS CO LTD ORD,3382.T,212300,0.0461,JAPAN,Consumer Non-Cyclicals,Food & Drug Retailing,Food & Drug Retailing
VFAWF.PK,AMERICA MOVIL SAB DE CV ORD,AMXB.MX,8358900,0.046,MEXICO,Technology,Telecommunications Services,Telecommunications Services
VFAWF.PK,NIPPON TELEGRAPH AND TELEPHONE CORP ORD,9432.T,7651525,0.0459,JAPAN,Technology,Telecommunications Services,Telecommunications Services
VFAWF.PK,AIR LIQUIDE PRIME FIDELITE,NULL,48575,0.0458,NULL,Unable to resolve all requested identifiers.,,
VFAWF.PK,HP INC ORD,HPQ.N,264470,0.0455,UNITED STATES,Technology,Technology Equipment,"Computers, Phones & Household Electronics"
VFAWF.PK,WOOLWORTHS GROUP LTD ORD,WOW.AX,334219,0.0455,AUSTRALIA,Consumer Non-Cyclicals,Food & Drug Retailing,Food & Drug Retailing
VFAWF.PK,PUBLIC SERVICE ENTERPRISE GROUP INC ORD,PEG.N,137488,0.0454,UNITED STATES,Utilities,Utilities,Multiline Utilities
VFAWF.PK,APTIV PLC ORD,APTV.N,79089,0.0453,IRELAND,Consumer Cyclicals,Automobiles & Auto Parts,Automobiles & Auto Parts
VFAWF.PK,ONEOK INC ORD,OKE.N,129104,0.0453,UNITED STATES,Energy,Energy - Fossil Fuels,Oil & Gas Related Equipment and Services
VFAWF.PK,BANK OF CHINA LTD ORD,3988.HK,23282000,0.0452,CHINA,Financials,Banking & Investment Services,Banking Services
VFAWF.PK,BARRICK GOLD CORP ORD,ABX.TO,497417,0.0451,CANADA,Basic Materials,Mineral Resources,Metals & Mining
VFAWF.PK,AMERISOURCEBERGEN CORP ORD,ABC.N,46122,0.0451,UNITED STATES,Healthcare,Healthcare Services & Equipment,Healthcare Equipment & Supplies
VFAWF.PK,SAUDI NATIONAL BANK SJSC ORD,1180.SE,833505,0.0448,SAUDI ARABIA,Financials,Banking & Investment Services,Banking Services
VFAWF.PK,ALLSTATE CORP ORD,ALL.N,75410,0.0445,UNITED STATES,Financials,Insurance,Insurance
VFAWF.PK,INDUSTRIAL AND COMMERCIAL BANK OF CHINA LTD ORD,1398.HK,17409000,0.0444,CHINA,Financials,Banking & Investment Services,Banking Services
VFAWF.PK,BYD CO LTD ORD,1211.HK,239690,0.0443,CHINA,Consumer Cyclicals,Automobiles & Auto Parts,Automobiles & Auto Parts
VFAWF.PK,ANSYS INC ORD,ANSS.OQ,24701,0.0442,UNITED STATES,Technology,Software & IT Services,Software & IT Services
VFAWF.PK,KEYSIGHT TECHNOLOGIES INC ORD,KEYS.N,52237,0.0441,UNITED STATES,Technology,Technology Equipment,Electronic Equipment & Parts
VFAWF.PK,NIDEC CORP ORD,6594.T,141566,0.0441,JAPAN,Industrials,Industrial Goods,"Machinery, Tools, Heavy Vehicles, Trains & Ships"
VFAWF.PK,SOFTBANK CORP ORD,9434.T,758218,0.0441,JAPAN,Technology,Telecommunications Services,Telecommunications Services
VFAWF.PK,SUN LIFE FINANCIAL INC ORD,SLF.TO,159873,0.0441,CANADA,Financials,Insurance,Insurance
VFAWF.PK,UNITED OVERSEAS BANK LTD ORD,UOBH.SI,370400,0.044,SINGAPORE,Financials,Banking & Investment Services,Banking Services
VFAWF.PK,ILLUMINA INC ORD,ILMN.OQ,43728,0.044,UNITED STATES,Healthcare,Healthcare Services & Equipment,Healthcare Equipment & Supplies
VFAWF.PK,FANUC CORP ORD,6954.T,274000,0.0439,JAPAN,Industrials,Industrial Goods,"Machinery, Tools, Heavy Vehicles, Trains & Ships"
VFAWF.PK,GE HEALTHCARE TECHNOLOGIES INC ORD,GEHC.OQ,107400,0.0439,UNITED STATES,Healthcare,Healthcare Services & Equipment,Healthcare Equipment & Supplies
VFAWF.PK,SWISS RE AG ORD,SRENH.S,80050,0.0439,SWITZERLAND,Financials,Insurance,Insurance
VFAWF.PK,GLOBAL PAYMENTS INC ORD,GPN.N,76027,0.0439,UNITED STATES,Industrials,Industrial & Commercial Services,Professional & Commercial Services
VFAWF.PK,RIO TINTO LTD ORD,RIO.AX,106173,0.0438,AUSTRALIA,Basic Materials,Mineral Resources,Metals & Mining
VFAWF.PK,ASSICURAZIONI GENERALI SPA ORD,GASI.MI,389697,0.0436,ITALY,Financials,Insurance,Insurance
VFAWF.PK,WARNER BROS DISCOVERY INC ORD,WBD.OQ,636410,0.0435,UNITED STATES,Consumer Cyclicals,Cyclical Consumer Services,Media & Publishing
VFAWF.PK,EXTRA SPACE STORAGE INC ORD,EXR.N,59386,0.0434,UNITED STATES,Real Estate,Real Estate,Residential & Commercial REITs
VFAWF.PK,ITAU UNIBANCO HOLDING SA,ITUB4.SA,1371138,0.0432,BRAZIL,Financials,Banking & Investment Services,Banking Services
VFAWF.PK,VULCAN MATERIALS CO ORD,VMC.N,37305,0.0431,UNITED STATES,Basic Materials,Mineral Resources,Construction Materials
VFAWF.PK,ALIGN TECHNOLOGY INC ORD,ALGN.OQ,21742,0.043,UNITED STATES,Healthcare,Healthcare Services & Equipment,Healthcare Equipment & Supplies
VFAWF.PK,INVESTOR AB ORD,INVEb.ST,401770,0.043,SWEDEN,Financials,Investment Holding Companies,Investment Holding Companies
VFAWF.PK,VEEVA SYSTEMS INC ORD,VEEV.N,39901,0.0427,UNITED STATES,Healthcare,Healthcare Services & Equipment,Healthcare Equipment & Supplies
VFAWF.PK,PG&E CORP ORD,PCG.N,461013,0.0425,UNITED STATES,Utilities,Utilities,Electric Utilities & IPPs
VFAWF.PK,ZIMMER BIOMET HOLDINGS INC ORD,ZBH.N,58778,0.0425,UNITED STATES,Healthcare,Healthcare Services & Equipment,Healthcare Equipment & Supplies
VFAWF.PK,CAPGEMINI SE ORD,CAPP.PA,44672,0.0425,FRANCE,Technology,Software & IT Services,Software & IT Services
VFAWF.PK,QUANTA SERVICES INC ORD,PWR.N,40043,0.0423,UNITED STATES,Industrials,Industrial & Commercial Services,Construction & Engineering
VFAWF.PK,ARGENX SE ORD,ARGX.BR,16011,0.0422,NETHERLANDS,Healthcare,Pharmaceuticals & Medical Research,Biotechnology & Medical Research
VFAWF.PK,DIAMONDBACK ENERGY INC ORD,FANG.OQ,54634,0.0421,UNITED STATES,Energy,Energy - Fossil Fuels,Oil & Gas
VFAWF.PK,SMC CORP ORD,6273.T,15400,0.0421,JAPAN,Industrials,Industrial Goods,"Machinery, Tools, Heavy Vehicles, Trains & Ships"
VFAWF.PK,EQUINOR ASA ORD,EQNR.OL,262975,0.042,NORWAY,Energy,Energy - Fossil Fuels,Oil & Gas
VFAWF.PK,FORTIVE CORP ORD,FTV.N,102094,0.0419,UNITED STATES,Industrials,Industrial Goods,"Machinery, Tools, Heavy Vehicles, Trains & Ships"
VFAWF.PK,HINDUSTAN UNILEVER LTD ORD,HLL.NS,256188,0.0418,INDIA,Consumer Non-Cyclicals,Personal & Household Products & Services,Personal & Household Products & Services
VFAWF.PK,MARUBENI CORP ORD,8002.T,451400,0.0418,JAPAN,Industrials,Industrial & Commercial Services,Diversified Industrial Goods Wholesale
VFAWF.PK,MONGODB INC ORD,MDB.OQ,18797,0.0417,UNITED STATES,Technology,Software & IT Services,Software & IT Services
VFAWF.PK,MITSUBISHI ELECTRIC CORP ORD,6503.T,552300,0.0417,JAPAN,Consumer Non-Cyclicals,Consumer Goods Conglomerates,Consumer Goods Conglomerates
VFAWF.PK,INGERSOLL RAND INC ORD,IR.N,121541,0.0415,UNITED STATES,Industrials,Industrial Goods,"Machinery, Tools, Heavy Vehicles, Trains & Ships"
VFAWF.PK,AMERICAN WATER WORKS COMPANY INC ORD,AWK.N,53744,0.0415,UNITED STATES,Utilities,Utilities,Water & Related Utilities
VFAWF.PK,WEC ENERGY GROUP INC ORD,WEC.N,88198,0.0415,UNITED STATES,Utilities,Utilities,Electric Utilities & IPPs
VFAWF.PK,ASTELLAS PHARMA INC ORD,4503.T,541700,0.0415,JAPAN,Healthcare,Pharmaceuticals & Medical Research,Pharmaceuticals
VFAWF.PK,GENMAB A/S ORD,GMAB.CO,19227,0.0415,DENMARK,Healthcare,Pharmaceuticals & Medical Research,Biotechnology & Medical Research
VFAWF.PK,DOORDASH INC ORD,DASH.N,87125,0.0414,UNITED STATES,Technology,Software & IT Services,Software & IT Services
VFAWF.PK,METTLER-TOLEDO INTERNATIONAL INC ORD,MTD.N,6292,0.0414,UNITED STATES,Technology,Technology Equipment,Office Equipment
VFAWF.PK,MARTIN MARIETTA MATERIALS INC ORD,MLM.N,17610,0.0412,UNITED STATES,Basic Materials,Mineral Resources,Construction Materials
VFAWF.PK,T ROWE PRICE GROUP INC ORD,TROW.OQ,63788,0.0412,UNITED STATES,Financials,Banking & Investment Services,Investment Banking & Investment Services
VFAWF.PK,FRANCO-NEVADA CORP ORD,FNV.TO,53681,0.0411,CANADA,Basic Materials,Mineral Resources,Metals & Mining
VFAWF.PK,DASSAULT SYSTEMES SE ORD,DAST.PA,182792,0.041,FRANCE,Technology,Software & IT Services,Software & IT Services
VFAWF.PK,PING AN INSURANCE GROUP CO OF CHINA LTD ORD,2318.HK,1082500,0.0409,CHINA,Financials,Insurance,Insurance
VFAWF.PK,DISCOVER FINANCIAL SERVICES ORD,DFS.N,73674,0.0407,UNITED STATES,Financials,Banking & Investment Services,Banking Services
VFAWF.PK,GRUPO FINANCIERO BANORTE SAB DE CV ORD,GFNORTEO.MX,818600,0.0407,MEXICO,Financials,Banking & Investment Services,Banking Services
VFAWF.PK,KRAFT HEINZ CO ORD,KHC.OQ,214317,0.0406,UNITED STATES,Consumer Non-Cyclicals,Food & Beverages,Food & Tobacco
VFAWF.PK,WEST PHARMACEUTICAL SERVICES INC ORD,WST.N,20991,0.0404,UNITED STATES,Healthcare,Healthcare Services & Equipment,Healthcare Equipment & Supplies
VFAWF.PK,GIVAUDAN SA ORD,GIVN.S,2275,0.0404,SWITZERLAND,Basic Materials,Chemicals,Chemicals
VFAWF.PK,LEGRAND SA ORD,LEGD.PA,76544,0.0403,FRANCE,Industrials,Industrial Goods,"Machinery, Tools, Heavy Vehicles, Trains & Ships"
VFAWF.PK,E ON SE ORD,EONGn.DE,606276,0.0403,GERMANY,Utilities,Utilities,Multiline Utilities
VFAWF.PK,KOMATSU LTD ORD,6301.T,275200,0.0402,JAPAN,Industrials,Industrial Goods,"Machinery, Tools, Heavy Vehicles, Trains & Ships"
VFAWF.PK,HEINEKEN NV ORD,HEIN.AS,78070,0.0402,NETHERLANDS,Consumer Non-Cyclicals,Food & Beverages,Beverages
VFAWF.PK,JAPAN TOBACCO INC ORD,2914.T,344800,0.0401,JAPAN,Consumer Non-Cyclicals,Food & Beverages,Food & Tobacco
VFAWF.PK,ARCH CAPITAL GROUP LTD ORD,ACGL.OQ,98112,0.0399,BERMUDA,Financials,Insurance,Insurance
VFAWF.PK,CBRE GROUP INC ORD,CBRE.N,91357,0.0398,UNITED STATES,Real Estate,Real Estate,Real Estate Operations
VFAWF.PK,SEAGEN INC ORD,SGEN.OQ,39686,0.0398,UNITED STATES,Healthcare,Pharmaceuticals & Medical Research,Biotechnology & Medical Research
VFAWF.PK,AXIS BANK LTD ORD,AXBK.NS,655845,0.0398,INDIA,Financials,Banking & Investment Services,Banking Services
VFAWF.PK,EDISON INTERNATIONAL ORD,EIX.N,105344,0.0397,UNITED STATES,Utilities,Utilities,Electric Utilities & IPPs
VFAWF.PK,BANK RAKYAT INDONESIA (PERSERO) TBK PT ORD,BBRI.JK,20194754,0.0396,INDONESIA,Financials,Banking & Investment Services,Banking Services
VFAWF.PK,CENOVUS ENERGY INC ORD,CVE.TO,396850,0.0396,CANADA,Energy,Energy - Fossil Fuels,Oil & Gas
VFAWF.PK,GARTNER INC ORD,IT.N,21293,0.0394,UNITED STATES,Technology,Software & IT Services,Software & IT Services
VFAWF.PK,VESTAS WIND SYSTEMS A/S ORD,VWS.CO,280297,0.0394,DENMARK,Energy,Renewable Energy,Renewable Energy
VFAWF.PK,XYLEM INC ORD,XYL.N,66722,0.0394,UNITED STATES,Industrials,Industrial Goods,"Machinery, Tools, Heavy Vehicles, Trains & Ships"
VFAWF.PK,NAVER CORP ORD,035420.KS,42098,0.0393,KOREA,Technology,Software & IT Services,Software & IT Services
VFAWF.PK,BHARTI AIRTEL LTD ORD,BRTI.NS,689845,0.0391,INDIA,Technology,Telecommunications Services,Telecommunications Services
VFAWF.PK,HUBSPOT INC ORD,HUBS.N,12834,0.039,UNITED STATES,Technology,Software & IT Services,Software & IT Services
VFAWF.PK,DELTA ELECTRONICS INC ORD,2308.TW,639731,0.039,TAIWAN,Industrials,Industrial Goods,"Machinery, Tools, Heavy Vehicles, Trains & Ships"
VFAWF.PK,AVALONBAY COMMUNITIES INC ORD,AVB.N,39377,0.0389,UNITED STATES,Real Estate,Real Estate,Residential & Commercial REITs
VFAWF.PK,VOLKSWAGEN AG,VOWG_p.DE,55744,0.0388,GERMANY,Consumer Cyclicals,Automobiles & Auto Parts,Automobiles & Auto Parts
VFAWF.PK,CDW CORP ORD,CDW.OQ,39653,0.0388,UNITED STATES,Technology,Software & IT Services,Software & IT Services
VFAWF.PK,YUM CHINA HOLDINGS INC ORD,YUMC.N,121067,0.0388,CHINA,Consumer Cyclicals,Cyclical Consumer Services,Hotels & Entertainment Services
VFAWF.PK,PANASONIC HOLDINGS CORP ORD,6752.T,596900,0.0387,JAPAN,Technology,Technology Equipment,"Computers, Phones & Household Electronics"
VFAWF.PK,MONOLITHIC POWER SYSTEMS INC ORD,MPWR.OQ,13162,0.0386,UNITED STATES,Technology,Technology Equipment,Semiconductors & Semiconductor Equipment
VFAWF.PK,GOODMAN GROUP,GMG.AX,531980,0.0385,AUSTRALIA,Real Estate,Real Estate,Residential & Commercial REITs
VFAWF.PK,PARTNERS GROUP HOLDING AG ORD,PGHN.S,6507,0.0384,SWITZERLAND,Financials,Banking & Investment Services,Investment Banking & Investment Services
VFAWF.PK,ROYAL CARIBBEAN CRUISES LTD ORD,RCL.N,67029,0.0383,UNITED STATES,Consumer Cyclicals,Cyclical Consumer Services,Hotels & Entertainment Services
VFAWF.PK,SAMSUNG SDI CO LTD ORD,006400.KS,14032,0.0383,KOREA,Industrials,Industrial Goods,"Machinery, Tools, Heavy Vehicles, Trains & Ships"
VFAWF.PK,STATE STREET CORP ORD,STT.N,100642,0.0382,UNITED STATES,Financials,Banking & Investment Services,Investment Banking & Investment Services
VFAWF.PK,INTACT FINANCIAL CORP ORD,IFC.TO,49138,0.0381,CANADA,Financials,Insurance,Insurance
VFAWF.PK,ATLASSIAN CORP ORD,TEAM.OQ,39966,0.0381,UNITED STATES,Technology,Software & IT Services,Software & IT Services
VFAWF.PK,CARDINAL HEALTH INC ORD,CAH.N,78736,0.0377,UNITED STATES,Healthcare,Pharmaceuticals & Medical Research,Pharmaceuticals
VFAWF.PK,TAKE-TWO INTERACTIVE SOFTWARE INC ORD,TTWO.OQ,46707,0.0374,UNITED STATES,Consumer Cyclicals,Cyclical Consumer Products,Leisure Products
VFAWF.PK,LYONDELLBASELL INDUSTRIES NV ORD,LYB.N,72199,0.0374,UNITED KINGDOM,Basic Materials,Chemicals,Chemicals
VFAWF.PK,WEYERHAEUSER CO ORD,WY.N,209291,0.0373,UNITED STATES,Real Estate,Real Estate,Residential & Commercial REITs
VFAWF.PK,SAUDI ARABIAN OIL CO ORD,2222.SE,824102,0.0373,SAUDI ARABIA,Energy,Energy - Fossil Fuels,Oil & Gas
VFAWF.PK,CORNING INC ORD,GLW.N,208736,0.0371,UNITED STATES,Technology,Technology Equipment,Electronic Equipment & Parts
VFAWF.PK,EQUIFAX INC ORD,EFX.N,34623,0.037,UNITED STATES,Industrials,Industrial & Commercial Services,Professional & Commercial Services
VFAWF.PK,SUMITOMO CORP ORD,8053.T,328700,0.0369,JAPAN,Industrials,Industrial & Commercial Services,Diversified Industrial Goods Wholesale
VFAWF.PK,TRACTOR SUPPLY CO ORD,TSCO.OQ,31498,0.0369,UNITED STATES,Consumer Cyclicals,Retailers,Specialty Retailers
VFAWF.PK,ALNYLAM PHARMACEUTICALS INC ORD,ALNY.OQ,36081,0.0369,UNITED STATES,Healthcare,Pharmaceuticals & Medical Research,Biotechnology & Medical Research
VFAWF.PK,EVERSOURCE ENERGY ORD,ES.N,97114,0.0368,UNITED STATES,Utilities,Utilities,Electric Utilities & IPPs
VFAWF.PK,AGNICO EAGLE MINES LTD ORD,AEM.TO,133957,0.0368,CANADA,Basic Materials,Mineral Resources,Metals & Mining
VFAWF.PK,EQUITY RESIDENTIAL ORD,EQR.N,106315,0.0367,UNITED STATES,Real Estate,Real Estate,Residential & Commercial REITs
VFAWF.PK,ADVANTEST CORP ORD,6857.T,50900,0.0366,JAPAN,Technology,Technology Equipment,Semiconductors & Semiconductor Equipment
VFAWF.PK,CHURCH & DWIGHT CO INC ORD,CHD.N,73047,0.0366,UNITED STATES,Consumer Non-Cyclicals,Personal & Household Products & Services,Personal & Household Products & Services
VFAWF.PK,PING AN INSURANCE GROUP CO OF CHINA LTD ORD,601318.SS,946410,0.0365,CHINA,Financials,Insurance,Insurance
VFAWF.PK,CANON INC ORD,7751.T,269800,0.0365,JAPAN,Technology,Technology Equipment,Office Equipment
VFAWF.PK,ALBEMARLE CORP ORD,ALB.N,32659,0.0363,UNITED STATES,Basic Materials,Chemicals,Chemicals
VFAWF.PK,NATIONAL BANK OF CANADA ORD,NA.TO,88363,0.0363,CANADA,Financials,Banking & Investment Services,Banking Services
VFAWF.PK,NATIONAL BANK OF KUWAIT SAKP ORD,NBKK.KW,2212974,0.0363,KUWAIT,Financials,Banking & Investment Services,Banking Services
VFAWF.PK,EBAY INC ORD,EBAY.OQ,155790,0.0363,UNITED STATES,Technology,Software & IT Services,Software & IT Services
VFAWF.PK,KUAISHOU TECHNOLOGY ORD,1024.HK,802700,0.0362,CHINA,Technology,Software & IT Services,Software & IT Services
VFAWF.PK,BRIDGESTONE CORP ORD,5108.T,166700,0.0362,JAPAN,Consumer Cyclicals,Automobiles & Auto Parts,Automobiles & Auto Parts
VFAWF.PK,M&T BANK CORP ORD,MTB.N,49241,0.0361,UNITED STATES,Financials,Banking & Investment Services,Banking Services
VFAWF.PK,TESCO PLC ORD,TSCO.L,2055161,0.0357,UNITED KINGDOM,Consumer Non-Cyclicals,Food & Drug Retailing,Food & Drug Retailing
VFAWF.PK,XIAOMI CORP ORD,1810.HK,4318600,0.0356,CHINA,Technology,Technology Equipment,"Computers, Phones & Household Electronics"
VFAWF.PK,RESTAURANT BRANDS INTERNATIONAL INC ORD,QSR.N,88211,0.0354,CANADA,Consumer Cyclicals,Cyclical Consumer Services,Hotels & Entertainment Services
VFAWF.PK,QUANTA COMPUTER INC ORD,2382.TW,883000,0.0351,TAIWAN,Technology,Technology Equipment,"Computers, Phones & Household Electronics"
VFAWF.PK,SANDVIK AB ORD,SAND.ST,329856,0.0351,SWEDEN,Industrials,Industrial Goods,"Machinery, Tools, Heavy Vehicles, Trains & Ships"
VFAWF.PK,RENESAS ELECTRONICS CORP ORD,6723.T,344378,0.035,JAPAN,Technology,Technology Equipment,Semiconductors & Semiconductor Equipment
VFAWF.PK,FORTESCUE METALS GROUP LTD ORD,FMG.AX,454389,0.0348,AUSTRALIA,Basic Materials,Mineral Resources,Metals & Mining
VFAWF.PK,ORIX CORP ORD,8591.T,345500,0.0348,JAPAN,Financials,Banking & Investment Services,Banking Services
VFAWF.PK,LI AUTO INC ORD,2015.HK,312147,0.0348,CHINA,Consumer Cyclicals,Automobiles & Auto Parts,Automobiles & Auto Parts
VFAWF.PK,HARTFORD FINANCIAL SERVICES GROUP INC ORD,HIG.N,92150,0.0347,UNITED STATES,Financials,Insurance,Insurance
VFAWF.PK,FUJIFILM HOLDINGS CORP ORD,4901.T,114100,0.0347,JAPAN,Healthcare,Healthcare Services & Equipment,Healthcare Equipment & Supplies
VFAWF.PK,ASSA ABLOY AB ORD,ASSAb.ST,274880,0.0347,SWEDEN,Consumer Cyclicals,Cyclical Consumer Products,Homebuilding & Construction Supplies
VFAWF.PK,LG CHEM LTD ORD,051910.KS,13042,0.0347,KOREA,Basic Materials,Chemicals,Chemicals
VFAWF.PK,KUWAIT FINANCE HOUSE KSCP ORD,KFH.KW,2582649,0.0347,KUWAIT,Financials,Banking & Investment Services,Banking Services
VFAWF.PK,SBA COMMUNICATIONS CORP ORD,SBAC.OQ,30146,0.0346,UNITED STATES,Real Estate,Real Estate,Residential & Commercial REITs
VFAWF.PK,MERCK KGAA ORD,MRCG.DE,37353,0.0345,GERMANY,Healthcare,Pharmaceuticals & Medical Research,Pharmaceuticals
VFAWF.PK,CELLNEX TELECOM SA ORD,CLNX.MC,160961,0.0345,SPAIN,Technology,Telecommunications Services,Telecommunications Services
VFAWF.PK,EVOLUTION AB (PUBL) ORD,EVOG.ST,53321,0.0345,SWEDEN,Consumer Cyclicals,Cyclical Consumer Services,Hotels & Entertainment Services
VFAWF.PK,DEUTSCHE BANK AG ORD,DBKGn.DE,590417,0.0344,GERMANY,Financials,Banking & Investment Services,Banking Services
VFAWF.PK,COMPAGNIE GENERALE DES ETABLISSEMENTS MICHELIN SCA ORD,MICP.PA,199733,0.0343,FRANCE,Consumer Cyclicals,Automobiles & Auto Parts,Automobiles & Auto Parts
VFAWF.PK,3I GROUP PLC,III.L,257827,0.0343,NULL,Financials,Banking & Investment Services,Investment Banking & Investment Services
VFAWF.PK,LARSEN AND TOUBRO LTD ORD,LART.NS,201234,0.0343,INDIA,Industrials,Industrial & Commercial Services,Construction & Engineering
VFAWF.PK,EAST JAPAN RAILWAY CO ORD,9020.T,115400,0.0342,JAPAN,Industrials,Transportation,Passenger Transportation Services
VFAWF.PK,KWEICHOW MOUTAI CO LTD ORD,600519.SS,24835,0.0342,CHINA,Consumer Non-Cyclicals,Food & Beverages,Beverages
VFAWF.PK,SSE PLC ORD,SSE.L,299111,0.034,UNITED KINGDOM,Utilities,Utilities,Electric Utilities & IPPs
VFAWF.PK,HYUNDAI MOTOR CO ORD,005380.KS,42178,0.034,KOREA,Consumer Cyclicals,Automobiles & Auto Parts,Automobiles & Auto Parts
VFAWF.PK,STERIS PLC ORD,STE.N,28725,0.0339,IRELAND,Healthcare,Healthcare Services & Equipment,Healthcare Equipment & Supplies
VFAWF.PK,ULTA BEAUTY INC ORD,ULTA.OQ,14492,0.0337,UNITED STATES,Consumer Cyclicals,Retailers,Specialty Retailers
VFAWF.PK,ALEXANDRIA REAL ESTATE EQUITIES INC ORD,ARE.N,51256,0.0337,UNITED STATES,Real Estate,Real Estate,Residential & Commercial REITs
VFAWF.PK,STANDARD CHARTERED PLC ORD,STAN.L,667559,0.0336,UNITED KINGDOM,Financials,Banking & Investment Services,Banking Services
VFAWF.PK,VODAFONE GROUP PLC ORD,VOD.L,6689803,0.0335,UNITED KINGDOM,Technology,Telecommunications Services,Telecommunications Services
VFAWF.PK,COTERRA ENERGY INC ORD,CTRA.N,231492,0.0334,UNITED STATES,Energy,Energy - Fossil Fuels,Oil & Gas
VFAWF.PK,FIRSTENERGY CORP ORD,FE.N,162091,0.0334,UNITED STATES,Utilities,Utilities,Electric Utilities & IPPs
VFAWF.PK,TRIP.COM GROUP LTD ORD,9961.HK,159086,0.0333,CHINA,Consumer Cyclicals,Cyclical Consumer Services,Hotels & Entertainment Services
VFAWF.PK,BAXTER INTERNATIONAL INC ORD,BAX.N,140474,0.0333,UNITED STATES,Healthcare,Healthcare Services & Equipment,Healthcare Equipment & Supplies
VFAWF.PK,FIRSTRAND LTD ORD,FSRJ.J,1550422,0.0332,SOUTH AFRICA,Financials,Banking & Investment Services,Banking Services
VFAWF.PK,AMEREN CORP ORD,AEE.N,73866,0.0331,UNITED STATES,Utilities,Utilities,Multiline Utilities
VFAWF.PK,QATAR NATIONAL BANK QPSC ORD,QNBK.QA,1353640,0.0331,QATAR,Financials,Banking & Investment Services,Banking Services
VFAWF.PK,ASM INTERNATIONAL NV ORD,ASMI.AS,13215,0.033,NETHERLANDS,Technology,Technology Equipment,Semiconductors & Semiconductor Equipment
VFAWF.PK,FUJITSU LTD ORD,6702.T,48500,0.0329,JAPAN,Technology,Software & IT Services,Software & IT Services
VFAWF.PK,WALGREENS BOOTS ALLIANCE INC ORD,WBA.OQ,209441,0.0329,UNITED STATES,Consumer Non-Cyclicals,Food & Drug Retailing,Food & Drug Retailing
VFAWF.PK,FIRST SOLAR INC ORD,FSLR.OQ,30307,0.0329,UNITED STATES,Energy,Renewable Energy,Renewable Energy
VFAWF.PK,SPOTIFY TECHNOLOGY SA ORD,SPOT.N,42044,0.0329,LUXEMBOURG,Technology,Software & IT Services,Software & IT Services
VFAWF.PK,CGI INC ORD,GIBa.TO,61620,0.0328,CANADA,Technology,Software & IT Services,Software & IT Services
VFAWF.PK,TELEFONICA SA ORD,TEF.MC,1465100,0.0328,SPAIN,Technology,Telecommunications Services,Telecommunications Services
VFAWF.PK,EMIRATES TELECOMMUNICATIONS GROUP COMPANY PJSC ORD,EAND.AD,1028848,0.0328,UNITED ARAB EMIRATES,Technology,Telecommunications Services,Telecommunications Services
VFAWF.PK,NOKIA OYJ ORD,NOKIA.HE,1586094,0.0328,FINLAND,Technology,Technology Equipment,Communications & Networking
VFAWF.PK,MCCORMICK & COMPANY INC ORD,MKC.N,70037,0.0328,UNITED STATES,Consumer Non-Cyclicals,Food & Beverages,Food & Tobacco
VFAWF.PK,SAUDI BASIC INDUSTRIES CORPORATION SJSC ORD,2010.SE,273555,0.0327,SAUDI ARABIA,Basic Materials,Chemicals,Chemicals
VFAWF.PK,SAUDI TELECOM COMPANY SJSC ORD,7010.SE,553044,0.0327,SAUDI ARABIA,Technology,Telecommunications Services,Telecommunications Services
VFAWF.PK,WILLIS TOWERS WATSON PLC ORD,WTW.OQ,29434,0.0326,UNITED KINGDOM,Financials,Insurance,Insurance
VFAWF.PK,HOWMET AEROSPACE INC ORD,HWM.N,121390,0.0325,UNITED STATES,Industrials,Industrial Goods,Aerospace & Defense
VFAWF.PK,HALEON PLC ORD,HLN.L,1436024,0.0325,UNITED KINGDOM,Healthcare,Pharmaceuticals & Medical Research,Pharmaceuticals
VFAWF.PK,RAYMOND JAMES FINANCIAL INC ORD,RJF.N,56413,0.0325,UNITED STATES,Financials,Banking & Investment Services,Investment Banking & Investment Services
VFAWF.PK,HORIZON THERAPEUTICS PLC ORD,HZNP.OQ,61926,0.0325,IRELAND,Healthcare,Pharmaceuticals & Medical Research,Pharmaceuticals
VFAWF.PK,IMPERIAL BRANDS PLC ORD,IMB.L,261397,0.0324,UNITED KINGDOM,Consumer Non-Cyclicals,Food & Beverages,Food & Tobacco
VFAWF.PK,BAJAJ FINANCE LTD ORD,BJFN.NS,69412,0.0323,INDIA,Financials,Banking & Investment Services,Banking Services
VFAWF.PK,HEWLETT PACKARD ENTERPRISE CO ORD,HPE.N,355116,0.0323,UNITED STATES,Technology,Technology Equipment,"Computers, Phones & Household Electronics"
VFAWF.PK,ATLAS COPCO AB ORD,ATCOb.ST,494598,0.032,SWEDEN,Industrials,Industrial Goods,"Machinery, Tools, Heavy Vehicles, Trains & Ships"
VFAWF.PK,WAL MART DE MEXICO SAB DE CV ORD,WALMEX.MX,1461300,0.0319,MEXICO,Consumer Cyclicals,Retailers,Diversified Retail
VFAWF.PK,CENTRAL JAPAN RAILWAY CO ORD,9022.T,47600,0.0318,JAPAN,Industrials,Transportation,Passenger Transportation Services
VFAWF.PK,TERUMO CORP ORD,4543.T,185800,0.0318,JAPAN,Healthcare,Healthcare Services & Equipment,Healthcare Equipment & Supplies
VFAWF.PK,GENUINE PARTS CO ORD,GPC.N,38882,0.0317,UNITED STATES,Consumer Cyclicals,Automobiles & Auto Parts,Automobiles & Auto Parts
VFAWF.PK,INVITATION HOMES INC ORD,INVH.N,170803,0.0317,UNITED STATES,Real Estate,Real Estate,Residential & Commercial REITs
VFAWF.PK,ASAHI GROUP HOLDINGS LTD ORD,2502.T,153689,0.0317,JAPAN,Consumer Non-Cyclicals,Food & Beverages,Beverages
VFAWF.PK,INTERNATIONAL FLAVORS & FRAGRANCES INC ORD,IFF.N,71522,0.0317,UNITED STATES,Consumer Non-Cyclicals,Food & Beverages,Food & Tobacco
VFAWF.PK,ORANGE SA ORD,ORAN.PA,533440,0.0317,FRANCE,Technology,Telecommunications Services,Telecommunications Services
VFAWF.PK,DARDEN RESTAURANTS INC ORD,DRI.N,35689,0.0316,UNITED STATES,Consumer Cyclicals,Cyclical Consumer Services,Hotels & Entertainment Services
VFAWF.PK,EXPEDITORS INTERNATIONAL OF WASHINGTON INC ORD,EXPD.OQ,46959,0.0313,UNITED STATES,Industrials,Transportation,Freight & Logistics Services
VFAWF.PK,GEBERIT AG ORD,GEBN.S,10513,0.0313,SWITZERLAND,Consumer Cyclicals,Cyclical Consumer Products,Homebuilding & Construction Supplies
VFAWF.PK,SAMPO OYJ ORD,SAMPO.HE,134871,0.0312,FINLAND,Financials,Insurance,Insurance
VFAWF.PK,DTE ENERGY CO ORD,DTE.N,52188,0.0312,UNITED STATES,Utilities,Utilities,Electric Utilities & IPPs
VFAWF.PK,REPSOL SA ORD,REP.MC,387334,0.0311,SPAIN,Energy,Energy - Fossil Fuels,Oil & Gas
VFAWF.PK,DOVER CORP ORD,DOV.N,40438,0.0309,UNITED STATES,Industrials,Industrial Goods,"Machinery, Tools, Heavy Vehicles, Trains & Ships"
VFAWF.PK,RENTOKIL INITIAL PLC ORD,RTO.L,718991,0.0308,UNITED KINGDOM,Industrials,Industrial & Commercial Services,Professional & Commercial Services
VFAWF.PK,OLYMPUS CORP ORD,7733.T,360500,0.0308,JAPAN,Healthcare,Healthcare Services & Equipment,Healthcare Equipment & Supplies
VFAWF.PK,PPL CORP ORD,PPL.N,213409,0.0308,UNITED STATES,Utilities,Utilities,Multiline Utilities
VFAWF.PK,FOMENTO ECONOMICO MEXICANO SAB DE CV,FEMSAUBD.MX,517637,0.0308,MEXICO,Consumer Non-Cyclicals,Food & Drug Retailing,Food & Drug Retailing
VFAWF.PK,FAIR ISAAC CORP ORD,FICO.N,7006,0.0307,UNITED STATES,Technology,Software & IT Services,Software & IT Services
VFAWF.PK,DNB BANK ASA ORD,DNB.OL,282564,0.0306,NORWAY,Financials,Banking & Investment Services,Banking Services
VFAWF.PK,WUXI BIOLOGICS (CAYMAN) INC ORD,2269.HK,1033169,0.0306,CHINA,Healthcare,Pharmaceuticals & Medical Research,Pharmaceuticals
VFAWF.PK,ENTERGY CORP ORD,ETR.N,56929,0.0306,UNITED STATES,Utilities,Utilities,Electric Utilities & IPPs
VFAWF.PK,WESTINGHOUSE AIR BRAKE TECHNOLOGIES CORP ORD,WAB.N,49262,0.0305,UNITED STATES,Industrials,Industrial Goods,"Machinery, Tools, Heavy Vehicles, Trains & Ships"
VFAWF.PK,DAI-ICHI LIFE HOLDINGS INC ORD,8750.T,283400,0.0303,JAPAN,Financials,Insurance,Insurance
VFAWF.PK,NVR INC ORD,NVR.N,914,0.0302,UNITED STATES,Consumer Cyclicals,Cyclical Consumer Products,Homebuilding & Construction Supplies
VFAWF.PK,TECK RESOURCES LTD ORD,TECK.N,129444,0.0302,CANADA,Basic Materials,Mineral Resources,Metals & Mining
VFAWF.PK,ROLLS-ROYCE HOLDINGS PLC ORD,RR.L,2416967,0.0301,UNITED KINGDOM,Industrials,Industrial Goods,Aerospace & Defense
VFAWF.PK,THOMSON REUTERS CORP ORD,TRI.TO,42531,0.0301,CANADA,Industrials,Industrial & Commercial Services,Professional & Commercial Services
VFAWF.PK,BROADRIDGE FINANCIAL SOLUTIONS INC ORD,BR.N,34125,0.03,UNITED STATES,Industrials,Industrial & Commercial Services,Professional & Commercial Services
VFAWF.PK,COOPER COMPANIES INC ORD,COO.N,14615,0.0299,UNITED STATES,Healthcare,Healthcare Services & Equipment,Healthcare Equipment & Supplies
VFAWF.PK,SOCIETE GENERALE SA ORD,SOGN.PA,209868,0.0299,FRANCE,Financials,Banking & Investment Services,Banking Services
VFAWF.PK,ICON PLC ORD,ICLR.OQ,22648,0.0298,IRELAND,Healthcare,Pharmaceuticals & Medical Research,Biotechnology & Medical Research
VFAWF.PK,VEOLIA ENVIRONNEMENT SA ORD,VIE.PA,174236,0.0298,FRANCE,Utilities,Utilities,Multiline Utilities
VFAWF.PK,WHEATON PRECIOUS METALS CORP ORD,WPM.TO,126176,0.0297,CANADA,Basic Materials,Mineral Resources,Metals & Mining
VFAWF.PK,FORTIS INC ORD,FTS.TO,132446,0.0296,CANADA,Utilities,Utilities,Electric Utilities & IPPs
VFAWF.PK,MITSUI FUDOSAN CO LTD ORD,8801.T,274200,0.0295,JAPAN,Real Estate,Real Estate,Real Estate Operations
VFAWF.PK,BANCO BRADESCO SA,BBDC4.SA,1610270,0.0295,BRAZIL,Financials,Banking & Investment Services,Banking Services
VFAWF.PK,CLOROX CO ORD,CLX.N,37168,0.0295,UNITED STATES,Consumer Non-Cyclicals,Personal & Household Products & Services,Personal & Household Products & Services
VFAWF.PK,PEMBINA PIPELINE CORP ORD,PPL.TO,177912,0.0295,CANADA,Energy,Energy - Fossil Fuels,Oil & Gas Related Equipment and Services
VFAWF.PK,PUBLICIS GROUPE SA ORD,PUBP.PA,69651,0.0295,FRANCE,Consumer Cyclicals,Cyclical Consumer Services,Media & Publishing
VFAWF.PK,CHINA MERCHANTS BANK CO LTD ORD,600036.SS,1132700,0.0295,CHINA,Financials,Banking & Investment Services,Banking Services
VFAWF.PK,PRINCIPAL FINANCIAL GROUP INC ORD,PFG.OQ,70281,0.0294,UNITED STATES,Financials,Banking & Investment Services,Investment Banking & Investment Services
VFAWF.PK,HOLOGIC INC ORD,HOLX.OQ,70717,0.0294,UNITED STATES,Healthcare,Healthcare Services & Equipment,Healthcare Equipment & Supplies
VFAWF.PK,DSM-FIRMENICH AG ORD,DSFIR.AS,50589,0.0293,SWITZERLAND,Consumer Non-Cyclicals,Food & Beverages,Food & Tobacco
VFAWF.PK,PULTEGROUP INC ORD,PHM.N,66345,0.0293,UNITED STATES,Consumer Cyclicals,Cyclical Consumer Products,Homebuilding & Construction Supplies
VFAWF.PK,VENTAS INC ORD,VTR.N,115452,0.0293,UNITED STATES,Real Estate,Real Estate,Residential & Commercial REITs
VFAWF.PK,AJINOMOTO CO INC ORD,2802.T,143000,0.0292,JAPAN,Consumer Non-Cyclicals,Food & Beverages,Food & Tobacco
VFAWF.PK,CLOUDFLARE INC ORD,NET.N,81172,0.0292,UNITED STATES,Technology,Software & IT Services,Software & IT Services
VFAWF.PK,ICICI BANK LTD ORD,ICBK.NS,459509,0.0292,INDIA,Financials,Banking & Investment Services,Banking Services
VFAWF.PK,TARGA RESOURCES CORP ORD,TRGP.N,67896,0.0291,UNITED STATES,Energy,Energy - Fossil Fuels,Oil & Gas Related Equipment and Services
VFAWF.PK,MARKEL GROUP INC ORD,MKL.N,3836,0.0291,UNITED STATES,Financials,Insurance,Insurance
VFAWF.PK,ENPHASE ENERGY INC ORD,ENPH.OQ,36419,0.029,UNITED STATES,Energy,Renewable Energy,Renewable Energy
VFAWF.PK,CHUGAI PHARMACEUTICAL CO LTD ORD,4519.T,184400,0.0288,JAPAN,Healthcare,Pharmaceuticals & Medical Research,Pharmaceuticals
VFAWF.PK,CARNIVAL CORP ORD,CCL.N,291138,0.0287,UNITED STATES,Consumer Cyclicals,Cyclical Consumer Services,Hotels & Entertainment Services
VFAWF.PK,VERISIGN INC ORD,VRSN.OQ,25968,0.0287,UNITED STATES,Technology,Software & IT Services,Software & IT Services
VFAWF.PK,DAIWA HOUSE INDUSTRY CO LTD ORD,1925.T,201400,0.0287,JAPAN,Consumer Cyclicals,Cyclical Consumer Products,Homebuilding & Construction Supplies
VFAWF.PK,FIFTH THIRD BANCORP ORD,FITB.OQ,188280,0.0287,UNITED STATES,Financials,Banking & Investment Services,Banking Services
VFAWF.PK,MAHINDRA AND MAHINDRA LTD ORD,MAHM.NS,304306,0.0286,INDIA,Consumer Cyclicals,Automobiles & Auto Parts,Automobiles & Auto Parts
VFAWF.PK,NIO ADS REP 1 CL A ORD,NIO.N,356897,0.0286,CHINA,Consumer Cyclicals,Automobiles & Auto Parts,Automobiles & Auto Parts
VFAWF.PK,ARISTOCRAT LEISURE LTD ORD,ALL.AX,205778,0.0286,AUSTRALIA,Consumer Cyclicals,Cyclical Consumer Services,Hotels & Entertainment Services
VFAWF.PK,FLEETCOR TECHNOLOGIES INC ORD,FLT.N,21920,0.0286,UNITED STATES,Industrials,Industrial & Commercial Services,Professional & Commercial Services
VFAWF.PK,SWISS LIFE HOLDING AG ORD,SLHN.S,8533,0.0285,SWITZERLAND,Financials,Insurance,Insurance
VFAWF.PK,KBC GROEP NV ORD,KBC.BR,72108,0.0285,BELGIUM,Financials,Banking & Investment Services,Banking Services
VFAWF.PK,B3 SA BRASIL BOLSA BALCAO ORD,B3SA3.SA,1739181,0.0285,BRAZIL,Financials,Banking & Investment Services,Investment Banking & Investment Services
VFAWF.PK,INSULET CORP ORD,PODD.OQ,19638,0.0285,UNITED STATES,Healthcare,Healthcare Services & Equipment,Healthcare Equipment & Supplies
VFAWF.PK,TEXTRON INC ORD,TXT.N,69665,0.0284,UNITED STATES,Industrials,Industrial Goods,Aerospace & Defense
VFAWF.PK,LABORATORY CORPORATION OF AMERICA HOLDINGS ORD,LH.N,25369,0.0284,UNITED STATES,Healthcare,Healthcare Services & Equipment,Healthcare Providers & Services
VFAWF.PK,LAS VEGAS SANDS CORP ORD,LVS.N,90675,0.0284,UNITED STATES,Consumer Cyclicals,Cyclical Consumer Services,Hotels & Entertainment Services
VFAWF.PK,DOLLARAMA INC ORD,DOL.TO,82190,0.0284,CANADA,Consumer Cyclicals,Retailers,Diversified Retail
VFAWF.PK,SUN HUNG KAI PROPERTIES LTD ORD,0016.HK,433000,0.0284,HONG KONG,Real Estate,Real Estate,Real Estate Operations
VFAWF.PK,COUPANG INC ORD,CPNG.N,297349,0.0283,UNITED STATES,Consumer Cyclicals,Retailers,Diversified Retail
VFAWF.PK,SUZUKI MOTOR CORP ORD,7269.T,134100,0.0282,JAPAN,Consumer Cyclicals,Automobiles & Auto Parts,Automobiles & Auto Parts
VFAWF.PK,HEXAGON AB ORD,HEXAb.ST,554956,0.0282,SWEDEN,Technology,Technology Equipment,Electronic Equipment & Parts
VFAWF.PK,ASIAN PAINTS LTD ORD,ASPN.NS,131173,0.0282,INDIA,Basic Materials,Chemicals,Chemicals
VFAWF.PK,MS&AD INSURANCE GROUP HOLDINGS INC ORD,8725.T,144300,0.0281,JAPAN,Financials,Insurance,Insurance
VFAWF.PK,KONINKLIJKE PHILIPS NV ORD,PHG.AS,257145,0.0281,NETHERLANDS,Healthcare,Healthcare Services & Equipment,Healthcare Equipment & Supplies
VFAWF.PK,SHISEIDO CO LTD ORD,4911.T,122500,0.0281,JAPAN,Consumer Non-Cyclicals,Personal & Household Products & Services,Personal & Household Products & Services
VFAWF.PK,PAYCOM SOFTWARE INC ORD,PAYC.N,14448,0.0279,UNITED STATES,Technology,Software & IT Services,Software & IT Services
VFAWF.PK,OTSUKA HOLDINGS CO LTD ORD,4578.T,144500,0.0278,JAPAN,Healthcare,Pharmaceuticals & Medical Research,Pharmaceuticals
VFAWF.PK,KYOCERA CORP ORD,6971.T,98800,0.0278,JAPAN,Industrials,Industrial Goods,"Machinery, Tools, Heavy Vehicles, Trains & Ships"
VFAWF.PK,TELEDYNE TECHNOLOGIES INC ORD,TDY.N,13763,0.0277,UNITED STATES,Technology,Technology Equipment,Electronic Equipment & Parts
VFAWF.PK,ZOOM VIDEO COMMUNICATIONS INC ORD,ZM.OQ,72080,0.0277,UNITED STATES,Technology,Software & IT Services,Software & IT Services
VFAWF.PK,KAO CORP ORD,4452.T,138900,0.0277,JAPAN,Consumer Non-Cyclicals,Personal & Household Products & Services,Personal & Household Products & Services
VFAWF.PK,REGIONS FINANCIAL CORP ORD,RF.N,258687,0.0276,UNITED STATES,Financials,Banking & Investment Services,Banking Services
VFAWF.PK,TERADYNE INC ORD,TER.OQ,46646,0.0276,UNITED STATES,Technology,Technology Equipment,Semiconductors & Semiconductor Equipment
VFAWF.PK,SKYWORKS SOLUTIONS INC ORD,SWKS.OQ,45941,0.0275,UNITED STATES,Technology,Technology Equipment,Semiconductors & Semiconductor Equipment
VFAWF.PK,CENTERPOINT ENERGY INC ORD,CNP.N,174691,0.0275,UNITED STATES,Utilities,Utilities,Multiline Utilities
VFAWF.PK,BALL CORP ORD,BALL.N,89476,0.0275,UNITED STATES,Basic Materials,Applied Resources,Containers & Packaging
VFAWF.PK,FIRST ABU DHABI BANK PJSC ORD,FAB.AD,1312248,0.0274,UNITED ARAB EMIRATES,Financials,Banking & Investment Services,Banking Services
VFAWF.PK,ROBLOX CORP ORD,RBLX.N,133265,0.0274,UNITED STATES,Technology,Software & IT Services,Software & IT Services
VFAWF.PK,STRAUMANN HOLDING AG ORD,STMN.S,31329,0.0273,SWITZERLAND,Healthcare,Healthcare Services & Equipment,Healthcare Equipment & Supplies
VFAWF.PK,DAIMLER TRUCK HOLDING AG ORD,DTGGe.DE,138719,0.0273,GERMANY,Industrials,Industrial Goods,"Machinery, Tools, Heavy Vehicles, Trains & Ships"
VFAWF.PK,UNIVERSAL MUSIC GROUP NV ORD,UMG.AS,202546,0.0273,NETHERLANDS,Consumer Cyclicals,Cyclical Consumer Services,Media & Publishing
VFAWF.PK,LPL FINANCIAL HOLDINGS INC ORD,LPLA.OQ,22737,0.0273,UNITED STATES,Financials,Banking & Investment Services,Investment Banking & Investment Services
VFAWF.PK,STEEL DYNAMICS INC ORD,STLD.OQ,48304,0.027,UNITED STATES,Basic Materials,Mineral Resources,Metals & Mining
VFAWF.PK,OMNICOM GROUP INC ORD,OMC.N,60664,0.0269,UNITED STATES,Consumer Cyclicals,Cyclical Consumer Services,Media & Publishing
VFAWF.PK,ITC LTD ORD,ITC.NS,903564,0.0268,INDIA,Consumer Non-Cyclicals,Food & Beverages,Food & Tobacco
VFAWF.PK,SWEDBANK AB ORD,SWEDa.ST,278757,0.0268,SWEDEN,Financials,Banking & Investment Services,Banking Services
VFAWF.PK,NIPPON STEEL CORP ORD,5401.T,224343,0.0268,JAPAN,Basic Materials,Mineral Resources,Metals & Mining
VFAWF.PK,IDEX CORP ORD,IEX.N,22555,0.0267,UNITED STATES,Industrials,Industrial Goods,"Machinery, Tools, Heavy Vehicles, Trains & Ships"
VFAWF.PK,SINGAPORE TELECOMMUNICATIONS LTD ORD,STEL.SI,2549200,0.0267,SINGAPORE,Technology,Telecommunications Services,Telecommunications Services
VFAWF.PK,CMS ENERGY CORP ORD,CMS.N,83412,0.0267,UNITED STATES,Utilities,Utilities,Multiline Utilities
VFAWF.PK,UNITED MICROELECTRONICS CORP ORD,2303.TW,3402000,0.0266,TAIWAN,Technology,Technology Equipment,Semiconductors & Semiconductor Equipment
VFAWF.PK,KONE OYJ ORD,KNEBV.HE,98887,0.0266,FINLAND,Industrials,Industrial Goods,"Machinery, Tools, Heavy Vehicles, Trains & Ships"
VFAWF.PK,FAIRFAX FINANCIAL HOLDINGS LTD ORD,FFH.TO,6368,0.0266,CANADA,Financials,Insurance,Insurance
VFAWF.PK,L'OREAL SA PRIME FIDELITE 2025,NULL,10861,0.0265,NULL,Unable to resolve all requested identifiers.,,
VFAWF.PK,UPM-KYMMENE OYJ ORD,UPM.HE,152644,0.0265,FINLAND,Basic Materials,Applied Resources,Paper & Forest Products
VFAWF.PK,MOLINA HEALTHCARE INC ORD,MOH.N,16576,0.0264,UNITED STATES,Healthcare,Healthcare Services & Equipment,Healthcare Providers & Services
VFAWF.PK,EXPEDIA GROUP INC ORD,EXPE.OQ,41100,0.0264,UNITED STATES,Consumer Cyclicals,Cyclical Consumer Services,Hotels & Entertainment Services
VFAWF.PK,HUNTINGTON BANCSHARES INC ORD,HBAN.OQ,412273,0.0264,UNITED STATES,Financials,Banking & Investment Services,Banking Services
VFAWF.PK,TYLER TECHNOLOGIES INC ORD,TYL.N,12734,0.0264,UNITED STATES,Technology,Software & IT Services,Software & IT Services
VFAWF.PK,MAGNA INTERNATIONAL INC ORD,MG.TO,77990,0.0263,CANADA,Consumer Cyclicals,Automobiles & Auto Parts,Automobiles & Auto Parts
VFAWF.PK,CK HUTCHISON HOLDINGS LTD ORD,0001.HK,813544,0.0263,HONG KONG,Financials,Investment Holding Companies,Investment Holding Companies
VFAWF.PK,BANK MANDIRI (PERSERO) TBK PT ORD,BMRI.JK,13156100,0.0262,INDONESIA,Financials,Banking & Investment Services,Banking Services
VFAWF.PK,BEST BUY CO INC ORD,BBY.N,60361,0.0262,UNITED STATES,Consumer Cyclicals,Retailers,Specialty Retailers
VFAWF.PK,EXACT SCIENCES CORP ORD,EXAS.OQ,51108,0.0261,UNITED STATES,Healthcare,Pharmaceuticals & Medical Research,Biotechnology & Medical Research
VFAWF.PK,GRUPO MEXICO SAB DE CV ORD,GMEXICOB.MX,952500,0.026,MEXICO,Basic Materials,Mineral Resources,Metals & Mining
VFAWF.PK,BROWN & BROWN INC ORD,BRO.N,70420,0.026,UNITED STATES,Financials,Insurance,Insurance
VFAWF.PK,MID-AMERICA APARTMENT COMMUNITIES INC ORD,MAA.N,33178,0.026,UNITED STATES,Real Estate,Real Estate,Residential & Commercial REITs
VFAWF.PK,KIA CORP ORD,000270.KS,76339,0.0259,KOREA,Consumer Cyclicals,Automobiles & Auto Parts,Automobiles & Auto Parts
VFAWF.PK,ATMOS ENERGY CORP ORD,ATO.N,40679,0.0259,UNITED STATES,Utilities,Utilities,Natural Gas Utilities
VFAWF.PK,SKANDINAVISKA ENSKILDA BANKEN AB ORD,SEBa.ST,406668,0.0258,SWEDEN,Financials,Banking & Investment Services,Banking Services
VFAWF.PK,TITAN COMPANY LTD ORD,TITN.NS,134270,0.0257,INDIA,Consumer Cyclicals,Cyclical Consumer Products,Textiles & Apparel
VFAWF.PK,SUN PHARMACEUTICAL INDUSTRIES LTD ORD,SUN.NS,353280,0.0257,INDIA,Healthcare,Pharmaceuticals & Medical Research,Pharmaceuticals
VFAWF.PK,FACTSET RESEARCH SYSTEMS INC ORD,FDS.N,11247,0.0256,UNITED STATES,Industrials,Industrial & Commercial Services,Professional & Commercial Services
VFAWF.PK,IRON MOUNTAIN INC ORD,IRM.N,79449,0.0255,UNITED STATES,Real Estate,Real Estate,Residential & Commercial REITs
VFAWF.PK,NASDAQ INC ORD,NDAQ.OQ,96390,0.0255,UNITED STATES,Financials,Banking & Investment Services,Investment Banking & Investment Services
VFAWF.PK,LEGAL & GENERAL GROUP PLC ORD,LGEN.L,1622553,0.0255,UNITED KINGDOM,Financials,Banking & Investment Services,Investment Banking & Investment Services
VFAWF.PK,NETAPP INC ORD,NTAP.OQ,62468,0.0255,UNITED STATES,Technology,Technology Equipment,"Computers, Phones & Household Electronics"
VFAWF.PK,SPLUNK INC ORD,SPLK.OQ,44688,0.0253,UNITED STATES,Technology,Software & IT Services,Software & IT Services
VFAWF.PK,WATERS CORP ORD,WAT.N,17480,0.0253,UNITED STATES,Healthcare,Healthcare Services & Equipment,Healthcare Equipment & Supplies
VFAWF.PK,TATA MOTORS LTD ORD,TAMO.NS,613263,0.0252,INDIA,Consumer Cyclicals,Automobiles & Auto Parts,Automobiles & Auto Parts
VFAWF.PK,MARATHON OIL CORP ORD,MRO.N,182240,0.0251,UNITED STATES,Energy,Energy - Fossil Fuels,Oil & Gas
VFAWF.PK,KELLOGG CO ORD,K.N,71475,0.025,UNITED STATES,Consumer Non-Cyclicals,Food & Beverages,Food & Tobacco
VFAWF.PK,GARMIN LTD ORD,GRMN.N,45094,0.025,SWITZERLAND,Technology,Technology Equipment,Communications & Networking
VFAWF.PK,KUEHNE UND NAGEL INTERNATIONAL AG ORD,KNIN.S,15192,0.025,SWITZERLAND,Industrials,Transportation,Freight & Logistics Services
VFAWF.PK,INVESTOR AB ORD,INVEa.ST,235200,0.025,SWEDEN,Financials,Investment Holding Companies,Investment Holding Companies
VFAWF.PK,NATWEST GROUP PLC ORD,NWG.L,1521703,0.025,UNITED KINGDOM,Financials,Banking & Investment Services,Banking Services
VFAWF.PK,DISCO CORP ORD,6146.T,25400,0.0249,JAPAN,Technology,Technology Equipment,Semiconductors & Semiconductor Equipment
VFAWF.PK,NEWCREST MINING LTD ORD,NCM.AX,267587,0.0249,AUSTRALIA,Basic Materials,Mineral Resources,Metals & Mining
VFAWF.PK,SUN COMMUNITIES INC ORD,SUI.N,36379,0.0248,UNITED STATES,Real Estate,Real Estate,Residential & Commercial REITs
VFAWF.PK,MARUTI SUZUKI INDIA LTD ORD,MRTI.NS,39634,0.0248,INDIA,Consumer Cyclicals,Automobiles & Auto Parts,Automobiles & Auto Parts
VFAWF.PK,PINTEREST INC ORD,PINS.N,163669,0.0248,UNITED STATES,Technology,Software & IT Services,Software & IT Services
VFAWF.PK,KUBOTA CORP ORD,6326.T,313200,0.0248,JAPAN,Industrials,Industrial Goods,"Machinery, Tools, Heavy Vehicles, Trains & Ships"
VFAWF.PK,J B HUNT TRANSPORT SERVICES INC ORD,JBHT.OQ,23246,0.0248,UNITED STATES,Industrials,Transportation,Freight & Logistics Services
VFAWF.PK,AKZO NOBEL NV ORD,AKZO.AS,55356,0.0248,NETHERLANDS,Basic Materials,Chemicals,Chemicals
VFAWF.PK,CAIXABANK SA ORD,CABK.MC,1166614,0.0247,SPAIN,Financials,Banking & Investment Services,Banking Services
VFAWF.PK,CF INDUSTRIES HOLDINGS INC ORD,CF.N,57387,0.0247,UNITED STATES,Basic Materials,Chemicals,Chemicals
VFAWF.PK,VONOVIA SE ORD,VNAn.DE,201696,0.0247,GERMANY,Real Estate,Real Estate,Real Estate Operations
VFAWF.PK,SANTOS LTD ORD,STO.AX,879067,0.0247,AUSTRALIA,Energy,Energy - Fossil Fuels,Oil & Gas
VFAWF.PK,SIEMENS HEALTHINEERS AG ORD,SHLG.DE,80741,0.0246,GERMANY,Healthcare,Healthcare Services & Equipment,Healthcare Equipment & Supplies
VFAWF.PK,CHINA PETROLEUM & CHEMICAL CORP ORD,0386.HK,8407400,0.0246,CHINA,Energy,Energy - Fossil Fuels,Oil & Gas
VFAWF.PK,GALAXY ENTERTAINMENT GROUP LTD ORD,0027.HK,644000,0.0245,HONG KONG,Consumer Cyclicals,Cyclical Consumer Services,Hotels & Entertainment Services
VFAWF.PK,TRANSUNION ORD,TRU.N,58714,0.0245,UNITED STATES,Industrials,Industrial & Commercial Services,Professional & Commercial Services
VFAWF.PK,FERROVIAL SE ORD,FER.MC,140660,0.0245,NETHERLANDS,Industrials,Industrial & Commercial Services,Construction & Engineering
VFAWF.PK,ORSTED A/S ORD,ORSTED.CO,53483,0.0245,DENMARK,Utilities,Utilities,Electric Utilities & IPPs
VFAWF.PK,MONCLER SPA ORD,MONC.MI,64581,0.0245,ITALY,Consumer Cyclicals,Cyclical Consumer Products,Textiles & Apparel
VFAWF.PK,MGM RESORTS INTERNATIONAL ORD,MGM.N,91804,0.0244,UNITED STATES,Consumer Cyclicals,Cyclical Consumer Services,Hotels & Entertainment Services
VFAWF.PK,ESSEX PROPERTY TRUST INC ORD,ESS.N,19132,0.0244,UNITED STATES,Real Estate,Real Estate,Residential & Commercial REITs
VFAWF.PK,NORTHERN TRUST CORP ORD,NTRS.OQ,58059,0.0244,UNITED STATES,Financials,Banking & Investment Services,Investment Banking & Investment Services
VFAWF.PK,KB FINANCIAL GROUP INC ORD,105560.KS,115908,0.0243,KOREA,Financials,Banking & Investment Services,Banking Services
VFAWF.PK,INFORMA PLC ORD,INF.L,474250,0.0242,UNITED KINGDOM,Industrials,Industrial & Commercial Services,Professional & Commercial Services
VFAWF.PK,UNICHARM CORP ORD,8113.T,124500,0.0242,JAPAN,Consumer Non-Cyclicals,Personal & Household Products & Services,Personal & Household Products & Services
VFAWF.PK,HCL TECHNOLOGIES LTD ORD,HCLT.NS,339247,0.0241,INDIA,Technology,Software & IT Services,Software & IT Services
VFAWF.PK,KERRY GROUP PLC ORD,KYGa.I,46286,0.0241,IRELAND,Consumer Non-Cyclicals,Food & Beverages,Food & Tobacco
VFAWF.PK,LG ENERGY SOLUTION LTD ORD,373220.KS,10480,0.0241,KOREA,Industrials,Industrial Goods,"Machinery, Tools, Heavy Vehicles, Trains & Ships"
VFAWF.PK,TDK CORP ORD,6762.T,120300,0.0241,JAPAN,Industrials,Industrial Goods,"Machinery, Tools, Heavy Vehicles, Trains & Ships"
VFAWF.PK,EDENRED SE ORD,EDEN.PA,70697,0.0241,FRANCE,Industrials,Industrial & Commercial Services,Professional & Commercial Services
VFAWF.PK,BIOMARIN PHARMACEUTICAL INC ORD,BMRN.OQ,52256,0.0241,UNITED STATES,Healthcare,Pharmaceuticals & Medical Research,Pharmaceuticals
VFAWF.PK,EISAI CO LTD ORD,4523.T,72700,0.024,JAPAN,Healthcare,Pharmaceuticals & Medical Research,Pharmaceuticals
VFAWF.PK,JULIUS BAER GRUPPE AG ORD,BAER.S,64628,0.024,SWITZERLAND,Financials,Banking & Investment Services,Banking Services
VFAWF.PK,CINCINNATI FINANCIAL CORP ORD,CINF.OQ,42583,0.024,UNITED STATES,Financials,Insurance,Insurance
VFAWF.PK,PTT PCL ORD,PTTf.BK,4471900,0.0239,THAILAND,Energy,Energy - Fossil Fuels,Oil & Gas
VFAWF.PK,PETROCHINA CO LTD ORD,0857.HK,6264000,0.0239,CHINA,Energy,Energy - Fossil Fuels,Oil & Gas
VFAWF.PK,CLP HOLDINGS LTD ORD,0002.HK,560000,0.0239,HONG KONG,Utilities,Utilities,Electric Utilities & IPPs
VFAWF.PK,COLES GROUP LTD ORD,COL.AX,370207,0.0238,AUSTRALIA,Consumer Non-Cyclicals,Food & Drug Retailing,Food & Drug Retailing
VFAWF.PK,AEON CO LTD ORD,8267.T,209300,0.0237,JAPAN,Consumer Non-Cyclicals,Food & Drug Retailing,Food & Drug Retailing
VFAWF.PK,AMCOR CDI,AMC.AX,437611,0.0236,UNITED KINGDOM,Basic Materials,Applied Resources,Containers & Packaging
VFAWF.PK,QUEST DIAGNOSTICS INC ORD,DGX.N,33338,0.0236,UNITED STATES,Healthcare,Healthcare Services & Equipment,Healthcare Providers & Services
VFAWF.PK,PUBLIC BANK BHD ORD,PUBM.KL,4846691,0.0235,MALAYSIA,Financials,Banking & Investment Services,Banking Services
VFAWF.PK,ZEBRA TECHNOLOGIES CORP ORD,ZBRA.OQ,14576,0.0235,UNITED STATES,Technology,Technology Equipment,Electronic Equipment & Parts
VFAWF.PK,QBE INSURANCE GROUP LTD ORD,QBE.AX,422655,0.0235,AUSTRALIA,Financials,Insurance,Insurance
VFAWF.PK,CHUNGHWA TELECOM CO LTD ORD,2412.TW,1215000,0.0235,TAIWAN,Technology,Telecommunications Services,Telecommunications Services
VFAWF.PK,STANDARD BANK GROUP LTD ORD,SBKJ.J,416621,0.0234,SOUTH AFRICA,Financials,Banking & Investment Services,Banking Services
VFAWF.PK,TYSON FOODS INC ORD,TSN.N,80160,0.0234,UNITED STATES,Consumer Non-Cyclicals,Food & Beverages,Food & Tobacco
VFAWF.PK,JACOBS SOLUTIONS INC ORD,J.N,35659,0.0234,UNITED STATES,Industrials,Industrial & Commercial Services,Construction & Engineering
VFAWF.PK,NTPC LTD ORD,NTPC.NS,1680622,0.0234,INDIA,Utilities,Utilities,Electric Utilities & IPPs
VFAWF.PK,AKAMAI TECHNOLOGIES INC ORD,AKAM.OQ,47011,0.0233,UNITED STATES,Technology,Software & IT Services,Software & IT Services
VFAWF.PK,J M SMUCKER CO ORD,SJM.N,29377,0.0232,UNITED STATES,Consumer Non-Cyclicals,Food & Beverages,Food & Tobacco
VFAWF.PK,LINK REAL ESTATE INVESTMENT TRUST,0823.HK,792800,0.0232,NULL,Real Estate,Real Estate,Residential & Commercial REITs
VFAWF.PK,TOURMALINE OIL CORP ORD,TOU.TO,85247,0.0232,CANADA,Energy,Energy - Fossil Fuels,Oil & Gas
VFAWF.PK,CTBC FINANCIAL HOLDING CO LTD ORD,2891.TW,5289104,0.0231,TAIWAN,Financials,Banking & Investment Services,Banking Services
VFAWF.PK,SYNCHRONY FINANCIAL ORD,SYF.N,127587,0.0231,UNITED STATES,Financials,Banking & Investment Services,Banking Services
VFAWF.PK,ESSITY AB (PUBL) ORD,ESSITYb.ST,177835,0.0231,SWEDEN,Consumer Non-Cyclicals,Personal & Household Products & Services,Personal & Household Products & Services
VFAWF.PK,NEC CORP ORD,6701.T,87300,0.0231,JAPAN,Technology,Software & IT Services,Software & IT Services
VFAWF.PK,THALES SA ORD,TCFP.PA,29305,0.023,FRANCE,Industrials,Industrial Goods,Aerospace & Defense
VFAWF.PK,NESTE OYJ ORD,NESTE.HE,119144,0.023,FINLAND,Energy,Energy - Fossil Fuels,Oil & Gas
VFAWF.PK,STANLEY BLACK & DECKER INC ORD,SWK.N,44298,0.023,UNITED STATES,Industrials,Industrial Goods,"Machinery, Tools, Heavy Vehicles, Trains & Ships"
VFAWF.PK,POOL CORP ORD,POOL.OQ,11306,0.0228,UNITED STATES,Consumer Cyclicals,Cyclical Consumer Products,Leisure Products
VFAWF.PK,SWISSCOM AG ORD,SCMN.S,6733,0.0228,SWITZERLAND,Technology,Telecommunications Services,Telecommunications Services
VFAWF.PK,COLOPLAST A/S ORD,COLOb.CO,34976,0.0228,DENMARK,Healthcare,Healthcare Services & Equipment,Healthcare Equipment & Supplies
VFAWF.PK,FUBON FINANCIAL HOLDING CO LTD ORD,2881.TW,2082446,0.0227,TAIWAN,Financials,Insurance,Insurance
VFAWF.PK,CELLTRION INC ORD,068270.KS,37768,0.0227,KOREA,Healthcare,Pharmaceuticals & Medical Research,Biotechnology & Medical Research
VFAWF.PK,AGRICULTURAL BANK OF CHINA LTD ORD,1288.HK,11962000,0.0227,CHINA,Financials,Banking & Investment Services,Banking Services
VFAWF.PK,JAPAN POST HOLDINGS CO LTD ORD,6178.T,589686,0.0226,JAPAN,Financials,Insurance,Insurance
VFAWF.PK,SYMRISE AG ORD,SY1G.DE,39407,0.0226,GERMANY,Basic Materials,Chemicals,Chemicals
VFAWF.PK,SAUDI ARABIAN MINING COMPANY SJSC ORD,1211.SE,365059,0.0226,SAUDI ARABIA,Basic Materials,Mineral Resources,Metals & Mining
VFAWF.PK,SOMPO HOLDINGS INC ORD,8630.T,97600,0.0226,JAPAN,Financials,Insurance,Insurance
VFAWF.PK,AES CORP ORD,AES.N,199037,0.0225,UNITED STATES,Utilities,Utilities,Electric Utilities & IPPs
VFAWF.PK,PTC INC ORD,PTC.OQ,29488,0.0225,UNITED STATES,Technology,Software & IT Services,Software & IT Services
VFAWF.PK,REVVITY INC ORD,RVTY.N,34909,0.0225,UNITED STATES,Healthcare,Healthcare Services & Equipment,Healthcare Equipment & Supplies
VFAWF.PK,AVERY DENNISON CORP ORD,AVY.N,23367,0.0225,UNITED STATES,Basic Materials,Applied Resources,Containers & Packaging
VFAWF.PK,ARCELORMITTAL SA ORD,MT.AS,147857,0.0224,LUXEMBOURG,Basic Materials,Mineral Resources,Metals & Mining
VFAWF.PK,CITIZENS FINANCIAL GROUP INC ORD,CFG.N,132679,0.0224,UNITED STATES,Financials,Banking & Investment Services,Banking Services
VFAWF.PK,LAMB WESTON HOLDINGS INC ORD,LW.N,41316,0.0224,UNITED STATES,Consumer Non-Cyclicals,Food & Beverages,Food & Tobacco
VFAWF.PK,MITSUBISHI ESTATE CO LTD ORD,8802.T,349500,0.0224,JAPAN,Real Estate,Real Estate,Real Estate Operations
VFAWF.PK,CONAGRA BRANDS INC ORD,CAG.N,129207,0.0222,UNITED STATES,Consumer Non-Cyclicals,Food & Beverages,Food & Tobacco
VFAWF.PK,BUNGE LTD ORD,BG.N,39082,0.0222,UNITED STATES,Consumer Non-Cyclicals,Food & Beverages,Food & Tobacco
VFAWF.PK,SNAP-ON INC ORD,SNA.N,15475,0.0221,UNITED STATES,Industrials,Industrial Goods,"Machinery, Tools, Heavy Vehicles, Trains & Ships"
VFAWF.PK,BRAMBLES LTD ORD,BXB.AX,445702,0.0221,AUSTRALIA,Basic Materials,Applied Resources,Containers & Packaging
VFAWF.PK,SUMITOMO MITSUI TRUST HOLDINGS INC ORD,8309.T,108500,0.0221,JAPAN,Financials,Banking & Investment Services,Banking Services
VFAWF.PK,LI NING CO LTD ORD,2331.HK,701802,0.0221,CHINA,Consumer Cyclicals,Cyclical Consumer Products,Textiles & Apparel
VFAWF.PK,SONOVA HOLDING AG ORD,SOON.S,15008,0.022,SWITZERLAND,Healthcare,Healthcare Services & Equipment,Healthcare Equipment & Supplies
VFAWF.PK,TELEFONAKTIEBOLAGET LM ERICSSON ORD,ERICb.ST,829174,0.0219,SWEDEN,Technology,Technology Equipment,Communications & Networking
VFAWF.PK,METRO INC ORD,MRU.TO,77565,0.0219,CANADA,Consumer Non-Cyclicals,Food & Drug Retailing,Food & Drug Retailing
VFAWF.PK,MASCO CORP ORD,MAS.N,68688,0.0218,UNITED STATES,Consumer Cyclicals,Cyclical Consumer Products,Homebuilding & Construction Supplies
VFAWF.PK,MITSUBISHI HEAVY INDUSTRIES LTD ORD,7011.T,87700,0.0218,JAPAN,Consumer Non-Cyclicals,Consumer Goods Conglomerates,Consumer Goods Conglomerates
VFAWF.PK,LIVE NATION ENTERTAINMENT INC ORD,LYV.N,47352,0.0218,UNITED STATES,Consumer Cyclicals,Cyclical Consumer Services,Media & Publishing
VFAWF.PK,MTU AERO ENGINES AG ORD,MTXGn.DE,17753,0.0218,GERMANY,Industrials,Industrial Goods,Aerospace & Defense
VFAWF.PK,CBOE GLOBAL MARKETS INC ORD,CBOE.Z,29746,0.0218,UNITED STATES,Financials,Banking & Investment Services,Investment Banking & Investment Services
VFAWF.PK,DANSKE BANK A/S ORD,DANSKE.CO,173954,0.0217,DENMARK,Financials,Banking & Investment Services,Banking Services
VFAWF.PK,EDP ENERGIAS DE PORTUGAL SA ORD,EDP.LS,885650,0.0217,PORTUGAL,Utilities,Utilities,Electric Utilities & IPPs
VFAWF.PK,ZSCALER INC ORD,ZS.OQ,25865,0.0217,UNITED STATES,Technology,Software & IT Services,Software & IT Services
VFAWF.PK,MALAYAN BANKING BHD ORD,MBBM.KL,2076200,0.0217,MALAYSIA,Financials,Banking & Investment Services,Banking Services
VFAWF.PK,PACKAGING CORP OF AMERICA ORD,PKG.N,26864,0.0216,UNITED STATES,Basic Materials,Applied Resources,Containers & Packaging
VFAWF.PK,TOYOTA TSUSHO CORP ORD,8015.T,70700,0.0216,JAPAN,Industrials,Industrial & Commercial Services,Diversified Industrial Goods Wholesale
VFAWF.PK,INTERCONTINENTAL HOTELS GROUP PLC ORD,IHG.L,55725,0.0216,UNITED KINGDOM,Consumer Cyclicals,Cyclical Consumer Services,Hotels & Entertainment Services
VFAWF.PK,ANTA SPORTS PRODUCTS LTD ORD,2020.HK,352000,0.0216,CHINA,Consumer Cyclicals,Cyclical Consumer Products,Textiles & Apparel
VFAWF.PK,POWER CORPORATION OF CANADA ORD,POW.TO,144472,0.0215,CANADA,Financials,Insurance,Insurance
VFAWF.PK,WEG SA ORD,WEGE3.SA,489792,0.0215,BRAZIL,Industrials,Industrial Goods,"Machinery, Tools, Heavy Vehicles, Trains & Ships"
VFAWF.PK,MTN GROUP LTD ORD,MTNJ.J,519031,0.0214,SOUTH AFRICA,Technology,Telecommunications Services,Telecommunications Services
VFAWF.PK,RIVIAN AUTOMOTIVE INC ORD,RIVN.OQ,147099,0.0213,UNITED STATES,Consumer Cyclicals,Automobiles & Auto Parts,Automobiles & Auto Parts
VFAWF.PK,UDR INC ORD,UDR.N,99683,0.0213,UNITED STATES,Real Estate,Real Estate,Residential & Commercial REITs
VFAWF.PK,STATE BANK OF INDIA ORD,SBI.NS,538348,0.0213,INDIA,Financials,Banking & Investment Services,Banking Services
VFAWF.PK,INTERPUBLIC GROUP OF COMPANIES INC ORD,IPG.N,119027,0.0213,UNITED STATES,Consumer Cyclicals,Cyclical Consumer Services,Media & Publishing
VFAWF.PK,MEGA FINANCIAL HOLDING CO LTD ORD,2886.TW,3178701,0.0213,TAIWAN,Financials,Banking & Investment Services,Banking Services
VFAWF.PK,TECHTRONIC INDUSTRIES CO LTD ORD,0669.HK,358000,0.0212,HONG KONG,Industrials,Industrial Goods,"Machinery, Tools, Heavy Vehicles, Trains & Ships"
VFAWF.PK,CNH INDUSTRIAL NV ORD,CNHI.MI,279696,0.0212,UNITED KINGDOM,Industrials,Industrial Goods,"Machinery, Tools, Heavy Vehicles, Trains & Ships"
VFAWF.PK,LOBLAW COMPANIES LTD ORD,L.TO,45533,0.0212,CANADA,Consumer Non-Cyclicals,Food & Drug Retailing,Food & Drug Retailing
VFAWF.PK,AVIVA PLC ORD,AV.L,806446,0.0211,UNITED KINGDOM,Financials,Insurance,Insurance
VFAWF.PK,ALLIANT ENERGY CORP ORD,LNT.OQ,75085,0.0211,UNITED STATES,Utilities,Utilities,Electric Utilities & IPPs
VFAWF.PK,SEKISUI HOUSE LTD ORD,1928.T,197700,0.0211,JAPAN,Consumer Cyclicals,Cyclical Consumer Products,Homebuilding & Construction Supplies
VFAWF.PK,SGS SA ORD,SGSN.S,41158,0.021,SWITZERLAND,Industrials,Industrial & Commercial Services,Professional & Commercial Services
VFAWF.PK,INTERNATIONAL PAPER CO ORD,IP.N,111009,0.021,UNITED STATES,Basic Materials,Applied Resources,Containers & Packaging
VFAWF.PK,WP CAREY INC ORD,WPC.N,59421,0.021,UNITED STATES,Real Estate,Real Estate,Residential & Commercial REITs
VFAWF.PK,MOSAIC CO ORD,MOS.N,98209,0.021,UNITED STATES,Basic Materials,Chemicals,Chemicals
VFAWF.PK,AMBEV SA ORD,ABEV3.SA,1283162,0.021,BRAZIL,Consumer Non-Cyclicals,Food & Beverages,Beverages
VFAWF.PK,EVEREST GROUP LTD ORD,EG.N,11087,0.0209,BERMUDA,Financials,Insurance,Insurance
VFAWF.PK,DOMINO'S PIZZA INC ORD,DPZ.N,10067,0.0209,UNITED STATES,Consumer Cyclicals,Cyclical Consumer Services,Hotels & Entertainment Services
VFAWF.PK,CELANESE CORP ORD,CE.N,31664,0.0208,UNITED STATES,Basic Materials,Chemicals,Chemicals
VFAWF.PK,BANK HAPOALIM BM ORD,POLI.TA,445241,0.0208,ISRAEL,Financials,Banking & Investment Services,Banking Services
VFAWF.PK,TATA STEEL LTD ORD,TISC.NS,2639331,0.0207,INDIA,Basic Materials,Mineral Resources,Metals & Mining
VFAWF.PK,BRAZILIAN ELECTRIC POWER CO ORD,ELET3.SA,487000,0.0207,BRAZIL,Utilities,Utilities,Electric Utilities & IPPs
VFAWF.PK,WESTERN DIGITAL CORP ORD,WDC.OQ,92908,0.0207,UNITED STATES,Technology,Technology Equipment,"Computers, Phones & Household Electronics"
VFAWF.PK,APA CORP (US) ORD,APA.OQ,97871,0.0207,UNITED STATES,Energy,Energy - Fossil Fuels,Oil & Gas
VFAWF.PK,EMAAR PROPERTIES PJSC ORD,EMAR.DU,2146478,0.0207,UNITED ARAB EMIRATES,Real Estate,Real Estate,Real Estate Operations
VFAWF.PK,ECOPRO BM CO LTD ORD,247540.KQ,12028,0.0207,KOREA,Industrials,Industrial Goods,"Machinery, Tools, Heavy Vehicles, Trains & Ships"
VFAWF.PK,INPEX CORP ORD,1605.T,306000,0.0207,JAPAN,Energy,Energy - Fossil Fuels,Oil & Gas
VFAWF.PK,NOMURA HOLDINGS INC ORD,8604.T,952900,0.0206,JAPAN,Financials,Banking & Investment Services,Investment Banking & Investment Services
VFAWF.PK,CHINA LIFE INSURANCE CO LTD ORD,2628.HK,2259000,0.0206,CHINA,Financials,Insurance,Insurance
VFAWF.PK,NICE LTD ORD,NICE.TA,18144,0.0206,ISRAEL,Technology,Software & IT Services,Software & IT Services
VFAWF.PK,SS&C TECHNOLOGIES HOLDINGS INC ORD,SSNC.OQ,67104,0.0205,UNITED STATES,Technology,Software & IT Services,Software & IT Services
VFAWF.PK,UNITY SOFTWARE INC ORD,U.N,85249,0.0205,UNITED STATES,Technology,Software & IT Services,Software & IT Services
VFAWF.PK,CATHAY FINANCIAL HOLDING CO LTD ORD,2882.TW,2692279,0.0205,TAIWAN,Financials,Insurance,Insurance
VFAWF.PK,ASE TECHNOLOGY HOLDING CO LTD ORD,3711.TW,1076281,0.0205,TAIWAN,Technology,Technology Equipment,Semiconductors & Semiconductor Equipment
VFAWF.PK,INDUSTRIAL AND COMMERCIAL BANK OF CHINA LTD ORD,601398.SS,5873900,0.0205,CHINA,Financials,Banking & Investment Services,Banking Services
VFAWF.PK,HEICO CORP ORD,HEIa.N,27862,0.0205,UNITED STATES,Industrials,Industrial Goods,Aerospace & Defense
VFAWF.PK,NAN YA PLASTICS CORP ORD,1303.TW,1749210,0.0204,TAIWAN,Basic Materials,Chemicals,Chemicals
VFAWF.PK,BEIERSDORF AG ORD,BEIG.DE,30021,0.0204,GERMANY,Consumer Non-Cyclicals,Personal & Household Products & Services,Personal & Household Products & Services
VFAWF.PK,KAKAO CORP ORD,035720.KS,96923,0.0204,KOREA,Technology,Software & IT Services,Software & IT Services
VFAWF.PK,WISTRON CORP ORD,3231.TW,861444,0.0203,TAIWAN,Technology,Technology Equipment,"Computers, Phones & Household Electronics"
VFAWF.PK,CARLSBERG A/S ORD,CARLb.CO,25794,0.0203,DENMARK,Consumer Non-Cyclicals,Food & Beverages,Beverages
VFAWF.PK,SUNCORP GROUP LTD ORD,SUN.AX,402921,0.0202,AUSTRALIA,Financials,Insurance,Insurance
VFAWF.PK,TRIMBLE INC ORD,TRMB.OQ,71672,0.0202,UNITED STATES,Technology,Software & IT Services,Software & IT Services
VFAWF.PK,CHINA MENGNIU DAIRY CO LTD ORD,2319.HK,1023993,0.0202,HONG KONG,Consumer Non-Cyclicals,Food & Beverages,Food & Tobacco
VFAWF.PK,EVERGY INC ORD,EVRG.OQ,64181,0.0202,UNITED STATES,Utilities,Utilities,Electric Utilities & IPPs
VFAWF.PK,KIRIN HOLDINGS CO LTD ORD,2503.T,261200,0.0202,JAPAN,Consumer Non-Cyclicals,Food & Beverages,Beverages
VFAWF.PK,CARMAX INC ORD,KMX.N,46360,0.0201,UNITED STATES,Consumer Cyclicals,Retailers,Specialty Retailers
VFAWF.PK,SHIONOGI & CO LTD ORD,4507.T,92100,0.0201,JAPAN,Healthcare,Pharmaceuticals & Medical Research,Pharmaceuticals
VFAWF.PK,CHECK POINT SOFTWARE TECHNOLOGIES LTD ORD,CHKP.OQ,29075,0.0201,ISRAEL,Technology,Software & IT Services,Software & IT Services
VFAWF.PK,BILL HOLDINGS INC ORD,BILL.N,30606,0.0201,UNITED STATES,Technology,Software & IT Services,Software & IT Services
VFAWF.PK,ITAUSA SA,ITSA4.SA,1859008,0.0201,BRAZIL,Financials,Banking & Investment Services,Banking Services
VFAWF.PK,UNI-PRESIDENT ENTERPRISES CORP ORD,1216.TW,1599006,0.0201,TAIWAN,Consumer Non-Cyclicals,Food & Beverages,Food & Tobacco
VFAWF.PK,CK ASSET HOLDINGS LTD ORD,1113.HK,661938,0.02,HONG KONG,Real Estate,Real Estate,Real Estate Operations
VFAWF.PK,NIPPON YUSEN KK ORD,9101.T,157700,0.02,JAPAN,Industrials,Transportation,Freight & Logistics Services
VFAWF.PK,SMITH & NEPHEW PLC ORD,SN.L,250548,0.02,UNITED KINGDOM,Healthcare,Healthcare Services & Equipment,Healthcare Equipment & Supplies
VFAWF.PK,GOLD FIELDS LTD ORD,GFIJ.J,246118,0.0199,SOUTH AFRICA,Basic Materials,Mineral Resources,Metals & Mining
VFAWF.PK,TOSHIBA CORP ORD,6502.T,117400,0.0199,JAPAN,Consumer Non-Cyclicals,Consumer Goods Conglomerates,Consumer Goods Conglomerates
VFAWF.PK,L'OREAL SA PRIME FIDELITE 2024,NULL,8163,0.0199,NULL,Unable to resolve all requested identifiers.,,
VFAWF.PK,NIBE INDUSTRIER AB ORD,NIBEb.ST,421352,0.0199,SWEDEN,Industrials,Industrial Goods,"Machinery, Tools, Heavy Vehicles, Trains & Ships"
VFAWF.PK,CH ROBINSON WORLDWIDE INC ORD,CHRW.OQ,38001,0.0199,UNITED STATES,Industrials,Transportation,Freight & Logistics Services
VFAWF.PK,BANK LEUMI LE ISRAEL BM ORD,LUMI.TA,471016,0.0198,ISRAEL,Financials,Banking & Investment Services,Banking Services
VFAWF.PK,JAMES HARDIE INDUSTRIES CDI,JHX.AX,129322,0.0198,IRELAND,Basic Materials,Mineral Resources,Construction Materials
VFAWF.PK,SHINHAN FINANCIAL GROUP CO LTD ORD,055550.KS,137559,0.0198,KOREA,Financials,Banking & Investment Services,Banking Services
VFAWF.PK,RHEINMETALL AG ORD,RHMG.DE,13292,0.0198,GERMANY,Industrials,Industrial Goods,Aerospace & Defense
VFAWF.PK,AENA SME SA ORD,AENA.MC,23596,0.0198,SPAIN,Industrials,Transportation,Transport Infrastructure
VFAWF.PK,CREDIT AGRICOLE SA ORD,CAGR.PA,303754,0.0198,FRANCE,Financials,Banking & Investment Services,Banking Services
VFAWF.PK,LKQ CORP ORD,LKQ.OQ,69024,0.0198,UNITED STATES,Consumer Cyclicals,Automobiles & Auto Parts,Automobiles & Auto Parts
VFAWF.PK,MATCH GROUP INC ORD,MTCH.OQ,81469,0.0198,UNITED STATES,Technology,Software & IT Services,Software & IT Services
VFAWF.PK,SOLAREDGE TECHNOLOGIES INC ORD,SEDG.OQ,15655,0.0198,ISRAEL,Energy,Renewable Energy,Renewable Energy
VFAWF.PK,HENKEL AG & CO KGAA,HNKG_p.DE,48887,0.0198,GERMANY,Basic Materials,Chemicals,Chemicals
VFAWF.PK,TELKOM INDONESIA (PERSERO) TBK PT ORD,TLKM.JK,15230700,0.0197,INDONESIA,Technology,Telecommunications Services,Telecommunications Services
VFAWF.PK,E.SUN FINANCIAL HOLDING CO LTD ORD,2884.TW,4579646,0.0197,TAIWAN,Financials,Banking & Investment Services,Banking Services
VFAWF.PK,LOCALIZA RENT A CAR SA ORD,RENT3.SA,264872,0.0196,BRAZIL,Industrials,Transportation,Passenger Transportation Services
VFAWF.PK,RESONA HOLDINGS INC ORD,8308.T,687384,0.0196,JAPAN,Financials,Banking & Investment Services,Banking Services
VFAWF.PK,SOUTH32 LTD ORD,S32.AX,1427189,0.0195,AUSTRALIA,Basic Materials,Mineral Resources,Metals & Mining
VFAWF.PK,SAGE GROUP PLC ORD,SGE.L,307728,0.0194,UNITED KINGDOM,Technology,Software & IT Services,Software & IT Services
VFAWF.PK,FRESENIUS SE & CO KGAA ORD,FREG.DE,118078,0.0194,GERMANY,Healthcare,Healthcare Services & Equipment,Healthcare Providers & Services
VFAWF.PK,HOST HOTELS & RESORTS INC ORD,HST.OQ,201806,0.0194,UNITED STATES,Real Estate,Real Estate,Residential & Commercial REITs
VFAWF.PK,MOLSON COORS BEVERAGE CO ORD,TAP.N,53166,0.0194,UNITED STATES,Consumer Non-Cyclicals,Food & Beverages,Beverages
VFAWF.PK,CHOCOLADEFABRIKEN LINDT & SPRUENGLI AG,LISP.S,300,0.0193,SWITZERLAND,Consumer Non-Cyclicals,Food & Beverages,Food & Tobacco
VFAWF.PK,SVENSKA HANDELSBANKEN AB ORD,SHBa.ST,420058,0.0193,SWEDEN,Financials,Banking & Investment Services,Banking Services
VFAWF.PK,EPAM SYSTEMS INC ORD,EPAM.N,15548,0.0193,UNITED STATES,Technology,Software & IT Services,Software & IT Services
VFAWF.PK,OBIC CO LTD ORD,4684.T,22500,0.0193,JAPAN,Technology,Software & IT Services,Software & IT Services
VFAWF.PK,BIO-TECHNE CORP ORD,TECH.OQ,44138,0.0193,UNITED STATES,Healthcare,Pharmaceuticals & Medical Research,Biotechnology & Medical Research
VFAWF.PK,NOMURA RESEARCH INSTITUTE LTD ORD,4307.T,129759,0.0193,JAPAN,Technology,Software & IT Services,Software & IT Services
VFAWF.PK,GRUPO BIMBO SAB DE CV ORD,BIMBOA.MX,703600,0.0192,MEXICO,Consumer Non-Cyclicals,Food & Beverages,Food & Tobacco
VFAWF.PK,BANDAI NAMCO HOLDINGS INC ORD,7832.T,161700,0.0192,JAPAN,Consumer Cyclicals,Cyclical Consumer Products,Leisure Products
VFAWF.PK,EQUITY LIFESTYLE PROPERTIES INC ORD,ELS.N,51395,0.0192,UNITED STATES,Real Estate,Real Estate,Residential & Commercial REITs
VFAWF.PK,HEALTHPEAK PROPERTIES INC ORD,PEAK.N,167753,0.0192,UNITED STATES,Real Estate,Real Estate,Residential & Commercial REITs
VFAWF.PK,KONINKLIJKE KPN NV ORD,KPN.AS,1004065,0.0191,NETHERLANDS,Technology,Telecommunications Services,Telecommunications Services
VFAWF.PK,HANNOVER RUECK SE ORD,HNRGn.DE,17059,0.0191,GERMANY,Financials,Insurance,Insurance
VFAWF.PK,BROWN-FORMAN CORP ORD,BFb.N,51590,0.0191,UNITED STATES,Consumer Non-Cyclicals,Food & Beverages,Beverages
VFAWF.PK,AIR LIQUIDE SA PRIME FIDELITE 2025,NULL,20266,0.0191,NULL,Unable to resolve all requested identifiers.,,
VFAWF.PK,EPIROC AB ORD,EPIRa.ST,182249,0.0191,SWEDEN,Industrials,Industrial Goods,"Machinery, Tools, Heavy Vehicles, Trains & Ships"
VFAWF.PK,ZTO EXPRESS (CAYMAN) INC ORD,2057.HK,132676,0.0191,CHINA,Industrials,Transportation,Freight & Logistics Services
VFAWF.PK,TERNA RETE ELETTRICA NAZIONALE SPA ORD,TRN.MI,431298,0.0191,ITALY,Utilities,Utilities,Electric Utilities & IPPs
VFAWF.PK,CP ALL PCL ORD,CPALLf.BK,1958400,0.019,THAILAND,Consumer Non-Cyclicals,Food & Drug Retailing,Food & Drug Retailing
VFAWF.PK,GODADDY INC ORD,GDDY.N,47000,0.019,UNITED STATES,Technology,Software & IT Services,Software & IT Services
VFAWF.PK,KIMCO REALTY CORP ORD,KIM.N,179403,0.019,UNITED STATES,Real Estate,Real Estate,Residential & Commercial REITs
VFAWF.PK,SHIMANO INC ORD,7309.T,23900,0.019,JAPAN,Consumer Cyclicals,Cyclical Consumer Products,Leisure Products
VFAWF.PK,LOEWS CORP ORD,L.N,57535,0.0189,UNITED STATES,Financials,Insurance,Insurance
VFAWF.PK,PENTAIR PLC ORD,PNR.N,51930,0.0189,UNITED KINGDOM,Industrials,Industrial Goods,"Machinery, Tools, Heavy Vehicles, Trains & Ships"
VFAWF.PK,CARREFOUR SA ORD,CARR.PA,179426,0.0188,FRANCE,Consumer Non-Cyclicals,Food & Drug Retailing,Food & Drug Retailing
VFAWF.PK,VIATRIS INC ORD,VTRS.OQ,341615,0.0188,UNITED STATES,Healthcare,Pharmaceuticals & Medical Research,Pharmaceuticals
VFAWF.PK,LEIDOS HOLDINGS INC ORD,LDOS.N,38413,0.0188,UNITED STATES,Technology,Software & IT Services,Software & IT Services
VFAWF.PK,SUMITOMO ELECTRIC INDUSTRIES LTD ORD,5802.T,280100,0.0188,JAPAN,Consumer Cyclicals,Automobiles & Auto Parts,Automobiles & Auto Parts
VFAWF.PK,FORMOSA PLASTICS CORP ORD,1301.TW,1345720,0.0187,TAIWAN,Basic Materials,Chemicals,Chemicals
VFAWF.PK,NISOURCE INC ORD,NI.N,128100,0.0187,UNITED STATES,Utilities,Utilities,Multiline Utilities
VFAWF.PK,AVANTOR INC ORD,AVTR.N,173695,0.0187,UNITED STATES,Healthcare,Healthcare Services & Equipment,Healthcare Equipment & Supplies
VFAWF.PK,HEIDELBERG MATERIALS AG ORD,HEIG.DE,43860,0.0187,GERMANY,Basic Materials,Mineral Resources,Construction Materials
VFAWF.PK,INCYTE CORP ORD,INCY.OQ,56054,0.0187,UNITED STATES,Healthcare,Pharmaceuticals & Medical Research,Pharmaceuticals
VFAWF.PK,AP MOELLER - MAERSK A/S ORD,MAERSKb.CO,1732,0.0187,DENMARK,Industrials,Transportation,Freight & Logistics Services
VFAWF.PK,ULTRATECH CEMENT LTD ORD,ULTC.NS,35064,0.0186,INDIA,Basic Materials,Mineral Resources,Construction Materials
VFAWF.PK,QORVO INC ORD,QRVO.OQ,32238,0.0186,UNITED STATES,Technology,Technology Equipment,Semiconductors & Semiconductor Equipment
VFAWF.PK,YUANTA FINANCIAL HOLDING CO LTD ORD,2885.TW,4580809,0.0186,TAIWAN,Financials,Banking & Investment Services,Investment Banking & Investment Services
VFAWF.PK,RIYAD BANK SJSC ORD,1010.SE,419445,0.0186,SAUDI ARABIA,Financials,Banking & Investment Services,Banking Services
VFAWF.PK,SWATCH GROUP AG ORD,UHR.S,11030,0.0185,SWITZERLAND,Consumer Cyclicals,Cyclical Consumer Products,Textiles & Apparel
VFAWF.PK,ROYALTY PHARMA PLC ORD,RPRX.OQ,112347,0.0185,UNITED STATES,Healthcare,Pharmaceuticals & Medical Research,Pharmaceuticals
VFAWF.PK,CHINA SHENHUA ENERGY CO LTD ORD,1088.HK,1184500,0.0185,CHINA,Energy,Energy - Fossil Fuels,Coal
VFAWF.PK,NESTLE INDIA LTD ORD,NEST.NS,12877,0.0185,INDIA,Consumer Non-Cyclicals,Food & Beverages,Food & Tobacco
VFAWF.PK,NEXT PLC ORD,NXT.L,38800,0.0184,UNITED KINGDOM,Consumer Cyclicals,Retailers,Specialty Retailers
VFAWF.PK,SUBARU CORP ORD,7270.T,185400,0.0184,JAPAN,Consumer Cyclicals,Automobiles & Auto Parts,Automobiles & Auto Parts
VFAWF.PK,ETSY INC ORD,ETSY.OQ,34605,0.0184,UNITED STATES,Consumer Cyclicals,Retailers,Diversified Retail
VFAWF.PK,NN GROUP NV ORD,NN.AS,91325,0.0184,NETHERLANDS,Financials,Insurance,Insurance
VFAWF.PK,JAPAN POST BANK CO LTD ORD,7182.T,421603,0.0184,JAPAN,Financials,Banking & Investment Services,Banking Services
VFAWF.PK,WPP PLC ORD,WPP.L,318144,0.0183,UNITED KINGDOM,Consumer Cyclicals,Cyclical Consumer Services,Media & Publishing
VFAWF.PK,BRENNTAG SE ORD,BNRGn.DE,44895,0.0183,GERMANY,Basic Materials,Chemicals,Chemicals
VFAWF.PK,FLEX LTD ORD,FLEX.OQ,127928,0.0183,SINGAPORE,Technology,Technology Equipment,Electronic Equipment & Parts
VFAWF.PK,ERSTE GROUP BANK AG ORD,ERST.VI,92119,0.0183,AUSTRIA,Financials,Banking & Investment Services,Banking Services
VFAWF.PK,TELSTRA GROUP LTD ORD,TLS.AX,1207649,0.0182,AUSTRALIA,Technology,Telecommunications Services,Telecommunications Services
VFAWF.PK,COCA-COLA EUROPACIFIC PARTNERS PLC ORD,CCEP.OQ,54809,0.0182,UNITED KINGDOM,Consumer Non-Cyclicals,Food & Beverages,Beverages
VFAWF.PK,W R BERKLEY CORP ORD,WRB.N,56474,0.0182,UNITED STATES,Financials,Insurance,Insurance
VFAWF.PK,ALFA LAVAL AB ORD,ALFA.ST,92056,0.0181,SWEDEN,Industrials,Industrial Goods,"Machinery, Tools, Heavy Vehicles, Trains & Ships"
VFAWF.PK,SARTORIUS AG,SATG_p.DE,8354,0.0181,GERMANY,Healthcare,Healthcare Services & Equipment,Healthcare Equipment & Supplies
VFAWF.PK,BURBERRY GROUP PLC ORD,BRBY.L,121140,0.0181,UNITED KINGDOM,Consumer Cyclicals,Retailers,Specialty Retailers
VFAWF.PK,SEAGATE TECHNOLOGY HOLDINGS PLC ORD,STX.OQ,54420,0.0181,IRELAND,Technology,Technology Equipment,"Computers, Phones & Household Electronics"
VFAWF.PK,FMC CORP ORD,FMC.N,35840,0.0181,UNITED STATES,Basic Materials,Chemicals,Chemicals
VFAWF.PK,KINGSPAN GROUP PLC ORD,KSP.I,42647,0.018,IRELAND,Consumer Cyclicals,Cyclical Consumer Products,Homebuilding & Construction Supplies
VFAWF.PK,COMMERZBANK AG ORD,CBKG.DE,286500,0.018,GERMANY,Financials,Banking & Investment Services,Banking Services
VFAWF.PK,LIBERTY BROADBAND CORP ORD,LBRDK.OQ,38473,0.018,UNITED STATES,Consumer Cyclicals,Cyclical Consumer Services,Media & Publishing
VFAWF.PK,CAESARS ENTERTAINMENT INC ORD,CZR.OQ,58357,0.018,UNITED STATES,Consumer Cyclicals,Cyclical Consumer Services,Hotels & Entertainment Services
VFAWF.PK,XPENG INC ORD,9868.HK,309477,0.018,CHINA,Consumer Cyclicals,Automobiles & Auto Parts,Automobiles & Auto Parts
VFAWF.PK,SCENTRE GROUP,SCG.AX,1802801,0.0179,AUSTRALIA,Real Estate,Real Estate,Real Estate Operations
VFAWF.PK,JACK HENRY & ASSOCIATES INC ORD,JKHY.OQ,20410,0.0179,UNITED STATES,Technology,Software & IT Services,Software & IT Services
VFAWF.PK,COCHLEAR LTD ORD,COH.AX,21125,0.0178,AUSTRALIA,Healthcare,Healthcare Services & Equipment,Healthcare Equipment & Supplies
VFAWF.PK,OKTA INC ORD,OKTA.OQ,44336,0.0178,UNITED STATES,Technology,Software & IT Services,Software & IT Services
VFAWF.PK,QIAGEN NV ORD,QGEN.N,72410,0.0178,NETHERLANDS,Healthcare,Pharmaceuticals & Medical Research,Biotechnology & Medical Research
VFAWF.PK,EASTMAN CHEMICAL CO ORD,EMN.N,39656,0.0178,UNITED STATES,Basic Materials,Chemicals,Chemicals
VFAWF.PK,HYUNDAI MOBIS CO LTD ORD,012330.KS,18445,0.0177,KOREA,Consumer Cyclicals,Automobiles & Auto Parts,Automobiles & Auto Parts
VFAWF.PK,SECOM CO LTD ORD,9735.T,50400,0.0177,JAPAN,Industrials,Industrial & Commercial Services,Professional & Commercial Services
VFAWF.PK,BANK OF IRELAND GROUP PLC ORD,BIRG.I,319840,0.0177,IRELAND,Financials,Banking & Investment Services,Banking Services
VFAWF.PK,TWILIO INC ORD,TWLO.N,51166,0.0177,UNITED STATES,Technology,Software & IT Services,Software & IT Services
VFAWF.PK,REGENCY CENTERS CORP ORD,REG.OQ,51708,0.0177,UNITED STATES,Real Estate,Real Estate,Residential & Commercial REITs
VFAWF.PK,SEGRO PLC ORD,SGRO.L,344201,0.0177,UNITED KINGDOM,Real Estate,Real Estate,Residential & Commercial REITs
VFAWF.PK,BCE INC ORD,BCE.TO,78098,0.0177,CANADA,Technology,Telecommunications Services,Telecommunications Services
VFAWF.PK,OMRON CORP ORD,6645.T,62700,0.0176,JAPAN,Industrials,Industrial Goods,"Machinery, Tools, Heavy Vehicles, Trains & Ships"
VFAWF.PK,SONIC HEALTHCARE LTD ORD,SHL.AX,142084,0.0176,AUSTRALIA,Healthcare,Healthcare Services & Equipment,Healthcare Providers & Services
VFAWF.PK,CEMEX SAB DE CV,CEMEXCPO.MX,4400524,0.0176,MEXICO,Basic Materials,Mineral Resources,Construction Materials
VFAWF.PK,KEYCORP ORD,KEY.N,273435,0.0176,UNITED STATES,Financials,Banking & Investment Services,Banking Services
VFAWF.PK,BUNZL PLC ORD,BNZL.L,90412,0.0176,UNITED KINGDOM,Industrials,Industrial & Commercial Services,Diversified Industrial Goods Wholesale
VFAWF.PK,WYNN RESORTS LTD ORD,WYNN.OQ,30835,0.0176,UNITED STATES,Consumer Cyclicals,Cyclical Consumer Services,Hotels & Entertainment Services
VFAWF.PK,TELEFLEX INC ORD,TFX.N,13300,0.0175,UNITED STATES,Healthcare,Healthcare Services & Equipment,Healthcare Equipment & Supplies
VFAWF.PK,CHINA RESOURCES LAND LTD ORD,1109.HK,721790,0.0175,HONG KONG,Real Estate,Real Estate,Real Estate Operations
VFAWF.PK,ENEOS HOLDINGS INC ORD,5020.T,922650,0.0175,JAPAN,Energy,Energy - Fossil Fuels,Oil & Gas
VFAWF.PK,NONGFU SPRING CO LTD ORD,9633.HK,575000,0.0175,CHINA,Consumer Non-Cyclicals,Food & Beverages,Beverages
VFAWF.PK,SYSMEX CORP ORD,6869.T,49200,0.0175,JAPAN,Healthcare,Healthcare Services & Equipment,Healthcare Equipment & Supplies
VFAWF.PK,UCB SA ORD,UCB.BR,37450,0.0174,BELGIUM,Healthcare,Pharmaceuticals & Medical Research,Pharmaceuticals
VFAWF.PK,HALMA PLC ORD,HLMA.L,115488,0.0174,UNITED KINGDOM,Technology,Technology Equipment,Electronic Equipment & Parts
VFAWF.PK,SNAM SPA ORD,SRG.MI,628531,0.0174,ITALY,Energy,Energy - Fossil Fuels,Oil & Gas Related Equipment and Services
VFAWF.PK,KIKKOMAN CORP ORD,2801.T,57500,0.0173,JAPAN,Consumer Non-Cyclicals,Food & Beverages,Food & Tobacco
VFAWF.PK,BT GROUP PLC ORD,BT.L,2101226,0.0173,UNITED KINGDOM,Technology,Telecommunications Services,Telecommunications Services
VFAWF.PK,BURLINGTON STORES INC ORD,BURL.N,18620,0.0173,UNITED STATES,Consumer Cyclicals,Retailers,Specialty Retailers
VFAWF.PK,VISTRA CORP ORD,VST.N,117603,0.0173,UNITED STATES,Utilities,Utilities,Electric Utilities & IPPs
VFAWF.PK,AMDOCS LTD ORD,DOX.OQ,35322,0.0173,UNITED STATES,Technology,Software & IT Services,Software & IT Services
VFAWF.PK,HORMEL FOODS CORP ORD,HRL.N,80527,0.0172,UNITED STATES,Consumer Non-Cyclicals,Food & Beverages,Food & Tobacco
VFAWF.PK,POWER GRID CORPORATION OF INDIA LTD ORD,PGRD.NS,1016456,0.0172,INDIA,Utilities,Utilities,Electric Utilities & IPPs
VFAWF.PK,BORGWARNER INC ORD,BWA.N,70674,0.0172,UNITED STATES,Consumer Cyclicals,Automobiles & Auto Parts,Automobiles & Auto Parts
VFAWF.PK,YASKAWA ELECTRIC CORP ORD,6506.T,75800,0.0172,JAPAN,Industrials,Industrial Goods,"Machinery, Tools, Heavy Vehicles, Trains & Ships"
VFAWF.PK,HENRY SCHEIN INC ORD,HSIC.OQ,41381,0.0171,UNITED STATES,Healthcare,Healthcare Services & Equipment,Healthcare Equipment & Supplies
VFAWF.PK,GLOBE LIFE INC ORD,GL.N,29039,0.0171,UNITED STATES,Financials,Insurance,Insurance
VFAWF.PK,POSCO FUTURE M CO LTD ORD,003670.KS,7901,0.0171,KOREA,Basic Materials,Mineral Resources,Construction Materials
VFAWF.PK,FIDELITY NATIONAL FINANCIAL INC ORD,FNF.N,82795,0.017,UNITED STATES,Financials,Insurance,Insurance
VFAWF.PK,ASAHI KASEI CORP ORD,3407.T,476900,0.017,JAPAN,Basic Materials,Chemicals,Chemicals
VFAWF.PK,ENTAIN PLC ORD,ENT.L,181803,0.017,ISLE OF MAN,Consumer Cyclicals,Cyclical Consumer Services,Hotels & Entertainment Services
VFAWF.PK,CHINA STEEL CORP ORD,2002.TW,3652987,0.017,TAIWAN,Basic Materials,Mineral Resources,Metals & Mining
VFAWF.PK,JAPAN EXCHANGE GROUP INC ORD,8697.T,186300,0.017,JAPAN,Financials,Banking & Investment Services,Investment Banking & Investment Services
VFAWF.PK,DRREDDY'S LABORATORIES LTD ORD,REDY.NS,47290,0.017,INDIA,Healthcare,Pharmaceuticals & Medical Research,Pharmaceuticals
VFAWF.PK,CREDICORP LTD ORD,BAP.N,20546,0.0169,PERU,Financials,Banking & Investment Services,Banking Services
VFAWF.PK,KE HOLDINGS ADR REP 3 CL A ORD,BEKE.N,184981,0.0169,CHINA,Real Estate,Real Estate,Real Estate Operations
VFAWF.PK,TOYOTA INDUSTRIES CORP ORD,6201.T,44600,0.0169,JAPAN,Industrials,Industrial Goods,"Machinery, Tools, Heavy Vehicles, Trains & Ships"
VFAWF.PK,HANG SENG BANK LTD ORD,0011.HK,211900,0.0169,HONG KONG,Financials,Banking & Investment Services,Banking Services
VFAWF.PK,M3 INC ORD,2413.T,139776,0.0168,JAPAN,Technology,Software & IT Services,Software & IT Services
VFAWF.PK,SAMSUNG BIOLOGICS CO LTD ORD,207940.KS,5350,0.0168,KOREA,Healthcare,Pharmaceuticals & Medical Research,Pharmaceuticals
VFAWF.PK,PRYSMIAN SPA ORD,PRY.MI,80356,0.0168,ITALY,Industrials,Industrial Goods,"Machinery, Tools, Heavy Vehicles, Trains & Ships"
VFAWF.PK,GEN DIGITAL INC ORD,GEN.OQ,165343,0.0168,UNITED STATES,Technology,Software & IT Services,Software & IT Services
VFAWF.PK,QATAR ISLAMIC BANK QPSC ORD,QISB.QA,548356,0.0167,QATAR,Financials,Banking & Investment Services,Banking Services
VFAWF.PK,SMURFIT KAPPA GROUP PLC ORD,SKG.I,79848,0.0167,IRELAND,Basic Materials,Applied Resources,Containers & Packaging
VFAWF.PK,JSW STEEL LTD ORD,JSTL.NS,321302,0.0167,INDIA,Basic Materials,Mineral Resources,Metals & Mining
VFAWF.PK,SCHINDLER HOLDING AG,SCHP.S,13019,0.0166,SWITZERLAND,Industrials,Industrial Goods,"Machinery, Tools, Heavy Vehicles, Trains & Ships"
VFAWF.PK,SUMITOMO REALTY & DEVELOPMENT CO LTD ORD,8830.T,118200,0.0166,JAPAN,Real Estate,Real Estate,Real Estate Operations
VFAWF.PK,ALLEGION PLC ORD,ALLE.N,27202,0.0166,IRELAND,Technology,Technology Equipment,Communications & Networking
VFAWF.PK,DOCUSIGN INC ORD,DOCU.OQ,58937,0.0166,UNITED STATES,Technology,Software & IT Services,Software & IT Services
VFAWF.PK,HUNTINGTON INGALLS INDUSTRIES INC ORD,HII.N,13832,0.0166,UNITED STATES,Industrials,Industrial Goods,Aerospace & Defense
VFAWF.PK,HONG KONG AND CHINA GAS CO LTD ORD,0003.HK,3682754,0.0165,HONG KONG,Utilities,Utilities,Natural Gas Utilities
VFAWF.PK,VAT GROUP AG ORD,VACN.S,7389,0.0165,SWITZERLAND,Industrials,Industrial Goods,"Machinery, Tools, Heavy Vehicles, Trains & Ships"
VFAWF.PK,ALINMA BANK SJSC ORD,1150.SE,319433,0.0165,SAUDI ARABIA,Financials,Banking & Investment Services,Banking Services
VFAWF.PK,WEST JAPAN RAILWAY CO ORD,9021.T,76500,0.0165,JAPAN,Industrials,Transportation,Passenger Transportation Services
VFAWF.PK,SHIMADZU CORP ORD,7701.T,103200,0.0164,JAPAN,Technology,Technology Equipment,Office Equipment
VFAWF.PK,FIRST FINANCIAL HOLDING CO LTD ORD,2892.TW,3380253,0.0164,TAIWAN,Financials,Banking & Investment Services,Banking Services
VFAWF.PK,XERO LTD ORD,XRO.AX,38036,0.0164,NEW ZEALAND,Technology,Software & IT Services,Software & IT Services
VFAWF.PK,AIR LIQUIDE SA PRIME FIDELITE 2024,NULL,17354,0.0164,NULL,Unable to resolve all requested identifiers.,,
VFAWF.PK,GROEP BRUSSEL LAMBERT NV ORD,GBLB.BR,38666,0.0164,BELGIUM,Financials,Investment Holding Companies,Investment Holding Companies
VFAWF.PK,CIMB GROUP HOLDINGS BHD ORD,CIMB.KL,2533000,0.0163,MALAYSIA,Financials,Banking & Investment Services,Banking Services
VFAWF.PK,LOGITECH INTERNATIONAL SA ORD,LOGN.S,44010,0.0163,SWITZERLAND,Technology,Technology Equipment,"Computers, Phones & Household Electronics"
VFAWF.PK,F5 INC ORD,FFIV.OQ,19559,0.0162,UNITED STATES,Technology,Software & IT Services,Software & IT Services
VFAWF.PK,SPIRAX-SARCO ENGINEERING PLC ORD,SPX.L,21678,0.0162,UNITED KINGDOM,Industrials,Industrial Goods,"Machinery, Tools, Heavy Vehicles, Trains & Ships"
VFAWF.PK,NITTO DENKO CORP ORD,6988.T,43400,0.0162,JAPAN,Basic Materials,Chemicals,Chemicals
VFAWF.PK,SAUDI AWWAL BANK SJSC ORD,1060.SE,303364,0.0161,SAUDI ARABIA,Financials,Banking & Investment Services,Banking Services
VFAWF.PK,BOC HONG KONG HOLDINGS LTD ORD,2388.HK,1014000,0.0161,HONG KONG,Financials,Banking & Investment Services,Banking Services
VFAWF.PK,CRODA INTERNATIONAL PLC ORD,CRDA.L,40594,0.0161,UNITED KINGDOM,Basic Materials,Chemicals,Chemicals
VFAWF.PK,GRASIM INDUSTRIES LTD ORD,GRAS.NS,137097,0.0161,INDIA,Basic Materials,Mineral Resources,Construction Materials
VFAWF.PK,NIPPON PAINT HOLDINGS CO LTD ORD,4612.T,332560,0.016,JAPAN,Basic Materials,Chemicals,Chemicals
VFAWF.PK,TORAY INDUSTRIES INC ORD,3402.T,546500,0.016,JAPAN,Basic Materials,Chemicals,Chemicals
VFAWF.PK,H & M HENNES & MAURITZ AB ORD,HMb.ST,181577,0.016,SWEDEN,Consumer Cyclicals,Retailers,Specialty Retailers
VFAWF.PK,COVESTRO AG ORD,1COV.DE,56584,0.016,GERMANY,Basic Materials,Chemicals,Chemicals
VFAWF.PK,POWSZECHNA KASA OSZCZEDNOSCI BANK POLSKI SA ORD,PKO.WA,301115,0.016,POLAND,Financials,Banking & Investment Services,Banking Services
VFAWF.PK,ADANI ENTERPRISES LTD ORD,ADEL.NS,100535,0.016,INDIA,Industrials,Industrial & Commercial Services,Diversified Industrial Goods Wholesale
VFAWF.PK,CHINA OVERSEAS LAND & INVESTMENT LTD ORD,0688.HK,1295500,0.016,HONG KONG,Real Estate,Real Estate,Real Estate Operations
VFAWF.PK,BOSTON PROPERTIES INC ORD,BXP.N,45551,0.0159,UNITED STATES,Real Estate,Real Estate,Residential & Commercial REITs
VFAWF.PK,PINNACLE WEST CAPITAL CORP ORD,PNW.N,36765,0.0159,UNITED STATES,Utilities,Utilities,Electric Utilities & IPPs
VFAWF.PK,H WORLD GROUP ADR,HTHT.OQ,63130,0.0159,CHINA,Consumer Cyclicals,Cyclical Consumer Services,Hotels & Entertainment Services
VFAWF.PK,HEINEKEN HOLDING NV ORD,HEIO.AS,36938,0.0159,NETHERLANDS,Consumer Non-Cyclicals,Food & Beverages,Beverages
VFAWF.PK,ARAMARK ORD,ARMK.N,74998,0.0159,UNITED STATES,Consumer Cyclicals,Cyclical Consumer Services,Hotels & Entertainment Services
VFAWF.PK,TAIWAN COOPERATIVE FINANCIAL HOLDING CO LTD ORD,5880.TW,3248913,0.0159,TAIWAN,Financials,Banking & Investment Services,Banking Services
VFAWF.PK,FRESENIUS MEDICAL CARE AG & CO KGAA ORD,FMEG.DE,57969,0.0158,GERMANY,Healthcare,Healthcare Services & Equipment,Healthcare Providers & Services
VFAWF.PK,ENGIE SA ORD,ENGIE.PA,182958,0.0158,FRANCE,Utilities,Utilities,Multiline Utilities
VFAWF.PK,DAIWA SECURITIES GROUP INC ORD,8601.T,557000,0.0158,JAPAN,Financials,Banking & Investment Services,Investment Banking & Investment Services
VFAWF.PK,CENTRICA PLC ORD,CNA.L,1702745,0.0158,UNITED KINGDOM,Utilities,Utilities,Multiline Utilities
VFAWF.PK,CONTEMPORARY AMPEREX TECHNOLOGY CO LTD ORD,300750.SZ,89960,0.0157,CHINA,Industrials,Industrial Goods,"Machinery, Tools, Heavy Vehicles, Trains & Ships"
VFAWF.PK,EQUITABLE HOLDINGS INC ORD,EQH.N,104345,0.0157,UNITED STATES,Financials,Banking & Investment Services,Investment Banking & Investment Services
VFAWF.PK,INSURANCE AUSTRALIA GROUP LTD ORD,IAG.AX,744135,0.0156,AUSTRALIA,Financials,Insurance,Insurance
VFAWF.PK,HYDRO ONE LTD ORD,H.TO,105541,0.0156,CANADA,Utilities,Utilities,Electric Utilities & IPPs
VFAWF.PK,JIO FINANCIAL SERVICES LTD ORD,JIOF.NS,934466,0.0156,INDIA,Financials,Banking & Investment Services,Investment Banking & Investment Services
VFAWF.PK,VAIL RESORTS INC ORD,MTN.N,12613,0.0156,UNITED STATES,Consumer Cyclicals,Cyclical Consumer Services,Hotels & Entertainment Services
VFAWF.PK,SABIC AGRI-NUTRIENTS COMPANY SJSC ORD,2020.SE,77182,0.0155,SAUDI ARABIA,Basic Materials,Chemicals,Chemicals
VFAWF.PK,ENN ENERGY HOLDINGS LTD ORD,2688.HK,245900,0.0155,CHINA,Utilities,Utilities,Natural Gas Utilities
VFAWF.PK,TOKYO GAS CO LTD ORD,9531.T,130700,0.0155,JAPAN,Utilities,Utilities,Natural Gas Utilities
VFAWF.PK,IMPERIAL OIL LTD ORD,IMO.TO,55004,0.0155,CANADA,Energy,Energy - Fossil Fuels,Oil & Gas
VFAWF.PK,LASERTEC CORP ORD,6920.T,19400,0.0154,JAPAN,Technology,Technology Equipment,Semiconductors & Semiconductor Equipment
VFAWF.PK,WHITBREAD PLC ORD,WTB.L,65282,0.0154,UNITED KINGDOM,Consumer Cyclicals,Cyclical Consumer Services,Hotels & Entertainment Services
VFAWF.PK,CHOCOLADEFABRIKEN LINDT & SPRUENGLI AG ORD,LISN.S,24,0.0153,SWITZERLAND,Consumer Non-Cyclicals,Food & Beverages,Food & Tobacco
VFAWF.PK,ANNALY CAPITAL MANAGEMENT INC ORD,NLY.N,145389,0.0153,UNITED STATES,Real Estate,Real Estate,Residential & Commercial REITs
VFAWF.PK,CHARLES RIVER LABORATORIES INTERNATIONAL INC ORD,CRL.N,13913,0.0153,UNITED STATES,Healthcare,Pharmaceuticals & Medical Research,Biotechnology & Medical Research
VFAWF.PK,CHINA RESOURCES BEER HOLDINGS CO LTD ORD,0291.HK,453335,0.0152,HONG KONG,Consumer Non-Cyclicals,Food & Beverages,Beverages
VFAWF.PK,BEIGENE LTD ORD,6160.HK,174500,0.0152,CAYMAN ISLANDS,Healthcare,Pharmaceuticals & Medical Research,Biotechnology & Medical Research
VFAWF.PK,FORTUNE BRANDS INNOVATIONS INC ORD,FBIN.N,40944,0.0152,UNITED STATES,Consumer Cyclicals,Cyclical Consumer Products,Homebuilding & Construction Supplies
VFAWF.PK,CAPITALAND ASCENDAS REIT,CAPD.SI,1374764,0.0152,NULL,Real Estate,Real Estate,Residential & Commercial REITs
VFAWF.PK,FISHER & PAYKEL HEALTHCARE CORPORATION LTD ORD,FPH.NZ,188194,0.0151,NEW ZEALAND,Healthcare,Healthcare Services & Equipment,Healthcare Equipment & Supplies
VFAWF.PK,BANCO DO BRASIL SA ORD,BBAS3.SA,285400,0.0151,BRAZIL,Financials,Banking & Investment Services,Banking Services
VFAWF.PK,JUNIPER NETWORKS INC ORD,JNPR.N,103576,0.0151,UNITED STATES,Technology,Technology Equipment,Communications & Networking
VFAWF.PK,EXOR NV ORD,EXOR.AS,30862,0.0151,NETHERLANDS,Industrials,Industrial Goods,"Machinery, Tools, Heavy Vehicles, Trains & Ships"
VFAWF.PK,SOLVAY SA ORD,SOLB.BR,24011,0.0151,BELGIUM,Basic Materials,Chemicals,Chemicals
VFAWF.PK,SUMITOMO METAL MINING CO LTD ORD,5713.T,83200,0.0151,JAPAN,Basic Materials,Mineral Resources,Metals & Mining
VFAWF.PK,UNITED UTILITIES GROUP PLC ORD,UU.L,222394,0.015,UNITED KINGDOM,Utilities,Utilities,Water & Related Utilities
VFAWF.PK,SMITHS GROUP PLC ORD,SMIN.L,130680,0.015,UNITED KINGDOM,Consumer Non-Cyclicals,Consumer Goods Conglomerates,Consumer Goods Conglomerates
VFAWF.PK,ASTRA INTERNATIONAL TBK PT ORD,ASII.JK,6319300,0.015,INDONESIA,Consumer Non-Cyclicals,Consumer Goods Conglomerates,Consumer Goods Conglomerates
VFAWF.PK,AIRPORTS OF THAILAND PCL ORD,AOTf.BK,1362700,0.0149,THAILAND,Industrials,Transportation,Transport Infrastructure
VFAWF.PK,FEDERAL REALTY INVESTMENT TRUST ORD,FRT.N,28010,0.0149,UNITED STATES,Real Estate,Real Estate,Residential & Commercial REITs
VFAWF.PK,SK INNOVATION CO LTD ORD,096770.KS,16756,0.0149,KOREA,Energy,Energy - Fossil Fuels,Oil & Gas
VFAWF.PK,CHINA PACIFIC INSURANCE GROUP CO LTD ORD,2601.HK,1061000,0.0149,CHINA,Financials,Insurance,Insurance
VFAWF.PK,TECH MAHINDRA LTD ORD,TEML.NS,209248,0.0149,INDIA,Technology,Software & IT Services,Software & IT Services
VFAWF.PK,HANKYU HANSHIN HOLDINGS INC ORD,9042.T,85500,0.0149,JAPAN,Industrials,Transportation,Passenger Transportation Services
VFAWF.PK,LEAR CORP ORD,LEA.N,18263,0.0148,UNITED STATES,Consumer Cyclicals,Automobiles & Auto Parts,Automobiles & Auto Parts
VFAWF.PK,NOVOZYMES A/S ORD,NZYMb.CO,55780,0.0147,DENMARK,Basic Materials,Chemicals,Chemicals
VFAWF.PK,CHUBU ELECTRIC POWER CO INC ORD,9502.T,223800,0.0147,JAPAN,Utilities,Utilities,Electric Utilities & IPPs
VFAWF.PK,FINECOBANK BANCA FINECO SPA ORD,FBK.MI,180603,0.0147,ITALY,Financials,Banking & Investment Services,Banking Services
VFAWF.PK,KANSAI ELECTRIC POWER CO INC ORD,9503.T,213300,0.0147,JAPAN,Utilities,Utilities,Electric Utilities & IPPs
VFAWF.PK,ADVANCED INFO SERVICE PCL ORD,ADVANCf.BK,426500,0.0147,THAILAND,Technology,Telecommunications Services,Telecommunications Services
VFAWF.PK,POWER ASSETS HOLDINGS LTD ORD,0006.HK,532500,0.0146,HONG KONG,Utilities,Utilities,Electric Utilities & IPPs
VFAWF.PK,WORLDLINE SA ORD,WLN.PA,70278,0.0146,FRANCE,Technology,Financial Technology (Fintech) & Infrastructure,Financial Technology (Fintech) & Infrastructure
VFAWF.PK,MELROSE INDUSTRIES PLC ORD,MRON.L,410056,0.0146,UNITED KINGDOM,Industrials,Industrial Goods,Aerospace & Defense
VFAWF.PK,MARKETAXESS HOLDINGS INC ORD,MKTX.OQ,10331,0.0146,UNITED STATES,Financials,Banking & Investment Services,Investment Banking & Investment Services
VFAWF.PK,ROLLINS INC ORD,ROL.N,67616,0.0145,UNITED STATES,Industrials,Industrial & Commercial Services,Professional & Commercial Services
VFAWF.PK,LITE-ON TECHNOLOGY CORP ORD,2301.TW,579662,0.0145,TAIWAN,Technology,Technology Equipment,"Computers, Phones & Household Electronics"
VFAWF.PK,GENERAC HOLDINGS INC ORD,GNRC.N,18014,0.0145,UNITED STATES,Industrials,Industrial Goods,"Machinery, Tools, Heavy Vehicles, Trains & Ships"
VFAWF.PK,CERIDIAN HCM HOLDING INC ORD,CDAY.N,39049,0.0145,UNITED STATES,Technology,Software & IT Services,Software & IT Services
VFAWF.PK,SWISS PRIME SITE AG ORD,SPSN.S,28424,0.0145,SWITZERLAND,Real Estate,Real Estate,Real Estate Operations
VFAWF.PK,ONO PHARMACEUTICAL CO LTD ORD,4528.T,150200,0.0144,JAPAN,Healthcare,Pharmaceuticals & Medical Research,Pharmaceuticals
VFAWF.PK,SANDS CHINA LTD ORD,1928.HK,722800,0.0144,MACAU,Consumer Cyclicals,Cyclical Consumer Services,Hotels & Entertainment Services
VFAWF.PK,SHENZHOU INTERNATIONAL GROUP HOLDINGS LTD ORD,2313.HK,261858,0.0144,CHINA,Consumer Cyclicals,Cyclical Consumer Products,Textiles & Apparel
VFAWF.PK,SIG GROUP AG ORD,SIGNC.S,102501,0.0144,SWITZERLAND,Basic Materials,Applied Resources,Containers & Packaging
VFAWF.PK,WULIANGYE YIBIN CO LTD ORD,000858.SZ,107800,0.0143,CHINA,Consumer Non-Cyclicals,Food & Beverages,Beverages
VFAWF.PK,NORSK HYDRO ASA ORD,NHY.OL,415694,0.0143,NORWAY,Basic Materials,Mineral Resources,Metals & Mining
VFAWF.PK,FOX CORP ORD,FOXA.OQ,81428,0.0143,UNITED STATES,Consumer Cyclicals,Cyclical Consumer Services,Media & Publishing
VFAWF.PK,CAPCOM CO LTD ORD,9697.T,60500,0.0143,JAPAN,Technology,Software & IT Services,Software & IT Services
VFAWF.PK,ORIGIN ENERGY LTD ORD,ORG.AX,477168,0.0143,AUSTRALIA,Utilities,Utilities,Electric Utilities & IPPs
VFAWF.PK,SOCIEDAD QUIMICA Y MINERA DE CHILE SA,SQMB.SN,36907,0.0142,CHILE,Basic Materials,Chemicals,Chemicals
VFAWF.PK,EIFFAGE SA ORD,FOUG.PA,26084,0.0142,FRANCE,Industrials,Industrial & Commercial Services,Construction & Engineering
VFAWF.PK,ORLEN SA ORD,PKN.WA,150526,0.0141,POLAND,Energy,Energy - Fossil Fuels,Oil & Gas
VFAWF.PK,FORMOSA CHEMICALS & FIBRE CORP ORD,1326.TW,1294540,0.0141,TAIWAN,Basic Materials,Chemicals,Chemicals
VFAWF.PK,GEORGE WESTON LTD ORD,WN.TO,23164,0.014,CANADA,Consumer Non-Cyclicals,Food & Drug Retailing,Food & Drug Retailing
VFAWF.PK,BYD CO LTD ORD,002594.SZ,70400,0.014,CHINA,Consumer Cyclicals,Automobiles & Auto Parts,Automobiles & Auto Parts
VFAWF.PK,JARDINE MATHESON HOLDINGS LTD ORD,JARD.SI,54100,0.014,HONG KONG,Consumer Non-Cyclicals,Consumer Goods Conglomerates,Consumer Goods Conglomerates
VFAWF.PK,AEGON NV ORD,AEGN.AS,491200,0.014,NETHERLANDS,Financials,Insurance,Insurance
VFAWF.PK,INTERTEK GROUP PLC ORD,ITRK.L,47369,0.0139,UNITED KINGDOM,Industrials,Industrial & Commercial Services,Professional & Commercial Services
VFAWF.PK,BUREAU VERITAS SA ORD,BVI.PA,96589,0.0139,FRANCE,Industrials,Industrial & Commercial Services,Professional & Commercial Services
VFAWF.PK,MITSUI O.S.K. LINES LTD ORD,9104.T,102261,0.0139,JAPAN,Industrials,Transportation,Freight & Logistics Services
VFAWF.PK,IMCD NV ORD,IMCD.AS,17514,0.0139,NETHERLANDS,Basic Materials,Chemicals,Chemicals
VFAWF.PK,MITSUBISHI CHEMICAL GROUP CORP ORD,4188.T,445400,0.0139,JAPAN,Basic Materials,Chemicals,Chemicals
VFAWF.PK,WHARF REAL ESTATE INVESTMENT COMPANY LTD ORD,1997.HK,495000,0.0139,HONG KONG,Real Estate,Real Estate,Real Estate Operations
VFAWF.PK,CANADIAN TIRE CORPORATION LTD ORD,CTCa.TO,19334,0.0139,CANADA,Consumer Cyclicals,Retailers,Diversified Retail
VFAWF.PK,OIL AND NATURAL GAS CORPORATION LTD ORD,ONGC.NS,1223074,0.0138,INDIA,Energy,Energy - Fossil Fuels,Oil & Gas
VFAWF.PK,BE SEMICONDUCTOR INDUSTRIES NV ORD,BESI.AS,22060,0.0138,NETHERLANDS,Technology,Technology Equipment,Semiconductors & Semiconductor Equipment
VFAWF.PK,YAMAHA MOTOR CO LTD ORD,7272.T,90100,0.0138,JAPAN,Consumer Cyclicals,Automobiles & Auto Parts,Automobiles & Auto Parts
VFAWF.PK,PICC PROPERTY AND CASUALTY CO LTD ORD,2328.HK,2265748,0.0138,CHINA,Financials,Insurance,Insurance
VFAWF.PK,CHAILEASE HOLDING COMPANY LTD ORD,5871.TW,397530,0.0138,TAIWAN,Financials,Banking & Investment Services,Banking Services
VFAWF.PK,SAMSUNG C&T CORP ORD,028260.KS,32459,0.0138,KOREA,Industrials,Industrial & Commercial Services,Diversified Industrial Goods Wholesale
VFAWF.PK,ASX LTD ORD,ASX.AX,62514,0.0137,AUSTRALIA,Financials,Banking & Investment Services,Investment Banking & Investment Services
VFAWF.PK,DENTSPLY SIRONA INC ORD,XRAY.OQ,63101,0.0137,UNITED STATES,Healthcare,Healthcare Services & Equipment,Healthcare Equipment & Supplies
VFAWF.PK,BROOKFIELD ASSET MANAGEMENT LTD ORD,BAM.N,77484,0.0137,CANADA,Financials,Banking & Investment Services,Investment Banking & Investment Services
VFAWF.PK,PARAMOUNT GLOBAL ORD,PARA.OQ,163578,0.0137,UNITED STATES,Consumer Cyclicals,Cyclical Consumer Services,Media & Publishing
VFAWF.PK,ASSOCIATED BRITISH FOODS PLC ORD,ABF.L,99156,0.0137,UNITED KINGDOM,Consumer Non-Cyclicals,Food & Beverages,Food & Tobacco
VFAWF.PK,COMPUTERSHARE LTD ORD,CPU.AX,154139,0.0136,AUSTRALIA,Technology,Software & IT Services,Software & IT Services
VFAWF.PK,LENOVO GROUP LTD ORD,0992.HK,2268000,0.0136,CHINA,Technology,Technology Equipment,"Computers, Phones & Household Electronics"
VFAWF.PK,BID CORPORATION LTD ORD,BIDJ.J,109157,0.0136,SOUTH AFRICA,Consumer Non-Cyclicals,Food & Drug Retailing,Food & Drug Retailing
VFAWF.PK,PEARSON PLC ORD,PSON.L,234132,0.0136,UNITED KINGDOM,Consumer Cyclicals,Cyclical Consumer Services,Media & Publishing
VFAWF.PK,JD HEALTH INTERNATIONAL INC ORD,6618.HK,360303,0.0136,CHINA,Consumer Cyclicals,Retailers,Diversified Retail
VFAWF.PK,CAMPBELL SOUP CO ORD,CPB.N,56481,0.0136,UNITED STATES,Consumer Non-Cyclicals,Food & Beverages,Food & Tobacco
VFAWF.PK,CAPITEC BANK HOLDINGS LTD ORD,CPIJ.J,25565,0.0135,SOUTH AFRICA,Financials,Banking & Investment Services,Banking Services
VFAWF.PK,ROHM CO LTD ORD,6963.T,27600,0.0135,JAPAN,Technology,Technology Equipment,Semiconductors & Semiconductor Equipment
VFAWF.PK,ANGLOGOLD ASHANTI LTD ORD,ANGJ.J,116354,0.0135,SOUTH AFRICA,Basic Materials,Mineral Resources,Metals & Mining
VFAWF.PK,PRIME FIDELITE (SPECIFIQUE),NULL,156847,0.0135,FRANCE,Unable to resolve all requested identifiers.,,
VFAWF.PK,NRG ENERGY INC ORD,NRG.N,67877,0.0135,UNITED STATES,Utilities,Utilities,Electric Utilities & IPPs
VFAWF.PK,GEELY AUTOMOBILE HOLDINGS LTD ORD,0175.HK,1789600,0.0135,HONG KONG,Consumer Cyclicals,Automobiles & Auto Parts,Automobiles & Auto Parts
VFAWF.PK,PANDORA A/S ORD,PNDORA.CO,25625,0.0135,DENMARK,Consumer Cyclicals,Cyclical Consumer Products,Textiles & Apparel
VFAWF.PK,ASUSTEK COMPUTER INC ORD,2357.TW,222000,0.0135,TAIWAN,Technology,Technology Equipment,"Computers, Phones & Household Electronics"
VFAWF.PK,NISSAN MOTOR CO LTD ORD,7201.T,583900,0.0134,JAPAN,Consumer Cyclicals,Automobiles & Auto Parts,Automobiles & Auto Parts
VFAWF.PK,ALSTOM SA ORD,ALSO.PA,83173,0.0134,FRANCE,Industrials,Industrial Goods,"Machinery, Tools, Heavy Vehicles, Trains & Ships"
VFAWF.PK,CIPLA LTD ORD,CIPL.NS,178816,0.0134,INDIA,Healthcare,Pharmaceuticals & Medical Research,Pharmaceuticals
VFAWF.PK,WISETECH GLOBAL LTD ORD,WTC.AX,44180,0.0134,AUSTRALIA,Technology,Software & IT Services,Software & IT Services
VFAWF.PK,UNIVERSAL HEALTH SERVICES INC ORD,UHS.N,18455,0.0134,UNITED STATES,Healthcare,Healthcare Services & Equipment,Healthcare Providers & Services
VFAWF.PK,HANA FINANCIAL GROUP INC ORD,086790.KS,83066,0.0134,KOREA,Financials,Banking & Investment Services,Banking Services
VFAWF.PK,ABSA GROUP LTD ORD,ABGJ.J,240196,0.0134,SOUTH AFRICA,Financials,Banking & Investment Services,Banking Services
VFAWF.PK,WASHINGTON H SOUL PATTINSON AND COMPANY LTD ORD,SOL.AX,114053,0.0133,AUSTRALIA,Energy,Energy - Fossil Fuels,Coal
VFAWF.PK,AUTOLIV INC ORD,ALV.N,25073,0.0133,SWEDEN,Consumer Cyclicals,Automobiles & Auto Parts,Automobiles & Auto Parts
VFAWF.PK,NOVATEK MICROELECTRONICS CORP ORD,3034.TW,188000,0.0133,TAIWAN,Technology,Technology Equipment,Semiconductors & Semiconductor Equipment
VFAWF.PK,AKER BP ASA ORD,AKRBP.OL,90394,0.0133,NORWAY,Energy,Energy - Fossil Fuels,Oil & Gas
VFAWF.PK,MINEBEA MITSUMI INC ORD,6479.T,137400,0.0133,JAPAN,Technology,Technology Equipment,Electronic Equipment & Parts
VFAWF.PK,TEXAS PACIFIC LAND CORP ORD,TPL.N,1684,0.0133,UNITED STATES,Energy,Energy - Fossil Fuels,Oil & Gas
VFAWF.PK,CAPITALAND INTEGRATED COMMERCIAL TRUST,CMLT.SI,1657214,0.0133,NULL,Real Estate,Real Estate,Residential & Commercial REITs
VFAWF.PK,HINDALCO INDUSTRIES LTD ORD,HALC.NS,453140,0.0133,INDIA,Basic Materials,Mineral Resources,Metals & Mining
VFAWF.PK,BATH & BODY WORKS INC ORD,BBWI.N,68095,0.0132,UNITED STATES,Consumer Cyclicals,Retailers,Specialty Retailers
VFAWF.PK,MEDIOBANCA BANCA DI CREDITO FINANZIARIO SPA ORD,MDBI.MI,189254,0.0132,ITALY,Financials,Banking & Investment Services,Banking Services
VFAWF.PK,BANGKOK DUSIT MEDICAL SERVICES PCL ORD,BDMSf.BK,3000500,0.0132,THAILAND,Healthcare,Healthcare Services & Equipment,Healthcare Providers & Services
VFAWF.PK,WESTROCK CO ORD,WRK.N,75720,0.0132,UNITED STATES,Basic Materials,Applied Resources,Containers & Packaging
VFAWF.PK,WHIRLPOOL CORP ORD,WHR.N,17519,0.0132,UNITED STATES,Consumer Cyclicals,Cyclical Consumer Products,Household Goods
VFAWF.PK,REDEIA CORPORACION SA ORD,REDE.MC,150263,0.0132,SPAIN,Utilities,Utilities,Electric Utilities & IPPs
VFAWF.PK,NISSAN CHEMICAL CORP ORD,4021.T,56100,0.0132,JAPAN,Basic Materials,Chemicals,Chemicals
VFAWF.PK,TENAGA NASIONAL BHD ORD,TENA.KL,1174600,0.0131,MALAYSIA,Utilities,Utilities,Electric Utilities & IPPs
VFAWF.PK,ARROW ELECTRONICS INC ORD,ARW.N,17506,0.0131,UNITED STATES,Technology,Technology Equipment,Semiconductors & Semiconductor Equipment
VFAWF.PK,PILBARA MINERALS LTD ORD,PLS.AX,766926,0.0131,AUSTRALIA,Basic Materials,Mineral Resources,Metals & Mining
VFAWF.PK,MONDI PLC ORD,MNDI.L,142278,0.0131,UNITED KINGDOM,Basic Materials,Applied Resources,Containers & Packaging
VFAWF.PK,EQUATORIAL ENERGIA SA ORD,EQTL3.SA,355120,0.0131,BRAZIL,Utilities,Utilities,Electric Utilities & IPPs
VFAWF.PK,TAIWAN CEMENT CORP ORD,1101.TW,2083729,0.013,TAIWAN,Basic Materials,Mineral Resources,Construction Materials
VFAWF.PK,DELTA ELECTRONICS THAILAND PCL ORD,DELTAz.BK,750064,0.013,THAILAND,Industrials,Industrial Goods,"Machinery, Tools, Heavy Vehicles, Trains & Ships"
VFAWF.PK,JAZZ PHARMACEUTICALS PLC ORD,JAZZ.OQ,19072,0.013,IRELAND,Healthcare,Pharmaceuticals & Medical Research,Pharmaceuticals
VFAWF.PK,ELISA OYJ ORD,ELISA.HE,47627,0.013,FINLAND,Technology,Telecommunications Services,Telecommunications Services
VFAWF.PK,NITORI HOLDINGS CO LTD ORD,9843.T,20000,0.0129,JAPAN,Consumer Cyclicals,Retailers,Specialty Retailers
VFAWF.PK,HASBRO INC ORD,HAS.OQ,38259,0.0129,UNITED STATES,Consumer Cyclicals,Cyclical Consumer Products,Leisure Products
VFAWF.PK,APA GROUP,PJZ.DEU,364574,0.0129,AUSTRALIA,Utilities,Utilities,Natural Gas Utilities
VFAWF.PK,ABU DHABI COMMERCIAL BANK PJSC ORD,ADCB.AD,1032361,0.0129,UNITED ARAB EMIRATES,Financials,Banking & Investment Services,Banking Services
VFAWF.PK,EQT AB ORD,EQTAB.ST,102966,0.0129,SWEDEN,Financials,Banking & Investment Services,Investment Banking & Investment Services
VFAWF.PK,NORTHERN STAR RESOURCES LTD ORD,NST.AX,318401,0.0129,AUSTRALIA,Basic Materials,Mineral Resources,Metals & Mining
VFAWF.PK,BOLIDEN AB ORD,BOL.ST,83010,0.0128,SWEDEN,Basic Materials,Mineral Resources,Metals & Mining
VFAWF.PK,SPARK NEW ZEALAND LTD ORD,SPK.NZ,755999,0.0128,NEW ZEALAND,Technology,Telecommunications Services,Telecommunications Services
VFAWF.PK,AUTO TRADER GROUP PLC ORD,AUTOA.L,294603,0.0128,UNITED KINGDOM,Technology,Software & IT Services,Software & IT Services
VFAWF.PK,TATA CONSUMER PRODUCTS LTD ORD,TACN.NS,234130,0.0128,INDIA,Consumer Non-Cyclicals,Food & Beverages,Food & Tobacco
VFAWF.PK,NTT DATA GROUP CORP ORD,9613.T,175700,0.0128,JAPAN,Technology,Software & IT Services,Software & IT Services
VFAWF.PK,GENTEX CORP ORD,GNTX.OQ,71966,0.0127,UNITED STATES,Consumer Cyclicals,Automobiles & Auto Parts,Automobiles & Auto Parts
VFAWF.PK,RENAULT SA ORD,RENA.PA,55039,0.0127,FRANCE,Consumer Cyclicals,Automobiles & Auto Parts,Automobiles & Auto Parts
VFAWF.PK,CONTINENTAL AG ORD,CONG.DE,30272,0.0127,GERMANY,Consumer Cyclicals,Automobiles & Auto Parts,Automobiles & Auto Parts
VFAWF.PK,SOUTHERN COPPER CORP ORD,SCCO.N,27777,0.0127,UNITED STATES,Basic Materials,Mineral Resources,Metals & Mining
VFAWF.PK,ALLY FINANCIAL INC ORD,ALLY.N,79261,0.0127,UNITED STATES,Financials,Banking & Investment Services,Banking Services
VFAWF.PK,CATALENT INC ORD,CTLT.N,49917,0.0127,UNITED STATES,Healthcare,Pharmaceuticals & Medical Research,Pharmaceuticals
VFAWF.PK,NEW ORIENTAL EDUCATION & TECHNOLOGY GROUP INC ORD,9901.HK,411180,0.0127,CHINA,Academic & Educational Services,Academic & Educational Services,Miscellaneous Educational Service Providers
VFAWF.PK,ADANI PORTS AND SPECIAL ECONOMIC ZONE LTD ORD,APSE.NS,253617,0.0126,INDIA,Industrials,Transportation,Transport Infrastructure
VFAWF.PK,ZIJIN MINING GROUP CO LTD ORD,601899.SS,1321100,0.0126,CHINA,Basic Materials,Mineral Resources,Metals & Mining
VFAWF.PK,HAMAMATSU PHOTONICS KK ORD,6965.T,49800,0.0126,JAPAN,Technology,Technology Equipment,Semiconductors & Semiconductor Equipment
VFAWF.PK,NEWS CORP ORD,NWSA.OQ,121794,0.0126,UNITED STATES,Consumer Cyclicals,Cyclical Consumer Services,Media & Publishing
VFAWF.PK,ISUZU MOTORS LTD ORD,7202.T,186100,0.0126,JAPAN,Consumer Cyclicals,Automobiles & Auto Parts,Automobiles & Auto Parts
VFAWF.PK,POSTAL SAVINGS BANK OF CHINA CO LTD ORD,1658.HK,3921000,0.0126,CHINA,Financials,Banking & Investment Services,Banking Services
VFAWF.PK,SEVERN TRENT PLC ORD,SVT.L,73178,0.0126,UNITED KINGDOM,Utilities,Utilities,Water & Related Utilities
VFAWF.PK,TENARIS SA ORD,TENR.MI,143108,0.0125,LUXEMBOURG,Energy,Energy - Fossil Fuels,Oil & Gas Related Equipment and Services
VFAWF.PK,BIO RAD LABORATORIES INC ORD,BIO.N,5865,0.0125,UNITED STATES,Healthcare,Healthcare Services & Equipment,Healthcare Equipment & Supplies
VFAWF.PK,CSPC PHARMACEUTICAL GROUP LTD ORD,1093.HK,2874440,0.0125,CHINA,Healthcare,Pharmaceuticals & Medical Research,Pharmaceuticals
VFAWF.PK,BAYERISCHE MOTOREN WERKE AG PFD,BMWG_p.DE,20996,0.0124,GERMANY,Consumer Cyclicals,Automobiles & Auto Parts,Automobiles & Auto Parts
VFAWF.PK,TEVA PHARMACEUTICAL INDUSTRIES LTD ORD,TEVA.TA,282493,0.0124,ISRAEL,Healthcare,Pharmaceuticals & Medical Research,Pharmaceuticals
VFAWF.PK,STOCKLAND CORPORATION LTD,SGP.AX,835819,0.0124,AUSTRALIA,Real Estate,Real Estate,Real Estate Operations
VFAWF.PK,MOWI ASA ORD,MOWI.OL,134001,0.0124,NORWAY,Consumer Non-Cyclicals,Food & Beverages,Food & Tobacco
VFAWF.PK,NEXON CO LTD ORD,3659.T,124300,0.0124,JAPAN,Technology,Software & IT Services,Software & IT Services
VFAWF.PK,DENTSU GROUP INC ORD,4324.T,71000,0.0124,JAPAN,Consumer Cyclicals,Cyclical Consumer Services,Media & Publishing
VFAWF.PK,LG ELECTRONICS INC ORD,066570.KS,27730,0.0123,KOREA,Technology,Technology Equipment,"Computers, Phones & Household Electronics"
VFAWF.PK,RENAISSANCERE HOLDINGS LTD ORD,RNR.N,12588,0.0123,BERMUDA,Financials,Insurance,Insurance
VFAWF.PK,ALPHA DUBAI HOLDING PJSC ORD,ALPHADHABIf.AD,431968,0.0123,UNITED ARAB EMIRATES,Consumer Non-Cyclicals,Consumer Goods Conglomerates,Consumer Goods Conglomerates
VFAWF.PK,NIPPON BUILDING FUND INC,NULL,560,0.0123,NULL,Unable to resolve all requested identifiers.,,
VFAWF.PK,TELEPERFORMANCE SE ORD,TEPRF.PA,16141,0.0123,FRANCE,Industrials,Industrial & Commercial Services,Professional & Commercial Services
VFAWF.PK,PAN PACIFIC INTERNATIONAL HOLDINGS CORP ORD,7532.T,117400,0.0122,JAPAN,Consumer Cyclicals,Retailers,Diversified Retail
VFAWF.PK,GREAT-WEST LIFECO INC ORD,GWO.TO,76866,0.0122,CANADA,Financials,Insurance,Insurance
VFAWF.PK,SASOL LTD ORD,SOLJ.J,166568,0.0122,SOUTH AFRICA,Basic Materials,Chemicals,Chemicals
VFAWF.PK,DELIVERY HERO SE ORD,DHER.DE,51252,0.0122,GERMANY,Technology,Software & IT Services,Software & IT Services
VFAWF.PK,EUROFINS SCIENTIFIC SE ORD,EUFI.PA,33726,0.0122,LUXEMBOURG,Industrials,Industrial & Commercial Services,Professional & Commercial Services
VFAWF.PK,MINERAL RESOURCES LTD ORD,MIN.AX,48327,0.0122,AUSTRALIA,Basic Materials,Mineral Resources,Metals & Mining
VFAWF.PK,BAJAJ FINSERV LTD ORD,BJFS.NS,120293,0.0122,INDIA,Financials,Insurance,Insurance
VFAWF.PK,KAJIMA CORP ORD,1812.T,146600,0.0121,JAPAN,Industrials,Industrial & Commercial Services,Construction & Engineering
VFAWF.PK,OTP BANK NYRT ORD,OTPB.BU,63097,0.0121,HUNGARY,Financials,Banking & Investment Services,Banking Services
VFAWF.PK,WIPRO LTD ORD,WIPR.NS,469108,0.0121,INDIA,Technology,Software & IT Services,Software & IT Services
VFAWF.PK,HDFC LIFE INSURANCE COMPANY LTD ORD,HDFL.NS,293329,0.0121,INDIA,Financials,Insurance,Insurance
VFAWF.PK,ANTOFAGASTA PLC ORD,ANTO.L,107380,0.0121,UNITED KINGDOM,Basic Materials,Mineral Resources,Metals & Mining
VFAWF.PK,SHOPRITE HOLDINGS LTD ORD,SHPJ.J,159617,0.0121,SOUTH AFRICA,Consumer Non-Cyclicals,Food & Drug Retailing,Food & Drug Retailing
VFAWF.PK,LOTTERY CORPORATION LTD ORD,TLC.AX,663732,0.0121,AUSTRALIA,Consumer Cyclicals,Cyclical Consumer Services,Hotels & Entertainment Services
VFAWF.PK,KINTETSU GROUP HOLDINGS CO LTD ORD,9041.T,68900,0.0121,JAPAN,Industrials,Transportation,Passenger Transportation Services
VFAWF.PK,SINOPAC FINANCIAL HOLDINGS CO LTD ORD,2890.TW,3870740,0.012,TAIWAN,Financials,Banking & Investment Services,Banking Services
VFAWF.PK,KT&G CORP ORD,033780.KS,35444,0.012,KOREA,Consumer Non-Cyclicals,Food & Beverages,Food & Tobacco
VFAWF.PK,FRANKLIN RESOURCES INC ORD,BEN.N,78522,0.012,UNITED STATES,Financials,Banking & Investment Services,Investment Banking & Investment Services
VFAWF.PK,AGEAS SA ORD,AGES.BR,53880,0.012,BELGIUM,Financials,Insurance,Insurance
VFAWF.PK,GRUPO AEROPORTUARIO DEL PACIFICO SAB DE CV ORD,GAPB.MX,120300,0.012,MEXICO,Industrials,Transportation,Transport Infrastructure
VFAWF.PK,GEA GROUP AG ORD,G1AG.DE,53828,0.012,GERMANY,Industrials,Industrial Goods,"Machinery, Tools, Heavy Vehicles, Trains & Ships"
VFAWF.PK,ADMIRAL GROUP PLC ORD,ADML.L,83725,0.012,UNITED KINGDOM,Financials,Insurance,Insurance
VFAWF.PK,PRIO SA ORD,PRIO3.SA,236500,0.0119,BRAZIL,Energy,Energy - Fossil Fuels,Oil & Gas
VFAWF.PK,ROBERT HALF INC ORD,RHI.N,30687,0.0119,UNITED STATES,Industrials,Industrial & Commercial Services,Professional & Commercial Services
VFAWF.PK,ACS ACTIVIDADES DE CONSTRUCCION Y SERVICIOS SA ORD,ACS.MC,64242,0.0118,SPAIN,Industrials,Industrial & Commercial Services,Construction & Engineering
VFAWF.PK,BOUYGUES SA ORD,BOUY.PA,62820,0.0118,FRANCE,Industrials,Industrial & Commercial Services,Construction & Engineering
VFAWF.PK,BANCO BTG PACTUAL SA,BPAC11.SA,315308,0.0118,BRAZIL,Financials,Banking & Investment Services,Investment Banking & Investment Services
VFAWF.PK,ARKEMA SA ORD,AKE.PA,20835,0.0118,FRANCE,Basic Materials,Chemicals,Chemicals
VFAWF.PK,TELENOR ASA ORD,TEL.OL,210760,0.0118,NORWAY,Technology,Telecommunications Services,Telecommunications Services
VFAWF.PK,KEPPEL CORPORATION LTD ORD,KPLM.SI,403100,0.0117,SINGAPORE,Consumer Non-Cyclicals,Consumer Goods Conglomerates,Consumer Goods Conglomerates
VFAWF.PK,DAITO TRUST CONSTRUCTION CO LTD ORD,1878.T,20800,0.0117,JAPAN,Real Estate,Real Estate,Real Estate Operations
VFAWF.PK,BARRY CALLEBAUT AG ORD,BARN.S,1191,0.0117,SWITZERLAND,Consumer Non-Cyclicals,Food & Beverages,Food & Tobacco
VFAWF.PK,RAMSAY HEALTH CARE LTD ORD,RHC.AX,56498,0.0117,AUSTRALIA,Healthcare,Healthcare Services & Equipment,Healthcare Providers & Services
VFAWF.PK,YAMAHA CORP ORD,7951.T,57800,0.0117,JAPAN,Consumer Cyclicals,Cyclical Consumer Products,Leisure Products
VFAWF.PK,HOTAI MOTOR CO LTD ORD,2207.TW,92000,0.0116,TAIWAN,Consumer Cyclicals,Retailers,Specialty Retailers
VFAWF.PK,BALOISE HOLDING AG ORD,BALN.S,14301,0.0116,SWITZERLAND,Financials,Insurance,Insurance
VFAWF.PK,ZILLOW GROUP INC ORD,Z.OQ,40887,0.0116,UNITED STATES,Real Estate,Real Estate,Real Estate Operations
VFAWF.PK,SUZANO SA ORD,SUZB3.SA,220046,0.0116,BRAZIL,Basic Materials,Applied Resources,Paper & Forest Products
VFAWF.PK,SIEMENS ENERGY AG,ENR1n.DE,131047,0.0116,GERMANY,Energy,Renewable Energy,Renewable Energy
VFAWF.PK,SAMSUNG ELECTRO-MECHANICS CO LTD ORD,009150.KS,19302,0.0115,KOREA,Technology,Technology Equipment,Semiconductors & Semiconductor Equipment
VFAWF.PK,JFE HOLDINGS INC ORD,5411.T,136100,0.0115,JAPAN,Basic Materials,Mineral Resources,Metals & Mining
VFAWF.PK,EPIROC AB ORD,EPIRb.ST,129197,0.0115,SWEDEN,Industrials,Industrial Goods,"Machinery, Tools, Heavy Vehicles, Trains & Ships"
VFAWF.PK,WILMAR INTERNATIONAL LTD ORD,WLIL.SI,756603,0.0115,SINGAPORE,Consumer Non-Cyclicals,Food & Beverages,Food & Tobacco
VFAWF.PK,CHINA MERCHANTS BANK CO LTD ORD,3968.HK,447110,0.0115,CHINA,Financials,Banking & Investment Services,Banking Services
VFAWF.PK,TOKYU CORP ORD,9005.T,173100,0.0115,JAPAN,Industrials,Transportation,Passenger Transportation Services
VFAWF.PK,SENSATA TECHNOLOGIES HOLDING PLC ORD,ST.N,51352,0.0114,UNITED STATES,Technology,Technology Equipment,Electronic Equipment & Parts
VFAWF.PK,CEZ AS ORD,CEZP.PR,48742,0.0113,CZECH REPUBLIC,Utilities,Utilities,Electric Utilities & IPPs
VFAWF.PK,AUCKLAND INTERNATIONAL AIRPORT LTD ORD,AIA.NZ,411653,0.0113,NEW ZEALAND,Industrials,Transportation,Transport Infrastructure
VFAWF.PK,VIVENDI SE ORD,VIV.PA,241223,0.0113,FRANCE,Consumer Cyclicals,Cyclical Consumer Services,Media & Publishing
VFAWF.PK,SEI INVESTMENTS CO ORD,SEIC.OQ,34191,0.0113,UNITED STATES,Financials,Banking & Investment Services,Investment Banking & Investment Services
VFAWF.PK,T&D HOLDINGS INC ORD,8795.T,132300,0.0113,JAPAN,Financials,Insurance,Insurance
VFAWF.PK,ISRAEL DISCOUNT BANK LTD ORD,DSCT.TA,400595,0.0112,ISRAEL,Financials,Banking & Investment Services,Banking Services
VFAWF.PK,TSINGTAO BREWERY CO LTD ORD,0168.HK,238873,0.0112,CHINA,Consumer Non-Cyclicals,Food & Beverages,Beverages
VFAWF.PK,ASSURANT INC ORD,AIZ.N,15936,0.0112,UNITED STATES,Financials,Insurance,Insurance
VFAWF.PK,VOYA FINANCIAL INC ORD,VOYA.N,28714,0.0112,UNITED STATES,Financials,Banking & Investment Services,Investment Banking & Investment Services
VFAWF.PK,GETLINK SE ORD,GETP.PA,121267,0.0112,FRANCE,Industrials,Transportation,Transport Infrastructure
VFAWF.PK,ZOOMINFO TECHNOLOGIES INC ORD,ZI.OQ,83694,0.0112,UNITED STATES,Technology,Software & IT Services,Software & IT Services
VFAWF.PK,MTR CORP LTD ORD,0066.HK,465000,0.0112,HONG KONG,Industrials,Transportation,Passenger Transportation Services
VFAWF.PK,HENKEL AG & CO KGAA ORD,HNKG.DE,30230,0.0111,GERMANY,Basic Materials,Chemicals,Chemicals
VFAWF.PK,ST JAMES'S PLACE PLC ORD,SJP.L,174517,0.0111,UNITED KINGDOM,Financials,Banking & Investment Services,Investment Banking & Investment Services
VFAWF.PK,DEXUS,DXS.AX,381461,0.0111,AUSTRALIA,Real Estate,Real Estate,Residential & Commercial REITs
VFAWF.PK,DAI NIPPON PRINTING CO LTD ORD,7912.T,74400,0.0111,JAPAN,Industrials,Industrial & Commercial Services,Professional & Commercial Services
VFAWF.PK,PTT EXPLORATION AND PRODUCTION PCL ORD,PTTEPf.BK,453334,0.0111,THAILAND,Energy,Energy - Fossil Fuels,Oil & Gas
VFAWF.PK,SEEK LTD ORD,SEK.AX,125551,0.011,AUSTRALIA,Industrials,Industrial & Commercial Services,Professional & Commercial Services
VFAWF.PK,STORA ENSO OYJ ORD,STERV.HE,170827,0.011,FINLAND,Basic Materials,Applied Resources,Paper & Forest Products
VFAWF.PK,MAKITA CORP ORD,6586.T,74100,0.0109,JAPAN,Industrials,Industrial Goods,"Machinery, Tools, Heavy Vehicles, Trains & Ships"
VFAWF.PK,DELTA AIR LINES INC ORD,DAL.N,44870,0.0109,UNITED STATES,Industrials,Transportation,Passenger Transportation Services
VFAWF.PK,ZALANDO SE ORD,ZALG.DE,60328,0.0109,GERMANY,Technology,Software & IT Services,Software & IT Services
VFAWF.PK,JERONIMO MARTINS SGPS SA ORD,JMT.LS,75920,0.0109,PORTUGAL,Consumer Non-Cyclicals,Food & Drug Retailing,Food & Drug Retailing
VFAWF.PK,TRYG A/S ORD,TRYG.CO,105504,0.0109,DENMARK,Financials,Insurance,Insurance
VFAWF.PK,Z HOLDINGS CORP ORD,4689.T,741800,0.0108,JAPAN,Technology,Software & IT Services,Software & IT Services
VFAWF.PK,SVENSKA CELLULOSA SCA AB ORD,SCAb.ST,155053,0.0108,SWEDEN,Basic Materials,Applied Resources,Paper & Forest Products
VFAWF.PK,B&M EUROPEAN VALUE RETAIL SA ORD,BMEB.L,290314,0.0108,LUXEMBOURG,Consumer Cyclicals,Retailers,Diversified Retail
VFAWF.PK,AVENUE SUPERMARTS LTD ORD,AVEU.NS,45042,0.0108,INDIA,Consumer Non-Cyclicals,Food & Drug Retailing,Food & Drug Retailing
VFAWF.PK,SBI LIFE INSURANCE COMPANY LTD ORD,SBIL.NS,132820,0.0108,INDIA,Financials,Insurance,Insurance
VFAWF.PK,ABN AMRO BANK NV,ABNd.AS,121385,0.0108,NETHERLANDS,Financials,Banking & Investment Services,Banking Services
VFAWF.PK,CHINA DEVELOPMENT FINANCIAL HOLDING CORP ORD,2883.TW,5125300,0.0107,TAIWAN,Financials,Insurance,Insurance
VFAWF.PK,OMV AG ORD,OMVV.VI,45400,0.0107,AUSTRIA,Energy,Energy - Fossil Fuels,Oil & Gas
VFAWF.PK,PUMA SE ORD,PUMG.DE,30216,0.0107,GERMANY,Consumer Cyclicals,Cyclical Consumer Products,Textiles & Apparel
VFAWF.PK,YARA INTERNATIONAL ASA ORD,YAR.OL,50074,0.0107,NORWAY,Basic Materials,Chemicals,Chemicals
VFAWF.PK,SUNNY OPTICAL TECHNOLOGY GROUP CO LTD ORD,2382.HK,211800,0.0107,CHINA,Technology,Technology Equipment,Electronic Equipment & Parts
VFAWF.PK,KAWASAKI KISEN KAISHA LTD ORD,9107.T,67700,0.0107,JAPAN,Industrials,Transportation,Freight & Logistics Services
VFAWF.PK,CENTRAL PATTANA PCL ORD,CPNf.BK,1017800,0.0106,THAILAND,Real Estate,Real Estate,Real Estate Operations
VFAWF.PK,BRITANNIA INDUSTRIES LTD ORD,BRIT.NS,34748,0.0106,INDIA,Consumer Non-Cyclicals,Food & Beverages,Food & Tobacco
VFAWF.PK,DOOSAN ENERBILITY CO LTD ORD,034020.KS,147479,0.0106,KOREA,Industrials,Industrial Goods,"Machinery, Tools, Heavy Vehicles, Trains & Ships"
VFAWF.PK,HUA NAN FINANCIAL HOLDINGS CO LTD ORD,2880.TW,2872052,0.0106,TAIWAN,Financials,Banking & Investment Services,Banking Services
VFAWF.PK,MEDIBANK PRIVATE LTD ORD,MPL.AX,853897,0.0106,AUSTRALIA,Financials,Insurance,Insurance
VFAWF.PK,BANK OF COMMUNICATIONS CO LTD ORD,3328.HK,3374000,0.0106,CHINA,Financials,Banking & Investment Services,Banking Services
VFAWF.PK,CHR HANSEN HOLDING A/S ORD,CHRH.CO,26761,0.0106,DENMARK,Consumer Non-Cyclicals,Food & Beverages,Food & Tobacco
VFAWF.PK,HAIER SMART HOME CO LTD ORD,6690.HK,622400,0.0106,CHINA,Consumer Cyclicals,Cyclical Consumer Products,Household Goods
VFAWF.PK,KANZHUN ADR REP 2 ORD,BZ.OQ,108749,0.0106,CHINA,Technology,Software & IT Services,Software & IT Services
VFAWF.PK,ADVANTECH CO LTD ORD,2395.TW,162970,0.0106,TAIWAN,Technology,Technology Equipment,"Computers, Phones & Household Electronics"
VFAWF.PK,LARGAN PRECISION CO LTD ORD,3008.TW,29000,0.0105,TAIWAN,Technology,Technology Equipment,"Computers, Phones & Household Electronics"
VFAWF.PK,SM PRIME HOLDINGS INC ORD,SMPH.PS,3301000,0.0105,PHILIPPINES,Real Estate,Real Estate,Real Estate Operations
VFAWF.PK,CAPITALAND INVESTMENT LTD ORD,CAPN.SI,783200,0.0105,SINGAPORE,Real Estate,Real Estate,Real Estate Operations
VFAWF.PK,IBIDEN CO LTD ORD,4062.T,32900,0.0105,JAPAN,Technology,Technology Equipment,Semiconductors & Semiconductor Equipment
VFAWF.PK,SARTORIUS STEDIM BIOTECH SA ORD,STDM.PA,6366,0.0105,FRANCE,Healthcare,Healthcare Services & Equipment,Healthcare Equipment & Supplies
VFAWF.PK,LG CORP ORD,003550.KS,30376,0.0104,KOREA,Industrials,Industrial & Commercial Services,Professional & Commercial Services
VFAWF.PK,BANCO BPM SPA ORD,BAMI.MI,397792,0.0104,ITALY,Financials,Banking & Investment Services,Banking Services
VFAWF.PK,SKF AB ORD,SKFb.ST,104096,0.0104,SWEDEN,Industrials,Industrial Goods,"Machinery, Tools, Heavy Vehicles, Trains & Ships"
VFAWF.PK,MIRVAC GROUP,MGR.AX,1265212,0.0104,AUSTRALIA,Real Estate,Real Estate,Residential & Commercial REITs
VFAWF.PK,BDO UNIBANK INC ORD,BDO.PS,748082,0.0104,PHILIPPINES,Financials,Banking & Investment Services,Banking Services
VFAWF.PK,INDUTRADE AB ORD,INDT.ST,94232,0.0104,SWEDEN,Industrials,Industrial Goods,"Machinery, Tools, Heavy Vehicles, Trains & Ships"
VFAWF.PK,COMERICA INC ORD,CMA.N,36713,0.0104,UNITED STATES,Financials,Banking & Investment Services,Banking Services
VFAWF.PK,VIPSHOP HOLDGS SPON ADS REP 0.20 ORD,VIPS.N,104818,0.0103,CHINA,Technology,Software & IT Services,Software & IT Services
VFAWF.PK,DEUTSCHE LUFTHANSA AG ORD,LHAG.DE,194480,0.0103,GERMANY,Industrials,Transportation,Passenger Transportation Services
VFAWF.PK,BOLLORE SE ORD,BOLL.PA,308413,0.0102,FRANCE,Consumer Cyclicals,Cyclical Consumer Services,Media & Publishing
VFAWF.PK,KINGFISHER PLC ORD,KGF.L,614866,0.0102,UNITED KINGDOM,Consumer Cyclicals,Retailers,Specialty Retailers
VFAWF.PK,INDUSTRIES QATAR QPSC ORD,IQCD.QA,530894,0.0102,QATAR,Consumer Non-Cyclicals,Consumer Goods Conglomerates,Consumer Goods Conglomerates
VFAWF.PK,METSO OYJ ORD,METSO.HE,170362,0.0102,FINLAND,Industrials,Industrial Goods,"Machinery, Tools, Heavy Vehicles, Trains & Ships"
VFAWF.PK,HEICO CORP ORD,HEI.N,11055,0.0102,UNITED STATES,Industrials,Industrial Goods,Aerospace & Defense
VFAWF.PK,WEIR GROUP PLC ORD,WEIR.L,82507,0.0102,UNITED KINGDOM,Industrials,Industrial Goods,"Machinery, Tools, Heavy Vehicles, Trains & Ships"
VFAWF.PK,UNIMICRON TECHNOLOGY CORP ORD,3037.TW,332000,0.0102,TAIWAN,Technology,Technology Equipment,Semiconductors & Semiconductor Equipment
VFAWF.PK,SINGAPORE AIRLINES LTD ORD,SIAL.SI,341960,0.0102,SINGAPORE,Industrials,Transportation,Passenger Transportation Services
VFAWF.PK,TRELLEBORG AB ORD,TRELb.ST,72109,0.0101,SWEDEN,Industrials,Industrial Goods,"Machinery, Tools, Heavy Vehicles, Trains & Ships"
VFAWF.PK,REMGRO LTD ORD,REMJ.J,213484,0.0101,SOUTH AFRICA,Financials,Investment Holding Companies,Investment Holding Companies
VFAWF.PK,CARSALES.COM LTD ORD,CAR.AX,115395,0.0101,AUSTRALIA,Technology,Software & IT Services,Software & IT Services
VFAWF.PK,INNOVENT BIOLOGICS INC ORD,1801.HK,436382,0.0101,CHINA,Healthcare,Pharmaceuticals & Medical Research,Pharmaceuticals
VFAWF.PK,SG HOLDINGS CO LTD ORD,9143.T,131892,0.0101,JAPAN,Industrials,Transportation,Freight & Logistics Services
VFAWF.PK,JSR CORP ORD,4185.T,67300,0.0101,JAPAN,Basic Materials,Chemicals,Chemicals
VFAWF.PK,YAKULT HONSHA CO LTD ORD,2267.T,34484,0.01,JAPAN,Consumer Non-Cyclicals,Food & Beverages,Food & Tobacco
VFAWF.PK,WOORI FINANCIAL GROUP INC ORD,316140.KS,208725,0.01,KOREA,Financials,Banking & Investment Services,Banking Services
VFAWF.PK,TREASURY WINE ESTATES LTD ORD,TWE.AX,250856,0.01,AUSTRALIA,Consumer Non-Cyclicals,Food & Beverages,Beverages
VFAWF.PK,PLUG POWER INC ORD,PLUG.OQ,145933,0.01,UNITED STATES,Energy,Renewable Energy,Renewable Energy
VFAWF.PK,MEIJI HOLDINGS CO LTD ORD,2269.T,81600,0.0099,JAPAN,Consumer Non-Cyclicals,Food & Beverages,Food & Tobacco
VFAWF.PK,VF CORP ORD,VFC.N,95358,0.0099,UNITED STATES,Consumer Cyclicals,Cyclical Consumer Products,Textiles & Apparel
VFAWF.PK,UIPATH INC ORD,PATH.N,104560,0.0099,UNITED STATES,Technology,Software & IT Services,Software & IT Services
VFAWF.PK,BLUESCOPE STEEL LTD ORD,BSL.AX,128105,0.0099,AUSTRALIA,Basic Materials,Mineral Resources,Metals & Mining
VFAWF.PK,ADECCO GROUP AG ORD,ADEN.S,46397,0.0099,SWITZERLAND,Industrials,Industrial & Commercial Services,Professional & Commercial Services
VFAWF.PK,COMMERCIAL BANK PSQC ORD,COMB.QA,1095724,0.0099,QATAR,Financials,Banking & Investment Services,Banking Services
VFAWF.PK,KOC HOLDING AS ORD,KCHOL.IS,378488,0.0099,TURKEY,Financials,Investment Holding Companies,Investment Holding Companies
VFAWF.PK,UMICORE SA ORD,UMI.BR,63119,0.0098,BELGIUM,Basic Materials,Chemicals,Chemicals
VFAWF.PK,IGO LTD ORD,IGO.AX,200316,0.0098,AUSTRALIA,Basic Materials,Mineral Resources,Metals & Mining
VFAWF.PK,GERDAU SA,GGBR4.SA,304620,0.0098,BRAZIL,Basic Materials,Mineral Resources,Metals & Mining
VFAWF.PK,APOLLO HOSPITALS ENTERPRISE LTD ORD,APLH.NS,29768,0.0098,INDIA,Healthcare,Healthcare Services & Equipment,Healthcare Providers & Services
VFAWF.PK,MATSUKIYOCOCOKARA & CO ORD,3088.T,32100,0.0098,JAPAN,Consumer Non-Cyclicals,Food & Drug Retailing,Food & Drug Retailing
VFAWF.PK,DUBAI ELECTRICITY AND WATER AUTHORITY PJSC ORD,DEWAA.DU,2544224,0.0097,UNITED ARAB EMIRATES,Utilities,Utilities,Electric Utilities & IPPs
VFAWF.PK,DR SULAIMAN AL-HABIB MEDICAL SERVICES GROUP CO ORD,4013.SE,24075,0.0097,SAUDI ARABIA,Healthcare,Healthcare Services & Equipment,Healthcare Providers & Services
VFAWF.PK,BANQUE SAUDI FRANSI SJSC ORD,1050.SE,163441,0.0097,SAUDI ARABIA,Financials,Banking & Investment Services,Banking Services
VFAWF.PK,REXEL SA ORD,RXL.PA,76865,0.0097,FRANCE,Industrials,Industrial Goods,"Machinery, Tools, Heavy Vehicles, Trains & Ships"
VFAWF.PK,TAISHIN FINANCIAL HOLDING CO LTD ORD,2887.TW,3203805,0.0097,TAIWAN,Financials,Banking & Investment Services,Banking Services
VFAWF.PK,CARLYLE GROUP INC ORD,CG.OQ,51734,0.0097,UNITED STATES,Financials,Banking & Investment Services,Investment Banking & Investment Services
VFAWF.PK,WARTSILA OYJ ABP ORD,WRT1V.HE,144928,0.0096,FINLAND,Industrials,Industrial Goods,"Machinery, Tools, Heavy Vehicles, Trains & Ships"
VFAWF.PK,WISE PLC ORD,WISEa.L,183114,0.0096,UNITED KINGDOM,Industrials,Industrial & Commercial Services,Professional & Commercial Services
VFAWF.PK,TAISEI CORP ORD,1801.T,48600,0.0096,JAPAN,Industrials,Industrial & Commercial Services,Construction & Engineering
VFAWF.PK,NEDBANK GROUP LTD ORD,NEDJ.J,137990,0.0096,SOUTH AFRICA,Financials,Banking & Investment Services,Banking Services
VFAWF.PK,OSAKA GAS CO LTD ORD,9532.T,116800,0.0096,JAPAN,Utilities,Utilities,Natural Gas Utilities
VFAWF.PK,BLOCK INC CDI,SQ2.AX,22853,0.0095,UNITED STATES,Industrials,Industrial & Commercial Services,Professional & Commercial Services
VFAWF.PK,INVENTEC CORP ORD,2356.TW,897000,0.0095,TAIWAN,Technology,Technology Equipment,"Computers, Phones & Household Electronics"
VFAWF.PK,OCADO GROUP PLC ORD,OCDO.L,149510,0.0095,UNITED KINGDOM,Consumer Cyclicals,Retailers,Diversified Retail
VFAWF.PK,WIWYNN CORP ORD,6669.TW,32000,0.0095,TAIWAN,Technology,Technology Equipment,"Computers, Phones & Household Electronics"
VFAWF.PK,ACCOR SA ORD,ACCP.PA,47370,0.0094,FRANCE,Consumer Cyclicals,Cyclical Consumer Services,Hotels & Entertainment Services
VFAWF.PK,CHOLAMANDALAM INVESTMENT AND FINANCE COMPANY LTD ORD,CHLA.NS,130629,0.0094,INDIA,Financials,Banking & Investment Services,Banking Services
VFAWF.PK,KEISEI ELECTRIC RAILWAY CO LTD ORD,9009.T,43400,0.0094,JAPAN,Industrials,Transportation,Passenger Transportation Services
VFAWF.PK,AGC INC ORD,5201.T,49900,0.0094,JAPAN,Consumer Cyclicals,Cyclical Consumer Products,Homebuilding & Construction Supplies
VFAWF.PK,CITIC SECURITIES CO LTD ORD,6030.HK,824589,0.0093,CHINA,Financials,Banking & Investment Services,Investment Banking & Investment Services
VFAWF.PK,STEADFAST GROUP LTD ORD,SDF.AX,451362,0.0093,AUSTRALIA,Financials,Insurance,Insurance
VFAWF.PK,INFRATIL LTD ORD,IFT.NZ,285913,0.0093,NEW ZEALAND,Utilities,Utilities,Electric Utilities & IPPs
VFAWF.PK,ACWA POWER CO ORD,2082.SE,36032,0.0093,SAUDI ARABIA,Utilities,Utilities,Multiline Utilities
VFAWF.PK,LIBERTY GLOBAL PLC ORD,LBTYK.OQ,89506,0.0093,UNITED KINGDOM,Technology,Telecommunications Services,Telecommunications Services
VFAWF.PK,BERKELEY GROUP HOLDINGS PLC ORD,BKGH.L,31425,0.0092,UNITED KINGDOM,Consumer Cyclicals,Cyclical Consumer Products,Homebuilding & Construction Supplies
VFAWF.PK,LIBERTY MEDIA CORP ORD,LSXMK.OQ,54986,0.0092,UNITED STATES,Consumer Cyclicals,Cyclical Consumer Services,Media & Publishing
VFAWF.PK,YAMATO HOLDINGS CO LTD ORD,9064.T,94200,0.0092,JAPAN,Industrials,Transportation,Freight & Logistics Services
VFAWF.PK,LUCID GROUP INC ORD,LCID.OQ,230486,0.0092,UNITED STATES,Consumer Cyclicals,Automobiles & Auto Parts,Automobiles & Auto Parts
VFAWF.PK,TEMENOS AG ORD,TEMN.S,20471,0.0092,SWITZERLAND,Technology,Software & IT Services,Software & IT Services
VFAWF.PK,J SAINSBURY PLC ORD,SBRY.L,494649,0.0092,UNITED KINGDOM,Consumer Non-Cyclicals,Food & Drug Retailing,Food & Drug Retailing
VFAWF.PK,RAIA DROGASIL SA ORD,RADL3.SA,287040,0.0092,BRAZIL,Consumer Non-Cyclicals,Food & Drug Retailing,Food & Drug Retailing
VFAWF.PK,COMMERCE BANCSHARES INC ORD,CBSH.OQ,32880,0.0092,UNITED STATES,Financials,Banking & Investment Services,Banking Services
VFAWF.PK,TIS INC ORD,3626.T,69300,0.0092,JAPAN,Technology,Software & IT Services,Software & IT Services
VFAWF.PK,EURONEXT NV ORD,ENX.PA,22847,0.0091,NETHERLANDS,Financials,Banking & Investment Services,Investment Banking & Investment Services
VFAWF.PK,ASR NEDERLAND NV ORD,ASRNL.AS,38072,0.0091,NETHERLANDS,Financials,Insurance,Insurance
VFAWF.PK,LTIMINDTREE LTD ORD,LTIM.NS,29177,0.0091,INDIA,Technology,Software & IT Services,Software & IT Services
VFAWF.PK,SANLAM LTD ORD,SLMJ.J,470656,0.0091,SOUTH AFRICA,Financials,Insurance,Insurance
VFAWF.PK,SSAB AB ORD,SSABb.ST,284811,0.0091,SWEDEN,Basic Materials,Mineral Resources,Metals & Mining
VFAWF.PK,MISUMI GROUP INC ORD,9962.T,95100,0.0091,JAPAN,Industrials,Industrial Goods,"Machinery, Tools, Heavy Vehicles, Trains & Ships"
VFAWF.PK,MASIMO CORP ORD,MASI.OQ,14197,0.0091,UNITED STATES,Healthcare,Healthcare Services & Equipment,Healthcare Equipment & Supplies
VFAWF.PK,IMPALA PLATINUM HOLDINGS LTD ORD,IMPJ.J,235653,0.009,SOUTH AFRICA,Basic Materials,Mineral Resources,Metals & Mining
VFAWF.PK,RIGHTMOVE PLC ORD,RMV.L,234413,0.009,UNITED KINGDOM,Technology,Software & IT Services,Software & IT Services
VFAWF.PK,TOKYO ELECTRIC POWER COMPANY HOLDINGS INC ORD,9501.T,427200,0.0089,JAPAN,Utilities,Utilities,Electric Utilities & IPPs
VFAWF.PK,SAMSUNG HEAVY INDUSTRIES CO LTD ORD,010140.KS,241121,0.0089,KOREA,Industrials,Industrial Goods,"Machinery, Tools, Heavy Vehicles, Trains & Ships"
VFAWF.PK,SAPUTO INC ORD,SAP.TO,80034,0.0089,CANADA,Consumer Non-Cyclicals,Food & Beverages,Food & Tobacco
VFAWF.PK,ALLKEM LTD ORD,AKE.AX,169954,0.0089,AUSTRALIA,Basic Materials,Mineral Resources,Metals & Mining
VFAWF.PK,POSTE ITALIANE SPA ORD,PST.MI,146362,0.0088,ITALY,Industrials,Transportation,Freight & Logistics Services
VFAWF.PK,WESTLAKE CORP ORD,WLK.N,12159,0.0088,UNITED STATES,Basic Materials,Chemicals,Chemicals
VFAWF.PK,ACCTON TECHNOLOGY CORP ORD,2345.TW,138000,0.0088,TAIWAN,Technology,Technology Equipment,Communications & Networking
VFAWF.PK,GALP ENERGIA SGPS SA ORD,GALP.LS,124380,0.0087,PORTUGAL,Energy,Energy - Fossil Fuels,Oil & Gas
VFAWF.PK,ENDEAVOUR GROUP LTD ORD,EDV.AX,403581,0.0087,AUSTRALIA,Consumer Non-Cyclicals,Food & Drug Retailing,Food & Drug Retailing
VFAWF.PK,REALTEK SEMICONDUCTOR CORP ORD,2379.TW,121030,0.0087,TAIWAN,Technology,Technology Equipment,Semiconductors & Semiconductor Equipment
VFAWF.PK,LAND SECURITIES GROUP PLC ORD,LAND.L,200079,0.0087,UNITED KINGDOM,Real Estate,Real Estate,Residential & Commercial REITs
VFAWF.PK,GRUPO AEROPORTUARIO DEL SURESTE SAB DE CV ORD,ASURB.MX,58565,0.0087,MEXICO,Industrials,Transportation,Transport Infrastructure
VFAWF.PK,MAZDA MOTOR CORP ORD,7261.T,168600,0.0087,JAPAN,Consumer Cyclicals,Automobiles & Auto Parts,Automobiles & Auto Parts
VFAWF.PK,BHARAT ELECTRONICS LTD ORD,BAJE.NS,1043025,0.0087,INDIA,Industrials,Industrial Goods,Aerospace & Defense
VFAWF.PK,ESR GROUP LTD ORD,1821.HK,943855,0.0086,HONG KONG,Financials,Banking & Investment Services,Investment Banking & Investment Services
VFAWF.PK,NIPPON PROLOGIS REIT INC ORD,3283.T,801,0.0086,JAPAN,Real Estate,Real Estate,Residential & Commercial REITs
VFAWF.PK,SHANGHAI COMMERCIAL & SAVINGS BANK LTD ORD,5876.TW,1167166,0.0086,TAIWAN,Financials,Banking & Investment Services,Banking Services
VFAWF.PK,ZIONS BANCORPORATION NA ORD,ZION.OQ,43006,0.0086,UNITED STATES,Financials,Banking & Investment Services,Banking Services
VFAWF.PK,SINO BIOPHARMACEUTICAL LTD ORD,1177.HK,3653250,0.0086,HONG KONG,Healthcare,Pharmaceuticals & Medical Research,Pharmaceuticals
VFAWF.PK,NIKON CORP ORD,7731.T,124600,0.0086,JAPAN,Technology,Technology Equipment,"Computers, Phones & Household Electronics"
VFAWF.PK,BANK ALBILAD SJSC ORD,1140.SE,140311,0.0086,SAUDI ARABIA,Financials,Banking & Investment Services,Banking Services
VFAWF.PK,GOTO GOJEK TOKOPEDIA PT TBK ORD,GOTO.JK,220372800,0.0086,INDONESIA,Technology,Software & IT Services,Software & IT Services
VFAWF.PK,GODREJ CONSUMER PRODUCTS LTD ORD,GOCP.NS,130778,0.0086,INDIA,Consumer Non-Cyclicals,Personal & Household Products & Services,Personal & Household Products & Services
VFAWF.PK,CITIC LTD ORD,0267.HK,1456000,0.0086,CHINA,Financials,Banking & Investment Services,Banking Services
VFAWF.PK,DAIFUKU CO LTD ORD,6383.T,77300,0.0086,JAPAN,Industrials,Industrial Goods,"Machinery, Tools, Heavy Vehicles, Trains & Ships"
VFAWF.PK,AGNC INVESTMENT CORP ORD,AGNC.OQ,161719,0.0086,UNITED STATES,Real Estate,Real Estate,Residential & Commercial REITs
VFAWF.PK,M&G PLC ORD,MNG.L,626501,0.0085,UNITED KINGDOM,Financials,Banking & Investment Services,Investment Banking & Investment Services
VFAWF.PK,GRIFOLS SA ORD,GRLS.MC,110001,0.0085,SPAIN,Healthcare,Pharmaceuticals & Medical Research,Pharmaceuticals
VFAWF.PK,ORGANON & CO ORD,OGN.N,73587,0.0085,UNITED STATES,Healthcare,Pharmaceuticals & Medical Research,Pharmaceuticals
VFAWF.PK,TURK HAVA YOLLARI AO ORD,THYAO.IS,185667,0.0085,TURKEY,Industrials,Transportation,Passenger Transportation Services
VFAWF.PK,ENDESA SA ORD,ELE.MC,75154,0.0085,SPAIN,Utilities,Utilities,Electric Utilities & IPPs
VFAWF.PK,RECORDATI INDUSTRIA CHIMICA E FARMACEUTICA SPA ORD,RECI.MI,31323,0.0085,ITALY,Healthcare,Pharmaceuticals & Medical Research,Pharmaceuticals
VFAWF.PK,TAIWAN MOBILE CO LTD ORD,3045.TW,539000,0.0085,TAIWAN,Technology,Telecommunications Services,Telecommunications Services
VFAWF.PK,CHINA TOWER CORP LTD ORD,0788.HK,14142825,0.0084,CHINA,Industrials,Industrial & Commercial Services,Construction & Engineering
VFAWF.PK,FOX CORP ORD,FOX.OQ,51091,0.0084,UNITED STATES,Consumer Cyclicals,Cyclical Consumer Services,Media & Publishing
VFAWF.PK,ATLAS ARTERIA GROUP,ALX.AX,380768,0.0084,AUSTRALIA,Industrials,Transportation,Transport Infrastructure
VFAWF.PK,EBARA CORP ORD,6361.T,33800,0.0084,JAPAN,Industrials,Industrial Goods,"Machinery, Tools, Heavy Vehicles, Trains & Ships"
VFAWF.PK,FUJI ELECTRIC CO LTD ORD,6504.T,35397,0.0084,JAPAN,Industrials,Industrial Goods,"Machinery, Tools, Heavy Vehicles, Trains & Ships"
VFAWF.PK,SAMSUNG ENGINEERING CO LTD ORD,028050.KS,55119,0.0084,KOREA,Industrials,Industrial & Commercial Services,Construction & Engineering
VFAWF.PK,IMI PLC ORD,IMI.L,76485,0.0084,UNITED KINGDOM,Industrials,Industrial Goods,"Machinery, Tools, Heavy Vehicles, Trains & Ships"
VFAWF.PK,VALEO SE ORD,VLOF.PA,70067,0.0083,FRANCE,Consumer Cyclicals,Automobiles & Auto Parts,Automobiles & Auto Parts
VFAWF.PK,JBS SA ORD,JBSS3.SA,402188,0.0083,BRAZIL,Consumer Non-Cyclicals,Food & Beverages,Food & Tobacco
VFAWF.PK,SK INC ORD,034730.KS,13184,0.0083,KOREA,Energy,Energy - Fossil Fuels,Oil & Gas
VFAWF.PK,ALDAR PROPERTIES PJSC ORD,ALDAR.AD,1126421,0.0083,UNITED ARAB EMIRATES,Real Estate,Real Estate,Real Estate Operations
VFAWF.PK,SINGAPORE EXCHANGE LTD ORD,SGXL.SI,215900,0.0083,SINGAPORE,Financials,Banking & Investment Services,Investment Banking & Investment Services
VFAWF.PK,GPT GROUP,GPT.AX,540589,0.0083,AUSTRALIA,Real Estate,Real Estate,Residential & Commercial REITs
VFAWF.PK,L&F CO LTD ORD,066970.KQ,7810,0.0083,KOREA,Basic Materials,Chemicals,Chemicals
VFAWF.PK,PIDILITE INDUSTRIES LTD ORD,PIDI.NS,50077,0.0083,INDIA,Basic Materials,Chemicals,Chemicals
VFAWF.PK,GECINA SA ORD,GFCP.PA,14550,0.0083,FRANCE,Real Estate,Real Estate,Residential & Commercial REITs
VFAWF.PK,RANDSTAD NV ORD,RAND.AS,27065,0.0083,NETHERLANDS,Industrials,Industrial & Commercial Services,Professional & Commercial Services
VFAWF.PK,LENDLEASE GROUP,LLC.AX,267948,0.0082,AUSTRALIA,Real Estate,Real Estate,Real Estate Operations
VFAWF.PK,UNITED AIRLINES HOLDINGS INC ORD,UAL.OQ,28859,0.0082,UNITED STATES,Industrials,Transportation,Passenger Transportation Services
VFAWF.PK,COCA COLA HBC AG ORD,CCH.L,52762,0.0082,SWITZERLAND,Consumer Non-Cyclicals,Food & Beverages,Beverages
VFAWF.PK,SCOUT24 SE ORD,G24n.DE,23537,0.0082,GERMANY,Technology,Software & IT Services,Software & IT Services
VFAWF.PK,SKANSKA AB ORD,SKAb.ST,98150,0.0082,SWEDEN,Industrials,Industrial & Commercial Services,Construction & Engineering
VFAWF.PK,BEIJER REF AB (PUBL) ORD,BEIJb.ST,115470,0.0082,SWEDEN,Industrials,Industrial Goods,"Machinery, Tools, Heavy Vehicles, Trains & Ships"
VFAWF.PK,LEONARDO SPA ORD,LDOF.MI,115167,0.0082,ITALY,Industrials,Industrial Goods,Aerospace & Defense
VFAWF.PK,MOHAWK INDUSTRIES INC ORD,MHK.N,14794,0.0082,UNITED STATES,Consumer Cyclicals,Cyclical Consumer Products,Household Goods
VFAWF.PK,BANK OF KYOTO LTD ORD,8369.T,26700,0.0082,JAPAN,Financials,Banking & Investment Services,Banking Services
VFAWF.PK,UNIBAIL-RODAMCO-WESTFIELD SE,URW.PA,27499,0.0082,FRANCE,Real Estate,Real Estate,Residential & Commercial REITs
VFAWF.PK,ZIJIN MINING GROUP CO LTD ORD,2899.HK,916000,0.0082,CHINA,Basic Materials,Mineral Resources,Metals & Mining
VFAWF.PK,GULF ENERGY DEVELOPMENT PCL ORD,GULFf.BK,1064920,0.0081,THAILAND,Utilities,Utilities,Electric Utilities & IPPs
VFAWF.PK,REDE D'OR SAO LUIZ SA ORD,RDOR3.SA,205248,0.0081,BRAZIL,Healthcare,Healthcare Services & Equipment,Healthcare Providers & Services
VFAWF.PK,LONGFOR GROUP HOLDINGS LTD ORD,0960.HK,579500,0.0081,CHINA,Real Estate,Real Estate,Real Estate Operations
VFAWF.PK,TOPPAN INC ORD,7911.T,65400,0.0081,JAPAN,Industrials,Industrial & Commercial Services,Professional & Commercial Services
VFAWF.PK,EDP RENOVAVEIS SA ORD,EDPR.LS,81078,0.0081,SPAIN,Utilities,Utilities,Electric Utilities & IPPs
VFAWF.PK,TOBU RAILWAY CO LTD ORD,9001.T,58700,0.0081,JAPAN,Industrials,Transportation,Passenger Transportation Services
VFAWF.PK,EICHER MOTORS LTD ORD,EICH.NS,37967,0.0081,INDIA,Consumer Cyclicals,Automobiles & Auto Parts,Automobiles & Auto Parts
VFAWF.PK,DISCOVERY LTD ORD,DSYJ.J,173743,0.0081,SOUTH AFRICA,Financials,Insurance,Insurance
VFAWF.PK,AIB GROUP PLC ORD,AIBG.I,327458,0.0081,IRELAND,Financials,Banking & Investment Services,Banking Services
VFAWF.PK,EMPRESAS COPEC SA ORD,COPEC.SN,202267,0.0081,CHILE,Energy,Energy - Fossil Fuels,Oil & Gas
VFAWF.PK,E INK HOLDINGS INC ORD,8069.TWO,216000,0.0081,TAIWAN,Technology,Technology Equipment,Electronic Equipment & Parts
VFAWF.PK,ZOMATO LTD ORD,ZOMT.NS,1510459,0.0081,INDIA,Technology,Software & IT Services,Software & IT Services
VFAWF.PK,SIBANYE STILLWATER LTD ORD,SSWJ.J,805718,0.008,SOUTH AFRICA,Basic Materials,Mineral Resources,Metals & Mining
VFAWF.PK,MERIDIAN ENERGY LTD ORD,MEL.NZ,435331,0.008,NEW ZEALAND,Utilities,Utilities,Electric Utilities & IPPs
VFAWF.PK,AGL ENERGY LTD ORD,AGL.AX,186600,0.008,AUSTRALIA,Utilities,Utilities,Multiline Utilities
VFAWF.PK,DECHRA PHARMACEUTICALS PLC ORD,DPH.L,31932,0.008,UNITED KINGDOM,Healthcare,Pharmaceuticals & Medical Research,Pharmaceuticals
VFAWF.PK,ASICS CORP ORD,7936.T,48700,0.008,JAPAN,Consumer Cyclicals,Cyclical Consumer Products,Leisure Products
VFAWF.PK,SCOR SE ORD,SCOR.PA,50797,0.008,FRANCE,Financials,Insurance,Insurance
VFAWF.PK,HERO MOTOCORP LTD ORD,HROM.NS,39184,0.008,INDIA,Consumer Cyclicals,Automobiles & Auto Parts,Automobiles & Auto Parts
VFAWF.PK,REMY COINTREAU SA ORD,RCOP.PA,8867,0.008,FRANCE,Consumer Non-Cyclicals,Food & Beverages,Beverages
VFAWF.PK,HOWDEN JOINERY GROUP PLC ORD,HWDN.L,159734,0.0079,UNITED KINGDOM,Consumer Cyclicals,Cyclical Consumer Products,Homebuilding & Construction Supplies
VFAWF.PK,DINO POLSKA SA ORD,DNP.WA,13492,0.0079,POLAND,Consumer Non-Cyclicals,Food & Drug Retailing,Food & Drug Retailing
VFAWF.PK,RUMO SA ORD,RAIL3.SA,309062,0.0079,BRAZIL,Industrials,Transportation,Freight & Logistics Services
VFAWF.PK,VERBUND AG ORD,VERB.VI,18088,0.0079,AUSTRIA,Utilities,Utilities,Electric Utilities & IPPs
VFAWF.PK,DCC PLC ORD,DCC.L,25915,0.0079,IRELAND,Consumer Non-Cyclicals,Consumer Goods Conglomerates,Consumer Goods Conglomerates
VFAWF.PK,ORICA LTD ORD,ORI.AX,142974,0.0079,AUSTRALIA,Basic Materials,Chemicals,Chemicals
VFAWF.PK,SOUTHWEST AIRLINES CO ORD,LUV.N,44117,0.0079,UNITED STATES,Industrials,Transportation,Passenger Transportation Services
VFAWF.PK,HAPVIDA PARTICIPACOES E INVESTIMENTOS SA ORD,HAPV3.SA,1476544,0.0078,BRAZIL,Healthcare,Healthcare Services & Equipment,Healthcare Providers & Services
VFAWF.PK,BB SEGURIDADE PARTICIPACOES SA ORD,BBSE3.SA,227035,0.0078,BRAZIL,Financials,Insurance,Insurance
VFAWF.PK,CHINA VANKE CO LTD ORD,2202.HK,1056045,0.0078,CHINA,Real Estate,Real Estate,Real Estate Operations
VFAWF.PK,INTERGLOBE AVIATION LTD ORD,INGL.NS,47121,0.0078,INDIA,Industrials,Transportation,Passenger Transportation Services
VFAWF.PK,ZENSHO HOLDINGS CO LTD ORD,7550.T,27900,0.0078,JAPAN,Consumer Cyclicals,Cyclical Consumer Services,Hotels & Entertainment Services
VFAWF.PK,VICINITY CENTRES,VCX.AX,1112888,0.0078,AUSTRALIA,Real Estate,Real Estate,Residential & Commercial REITs
VFAWF.PK,AMPOL LTD ORD,ALD.AX,67695,0.0078,AUSTRALIA,Energy,Energy - Fossil Fuels,Oil & Gas
VFAWF.PK,KOREAN AIR LINES CO LTD ORD,003490.KS,77203,0.0078,KOREA,Industrials,Transportation,Passenger Transportation Services
VFAWF.PK,TELIA COMPANY AB ORD,TELIA.ST,688810,0.0078,SWEDEN,Technology,Telecommunications Services,Telecommunications Services
VFAWF.PK,COAL INDIA LTD ORD,COAL.NS,530580,0.0077,INDIA,Energy,Energy - Fossil Fuels,Coal
VFAWF.PK,KAKAOBANK CORP ORD,323410.KS,72350,0.0077,KOREA,Financials,Banking & Investment Services,Banking Services
VFAWF.PK,MSCI EMERG SEP3,MEMU3,727,0.0077,NULL,NULL,NULL,NULL
VFAWF.PK,DIVI'S LABORATORIES LTD ORD,DIVI.NS,32967,0.0077,INDIA,Healthcare,Pharmaceuticals & Medical Research,Pharmaceuticals
VFAWF.PK,TECAN GROUP AG ORD,TECN.S,3688,0.0077,SWITZERLAND,Technology,Technology Equipment,Office Equipment
VFAWF.PK,DS SMITH PLC ORD,SMDS.L,369990,0.0077,UNITED KINGDOM,Basic Materials,Applied Resources,Containers & Packaging
VFAWF.PK,FORTUM OYJ ORD,FORTUM.HE,108905,0.0077,FINLAND,Utilities,Utilities,Electric Utilities & IPPs
VFAWF.PK,OBAYASHI CORP ORD,1802.T,159100,0.0077,JAPAN,Industrials,Industrial & Commercial Services,Construction & Engineering
VFAWF.PK,BARRATT DEVELOPMENTS P L C ORD,BDEV.L,249623,0.0077,UNITED KINGDOM,Consumer Cyclicals,Cyclical Consumer Products,Homebuilding & Construction Supplies
VFAWF.PK,JD SPORTS FASHION PLC ORD,JD.L,724628,0.0077,UNITED KINGDOM,Consumer Cyclicals,Retailers,Specialty Retailers
VFAWF.PK,SCB X PCL ORD,SCBf.BK,441800,0.0076,THAILAND,Financials,Banking & Investment Services,Banking Services
VFAWF.PK,AALBERTS NV ORD,AALB.AS,32050,0.0076,NETHERLANDS,Industrials,Industrial Goods,"Machinery, Tools, Heavy Vehicles, Trains & Ships"
VFAWF.PK,AUO CORP ORD,2409.TW,2211600,0.0076,TAIWAN,Technology,Technology Equipment,Electronic Equipment & Parts
VFAWF.PK,TATA POWER COMPANY LTD ORD,TTPW.NS,504481,0.0076,INDIA,Utilities,Utilities,Electric Utilities & IPPs
VFAWF.PK,ORKLA ASA ORD,ORK.OL,183014,0.0076,NORWAY,Consumer Non-Cyclicals,Food & Beverages,Food & Tobacco
VFAWF.PK,KESKO OYJ ORD,KESKOB.HE,72651,0.0076,FINLAND,Consumer Non-Cyclicals,Food & Drug Retailing,Food & Drug Retailing
VFAWF.PK,KLEPIERRE SA ORD,LOIM.PA,54302,0.0076,FRANCE,Real Estate,Real Estate,Residential & Commercial REITs
VFAWF.PK,SAUDI ELECTRICITY COMPANY SJSC ORD,5110.SE,242651,0.0076,SAUDI ARABIA,Utilities,Utilities,Electric Utilities & IPPs
VFAWF.PK,GUANGZHOU AUTOMOBILE GROUP CO LTD ORD,2238.HK,2316800,0.0076,CHINA,Consumer Cyclicals,Automobiles & Auto Parts,Automobiles & Auto Parts
VFAWF.PK,HELLOFRESH SE ORD,HFGG.DE,50087,0.0075,GERMANY,Consumer Non-Cyclicals,Food & Drug Retailing,Food & Drug Retailing
VFAWF.PK,COCA-COLA FEMSA SAB DE CV,KOFUBL.MX,170225,0.0075,MEXICO,Consumer Non-Cyclicals,Food & Beverages,Beverages
VFAWF.PK,GLOBALWAFERS CO LTD ORD,6488.TWO,87000,0.0075,TAIWAN,Technology,Technology Equipment,Semiconductors & Semiconductor Equipment
VFAWF.PK,VARUN BEVERAGES LTD ORD,VARB.NS,146197,0.0075,INDIA,Consumer Non-Cyclicals,Food & Beverages,Beverages
VFAWF.PK,DAVITA INC ORD,DVA.N,14049,0.0075,UNITED STATES,Healthcare,Healthcare Services & Equipment,Healthcare Providers & Services
VFAWF.PK,DUBAI ISLAMIC BANK PJSC ORD,DISB.DU,909270,0.0075,UNITED ARAB EMIRATES,Financials,Banking & Investment Services,Banking Services
VFAWF.PK,SCREEN HOLDINGS CO LTD ORD,7735.T,13200,0.0075,JAPAN,Technology,Technology Equipment,Semiconductors & Semiconductor Equipment
VFAWF.PK,RS GROUP PLC ORD,RS1R.L,142384,0.0075,UNITED KINGDOM,Technology,Technology Equipment,Electronic Equipment & Parts
VFAWF.PK,KASIKORNBANK PCL ORD,KBANKf.BK,387100,0.0075,THAILAND,Financials,Banking & Investment Services,Banking Services
VFAWF.PK,NOMURA REAL ESTATE MASTER FUND INC ORD,3462.T,1193,0.0074,JAPAN,Real Estate,Real Estate,Residential & Commercial REITs
VFAWF.PK,VOLVO AB ORD,VOLVa.ST,61823,0.0074,SWEDEN,Industrials,Industrial Goods,"Machinery, Tools, Heavy Vehicles, Trains & Ships"
VFAWF.PK,GEORG FISCHER AG ORD,GF.S,20736,0.0074,SWITZERLAND,Industrials,Industrial Goods,"Machinery, Tools, Heavy Vehicles, Trains & Ships"
VFAWF.PK,SBI HOLDINGS INC ORD,8473.T,66500,0.0074,JAPAN,Financials,Banking & Investment Services,Investment Banking & Investment Services
VFAWF.PK,DAVIDE CAMPARI MILANO NV ORD,CPRI.MI,104391,0.0074,ITALY,Consumer Non-Cyclicals,Food & Beverages,Beverages
VFAWF.PK,EREGLI DEMIR VE CELIK FABRIKALARI TAS ORD,EREGL.IS,912663,0.0074,TURKEY,Basic Materials,Mineral Resources,Metals & Mining
VFAWF.PK,DLF LTD ORD,DLF.NS,224218,0.0074,INDIA,Real Estate,Real Estate,Real Estate Operations
VFAWF.PK,WH GROUP LTD ORD,0288.HK,2588148,0.0073,HONG KONG,Consumer Non-Cyclicals,Food & Beverages,Food & Tobacco
VFAWF.PK,VALMET OYJ ORD,VALMT.HE,52077,0.0073,FINLAND,Industrials,Industrial Goods,"Machinery, Tools, Heavy Vehicles, Trains & Ships"
VFAWF.PK,HINDUSTAN AERONAUTICS LTD ORD,HIAE.NS,28873,0.0073,INDIA,Industrials,Industrial Goods,Aerospace & Defense
VFAWF.PK,ELBIT SYSTEMS LTD ORD,ESLT.TA,6559,0.0073,ISRAEL,Industrials,Industrial Goods,Aerospace & Defense
VFAWF.PK,VOLKSWAGEN AG ORD,VOWG.DE,8728,0.0073,GERMANY,Consumer Cyclicals,Automobiles & Auto Parts,Automobiles & Auto Parts
VFAWF.PK,IDEMITSU KOSAN CO LTD ORD,5019.T,66118,0.0073,JAPAN,Energy,Energy - Fossil Fuels,Oil & Gas
VFAWF.PK,ASPEN PHARMACARE HOLDINGS LTD ORD,APNJ.J,129683,0.0073,SOUTH AFRICA,Healthcare,Pharmaceuticals & Medical Research,Pharmaceuticals
VFAWF.PK,TREND MICRO INC ORD,4704.T,29700,0.0073,JAPAN,Technology,Software & IT Services,Software & IT Services
VFAWF.PK,ELANCO ANIMAL HEALTH INC ORD,ELAN.N,113594,0.0072,UNITED STATES,Healthcare,Pharmaceuticals & Medical Research,Pharmaceuticals
VFAWF.PK,EMS CHEMIE HOLDING AG ORD,EMSN.S,1651,0.0072,SWITZERLAND,Basic Materials,Chemicals,Chemicals
VFAWF.PK,BEAZLEY PLC ORD,BEZG.L,195708,0.0072,UNITED KINGDOM,Financials,Insurance,Insurance
VFAWF.PK,SUMITOMO CHEMICAL CO LTD ORD,4005.T,442800,0.0072,JAPAN,Basic Materials,Chemicals,Chemicals
VFAWF.PK,PSP SWISS PROPERTY AG ORD,PSPN.S,11638,0.0072,SWITZERLAND,Real Estate,Real Estate,Real Estate Operations
VFAWF.PK,ABRDN PLC ORD,ABDN.L,458339,0.0072,UNITED KINGDOM,Financials,Banking & Investment Services,Investment Banking & Investment Services
VFAWF.PK,NATIONAL BANK OF GREECE SA ORD,NBGr.AT,200008,0.0072,GREECE,Financials,Banking & Investment Services,Banking Services
VFAWF.PK,GRUPO ELEKTRA SAB DE CV ORD,ELEKTRA.MX,18285,0.0072,MEXICO,Financials,Banking & Investment Services,Banking Services
VFAWF.PK,HOSHIZAKI CORP ORD,6465.T,35700,0.0072,JAPAN,Industrials,Industrial Goods,"Machinery, Tools, Heavy Vehicles, Trains & Ships"
VFAWF.PK,SAMSONITE INTERNATIONAL SA ORD,1910.HK,459935,0.0071,LUXEMBOURG,Consumer Cyclicals,Cyclical Consumer Products,Textiles & Apparel
VFAWF.PK,SEMBCORP INDUSTRIES LTD ORD,SCIL.SI,332000,0.0071,SINGAPORE,Utilities,Utilities,Multiline Utilities
VFAWF.PK,YAGEO CORP ORD,2327.TW,92327,0.0071,TAIWAN,Technology,Technology Equipment,Electronic Equipment & Parts
VFAWF.PK,GETINGE AB ORD,GETIb.ST,72808,0.0071,SWEDEN,Healthcare,Healthcare Services & Equipment,Healthcare Equipment & Supplies
VFAWF.PK,TELECOM ITALIA SPA ORD,TLIT.MI,4660058,0.0071,ITALY,Technology,Telecommunications Services,Telecommunications Services
VFAWF.PK,KAWASAKI HEAVY INDUSTRIES LTD ORD,7012.T,53300,0.0071,JAPAN,Consumer Non-Cyclicals,Consumer Goods Conglomerates,Consumer Goods Conglomerates
VFAWF.PK,INDUSTRIVARDEN AB ORD,INDUc.ST,47598,0.0071,SWEDEN,Financials,Investment Holding Companies,Investment Holding Companies
VFAWF.PK,WAREHOUSES DE PAUW NV ORD,WDPP.BR,45989,0.0071,BELGIUM,Real Estate,Real Estate,Residential & Commercial REITs
VFAWF.PK,MIZRAHI TEFAHOT BANK LTD ORD,MZTF.TA,37364,0.0071,ISRAEL,Financials,Banking & Investment Services,Banking Services
VFAWF.PK,ADANI GREEN ENERGY LTD ORD,ADNA.NS,100667,0.007,INDIA,Utilities,Utilities,Electric Utilities & IPPs
VFAWF.PK,ANA HOLDINGS INC ORD,9202.T,55491,0.007,JAPAN,Industrials,Transportation,Passenger Transportation Services
VFAWF.PK,POLYCAB INDIA LTD ORD,POLC.NS,22926,0.007,INDIA,Industrials,Industrial Goods,"Machinery, Tools, Heavy Vehicles, Trains & Ships"
VFAWF.PK,LA FRANCAISE DES JEUX SA ORD,FDJ.PA,34836,0.007,FRANCE,Consumer Cyclicals,Cyclical Consumer Services,Hotels & Entertainment Services
VFAWF.PK,CHINA TOURISM GROUP DUTY FREE CORP LTD ORD,601888.SS,75399,0.007,CHINA,Industrials,Transportation,Transport Infrastructure
VFAWF.PK,PHOENIX GROUP HOLDINGS PLC ORD,PHNX.L,189426,0.007,UNITED KINGDOM,Financials,Insurance,Insurance
VFAWF.PK,APL APOLLO TUBES LTD ORD,APLA.NS,68771,0.007,INDIA,Basic Materials,Mineral Resources,Metals & Mining
VFAWF.PK,HAITONG SECURITIES CO LTD ORD,6837.HK,1921536,0.007,CHINA,Financials,Banking & Investment Services,Investment Banking & Investment Services
VFAWF.PK,JAPAN RETAIL FUND INV TRUST,8953.T,1939,0.007,NULL,Real Estate,Real Estate,Residential & Commercial REITs
VFAWF.PK,ALPHA SERVICES AND HOLDINGS SA ORD,ACBr.AT,736001,0.007,GREECE,Financials,Banking & Investment Services,Banking Services
VFAWF.PK,KYOWA KIRIN CO LTD ORD,4151.T,69500,0.007,JAPAN,Healthcare,Pharmaceuticals & Medical Research,Pharmaceuticals
VFAWF.PK,SAAB AB ORD,SAABb.ST,25367,0.007,SWEDEN,Industrials,Industrial Goods,Aerospace & Defense
VFAWF.PK,AYALA CORP ORD,AC.PS,120090,0.007,PHILIPPINES,Real Estate,Real Estate,Real Estate Operations
VFAWF.PK,KUALA LUMPUR KEPONG BHD ORD,KLKK.KL,258300,0.007,MALAYSIA,Basic Materials,Chemicals,Chemicals
VFAWF.PK,SHRIRAM FINANCE LTD ORD,SHMF.NS,58225,0.007,INDIA,Financials,Banking & Investment Services,Banking Services
VFAWF.PK,KNORR BREMSE AG ORD,KBX.DE,19058,0.007,GERMANY,Industrials,Industrial Goods,"Machinery, Tools, Heavy Vehicles, Trains & Ships"
VFAWF.PK,SECURITAS AB ORD,SECUb.ST,154952,0.0069,SWEDEN,Industrials,Industrial & Commercial Services,Professional & Commercial Services
VFAWF.PK,BIOMERIEUX SA ORD,BIOX.PA,12248,0.0069,FRANCE,Healthcare,Healthcare Services & Equipment,Healthcare Equipment & Supplies
VFAWF.PK,EVOLUTION MINING LTD ORD,EVN.AX,531726,0.0069,AUSTRALIA,Basic Materials,Mineral Resources,Metals & Mining
VFAWF.PK,KRAFTON INC ORD,259960.KS,9834,0.0069,KOREA,Technology,Software & IT Services,Software & IT Services
VFAWF.PK,MAX HEALTHCARE INSTITUTE LTD ORD,MAXE.BO,183373,0.0069,NULL,Healthcare,Healthcare Services & Equipment,Healthcare Providers & Services
VFAWF.PK,JAPAN REAL ESTATE INVESTMENT CORP ORD,8952.T,325,0.0069,JAPAN,Real Estate,Real Estate,Residential & Commercial REITs
VFAWF.PK,BELIMO HOLDING AG ORD,BEAN.S,2423,0.0069,SWITZERLAND,Industrials,Industrial Goods,"Machinery, Tools, Heavy Vehicles, Trains & Ships"
VFAWF.PK,INTERNATIONAL CONTAINER TERMINAL SERVICES INC ORD,ICT.PS,333750,0.0069,PHILIPPINES,Industrials,Transportation,Transport Infrastructure
VFAWF.PK,EUROBANK ERGASIAS SERVICES AND HOLDINGS SA ORD,EURBr.AT,748938,0.0069,GREECE,Financials,Banking & Investment Services,Banking Services
VFAWF.PK,HISCOX LTD ORD,HSX.L,95448,0.0069,BERMUDA,Financials,Insurance,Insurance
VFAWF.PK,MYTILINEOS SA ORD,MYTr.AT,31640,0.0069,GREECE,Utilities,Utilities,Multiline Utilities
VFAWF.PK,SOCIONEXT INC ORD,6526.T,11040,0.0068,JAPAN,Technology,Software & IT Services,Software & IT Services
VFAWF.PK,ADVANCE AUTO PARTS INC ORD,AAP.N,17354,0.0068,UNITED STATES,Consumer Cyclicals,Retailers,Specialty Retailers
VFAWF.PK,NEXI SPA ORD,NEXII.MI,148775,0.0068,ITALY,Industrials,Industrial & Commercial Services,Professional & Commercial Services
VFAWF.PK,SAMSUNG LIFE INSURANCE CO LTD ORD,032830.KS,23866,0.0068,KOREA,Financials,Insurance,Insurance
VFAWF.PK,TAYLOR WIMPEY PLC ORD,TW.L,880189,0.0068,UNITED KINGDOM,Consumer Cyclicals,Cyclical Consumer Products,Homebuilding & Construction Supplies
VFAWF.PK,FOXCONN TECHNOLOGY CO LTD ORD,2354.TW,735106,0.0068,TAIWAN,Technology,Technology Equipment,Electronic Equipment & Parts
VFAWF.PK,SOITEC SA ORD,SOIT.PA,6587,0.0068,FRANCE,Technology,Technology Equipment,Semiconductors & Semiconductor Equipment
VFAWF.PK,HYBE CO LTD ORD,352820.KS,6322,0.0068,KOREA,Consumer Cyclicals,Cyclical Consumer Services,Media & Publishing
VFAWF.PK,MPHASIS LTD ORD,MBFL.NS,46222,0.0068,INDIA,Technology,Software & IT Services,Software & IT Services
VFAWF.PK,CHINA RAILWAY GROUP LTD ORD,0390.HK,1972000,0.0068,CHINA,Industrials,Industrial & Commercial Services,Construction & Engineering
VFAWF.PK,DASSAULT AVIATION SA ORD,AM.PA,6673,0.0068,FRANCE,Industrials,Industrial Goods,Aerospace & Defense
VFAWF.PK,MELISRON LTD ORD,MLSR.TA,19428,0.0068,ISRAEL,Real Estate,Real Estate,Real Estate Operations
VFAWF.PK,BHARAT PETROLEUM CORPORATION LTD ORD,BPCL.NS,283359,0.0068,INDIA,Energy,Energy - Fossil Fuels,Oil & Gas
VFAWF.PK,KGHM POLSKA MIEDZ SA ORD,KGH.WA,41707,0.0068,POLAND,Basic Materials,Mineral Resources,Metals & Mining
VFAWF.PK,WOOLWORTHS HOLDINGS LTD ORD,WHLJ.J,287781,0.0068,SOUTH AFRICA,Consumer Cyclicals,Retailers,Diversified Retail
VFAWF.PK,SHREE CEMENT LTD ORD,SHCM.NS,4443,0.0068,INDIA,Basic Materials,Mineral Resources,Construction Materials
VFAWF.PK,CELLTRION HEALTHCARE CO LTD ORD,091990.KQ,25093,0.0068,KOREA,Healthcare,Pharmaceuticals & Medical Research,Pharmaceuticals
VFAWF.PK,LPP SA ORD,LPPP.WA,371,0.0067,POLAND,Consumer Cyclicals,Retailers,Specialty Retailers
VFAWF.PK,INTERPUMP GROUP SPA ORD,ITPG.MI,23462,0.0067,ITALY,Industrials,Industrial Goods,"Machinery, Tools, Heavy Vehicles, Trains & Ships"
VFAWF.PK,SHIZUOKA FINANCIAL GROUP INC ORD,5831.T,152300,0.0067,JAPAN,Financials,Banking & Investment Services,Banking Services
VFAWF.PK,GAIL (INDIA) LTD ORD,GAIL.NS,885615,0.0067,INDIA,Utilities,Utilities,Natural Gas Utilities
VFAWF.PK,UNITE GROUP PLC ORD,UTG.L,101845,0.0067,UNITED KINGDOM,Real Estate,Real Estate,Residential & Commercial REITs
VFAWF.PK,AMPLIFON SPA ORD,AMPF.MI,37777,0.0067,ITALY,Healthcare,Healthcare Services & Equipment,Healthcare Equipment & Supplies
VFAWF.PK,GCL TECHNOLOGY HOLDINGS LTD ORD,3800.HK,5906000,0.0067,HONG KONG,Energy,Renewable Energy,Renewable Energy
VFAWF.PK,TELUS CORP ORD,NULL,71238,0.0067,CANADA,Unable to resolve all requested identifiers.,,
VFAWF.PK,INNOLUX CORP ORD,3481.TW,2416079,0.0067,TAIWAN,Technology,Technology Equipment,Electronic Equipment & Parts
VFAWF.PK,LEG IMMOBILIEN SE ORD,LEGn.DE,17986,0.0067,GERMANY,Real Estate,Real Estate,Real Estate Operations
VFAWF.PK,CGN POWER CO LTD ORD,1816.HK,5243000,0.0067,CHINA,Utilities,Utilities,Electric Utilities & IPPs
VFAWF.PK,YES BANK LTD ORD,YESB.NS,6110892,0.0066,INDIA,Financials,Banking & Investment Services,Banking Services
VFAWF.PK,HUSQVARNA AB ORD,HUSQb.ST,127518,0.0066,SWEDEN,Consumer Cyclicals,Cyclical Consumer Products,Household Goods
VFAWF.PK,DAIWA HOUSE REIT INVESTMENT CORP ORD,8984.T,637,0.0066,JAPAN,Real Estate,Real Estate,Residential & Commercial REITs
VFAWF.PK,DEMANT A/S ORD,DEMANT.CO,31670,0.0066,DENMARK,Healthcare,Healthcare Services & Equipment,Healthcare Equipment & Supplies
VFAWF.PK,NIPPON EXPRESS HOLDINGS INC ORD,9147.T,21500,0.0066,JAPAN,Industrials,Transportation,Freight & Logistics Services
VFAWF.PK,NITERRA CO LTD ORD,5334.T,59800,0.0066,JAPAN,Consumer Cyclicals,Automobiles & Auto Parts,Automobiles & Auto Parts
VFAWF.PK,INTERMEDIATE CAPITAL GROUP PLC ORD,ICP.L,69784,0.0066,UNITED KINGDOM,Financials,Banking & Investment Services,Investment Banking & Investment Services
VFAWF.PK,KONAMI GROUP CORP ORD,9766.T,22400,0.0066,JAPAN,Technology,Software & IT Services,Software & IT Services
VFAWF.PK,NISSIN FOODS HOLDINGS CO LTD ORD,2897.T,15000,0.0066,JAPAN,Consumer Non-Cyclicals,Food & Beverages,Food & Tobacco
VFAWF.PK,QANTAS AIRWAYS LTD ORD,QAN.AX,286213,0.0066,AUSTRALIA,Industrials,Transportation,Passenger Transportation Services
VFAWF.PK,CASTELLUM AB ORD,CAST.ST,110698,0.0066,SWEDEN,Real Estate,Real Estate,Real Estate Operations
VFAWF.PK,SINGAPORE TECHNOLOGIES ENGINEERING LTD ORD,STEG.SI,445400,0.0066,SINGAPORE,Industrials,Industrial Goods,Aerospace & Defense
VFAWF.PK,RAKUTEN GROUP INC ORD,4755.T,318900,0.0065,JAPAN,Technology,Software & IT Services,Software & IT Services
VFAWF.PK,BIDVEST GROUP LTD ORD,BVTJ.J,79476,0.0065,SOUTH AFRICA,Consumer Non-Cyclicals,Consumer Goods Conglomerates,Consumer Goods Conglomerates
VFAWF.PK,ELM COMPANY SJSC ORD,7203.SE,6791,0.0065,SAUDI ARABIA,Technology,Software & IT Services,Software & IT Services
VFAWF.PK,NATURA & CO HOLDING SA ORD,NTCO3.SA,321875,0.0065,BRAZIL,Consumer Non-Cyclicals,Personal & Household Products & Services,Personal & Household Products & Services
VFAWF.PK,KINGDEE INTERNATIONAL SOFTWARE GROUP CO LTD ORD,0268.HK,709000,0.0065,CHINA,Technology,Software & IT Services,Software & IT Services
VFAWF.PK,YOKOGAWA ELECTRIC CORP ORD,6841.T,66600,0.0065,JAPAN,Industrials,Industrial Goods,"Machinery, Tools, Heavy Vehicles, Trains & Ships"
VFAWF.PK,YOKOHAMA RUBBER CO LTD ORD,5101.T,55200,0.0065,JAPAN,Consumer Cyclicals,Automobiles & Auto Parts,Automobiles & Auto Parts
VFAWF.PK,ENAGAS SA ORD,ENAG.MC,69689,0.0065,SPAIN,Energy,Energy - Fossil Fuels,Oil & Gas Related Equipment and Services
VFAWF.PK,RATIONAL AG ORD,RAAG.DE,1643,0.0065,GERMANY,Consumer Cyclicals,Cyclical Consumer Products,Household Goods
VFAWF.PK,KURITA WATER INDUSTRIES LTD ORD,6370.T,30900,0.0065,JAPAN,Industrials,Industrial & Commercial Services,Professional & Commercial Services
VFAWF.PK,CARL ZEISS MEDITEC AG ORD,AFXG.DE,10703,0.0065,GERMANY,Healthcare,Healthcare Services & Equipment,Healthcare Equipment & Supplies
VFAWF.PK,BANKINTER SA ORD,BKT.MC,190067,0.0065,SPAIN,Financials,Banking & Investment Services,Banking Services
VFAWF.PK,WORLEY LTD ORD,WOR.AX,105407,0.0065,AUSTRALIA,Energy,Energy - Fossil Fuels,Oil & Gas Related Equipment and Services
VFAWF.PK,AZBIL CORP ORD,6845.T,39300,0.0065,JAPAN,Industrials,Industrial Goods,"Machinery, Tools, Heavy Vehicles, Trains & Ships"
VFAWF.PK,PRESIDENT CHAIN STORE CORP ORD,2912.TW,139000,0.0065,TAIWAN,Consumer Non-Cyclicals,Food & Drug Retailing,Food & Drug Retailing
VFAWF.PK,SAMSUNG FIRE & MARINE INSURANCE CO LTD ORD,000810.KS,6503,0.0065,KOREA,Financials,Insurance,Insurance
VFAWF.PK,TENCENT MUSC ENT ADR REP 2 CL A ORD,TME.N,176590,0.0065,CHINA,Technology,Software & IT Services,Software & IT Services
VFAWF.PK,SIGNIFY NV ORD,LIGHT.AS,38826,0.0064,NETHERLANDS,Consumer Cyclicals,Cyclical Consumer Products,Homebuilding & Construction Supplies
VFAWF.PK,CONVATEC GROUP PLC ORD,CTEC.L,451863,0.0064,UNITED KINGDOM,Healthcare,Healthcare Services & Equipment,Healthcare Equipment & Supplies
VFAWF.PK,SUNTORY BEVERAGE & FOOD LTD ORD,2587.T,34400,0.0064,JAPAN,Consumer Non-Cyclicals,Food & Beverages,Beverages
VFAWF.PK,HARGREAVES LANSDOWN PLC ORD,HRGV.L,111691,0.0064,UNITED KINGDOM,Financials,Banking & Investment Services,Investment Banking & Investment Services
VFAWF.PK,SCHRODERS PLC ORD,SDR.L,207214,0.0064,UNITED KINGDOM,Financials,Banking & Investment Services,Investment Banking & Investment Services
VFAWF.PK,CLARIANT AG ORD,CLN.S,74385,0.0064,SWITZERLAND,Basic Materials,Chemicals,Chemicals
VFAWF.PK,KUNLUN ENERGY COMPANY LTD ORD,0135.HK,1510000,0.0064,HONG KONG,Utilities,Utilities,Natural Gas Utilities
VFAWF.PK,CHINA YANGTZE POWER CO LTD ORD,600900.SS,406276,0.0064,CHINA,Utilities,Utilities,Electric Utilities & IPPs
VFAWF.PK,ANHUI GUJING DISTILLERY CO LTD ORD,000596.SZ,31925,0.0064,CHINA,Consumer Non-Cyclicals,Food & Beverages,Beverages
VFAWF.PK,SEATRIUM LIMITED ORD,SEAT.SI,11506947,0.0064,SINGAPORE,Industrials,Industrial Goods,"Machinery, Tools, Heavy Vehicles, Trains & Ships"
VFAWF.PK,L E LUNDBERGFORETAGEN AB (PUBL) ORD,LUNDb.ST,27850,0.0064,SWEDEN,Financials,Investment Holding Companies,Investment Holding Companies
VFAWF.PK,SAMSUNG SDS CO LTD ORD,018260.KS,11971,0.0063,KOREA,Technology,Software & IT Services,Software & IT Services
VFAWF.PK,OTSUKA CORP ORD,4768.T,28900,0.0063,JAPAN,Technology,Software & IT Services,Software & IT Services
VFAWF.PK,MULTIPLY GROUP PJSC ORD,MULTIPLY.AD,1372263,0.0063,UNITED ARAB EMIRATES,Financials,Investment Holding Companies,Investment Holding Companies
VFAWF.PK,ALLEGRO.EU SA ORD,ALEP.WA,135780,0.0063,LUXEMBOURG,Consumer Cyclicals,Retailers,Diversified Retail
VFAWF.PK,ENEVA SA ORD,ENEV3.SA,425960,0.0063,BRAZIL,Utilities,Utilities,Electric Utilities & IPPs
VFAWF.PK,SEIKO EPSON CORP ORD,6724.T,73800,0.0063,JAPAN,Technology,Technology Equipment,"Computers, Phones & Household Electronics"
VFAWF.PK,TOTO LTD ORD,5332.T,39100,0.0063,JAPAN,Consumer Cyclicals,Cyclical Consumer Products,Homebuilding & Construction Supplies
VFAWF.PK,ARCA CONTINENTAL SAB DE CV ORD,AC.MX,119400,0.0063,MEXICO,Consumer Non-Cyclicals,Food & Beverages,Beverages
VFAWF.PK,RICOH CO LTD ORD,7752.T,134300,0.0063,JAPAN,Technology,Technology Equipment,Office Equipment
VFAWF.PK,SIAM CEMENT PCL ORD,SCCf.BK,127200,0.0063,THAILAND,Consumer Non-Cyclicals,Consumer Goods Conglomerates,Consumer Goods Conglomerates
VFAWF.PK,DABUR INDIA LTD ORD,DABU.NS,171621,0.0063,INDIA,Consumer Non-Cyclicals,Personal & Household Products & Services,Personal & Household Products & Services
VFAWF.PK,TRENT LTD ORD,TREN.NS,55917,0.0063,INDIA,Consumer Cyclicals,Retailers,Diversified Retail
VFAWF.PK,LUZHOU LAOJIAO CO LTD ORD,000568.SZ,35400,0.0063,CHINA,Consumer Non-Cyclicals,Food & Beverages,Beverages
VFAWF.PK,GRUPO FINANCIERO INBURSA SAB DE CV ORD,GFINBURO.MX,491800,0.0063,MEXICO,Financials,Banking & Investment Services,Banking Services
VFAWF.PK,CHARTER HALL GROUP,CHC.AX,156503,0.0063,AUSTRALIA,Real Estate,Real Estate,Real Estate Operations
VFAWF.PK,MERDEKA COPPER GOLD TBK PT ORD,MDKA.JK,5098400,0.0062,INDONESIA,Basic Materials,Mineral Resources,Metals & Mining
VFAWF.PK,CHINA RESOURCES POWER HOLDINGS CO LTD ORD,0836.HK,546000,0.0062,HONG KONG,Utilities,Utilities,Electric Utilities & IPPs
VFAWF.PK,BUDWEISER BREWING COMPANY APAC LTD ORD,1876.HK,490600,0.0062,HONG KONG,Consumer Non-Cyclicals,Food & Beverages,Beverages
VFAWF.PK,ENGIE SA PRIME FIDELITE 2025,NULL,71433,0.0062,NULL,Unable to resolve all requested identifiers.,,
VFAWF.PK,ELIA GROUP SA ORD,ELI.BR,9665,0.0062,BELGIUM,Utilities,Utilities,Electric Utilities & IPPs
VFAWF.PK,ICL GROUP LTD ORD,ICL.TA,178019,0.0062,ISRAEL,Basic Materials,Chemicals,Chemicals
VFAWF.PK,ITV PLC ORD,ITV.L,1272995,0.0062,UNITED KINGDOM,Consumer Cyclicals,Cyclical Consumer Services,Media & Publishing
VFAWF.PK,GRUMA SAB DE CV ORD,GRUMAB.MX,66025,0.0062,MEXICO,Consumer Non-Cyclicals,Food & Beverages,Food & Tobacco
VFAWF.PK,MITSUI CHEMICALS INC ORD,4183.T,41400,0.0062,JAPAN,Basic Materials,Chemicals,Chemicals
VFAWF.PK,CTS EVENTIM AG & CO KGAA ORD,EVDG.DE,17272,0.0062,GERMANY,Technology,Software & IT Services,Software & IT Services
VFAWF.PK,KINGSOFT CORP LTD ORD,3888.HK,277400,0.0062,HONG KONG,Technology,Software & IT Services,Software & IT Services
VFAWF.PK,HMM CO LTD ORD,011200.KS,86860,0.0062,KOREA,Industrials,Transportation,Freight & Logistics Services
VFAWF.PK,SUPREME INDUSTRIES LTD ORD,SUPI.NS,27629,0.0062,INDIA,Basic Materials,Chemicals,Chemicals
VFAWF.PK,NATURGY ENERGY GROUP SA ORD,NTGY.MC,38601,0.0062,SPAIN,Utilities,Utilities,Natural Gas Utilities
VFAWF.PK,KOITO MANUFACTURING CO LTD ORD,7276.T,64000,0.0062,JAPAN,Consumer Cyclicals,Automobiles & Auto Parts,Automobiles & Auto Parts
VFAWF.PK,GOLDWIN INC ORD,8111.T,14300,0.0062,JAPAN,Consumer Cyclicals,Cyclical Consumer Products,Textiles & Apparel
VFAWF.PK,KEIO CORP ORD,9008.T,35800,0.0062,JAPAN,Industrials,Transportation,Passenger Transportation Services
VFAWF.PK,PEOPLE'S INSURANCE COMPANY GROUP OF CHINA LTD ORD,1339.HK,3093000,0.0062,CHINA,Financials,Insurance,Insurance
VFAWF.PK,BAYCURRENT CONSULTING INC ORD,6532.T,36200,0.0061,JAPAN,Industrials,Industrial & Commercial Services,Professional & Commercial Services
VFAWF.PK,COMMERCIAL INTERNATIONAL BANK EGYPT SAE ORD,COMI.CA,711500,0.0061,EGYPT,Financials,Banking & Investment Services,Banking Services
VFAWF.PK,POWSZECHNY ZAKLAD UBEZPIECZEN SA ORD,PZU.WA,113905,0.0061,POLAND,Financials,Insurance,Insurance
VFAWF.PK,ICICI LOMBARD GENERAL INSURANCE COMPANY LTD ORD,ICIL.NS,69182,0.0061,INDIA,Financials,Insurance,Insurance
VFAWF.PK,SUMCO CORP ORD,3436.T,80380,0.0061,JAPAN,Technology,Technology Equipment,Semiconductors & Semiconductor Equipment
VFAWF.PK,CLEANAWAY WASTE MANAGEMENT LTD ORD,CWY.AX,623582,0.0061,AUSTRALIA,Industrials,Industrial & Commercial Services,Professional & Commercial Services
VFAWF.PK,SANTEN PHARMACEUTICAL CO LTD ORD,4536.T,132200,0.0061,JAPAN,Healthcare,Pharmaceuticals & Medical Research,Pharmaceuticals
VFAWF.PK,CRRC CORP LTD ORD,1766.HK,2108000,0.0061,CHINA,Industrials,Industrial Goods,"Machinery, Tools, Heavy Vehicles, Trains & Ships"
VFAWF.PK,AISIN CORP ORD,7259.T,36100,0.0061,JAPAN,Consumer Cyclicals,Automobiles & Auto Parts,Automobiles & Auto Parts
VFAWF.PK,KOBE STEEL LTD ORD,5406.T,107100,0.0061,JAPAN,Basic Materials,Mineral Resources,Metals & Mining
VFAWF.PK,LG CHEM LTD,051915.KS,3767,0.0061,KOREA,Basic Materials,Chemicals,Chemicals
VFAWF.PK,MITSUBISHI MATERIALS CORP ORD,5711.T,64800,0.0061,JAPAN,Basic Materials,Mineral Resources,Metals & Mining
VFAWF.PK,MASRAF AL RAYAN QPSC ORD,MARK.QA,1675723,0.0061,QATAR,Financials,Banking & Investment Services,Banking Services
VFAWF.PK,IDP EDUCATION LTD ORD,IEL.AX,68004,0.006,AUSTRALIA,Academic & Educational Services,Academic & Educational Services,Professional & Business Education
VFAWF.PK,AMBUJA CEMENTS LTD ORD,ABUJ.NS,202858,0.006,INDIA,Basic Materials,Mineral Resources,Construction Materials
VFAWF.PK,CHOW TAI FOOK JEWELLERY GROUP LTD ORD,1929.HK,662800,0.006,HONG KONG,Consumer Cyclicals,Cyclical Consumer Products,Textiles & Apparel
VFAWF.PK,PETRONAS CHEMICALS GROUP BHD ORD,PCGB.KL,742700,0.006,MALAYSIA,Basic Materials,Chemicals,Chemicals
VFAWF.PK,PI INDUSTRIES LTD ORD,PIIL.NS,26268,0.006,INDIA,Basic Materials,Chemicals,Chemicals
VFAWF.PK,MOUWASAT MEDICAL SERVICES COMPANY SJSC ORD,4002.SE,16989,0.006,SAUDI ARABIA,Healthcare,Healthcare Services & Equipment,Healthcare Providers & Services
VFAWF.PK,BILIBILI INC ORD,9626.HK,62674,0.006,CHINA,Technology,Software & IT Services,Software & IT Services
VFAWF.PK,SENSETIME GROUP INC ORD,0020.HK,4840000,0.006,CHINA,Technology,Software & IT Services,Software & IT Services
VFAWF.PK,FULL TRUCK ALLNC 20 ADR REP CL A ORD,YMM.N,151909,0.006,CHINA,Technology,Software & IT Services,Software & IT Services
VFAWF.PK,IPSEN SA ORD,IPN.PA,9126,0.006,FRANCE,Healthcare,Pharmaceuticals & Medical Research,Pharmaceuticals
VFAWF.PK,BANCO DE CHILE ORD,CHILE.SN,10321537,0.006,CHILE,Financials,Banking & Investment Services,Banking Services
VFAWF.PK,PERSIMMON PLC ORD,PSN.L,77425,0.006,UNITED KINGDOM,Consumer Cyclicals,Cyclical Consumer Products,Homebuilding & Construction Supplies
VFAWF.PK,SEKISUI CHEMICAL CO LTD ORD,4204.T,75900,0.006,JAPAN,Consumer Cyclicals,Cyclical Consumer Products,Homebuilding & Construction Supplies
VFAWF.PK,SODEXO SA ORD,EXHO.PA,11215,0.006,FRANCE,Consumer Cyclicals,Cyclical Consumer Services,Hotels & Entertainment Services
VFAWF.PK,HENGAN INTERNATIONAL GROUP COMPANY LTD ORD,1044.HK,280500,0.006,CHINA,Consumer Non-Cyclicals,Personal & Household Products & Services,Personal & Household Products & Services
VFAWF.PK,HONGKONG LAND HOLDINGS LTD ORD,HKLD.SI,322600,0.006,BERMUDA,Real Estate,Real Estate,Real Estate Operations
VFAWF.PK,D'IETEREN GROUP NV ORD,IETB.BR,6533,0.006,BELGIUM,Consumer Cyclicals,Retailers,Specialty Retailers
VFAWF.PK,JUST EAT TAKEAWAY.COM NV ORD,TKWY.AS,63688,0.006,NETHERLANDS,Technology,Software & IT Services,Software & IT Services
VFAWF.PK,SAGAX AB ORD,SAGAb.ST,50717,0.0059,SWEDEN,Real Estate,Real Estate,Real Estate Operations
VFAWF.PK,FUYAO GLASS INDUSTRY GROUP CO LTD ORD,3606.HK,253200,0.0059,CHINA,Consumer Cyclicals,Automobiles & Auto Parts,Automobiles & Auto Parts
VFAWF.PK,AIRTAC INTERNATIONAL GROUP ORD,1590.TW,38207,0.0059,CHINA,Industrials,Industrial Goods,"Machinery, Tools, Heavy Vehicles, Trains & Ships"
VFAWF.PK,INFO EDGE (INDIA) LTD ORD,INED.NS,20204,0.0059,INDIA,Technology,Software & IT Services,Software & IT Services
VFAWF.PK,AEROPORTS DE PARIS SA ORD,ADP.PA,8176,0.0059,FRANCE,Industrials,Transportation,Transport Infrastructure
VFAWF.PK,TOSOH CORP ORD,4042.T,86500,0.0059,JAPAN,Basic Materials,Chemicals,Chemicals
VFAWF.PK,SOJITZ CORP ORD,2768.T,47040,0.0059,JAPAN,Industrials,Industrial & Commercial Services,Diversified Industrial Goods Wholesale
VFAWF.PK,AYALA LAND INC ORD,ALI.PS,2240000,0.0059,PHILIPPINES,Real Estate,Real Estate,Real Estate Operations
VFAWF.PK,HANWHA AEROSPACE CO LTD ORD,012450.KS,11739,0.0059,KOREA,Industrials,Industrial Goods,Aerospace & Defense
VFAWF.PK,SINO LAND CO LTD ORD,0083.HK,912000,0.0059,HONG KONG,Real Estate,Real Estate,Real Estate Operations
VFAWF.PK,TOHO CO LTD (TOKYO) ORD,9602.T,29000,0.0059,JAPAN,Consumer Cyclicals,Cyclical Consumer Services,Media & Publishing
VFAWF.PK,INDUSTRIVARDEN AB ORD,INDUa.ST,39612,0.0059,SWEDEN,Financials,Investment Holding Companies,Investment Holding Companies
VFAWF.PK,YUHAN CORP ORD,000100.KS,19640,0.0059,KOREA,Healthcare,Pharmaceuticals & Medical Research,Pharmaceuticals
VFAWF.PK,IDFC FIRST BANK LTD ORD,IDFB.NS,1041933,0.0058,INDIA,Financials,Banking & Investment Services,Banking Services
VFAWF.PK,VOLTRONIC POWER TECHNOLOGY CORP ORD,6409.TW,20000,0.0058,TAIWAN,Industrials,Industrial Goods,"Machinery, Tools, Heavy Vehicles, Trains & Ships"
VFAWF.PK,ABU DHABI ISLAMIC BANK PJSC ORD,ADIB.AD,359229,0.0058,UNITED ARAB EMIRATES,Financials,Banking & Investment Services,Banking Services
VFAWF.PK,BECHTLE AG ORD,BC8G.DE,24920,0.0058,GERMANY,Technology,Software & IT Services,Software & IT Services
VFAWF.PK,HELVETIA HOLDING AG ORD,HELN.S,7395,0.0058,SWITZERLAND,Financials,Insurance,Insurance
VFAWF.PK,ABB INDIA LTD ORD,ABB.NS,20138,0.0058,INDIA,Industrials,Industrial Goods,"Machinery, Tools, Heavy Vehicles, Trains & Ships"
VFAWF.PK,ISETAN MITSUKOSHI HOLDINGS LTD ORD,3099.T,101400,0.0058,JAPAN,Consumer Cyclicals,Retailers,Diversified Retail
VFAWF.PK,ASAHI INTECC CO LTD ORD,7747.T,53852,0.0058,JAPAN,Healthcare,Healthcare Services & Equipment,Healthcare Equipment & Supplies
VFAWF.PK,CMOC GROUP LTD ORD,603993.SS,1257600,0.0057,CHINA,Basic Materials,Mineral Resources,Metals & Mining
VFAWF.PK,INCITEC PIVOT LTD ORD,IPL.AX,538038,0.0057,AUSTRALIA,Basic Materials,Chemicals,Chemicals
VFAWF.PK,TUBE INVESTMENTS OF INDIA LTD ORD,TBEI.NS,29166,0.0057,INDIA,Consumer Cyclicals,Automobiles & Auto Parts,Automobiles & Auto Parts
VFAWF.PK,COSAN SA ORD,CSAN3.SA,259176,0.0057,BRAZIL,Energy,Energy - Fossil Fuels,Oil & Gas
VFAWF.PK,FRASERS LOGISTICS & COMMERCIAL TRUST,FRAE.SI,1174700,0.0057,NULL,Real Estate,Real Estate,Residential & Commercial REITs
VFAWF.PK,BUPA ARABIA FOR COOPERATIVE INSURANCE COMPANY SJSC ORD,8210.SE,23823,0.0057,SAUDI ARABIA,Financials,Insurance,Insurance
VFAWF.PK,NEMETSCHEK SE ORD,NEKG.DE,14828,0.0057,GERMANY,Technology,Software & IT Services,Software & IT Services
VFAWF.PK,CHINA RESOURCES GAS GROUP LTD ORD,1193.HK,315000,0.0057,HONG KONG,Utilities,Utilities,Natural Gas Utilities
VFAWF.PK,BANK OF THE PHILIPPINE ISLANDS ORD,BPI.PS,518825,0.0057,PHILIPPINES,Financials,Banking & Investment Services,Banking Services
VFAWF.PK,ALS LTD ORD,ALQ.AX,137452,0.0057,AUSTRALIA,Industrials,Industrial & Commercial Services,Professional & Commercial Services
VFAWF.PK,ENDEAVOUR MINING PLC ORD,EDV.TO,44642,0.0057,UNITED KINGDOM,Basic Materials,Mineral Resources,Metals & Mining
VFAWF.PK,ARAB NATIONAL BANK ORD,1080.SE,153846,0.0057,SAUDI ARABIA,Financials,Banking & Investment Services,Banking Services
VFAWF.PK,GAMUDA BHD ORD,GAMU.KL,1133100,0.0057,MALAYSIA,Industrials,Industrial & Commercial Services,Construction & Engineering
VFAWF.PK,TOYO SUISAN KAISHA LTD ORD,2875.T,26400,0.0057,JAPAN,Consumer Non-Cyclicals,Food & Beverages,Food & Tobacco
VFAWF.PK,GLP J-REIT ORD,3281.T,1103,0.0057,JAPAN,Real Estate,Real Estate,Residential & Commercial REITs
VFAWF.PK,CONCORDIA FINANCIAL GROUP LTD ORD,7186.T,233099,0.0056,JAPAN,Financials,Banking & Investment Services,Banking Services
VFAWF.PK,LOTUS BAKERIES NV ORD,LOTB.BR,133,0.0056,BELGIUM,Consumer Non-Cyclicals,Food & Beverages,Food & Tobacco
VFAWF.PK,XINYI SOLAR HOLDINGS LTD ORD,0968.HK,990400,0.0056,CHINA,Energy,Renewable Energy,Renewable Energy
VFAWF.PK,ZILLOW GROUP INC ORD,ZG.OQ,20002,0.0056,UNITED STATES,Real Estate,Real Estate,Real Estate Operations
VFAWF.PK,PRADA SPA ORD,1913.HK,150400,0.0056,ITALY,Consumer Cyclicals,Cyclical Consumer Products,Textiles & Apparel
VFAWF.PK,PEGATRON CORP ORD,4938.TW,441000,0.0056,TAIWAN,Technology,Technology Equipment,"Computers, Phones & Household Electronics"
VFAWF.PK,MAPLETREE INDUSTRIAL TRUST,MAPI.SI,634811,0.0056,NULL,Real Estate,Real Estate,Residential & Commercial REITs
VFAWF.PK,ROYAL UNIBREW A/S ORD,RBREW.CO,12391,0.0056,DENMARK,Consumer Non-Cyclicals,Food & Beverages,Beverages
VFAWF.PK,FUKUOKA FINANCIAL GROUP INC ORD,8354.T,44300,0.0056,JAPAN,Financials,Banking & Investment Services,Banking Services
VFAWF.PK,TURKIYE PETROL RAFINERILERI AS ORD,TUPRS.IS,278828,0.0056,TURKEY,Energy,Energy - Fossil Fuels,Oil & Gas
VFAWF.PK,CCR SA ORD,CCRO3.SA,384136,0.0056,BRAZIL,Industrials,Transportation,Transport Infrastructure
VFAWF.PK,JIANGXI COPPER CO LTD ORD,0358.HK,635000,0.0056,CHINA,Basic Materials,Mineral Resources,Metals & Mining
VFAWF.PK,BRITISH LAND COMPANY PUBLIC COMPANY LTD ORD,BLND.L,247890,0.0056,UNITED KINGDOM,Real Estate,Real Estate,Residential & Commercial REITs
VFAWF.PK,MOBILE TELECOMMUNICATIONS COMPANY KSCP ORD,ZAIN.KW,635453,0.0056,KUWAIT,Technology,Telecommunications Services,Telecommunications Services
VFAWF.PK,EBOS GROUP LTD ORD,EBO.NZ,44312,0.0056,NEW ZEALAND,Healthcare,Pharmaceuticals & Medical Research,Pharmaceuticals
VFAWF.PK,SANWA HOLDINGS CORP ORD,5929.T,78500,0.0056,JAPAN,Consumer Cyclicals,Cyclical Consumer Products,Homebuilding & Construction Supplies
VFAWF.PK,BANCO BRADESCO SA ORD,BBDC3.SA,341236,0.0056,BRAZIL,Financials,Banking & Investment Services,Banking Services
VFAWF.PK,JARIR MARKETING COMPANY SJSC ORD,4190.SE,257370,0.0056,SAUDI ARABIA,Consumer Cyclicals,Retailers,Specialty Retailers
VFAWF.PK,ADANI ENERGY SOLUTIONS LTD ORD,ADAI.NS,107990,0.0056,INDIA,Utilities,Utilities,Electric Utilities & IPPs
VFAWF.PK,FIBRA UNO ADMINISTRACION SA DE CV ORD,FUNO11.MX,695800,0.0055,MEXICO,Real Estate,Real Estate,Residential & Commercial REITs
VFAWF.PK,ITAU UNIBANCO HOLDING SA ORD,ITUB3.SA,203000,0.0055,BRAZIL,Financials,Banking & Investment Services,Banking Services
VFAWF.PK,FAR EASTONE TELECOMMUNICATIONS CO LTD ORD,4904.TW,463000,0.0055,TAIWAN,Technology,Telecommunications Services,Telecommunications Services
VFAWF.PK,UPL LTD ORD,UPLL.NS,138130,0.0055,INDIA,Basic Materials,Chemicals,Chemicals
VFAWF.PK,SINOPEC SHANGHAI PETROCHEMICAL CO LTD ORD,0338.HK,6834000,0.0055,CHINA,Energy,Energy - Fossil Fuels,Oil & Gas
VFAWF.PK,KOREA ELECTRIC POWER CORP ORD,015760.KS,69832,0.0055,KOREA,Utilities,Utilities,Electric Utilities & IPPs
VFAWF.PK,BIM BIRLESIK MAGAZALAR AS ORD,BIMAS.IS,130607,0.0055,TURKEY,Consumer Cyclicals,Retailers,Diversified Retail
VFAWF.PK,GRUPO COMERCIAL CHEDRAUI SAB DE CV ORD,CHDRAUIB.MX,176700,0.0054,MEXICO,Consumer Non-Cyclicals,Food & Drug Retailing,Food & Drug Retailing
VFAWF.PK,REA GROUP LTD ORD,REA.AX,9716,0.0054,AUSTRALIA,Technology,Software & IT Services,Software & IT Services
VFAWF.PK,MCDONALD'S HOLDINGS COMPANY JAPAN LTD ORD,2702.T,26100,0.0054,JAPAN,Consumer Cyclicals,Cyclical Consumer Services,Hotels & Entertainment Services
VFAWF.PK,SHENZHEN MINDRAY BIO-MEDICAL ELECTRONICS CO LTD ORD,300760.SZ,25100,0.0054,CHINA,Healthcare,Healthcare Services & Equipment,Healthcare Equipment & Supplies
VFAWF.PK,SENDAS DISTRIBUIDORA SA ORD,ASAI3.SA,362528,0.0054,BRAZIL,Consumer Non-Cyclicals,Food & Drug Retailing,Food & Drug Retailing
VFAWF.PK,SALMAR ASA ORD,SALM.OL,22105,0.0054,NORWAY,Consumer Non-Cyclicals,Food & Beverages,Food & Tobacco
VFAWF.PK,LIBERTY GLOBAL PLC ORD,LBTYA.OQ,55802,0.0054,UNITED KINGDOM,Technology,Telecommunications Services,Telecommunications Services
VFAWF.PK,REINET INVESTMENTS SCA ORD,REIT.LU,41962,0.0054,LUXEMBOURG,Financials,Banking & Investment Services,Banking Services
VFAWF.PK,CHINA NATIONAL BUILDING MATERIAL CO LTD ORD,3323.HK,1649400,0.0054,CHINA,Basic Materials,Mineral Resources,Construction Materials
VFAWF.PK,SHINKO ELECTRIC INDUSTRIES CO LTD ORD,6967.T,25600,0.0054,JAPAN,Technology,Technology Equipment,Semiconductors & Semiconductor Equipment
VFAWF.PK,HIKARI TSUSHIN INC ORD,9435.T,7000,0.0054,JAPAN,Consumer Cyclicals,Retailers,Specialty Retailers
VFAWF.PK,ANDRITZ AG ORD,ANDR.VI,19576,0.0054,AUSTRIA,Industrials,Industrial Goods,"Machinery, Tools, Heavy Vehicles, Trains & Ships"
VFAWF.PK,HAIER SMART HOME CO LTD ORD,600690.SS,298400,0.0054,CHINA,Consumer Cyclicals,Cyclical Consumer Products,Household Goods
VFAWF.PK,TELUS CORP ORD,T.TO,58305,0.0054,CANADA,Technology,Telecommunications Services,Telecommunications Services
VFAWF.PK,THYSSENKRUPP AG ORD,TKAG.DE,129693,0.0054,GERMANY,Basic Materials,Mineral Resources,Metals & Mining
VFAWF.PK,MITSUBISHI HC CAPITAL INC ORD,8593.T,156390,0.0054,JAPAN,Financials,Banking & Investment Services,Banking Services
VFAWF.PK,BROTHER INDUSTRIES LTD ORD,6448.T,65600,0.0054,JAPAN,Technology,Technology Equipment,Office Equipment
VFAWF.PK,SHANDONG WEIGAO GROUP MEDICAL POLYMER CO LTD ORD,1066.HK,793600,0.0054,CHINA,Healthcare,Healthcare Services & Equipment,Healthcare Equipment & Supplies
VFAWF.PK,BANGKOK EXPRESSWAY AND METRO PCL ORD,BEMf.BK,3781300,0.0053,THAILAND,Industrials,Transportation,Transport Infrastructure
VFAWF.PK,OJI HOLDINGS CORP ORD,3861.T,257700,0.0053,JAPAN,Basic Materials,Applied Resources,Paper & Forest Products
VFAWF.PK,DKSH HOLDING AG ORD,DKSH.S,12595,0.0053,SWITZERLAND,Industrials,Industrial & Commercial Services,Professional & Commercial Services
VFAWF.PK,MERITZ FINANCIAL GROUP INC ORD,138040.KS,26296,0.0053,KOREA,Financials,Investment Holding Companies,Investment Holding Companies
VFAWF.PK,TOPSPORTS INTERNATIONAL HOLDINGS LTD ORD,6110.HK,1103000,0.0053,CHINA,Consumer Cyclicals,Retailers,Specialty Retailers
VFAWF.PK,MERCARI INC ORD,4385.T,40200,0.0053,JAPAN,Technology,Software & IT Services,Software & IT Services
VFAWF.PK,ETIHAD ETISALAT COMPANY SJSC ORD,7020.SE,80680,0.0053,SAUDI ARABIA,Technology,Telecommunications Services,Telecommunications Services
VFAWF.PK,EMEMORY TECHNOLOGY INC ORD,3529.TWO,17000,0.0053,TAIWAN,Technology,Technology Equipment,Semiconductors & Semiconductor Equipment
VFAWF.PK,YANBU NATIONAL PETROCHEMICALS COMPANY SJSC ORD,2290.SE,83163,0.0053,SAUDI ARABIA,Basic Materials,Chemicals,Chemicals
VFAWF.PK,KOBE BUSSAN CO LTD ORD,3038.T,37700,0.0053,JAPAN,Consumer Non-Cyclicals,Food & Drug Retailing,Food & Drug Retailing
VFAWF.PK,AMOREPACIFIC CORP ORD,090430.KS,11507,0.0053,KOREA,Consumer Non-Cyclicals,Personal & Household Products & Services,Personal & Household Products & Services
VFAWF.PK,NOVA LTD ORD,NVMI.OQ,8066,0.0053,ISRAEL,Technology,Technology Equipment,Semiconductors & Semiconductor Equipment
VFAWF.PK,SWIRE PACIFIC LTD ORD,0019.HK,122000,0.0053,HONG KONG,Consumer Non-Cyclicals,Food & Beverages,Beverages
VFAWF.PK,KALBE FARMA TBK PT ORD,KLBF.JK,7960600,0.0053,INDONESIA,Healthcare,Pharmaceuticals & Medical Research,Pharmaceuticals
VFAWF.PK,INDIAN HOTELS COMPANY LTD ORD,IHTL.NS,209686,0.0053,INDIA,Consumer Cyclicals,Cyclical Consumer Services,Hotels & Entertainment Services
VFAWF.PK,BANQUE CANTONALE VAUDOISE ORD,BCVN.S,9010,0.0053,SWITZERLAND,Financials,Banking & Investment Services,Banking Services
VFAWF.PK,SRF LTD ORD,SRFL.NS,38069,0.0053,INDIA,Basic Materials,Chemicals,Chemicals
VFAWF.PK,USS CO LTD ORD,4732.T,58900,0.0053,JAPAN,Technology,Software & IT Services,Software & IT Services
VFAWF.PK,TURKIYE SISE VE CAM FABRIKALARI AS ORD,SISE.IS,509062,0.0053,TURKEY,Consumer Non-Cyclicals,Consumer Goods Conglomerates,Consumer Goods Conglomerates
VFAWF.PK,LIFCO AB (PUBL) ORD,LIFCOb.ST,50095,0.0053,SWEDEN,Financials,Investment Holding Companies,Investment Holding Companies
VFAWF.PK,BANCA MEDIOLANUM SPA ORD,BMED.MI,101488,0.0052,ITALY,Financials,Banking & Investment Services,Banking Services
VFAWF.PK,HUHTAMAKI OYJ ORD,HUH1V.HE,28084,0.0052,FINLAND,Basic Materials,Applied Resources,Containers & Packaging
VFAWF.PK,ENERGISA SA,ENGI11.SA,93268,0.0052,BRAZIL,Utilities,Utilities,Electric Utilities & IPPs
VFAWF.PK,GLOBALFOUNDRIES INC ORD,GFS.OQ,15699,0.0052,UNITED STATES,Technology,Technology Equipment,Semiconductors & Semiconductor Equipment
VFAWF.PK,LANXESS AG ORD,LXSG.DE,29335,0.0052,GERMANY,Basic Materials,Chemicals,Chemicals
VFAWF.PK,COVIVIO SA ORD,CVO.PA,20531,0.0052,FRANCE,Real Estate,Real Estate,Residential & Commercial REITs
VFAWF.PK,GRUPO AEROPORTUARIO DEL CENTRO NORTE SAB DE CV ORD,OMAB.MX,87103,0.0052,MEXICO,Industrials,Transportation,Transport Infrastructure
VFAWF.PK,ORIX JREIT INC ORD,8954.T,775,0.0052,JAPAN,Real Estate,Real Estate,Residential & Commercial REITs
VFAWF.PK,ACCIONA SA ORD,ANA.MC,6663,0.0052,SPAIN,Industrials,Industrial & Commercial Services,Construction & Engineering
VFAWF.PK,BANK NEGARA INDONESIA (PERSERO) TBK PT ORD,BBNI.JK,1677800,0.0052,INDONESIA,Financials,Banking & Investment Services,Banking Services
VFAWF.PK,CHINA CONSTRUCTION BANK CORP ORD,601939.SS,1156400,0.0052,CHINA,Financials,Banking & Investment Services,Banking Services
VFAWF.PK,ALTIUM LTD ORD,ALU.AX,38301,0.0052,AUSTRALIA,Technology,Software & IT Services,Software & IT Services
VFAWF.PK,JARDINE CYCLE & CARRIAGE LTD ORD,JCYC.SI,38411,0.0052,SINGAPORE,Consumer Cyclicals,Automobiles & Auto Parts,Automobiles & Auto Parts
VFAWF.PK,TOWER SEMICONDUCTOR LTD ORD,TSEM.OQ,26533,0.0052,ISRAEL,Technology,Technology Equipment,Semiconductors & Semiconductor Equipment
VFAWF.PK,LYNAS RARE EARTHS LTD ORD,LYC.AX,218826,0.0052,MALAYSIA,Basic Materials,Mineral Resources,Metals & Mining
VFAWF.PK,SWIRE PROPERTIES LTD ORD,1972.HK,395600,0.0052,HONG KONG,Real Estate,Real Estate,Real Estate Operations
VFAWF.PK,PROLOGIS PROPERTY MEXICO SA DE CV ORD,FIBRAPL14.MX,262015,0.0051,MEXICO,Real Estate,Real Estate,Residential & Commercial REITs
VFAWF.PK,WHITEHAVEN COAL LTD ORD,WHC.AX,207019,0.0051,AUSTRALIA,Energy,Energy - Fossil Fuels,Coal
VFAWF.PK,SAHARA INTERNATIONAL PETROCHEMICAL CO SJSC ORD,2310.SE,96018,0.0051,SAUDI ARABIA,Basic Materials,Chemicals,Chemicals
VFAWF.PK,ASMPT LTD ORD,0522.HK,100623,0.0051,HONG KONG,Technology,Technology Equipment,Semiconductors & Semiconductor Equipment
VFAWF.PK,BUMRUNGRAD HOSPITAL PCL ORD,BHf.BK,153300,0.0051,THAILAND,Healthcare,Healthcare Services & Equipment,Healthcare Providers & Services
VFAWF.PK,CHINA GAS HOLDINGS LTD ORD,0384.HK,879134,0.0051,HONG KONG,Utilities,Utilities,Natural Gas Utilities
VFAWF.PK,TECO ELECTRIC MACHINERY CO LTD ORD,1504.TW,564000,0.0051,TAIWAN,Industrials,Industrial Goods,"Machinery, Tools, Heavy Vehicles, Trains & Ships"
VFAWF.PK,ZTE CORP ORD,000063.SZ,177599,0.0051,CHINA,Technology,Technology Equipment,Communications & Networking
VFAWF.PK,SQUARE ENIX HOLDINGS CO LTD ORD,9684.T,21000,0.0051,JAPAN,Technology,Software & IT Services,Software & IT Services
VFAWF.PK,HAVELLS INDIA LTD ORD,HVEL.NS,59420,0.0051,INDIA,Industrials,Industrial Goods,"Machinery, Tools, Heavy Vehicles, Trains & Ships"
VFAWF.PK,SAMVARDHANA MOTHERSON INTERNATIONAL LTD ORD,SAMD.NS,814731,0.0051,INDIA,Consumer Cyclicals,Automobiles & Auto Parts,Automobiles & Auto Parts
VFAWF.PK,HLB INC ORD,028300.KQ,37925,0.0051,KOREA,Healthcare,Healthcare Services & Equipment,Healthcare Equipment & Supplies
VFAWF.PK,QATAR ELECTRICITY AND WATER COMPANY QPSC ORD,QEWC.QA,195438,0.0051,QATAR,Utilities,Utilities,Multiline Utilities
VFAWF.PK,BHARAT FORGE LTD ORD,BFRG.NS,85283,0.0051,INDIA,Basic Materials,Mineral Resources,Metals & Mining
VFAWF.PK,GF SECURITIES CO LTD ORD,1776.HK,601200,0.005,CHINA,Financials,Banking & Investment Services,Investment Banking & Investment Services
VFAWF.PK,LIXIL CORP ORD,5938.T,75000,0.005,JAPAN,Consumer Cyclicals,Cyclical Consumer Products,Homebuilding & Construction Supplies
VFAWF.PK,PB FINTECH LTD ORD,PBFI.NS,107140,0.005,INDIA,Technology,Financial Technology (Fintech) & Infrastructure,Financial Technology (Fintech) & Infrastructure
VFAWF.PK,PERSOL HOLDINGS CO LTD ORD,2181.T,48200,0.005,JAPAN,Industrials,Industrial & Commercial Services,Professional & Commercial Services
VFAWF.PK,JOHNSON MATTHEY PLC ORD,JMAT.L,41024,0.005,UNITED KINGDOM,Basic Materials,Chemicals,Chemicals
VFAWF.PK,AP MOELLER - MAERSK A/S ORD,MAERSKa.CO,471,0.005,DENMARK,Industrials,Transportation,Freight & Logistics Services
VFAWF.PK,WALSIN LIHWA CORP ORD,1605.TW,743312,0.005,TAIWAN,Industrials,Industrial Goods,"Machinery, Tools, Heavy Vehicles, Trains & Ships"
VFAWF.PK,ODAKYU ELECTRIC RAILWAY CO LTD ORD,9007.T,64700,0.005,JAPAN,Industrials,Transportation,Passenger Transportation Services
VFAWF.PK,EMBRAER SA ORD,EMBR3.SA,247300,0.005,BRAZIL,Industrials,Industrial Goods,Aerospace & Defense
VFAWF.PK,BANK POLSKA KASA OPIEKI SA ORD,PEO.WA,32055,0.005,POLAND,Financials,Banking & Investment Services,Banking Services
VFAWF.PK,ALIBABA HEALTH INFORMATION TECHNOLOGY LTD ORD,0241.HK,1340000,0.005,HONG KONG,Consumer Cyclicals,Retailers,Diversified Retail
VFAWF.PK,TELE2 AB ORD,TEL2b.ST,127497,0.005,SWEDEN,Technology,Telecommunications Services,Telecommunications Services
VFAWF.PK,INDIAN OIL CORPORATION LTD ORD,IOC.NS,841429,0.005,INDIA,Energy,Energy - Fossil Fuels,Oil & Gas
VFAWF.PK,BALKRISHNA INDUSTRIES LTD ORD,BLKI.NS,30749,0.005,INDIA,Consumer Cyclicals,Automobiles & Auto Parts,Automobiles & Auto Parts
VFAWF.PK,TINGYI (CAYMAN ISLANDS) HOLDING CORP ORD,0322.HK,612000,0.005,CHINA,Consumer Non-Cyclicals,Food & Beverages,Food & Tobacco
VFAWF.PK,HELLENIC TELECOMMUNICATIONS ORGANIZATION SA ORD,OTEr.AT,60214,0.005,GREECE,Technology,Telecommunications Services,Telecommunications Services
VFAWF.PK,ANHUI CONCH CEMENT CO LTD ORD,0914.HK,318500,0.005,CHINA,Basic Materials,Mineral Resources,Construction Materials
VFAWF.PK,JIUMAOJIU INTERNATIONAL HOLDINGS LTD ORD,9922.HK,486000,0.005,CHINA,Consumer Cyclicals,Cyclical Consumer Services,Hotels & Entertainment Services
VFAWF.PK,CHINA EVERBRIGHT BANK CO LTD ORD,6818.HK,3117000,0.0049,CHINA,Financials,Banking & Investment Services,Banking Services
VFAWF.PK,SUMBER ALFARIA TRIJAYA TBK PT ORD,AMRT.JK,5243100,0.0049,INDONESIA,Consumer Non-Cyclicals,Food & Drug Retailing,Food & Drug Retailing
VFAWF.PK,HYGEIA HEALTHCARE HOLDINGS CO LTD ORD,6078.HK,144018,0.0049,CHINA,Healthcare,Healthcare Services & Equipment,Healthcare Providers & Services
VFAWF.PK,ABU DHABI NATIONAL OIL COMPANY FOR DISTRIBUTION PJSC ORD,ADNOCDIST.AD,872414,0.0049,UNITED ARAB EMIRATES,Energy,Energy - Fossil Fuels,Oil & Gas
VFAWF.PK,FOXCONN INDUSTRIAL INTERNET CO LTD ORD,601138.SS,297300,0.0049,CHINA,Technology,Technology Equipment,Communications & Networking
VFAWF.PK,ARION BANKI HF ORD,ARION.IC,818292,0.0049,ICELAND,Financials,Banking & Investment Services,Banking Services
VFAWF.PK,ROHTO PHARMACEUTICAL CO LTD ORD,4527.T,43800,0.0049,JAPAN,Healthcare,Pharmaceuticals & Medical Research,Pharmaceuticals
VFAWF.PK,PETROBRAS DISTRIBUIDORA SA ORD,BRDT3.SA^E03,261827,0.0049,BRAZIL,Energy,Energy - Fossil Fuels,Oil & Gas
VFAWF.PK,KEPPEL DC REIT,KEPE.SI,565095,0.0049,NULL,Real Estate,Real Estate,Residential & Commercial REITs
VFAWF.PK,YANGZIJIANG SHIPBUILDING HOLDINGS LTD ORD,YAZG.SI,799600,0.0049,CHINA,Industrials,Industrial Goods,"Machinery, Tools, Heavy Vehicles, Trains & Ships"
VFAWF.PK,ORION OYJ ORD,ORNBV.HE,24240,0.0049,FINLAND,Healthcare,Pharmaceuticals & Medical Research,Pharmaceuticals
VFAWF.PK,MOL MAGYAR OLAJES GAZIPARI NYRT ORD,MOLB.BU,117989,0.0049,HUNGARY,Energy,Energy - Fossil Fuels,Oil & Gas
VFAWF.PK,A2A SPA ORD,A2.MI,490100,0.0049,ITALY,Utilities,Utilities,Electric Utilities & IPPs
VFAWF.PK,HAIDILAO INTERNATIONAL HOLDING LTD ORD,6862.HK,332000,0.0049,CHINA,Consumer Cyclicals,Cyclical Consumer Services,Hotels & Entertainment Services
VFAWF.PK,TECHNOPRO HOLDINGS INC ORD,6028.T,35400,0.0048,JAPAN,Industrials,Industrial & Commercial Services,Professional & Commercial Services
VFAWF.PK,NH FOODS LTD ORD,2282.T,31700,0.0048,JAPAN,Consumer Non-Cyclicals,Food & Beverages,Food & Tobacco
VFAWF.PK,KION GROUP AG ORD,KGX.DE,21790,0.0048,GERMANY,Industrials,Industrial Goods,"Machinery, Tools, Heavy Vehicles, Trains & Ships"
VFAWF.PK,MEBUKI FINANCIAL GROUP INC ORD,7167.T,342700,0.0048,JAPAN,Financials,Banking & Investment Services,Banking Services
VFAWF.PK,LEYARD OPTOELECTRONIC CO LTD ORD,300296.SZ,1008800,0.0048,CHINA,Technology,Technology Equipment,Electronic Equipment & Parts
VFAWF.PK,NEXTDC LTD ORD,NXT.AX,105758,0.0048,AUSTRALIA,Technology,Software & IT Services,Software & IT Services
VFAWF.PK,SWEDISH ORPHAN BIOVITRUM AB (PUBL) ORD,SOBIV.ST,46766,0.0048,SWEDEN,Healthcare,Pharmaceuticals & Medical Research,Pharmaceuticals
VFAWF.PK,CLICKS GROUP LTD ORD,CLSJ.J,58342,0.0048,SOUTH AFRICA,Consumer Non-Cyclicals,Food & Drug Retailing,Food & Drug Retailing
VFAWF.PK,GMO PAYMENT GATEWAY INC ORD,3769.T,11897,0.0048,JAPAN,Industrials,Industrial & Commercial Services,Professional & Commercial Services
VFAWF.PK,SITC INTERNATIONAL HOLDINGS CO LTD ORD,1308.HK,420000,0.0048,HONG KONG,Industrials,Transportation,Freight & Logistics Services
VFAWF.PK,INVINCIBLE INVESTMENT CORP ORD,8963.T,2213,0.0048,JAPAN,Real Estate,Real Estate,Residential & Commercial REITs
VFAWF.PK,TATE & LYLE PLC ORD,TATE.L,95773,0.0048,UNITED KINGDOM,Consumer Non-Cyclicals,Food & Beverages,Food & Tobacco
VFAWF.PK,IHI CORP ORD,7013.T,37300,0.0048,JAPAN,Industrials,Industrial Goods,"Machinery, Tools, Heavy Vehicles, Trains & Ships"
VFAWF.PK,KOBAYASHI PHARMACEUTICAL CO LTD ORD,4967.T,16600,0.0048,JAPAN,Consumer Non-Cyclicals,Personal & Household Products & Services,Personal & Household Products & Services
VFAWF.PK,ITOCHU TECHNO-SOLUTIONS CORP ORD,4739.T,36300,0.0048,JAPAN,Technology,Software & IT Services,Software & IT Services
VFAWF.PK,KONGSBERG GRUPPEN ASA ORD,KOG.OL,21082,0.0048,NORWAY,Industrials,Industrial Goods,Aerospace & Defense
VFAWF.PK,LOJAS RENNER SA ORD,LREN3.SA,233291,0.0048,BRAZIL,Consumer Cyclicals,Retailers,Specialty Retailers
VFAWF.PK,SHANXI XINGHUACUN FEN WINE FACTORY CO LTD ORD,600809.SS,27140,0.0048,CHINA,Consumer Non-Cyclicals,Food & Beverages,Beverages
VFAWF.PK,KOSE CORP ORD,4922.T,9300,0.0048,JAPAN,Consumer Non-Cyclicals,Personal & Household Products & Services,Personal & Household Products & Services
VFAWF.PK,INFRASTRUTTURE WIRELESS ITALIANE SPA ORD,INWT.MI,73425,0.0048,ITALY,Technology,Telecommunications Services,Telecommunications Services
VFAWF.PK,IQIYI ADS REP 7 CL A ORD,IQ.OQ,140514,0.0047,CHINA,Technology,Software & IT Services,Software & IT Services
VFAWF.PK,ENGIE SA PRIME FIDELITE 2024,NULL,54898,0.0047,NULL,Unable to resolve all requested identifiers.,,
VFAWF.PK,XINYI GLASS HOLDINGS LTD ORD,0868.HK,540000,0.0047,HONG KONG,Consumer Cyclicals,Cyclical Consumer Products,Homebuilding & Construction Supplies
VFAWF.PK,HENDERSON LAND DEVELOPMENT CO LTD ORD,0012.HK,288953,0.0047,HONG KONG,Real Estate,Real Estate,Real Estate Operations
VFAWF.PK,SIEMENS LTD ORD,SIEM.NS,18633,0.0047,INDIA,Industrials,Industrial Goods,"Machinery, Tools, Heavy Vehicles, Trains & Ships"
VFAWF.PK,BANCOLOMBIA SA ORD,BIC.CN,104279,0.0047,COLOMBIA,Financials,Banking & Investment Services,Banking Services
VFAWF.PK,RESONAC HOLDINGS CORP ORD,4004.T,54622,0.0047,JAPAN,Basic Materials,Chemicals,Chemicals
VFAWF.PK,SIAM CEMENT NVDR,SCCn.BK,94600,0.0047,THAILAND,Consumer Non-Cyclicals,Consumer Goods Conglomerates,Consumer Goods Conglomerates
VFAWF.PK,KYUSHU ELECTRIC POWER CO INC ORD,9508.T,131400,0.0047,JAPAN,Utilities,Utilities,Electric Utilities & IPPs
VFAWF.PK,NOVOCURE LTD ORD,NVCR.OQ,27070,0.0046,JERSEY,Healthcare,Healthcare Services & Equipment,Healthcare Equipment & Supplies
VFAWF.PK,IOI CORPORATION BHD ORD,IOIB.KL,949600,0.0046,MALAYSIA,Consumer Non-Cyclicals,Food & Beverages,Food & Tobacco
VFAWF.PK,AURIZON HOLDINGS LTD ORD,AZJ.AX,338819,0.0046,AUSTRALIA,Industrials,Transportation,Freight & Logistics Services
VFAWF.PK,S.F. HOLDING CO LTD ORD,002352.SZ,124900,0.0046,CHINA,Industrials,Transportation,Freight & Logistics Services
VFAWF.PK,GENTING SINGAPORE LTD ORD,GENS.SI,1231300,0.0046,SINGAPORE,Consumer Cyclicals,Cyclical Consumer Services,Hotels & Entertainment Services
VFAWF.PK,CENTRAL RETAIL CORPORATION PCL ORD,CRCf.BK,735100,0.0046,THAILAND,Consumer Cyclicals,Retailers,Diversified Retail
VFAWF.PK,TOPIX SEP3,JTIU3,122,0.0046,NULL,NULL,NULL,NULL
VFAWF.PK,ALMARAI COMPANY SJSC ORD,2280.SE,47709,0.0046,SAUDI ARABIA,Consumer Non-Cyclicals,Food & Beverages,Food & Tobacco
VFAWF.PK,HIKMA PHARMACEUTICALS PLC ORD,HIK.L,32534,0.0046,UNITED KINGDOM,Healthcare,Pharmaceuticals & Medical Research,Pharmaceuticals
VFAWF.PK,SIRIUS XM HOLDINGS INC ORD,SIRI.OQ,172107,0.0046,UNITED STATES,Consumer Cyclicals,Cyclical Consumer Services,Media & Publishing
VFAWF.PK,LION CORP ORD,4912.T,92600,0.0046,JAPAN,Consumer Non-Cyclicals,Personal & Household Products & Services,Personal & Household Products & Services
VFAWF.PK,CONTACT ENERGY LTD ORD,CEN.NZ,169452,0.0046,NEW ZEALAND,Utilities,Utilities,Electric Utilities & IPPs
VFAWF.PK,TVS MOTOR COMPANY LTD ORD,TVSM.NS,52900,0.0046,INDIA,Consumer Cyclicals,Automobiles & Auto Parts,Automobiles & Auto Parts
VFAWF.PK,QATAR INTERNATIONAL ISLAMIC BANK QPSC ORD,QIIB.QA,305175,0.0046,QATAR,Financials,Banking & Investment Services,Banking Services
VFAWF.PK,ENERGY OF MINAS GERAIS CO,CMIG4.SA,326020,0.0046,BRAZIL,Utilities,Utilities,Electric Utilities & IPPs
VFAWF.PK,IHH HEALTHCARE BHD ORD,IHHH.KL,662200,0.0046,MALAYSIA,Healthcare,Healthcare Services & Equipment,Healthcare Providers & Services
VFAWF.PK,ZHONGAN ONLINE P & C INSURANCE CO LTD ORD,6060.HK,264800,0.0045,CHINA,Financials,Insurance,Insurance
VFAWF.PK,DOOSAN BOBCAT INC ORD,241560.KS,18678,0.0045,KOREA,Industrials,Industrial Goods,"Machinery, Tools, Heavy Vehicles, Trains & Ships"
VFAWF.PK,SILERGY CORP ORD,6415.TW,82000,0.0045,CHINA,Technology,Technology Equipment,Semiconductors & Semiconductor Equipment
VFAWF.PK,WUXI APPTEC CO LTD ORD,2359.HK,91620,0.0045,CHINA,Healthcare,Pharmaceuticals & Medical Research,Biotechnology & Medical Research
VFAWF.PK,FAR EASTERN NEW CENTURY CORP ORD,1402.TW,906221,0.0045,TAIWAN,Consumer Non-Cyclicals,Consumer Goods Conglomerates,Consumer Goods Conglomerates
VFAWF.PK,EMBOTELLADORA ANDINA SA,ANDINAB.SN,309510,0.0045,CHILE,Consumer Non-Cyclicals,Food & Beverages,Beverages
VFAWF.PK,ENKA INSAAT VE SANAYI AS ORD,ENKAI.IS,682067,0.0045,TURKEY,Industrials,Industrial & Commercial Services,Construction & Engineering
VFAWF.PK,CHIBA BANK LTD ORD,8331.T,122700,0.0045,JAPAN,Financials,Banking & Investment Services,Banking Services
VFAWF.PK,COMPANHIA DE SANEAMENTO BASICO DO ESTADO DE SAO PAULO SABESP ORD,SBSP3.SA,70300,0.0045,BRAZIL,Utilities,Utilities,Water & Related Utilities
VFAWF.PK,MAPLETREE LOGISTICS TRUST,MAPL.SI,673897,0.0045,NULL,Real Estate,Real Estate,Residential & Commercial REITs
VFAWF.PK,JAPAN POST INSURANCE CO LTD ORD,7181.T,51868,0.0044,JAPAN,Financials,Insurance,Insurance
VFAWF.PK,NAGOYA RAILROAD CO LTD ORD,9048.T,52500,0.0044,JAPAN,Industrials,Transportation,Passenger Transportation Services
VFAWF.PK,PARADE TECHNOLOGIES LTD ORD,4966.TWO,29000,0.0044,CAYMAN ISLANDS,Technology,Technology Equipment,Semiconductors & Semiconductor Equipment
VFAWF.PK,CHINA FEIHE LTD ORD,6186.HK,1384000,0.0044,CHINA,Consumer Non-Cyclicals,Food & Beverages,Food & Tobacco
VFAWF.PK,BANDHAN BANK LTD ORD,BANH.NS,311980,0.0044,INDIA,Financials,Banking & Investment Services,Banking Services
VFAWF.PK,ARABIAN INTERNET AND COMMUNICATIONS SERVICES COMPANY SJSC ORD,7202.SE,8635,0.0044,SAUDI ARABIA,Technology,Software & IT Services,Software & IT Services
VFAWF.PK,COSCO SHIPPING HOLDINGS CO LTD ORD,601919.SS,586850,0.0044,CHINA,Industrials,Transportation,Freight & Logistics Services
VFAWF.PK,SINOPHARM GROUP CO LTD ORD,1099.HK,267300,0.0044,CHINA,Healthcare,Pharmaceuticals & Medical Research,Pharmaceuticals
VFAWF.PK,VEDANTA LTD ORD,VDAN.NS,252337,0.0044,INDIA,Basic Materials,Mineral Resources,Metals & Mining
VFAWF.PK,TOHOKU ELECTRIC POWER CO INC ORD,9506.T,127200,0.0044,JAPAN,Utilities,Utilities,Electric Utilities & IPPs
VFAWF.PK,RICHTER GEDEON VEGYESZETI GYAR NYRT ORD,GDRB.BU,33477,0.0044,HUNGARY,Healthcare,Pharmaceuticals & Medical Research,Pharmaceuticals
VFAWF.PK,JGC HOLDINGS CORP ORD,1963.T,60100,0.0044,JAPAN,Industrials,Industrial & Commercial Services,Construction & Engineering
VFAWF.PK,KOMERCNI BANKA AS ORD,BKOM.PR,25259,0.0044,CZECH REPUBLIC,Financials,Banking & Investment Services,Banking Services
VFAWF.PK,ASHOK LEYLAND LTD ORD,ASOK.NS,372016,0.0044,INDIA,Industrials,Industrial Goods,"Machinery, Tools, Heavy Vehicles, Trains & Ships"
VFAWF.PK,HACI OMER SABANCI HOLDING AS ORD,SAHOL.IS,392657,0.0044,TURKEY,Financials,Investment Holding Companies,Investment Holding Companies
VFAWF.PK,SCHINDLER HOLDING AG ORD,SCHN.S,3603,0.0044,SWITZERLAND,Industrials,Industrial Goods,"Machinery, Tools, Heavy Vehicles, Trains & Ships"
VFAWF.PK,SANRIO CO LTD ORD,8136.T,17900,0.0044,JAPAN,Consumer Cyclicals,Retailers,Specialty Retailers
VFAWF.PK,EVONIK INDUSTRIES AG ORD,EVKn.DE,40695,0.0044,GERMANY,Basic Materials,Chemicals,Chemicals
VFAWF.PK,ADVANCE RESIDENCE INVESTMENT CORP ORD,3269.T,340,0.0043,JAPAN,Real Estate,Real Estate,Residential & Commercial REITs
VFAWF.PK,VODACOM GROUP LTD ORD,VODJ.J,124254,0.0043,SOUTH AFRICA,Technology,Telecommunications Services,Telecommunications Services
VFAWF.PK,CHINA MERCHANTS SECURITIES CO LTD ORD,600999.SS,390200,0.0043,CHINA,Financials,Banking & Investment Services,Investment Banking & Investment Services
VFAWF.PK,HYPERA SA ORD,HYPE3.SA,90700,0.0043,BRAZIL,Healthcare,Pharmaceuticals & Medical Research,Pharmaceuticals
VFAWF.PK,UNITED SPIRITS LTD ORD,UNSP.NS,67009,0.0043,INDIA,Consumer Non-Cyclicals,Food & Beverages,Beverages
VFAWF.PK,KARDEMIR KARABUK DEMIR CELIK SANAYI VE TICARET AS ORD,KRDMD.IS,864427,0.0043,TURKEY,Basic Materials,Mineral Resources,Metals & Mining
VFAWF.PK,GUANGDONG INVESTMENT LTD ORD,0270.HK,958000,0.0043,HONG KONG,Utilities,Utilities,Water & Related Utilities
VFAWF.PK,CELCOMDIGI BHD ORD,CELC.KL,834700,0.0043,MALAYSIA,Technology,Telecommunications Services,Telecommunications Services
VFAWF.PK,MICRO-STAR INTERNATIONAL CO LTD ORD,2377.TW,134000,0.0043,TAIWAN,Technology,Technology Equipment,"Computers, Phones & Household Electronics"
VFAWF.PK,EVERGREEN MARINE CORP TAIWAN LTD ORD,2603.TW,248508,0.0043,TAIWAN,Industrials,Transportation,Freight & Logistics Services
VFAWF.PK,MITSUBISHI GAS CHEMICAL CO INC ORD,4182.T,55400,0.0043,JAPAN,Basic Materials,Chemicals,Chemicals
VFAWF.PK,BANCO DEL BAJIO SA INSTITUCION DE BANCA MULTIPLE ORD,BBAJIOO.MX,265100,0.0042,MEXICO,Financials,Banking & Investment Services,Banking Services
VFAWF.PK,CHANG HWA COMMERCIAL BANK LTD ORD,2801.TW,1349134,0.0042,TAIWAN,Financials,Banking & Investment Services,Banking Services
VFAWF.PK,C&D INTERNATIONAL INVESTMENT GROUP LTD ORD,1908.HK,292000,0.0042,HONG KONG,Real Estate,Real Estate,Real Estate Operations
VFAWF.PK,ZHEN DING TECHNOLOGY HOLDING LTD ORD,4958.TW,241000,0.0042,CAYMAN ISLANDS,Technology,Technology Equipment,Semiconductors & Semiconductor Equipment
VFAWF.PK,TALANX AG ORD,TLXGn.DE,12965,0.0042,GERMANY,Financials,Insurance,Insurance
VFAWF.PK,PERSISTENT SYSTEMS LTD ORD,PERS.NS,13960,0.0042,INDIA,Technology,Software & IT Services,Software & IT Services
VFAWF.PK,ENLIGHT RENEWABLE ENERGY LTD ORD,ENLT.TA,41798,0.0042,ISRAEL,Utilities,Utilities,Electric Utilities & IPPs
VFAWF.PK,ADANI POWER LTD ORD,ADAN.NS,240855,0.0042,INDIA,Utilities,Utilities,Electric Utilities & IPPs
VFAWF.PK,AKESO INC ORD,9926.HK,153000,0.0042,CHINA,Healthcare,Pharmaceuticals & Medical Research,Biotechnology & Medical Research
VFAWF.PK,FSN E-COMMERCE VENTURES LTD ORD,FSNE.NS,456351,0.0042,INDIA,Consumer Cyclicals,Retailers,Diversified Retail
VFAWF.PK,FORTREA HOLDINGS INC ORD,FTRE.OQ,25069,0.0042,UNITED STATES,Healthcare,Pharmaceuticals & Medical Research,Biotechnology & Medical Research
VFAWF.PK,SONA BLW PRECISION FORGINGS LTD ORD,SONB.NS,114379,0.0042,INDIA,Consumer Cyclicals,Automobiles & Auto Parts,Automobiles & Auto Parts
VFAWF.PK,YANKUANG ENERGY GROUP CO LTD ORD,1171.HK,537000,0.0042,CHINA,Energy,Energy - Fossil Fuels,Coal
VFAWF.PK,DAIWA SECURITIES LIVING INVESTMENT CORP ORD,8986.T,1005,0.0042,JAPAN,Real Estate,Real Estate,Residential & Commercial REITs
VFAWF.PK,TAIYO YUDEN CO LTD ORD,6976.T,26700,0.0042,JAPAN,Technology,Technology Equipment,Electronic Equipment & Parts
VFAWF.PK,HARMONY GOLD MINING COMPANY LTD ORD,HARJ.J,185353,0.0042,SOUTH AFRICA,Basic Materials,Mineral Resources,Metals & Mining
VFAWF.PK,PRESS METAL ALUMINIUM HOLDINGS BHD ORD,PMET.KL,718900,0.0042,MALAYSIA,Basic Materials,Mineral Resources,Metals & Mining
VFAWF.PK,LG H&H CO LTD ORD,051900.KS,2363,0.0042,KOREA,Consumer Non-Cyclicals,Personal & Household Products & Services,Personal & Household Products & Services
VFAWF.PK,FRONTIER REAL ESTATE INVESTMENT CORP ORD,8964.T,240,0.0042,JAPAN,Real Estate,Real Estate,Residential & Commercial REITs
VFAWF.PK,HIROSE ELECTRIC CO LTD ORD,6806.T,6291,0.0042,JAPAN,Industrials,Industrial Goods,"Machinery, Tools, Heavy Vehicles, Trains & Ships"
VFAWF.PK,HANWHA SOLUTIONS CORP ORD,009830.KS,26722,0.0042,KOREA,Energy,Renewable Energy,Renewable Energy
VFAWF.PK,NCSOFT CORP ORD,036570.KS,3701,0.0042,KOREA,Technology,Software & IT Services,Software & IT Services
VFAWF.PK,KYUSHU RAILWAY CO ORD,9142.T,36218,0.0042,JAPAN,Industrials,Transportation,Passenger Transportation Services
VFAWF.PK,CHINA ENERGY ENGINEERING CORP LTD ORD,3996.HK,6082000,0.0041,CHINA,Industrials,Industrial & Commercial Services,Construction & Engineering
VFAWF.PK,NEW HOPE CORPORATION LTD ORD,NHC.AX,219439,0.0041,AUSTRALIA,Energy,Energy - Fossil Fuels,Coal
VFAWF.PK,TELEFONICA DEUTSCHLAND HOLDING AG ORD,O2Dn.DE,286629,0.0041,GERMANY,Technology,Telecommunications Services,Telecommunications Services
VFAWF.PK,GJENSIDIGE FORSIKRING ASA ORD,GJFG.OL,49953,0.0041,NORWAY,Financials,Insurance,Insurance
VFAWF.PK,MICROPORT SCIENTIFIC CORP ORD,0853.HK,391800,0.0041,CHINA,Healthcare,Healthcare Services & Equipment,Healthcare Equipment & Supplies
VFAWF.PK,POWERCHIP SEMICONDUCTOR MANUFACTURING CORP ORD,6770.TW,821000,0.0041,TAIWAN,Technology,Technology Equipment,Semiconductors & Semiconductor Equipment
VFAWF.PK,AXIATA GROUP BHD ORD,AXIA.KL,1310700,0.0041,MALAYSIA,Technology,Telecommunications Services,Telecommunications Services
VFAWF.PK,INFRONEER HOLDINGS INC ORD,5076.T,80668,0.0041,JAPAN,Industrials,Industrial & Commercial Services,Construction & Engineering
VFAWF.PK,ESTX 50 SEP3,STXEU3,556,0.0041,NULL,NULL,NULL,NULL
VFAWF.PK,SHANGHAI ELECTRIC GROUP CO LTD ORD,2727.HK,3188000,0.0041,CHINA,Industrials,Industrial Goods,"Machinery, Tools, Heavy Vehicles, Trains & Ships"
VFAWF.PK,ASTRAL LTD ORD,ASTL.NS,32642,0.0041,INDIA,Consumer Cyclicals,Cyclical Consumer Products,Homebuilding & Construction Supplies
VFAWF.PK,CHINA MINSHENG BANKING CORP LTD ORD,1988.HK,2061100,0.0041,CHINA,Financials,Banking & Investment Services,Banking Services
VFAWF.PK,INDUSTRIAL BANK CO LTD ORD,601166.SS,334100,0.0041,CHINA,Financials,Banking & Investment Services,Banking Services
VFAWF.PK,PUBLIC POWER CORPORATION SA ORD,DEHr.AT,66710,0.0041,GREECE,Utilities,Utilities,Electric Utilities & IPPs
VFAWF.PK,FUJIKURA LTD ORD,5803.T,92600,0.0041,JAPAN,Industrials,Industrial Goods,"Machinery, Tools, Heavy Vehicles, Trains & Ships"
VFAWF.PK,BANCOLOMBIA SA,BIC_p1.CN,101218,0.0041,COLOMBIA,Financials,Banking & Investment Services,Banking Services
VFAWF.PK,MABANEE COMPANY KPSC ORD,MABK.KW,269053,0.0041,KUWAIT,Real Estate,Real Estate,Real Estate Operations
VFAWF.PK,KURARAY CO LTD ORD,3405.T,77600,0.0041,JAPAN,Basic Materials,Chemicals,Chemicals
VFAWF.PK,CHAROEN POKPHAND INDONESIA TBK PT ORD,CPIN.JK,2272700,0.0041,INDONESIA,Consumer Non-Cyclicals,Food & Beverages,Food & Tobacco
VFAWF.PK,UBISOFT ENTERTAINMENT SA ORD,UBIP.PA,23309,0.0041,FRANCE,Technology,Software & IT Services,Software & IT Services
VFAWF.PK,ENEL AMERICAS SA ORD,ENELAM.SN,5795796,0.0041,CHILE,Utilities,Utilities,Electric Utilities & IPPs
VFAWF.PK,AU SMALL FINANCE BANK LTD ORD,AUFI.NS,87701,0.0041,INDIA,Financials,Banking & Investment Services,Banking Services
VFAWF.PK,IIDA GROUP HOLDINGS CO LTD ORD,3291.T,43700,0.004,JAPAN,Real Estate,Real Estate,Real Estate Operations
VFAWF.PK,CITIC SECURITIES CO LTD ORD,600030.SS,224390,0.004,CHINA,Financials,Banking & Investment Services,Investment Banking & Investment Services
VFAWF.PK,WESTERN SECURITIES CO LTD ORD,002673.SZ,751000,0.004,CHINA,Financials,Banking & Investment Services,Investment Banking & Investment Services
VFAWF.PK,BAJAJ AUTO LTD ORD,BAJA.NS,12684,0.004,INDIA,Consumer Cyclicals,Automobiles & Auto Parts,Automobiles & Auto Parts
VFAWF.PK,CHINA CITIC BANK CORP LTD ORD,0998.HK,1589000,0.004,CHINA,Financials,Banking & Investment Services,Banking Services
VFAWF.PK,ACKERMANS & VAN HAAREN NV ORD,ACKB.BR,4352,0.004,BELGIUM,Industrials,Industrial & Commercial Services,Construction & Engineering
VFAWF.PK,MONOTARO CO LTD ORD,3064.T,61700,0.004,JAPAN,Consumer Cyclicals,Retailers,Diversified Retail
VFAWF.PK,TOMRA SYSTEMS ASA ORD,TOM.OL,49566,0.004,NORWAY,Industrials,Industrial Goods,"Machinery, Tools, Heavy Vehicles, Trains & Ships"
VFAWF.PK,PCCW LTD ORD,0008.HK,1492593,0.004,HONG KONG,Technology,Telecommunications Services,Telecommunications Services
VFAWF.PK,JG SUMMIT HOLDINGS INC ORD,JGS.PS,978328,0.004,PHILIPPINES,Consumer Non-Cyclicals,Consumer Goods Conglomerates,Consumer Goods Conglomerates
VFAWF.PK,SEGA SAMMY HOLDINGS INC ORD,6460.T,34900,0.004,JAPAN,Consumer Cyclicals,Cyclical Consumer Services,Media & Publishing
VFAWF.PK,BEZEQ ISRAELI TELECOMMUNICATION CORP LTD ORD,BEZQ.TA,573925,0.004,ISRAEL,Technology,Telecommunications Services,Telecommunications Services
VFAWF.PK,TATA ELXSI LTD ORD,TTEX.NS,8682,0.004,INDIA,Technology,Software & IT Services,Software & IT Services
VFAWF.PK,SHIN KONG FINANCIAL HOLDING CO LTD ORD,2888.TW,2517501,0.004,TAIWAN,Financials,Insurance,Insurance
VFAWF.PK,KOREA ZINC INC ORD,010130.KS,1966,0.004,KOREA,Basic Materials,Mineral Resources,Metals & Mining
VFAWF.PK,HUANENG POWER INTERNATIONAL INC ORD,0902.HK,1372000,0.004,CHINA,Utilities,Utilities,Electric Utilities & IPPs
VFAWF.PK,MIRAE ASSET SECURITIES CO LTD ORD,006800.KS,139273,0.004,KOREA,Financials,Banking & Investment Services,Investment Banking & Investment Services
VFAWF.PK,CUMMINS INDIA LTD ORD,CUMM.NS,31912,0.004,INDIA,Consumer Cyclicals,Automobiles & Auto Parts,Automobiles & Auto Parts
VFAWF.PK,KOTAK MAHINDRA BANK LTD ORD,KTKM.NS,34063,0.004,INDIA,Financials,Banking & Investment Services,Banking Services
VFAWF.PK,TELEFONICA BRASIL SA ORD,VIVT3.SA,86532,0.004,BRAZIL,Technology,Telecommunications Services,Telecommunications Services
VFAWF.PK,CYBERAGENT INC ORD,4751.T,120300,0.004,JAPAN,Consumer Cyclicals,Cyclical Consumer Services,Media & Publishing
VFAWF.PK,PTT GLOBAL CHEMICAL PCL ORD,PTTGCf.BK,664200,0.004,THAILAND,Basic Materials,Chemicals,Chemicals
VFAWF.PK,MITSUI FUDOSAN LOGISTICS PARK INC ORD,3471.T,209,0.0039,JAPAN,Real Estate,Real Estate,Residential & Commercial REITs
VFAWF.PK,A2 MILK COMPANY LTD ORD,ATM.NZ,217312,0.0039,NEW ZEALAND,Consumer Non-Cyclicals,Food & Beverages,Food & Tobacco
VFAWF.PK,CENTRAL CHINA SECURITIES CO LTD ORD,601375.SS,1195800,0.0039,CHINA,Financials,Banking & Investment Services,Investment Banking & Investment Services
VFAWF.PK,L&T FINANCE HOLDINGS LTD ORD,LTFH.NS,461310,0.0039,INDIA,Financials,Banking & Investment Services,Banking Services
VFAWF.PK,TAL EDUCATION GRP 3 ADR REP CL A ORD,TAL.N,91352,0.0039,CHINA,Academic & Educational Services,Academic & Educational Services,Miscellaneous Educational Service Providers
VFAWF.PK,CHINA LONGYUAN POWER GROUP CORP LTD ORD,0916.HK,773000,0.0039,CHINA,Utilities,Utilities,Electric Utilities & IPPs
VFAWF.PK,BOC INTERNATIONAL CHINA CO LTD ORD,601696.SS,474000,0.0039,CHINA,Financials,Banking & Investment Services,Investment Banking & Investment Services
VFAWF.PK,ZAI LAB LTD ORD,9688.HK,235970,0.0039,CHINA,Healthcare,Pharmaceuticals & Medical Research,Pharmaceuticals
VFAWF.PK,SIME DARBY PLANTATION BHD ORD,SIPL.KL,742900,0.0039,MALAYSIA,Consumer Non-Cyclicals,Food & Beverages,Food & Tobacco
VFAWF.PK,SK SQUARE CO LTD ORD,402340.KS,21591,0.0039,KOREA,Financials,Banking & Investment Services,Investment Banking & Investment Services
VFAWF.PK,MINOR INTERNATIONAL PCL ORD,MINTf.BK,774798,0.0039,THAILAND,Consumer Cyclicals,Cyclical Consumer Services,Hotels & Entertainment Services
VFAWF.PK,GREEK ORGANISATION OF FOOTBALL PROGNOSTICS SA ORD,OPAr.AT,42488,0.0039,GREECE,Consumer Cyclicals,Cyclical Consumer Services,Hotels & Entertainment Services
VFAWF.PK,UOL GROUP LTD ORD,UTOS.SI,141900,0.0039,SINGAPORE,Real Estate,Real Estate,Real Estate Operations
VFAWF.PK,CG POWER AND INDUSTRIAL SOLUTIONS LTD ORD,CGPO.NS,153290,0.0039,INDIA,Industrials,Industrial Goods,"Machinery, Tools, Heavy Vehicles, Trains & Ships"
VFAWF.PK,COMPAL ELECTRONICS INC ORD,2324.TW,776000,0.0039,TAIWAN,Technology,Technology Equipment,"Computers, Phones & Household Electronics"
VFAWF.PK,COMPANIA CERVECERIAS UNIDAS SA ORD,CCU.SN,88974,0.0039,CHILE,Consumer Non-Cyclicals,Food & Beverages,Beverages
VFAWF.PK,VOESTALPINE AG ORD,VOES.VI,22427,0.0039,AUSTRIA,Basic Materials,Mineral Resources,Metals & Mining
VFAWF.PK,HD KOREA SHIPBUILDING & OFFSHORE ENGINEERING CO LTD ORD,009540.KS,7672,0.0039,KOREA,Industrials,Industrial Goods,"Machinery, Tools, Heavy Vehicles, Trains & Ships"
VFAWF.PK,TSUMURA & CO ORD,4540.T,40400,0.0039,JAPAN,Healthcare,Pharmaceuticals & Medical Research,Pharmaceuticals
VFAWF.PK,HOLMEN AB ORD,HOLMb.ST,19240,0.0039,SWEDEN,Basic Materials,Applied Resources,Paper & Forest Products
VFAWF.PK,GREAT WALL MOTOR CO LTD ORD,2333.HK,547000,0.0039,CHINA,Consumer Cyclicals,Automobiles & Auto Parts,Automobiles & Auto Parts
VFAWF.PK,ICICI PRUDENTIAL LIFE INSURANCE COMPANY LTD ORD,ICIR.NS,106936,0.0039,INDIA,Financials,Insurance,Insurance
VFAWF.PK,FOOD & LIFE COMPANIES LTD ORD,3563.T,37000,0.0038,JAPAN,Consumer Cyclicals,Cyclical Consumer Services,Hotels & Entertainment Services
VFAWF.PK,SAUDI INVESTMENT BANK SJSC ORD,1030.SE,150521,0.0038,SAUDI ARABIA,Financials,Banking & Investment Services,Banking Services
VFAWF.PK,GENSCRIPT BIOTECH CORP ORD,1548.HK,282000,0.0038,CHINA,Healthcare,Pharmaceuticals & Medical Research,Biotechnology & Medical Research
VFAWF.PK,KOREA AEROSPACE INDUSTRIES LTD ORD,047810.KS,19007,0.0038,KOREA,Industrials,Industrial Goods,Aerospace & Defense
VFAWF.PK,GANFENG LITHIUM GROUP CO LTD ORD,002460.SZ,86760,0.0038,CHINA,Basic Materials,Chemicals,Chemicals
VFAWF.PK,SAUDI ARAMCO BASE OIL COMPANY JSC ORD,2223.SE,18185,0.0038,SAUDI ARABIA,Energy,Energy - Fossil Fuels,Oil & Gas
VFAWF.PK,JAPAN LOGISTICS FUND INC ORD,8967.T,340,0.0038,JAPAN,Real Estate,Real Estate,Residential & Commercial REITs
VFAWF.PK,TORRENT POWER LTD ORD,TOPO.NS,87980,0.0038,INDIA,Utilities,Utilities,Electric Utilities & IPPs
VFAWF.PK,POWER FINANCE CORPORATION LTD ORD,PWFC.NS,226624,0.0038,INDIA,Financials,Banking & Investment Services,Banking Services
VFAWF.PK,HERA SPA ORD,HRA.MI,233310,0.0038,ITALY,Utilities,Utilities,Multiline Utilities
VFAWF.PK,OMV PETROM SA ORD,ROSNP.BX,5938696,0.0038,ROMANIA,Energy,Energy - Fossil Fuels,Oil & Gas
VFAWF.PK,MR PRICE GROUP LTD ORD,MRPJ.J,81834,0.0038,SOUTH AFRICA,Consumer Cyclicals,Retailers,Specialty Retailers
VFAWF.PK,MRF LTD ORD,MRF.NS,584,0.0038,INDIA,Consumer Cyclicals,Automobiles & Auto Parts,Automobiles & Auto Parts
VFAWF.PK,NORTHAM PLATINUM HOLDINGS LTD ORD,NPHJ.J,85922,0.0038,SOUTH AFRICA,Basic Materials,Mineral Resources,Metals & Mining
VFAWF.PK,GOLDWIND SCIENCE & TECHNOLOGY CO LTD ORD,2208.HK,1061035,0.0038,CHINA,Energy,Renewable Energy,Renewable Energy
VFAWF.PK,SOFINA SA ORD,SOF.BR,3027,0.0038,BELGIUM,Financials,Investment Holding Companies,Investment Holding Companies
VFAWF.PK,TABCORP HOLDINGS LTD ORD,TAH.AX,1030629,0.0038,AUSTRALIA,Consumer Cyclicals,Cyclical Consumer Services,Hotels & Entertainment Services
VFAWF.PK,QATAR FUEL COMPANY QPSC ORD,QFLS.QA,155203,0.0038,QATAR,Energy,Energy - Fossil Fuels,Oil & Gas
VFAWF.PK,NEPI ROCKCASTLE NV ORD,NRPJ.J,119272,0.0038,NETHERLANDS,Real Estate,Real Estate,Real Estate Operations
VFAWF.PK,CHINA SECURITIES CO LTD ORD,6066.HK,603500,0.0037,CHINA,Financials,Banking & Investment Services,Investment Banking & Investment Services
VFAWF.PK,INDOFOOD SUKSES MAKMUR TBK PT ORD,INDF.JK,1433800,0.0037,INDONESIA,Consumer Non-Cyclicals,Food & Beverages,Food & Tobacco
VFAWF.PK,TOKYU FUDOSAN HOLDINGS CORP ORD,3289.T,119400,0.0037,JAPAN,Real Estate,Real Estate,Real Estate Operations
VFAWF.PK,NEW CHINA LIFE INSURANCE COMPANY LTD ORD,1336.HK,242099,0.0037,CHINA,Financials,Insurance,Insurance
VFAWF.PK,FLUGHAFEN ZUERICH AG ORD,FHZN.S,3359,0.0037,SWITZERLAND,Industrials,Transportation,Transport Infrastructure
VFAWF.PK,COUNTRY GARDEN SERVICES HOLDINGS CO LTD ORD,6098.HK,621124,0.0037,CHINA,Real Estate,Real Estate,Real Estate Operations
VFAWF.PK,NEOEN SA ORD,NEOEN.PA,21373,0.0037,FRANCE,Utilities,Utilities,Electric Utilities & IPPs
VFAWF.PK,SALIK COMPANY PJSC ORD,SALIK.DU,822063,0.0037,UNITED ARAB EMIRATES,Industrials,Transportation,Transport Infrastructure
VFAWF.PK,BENDIGO AND ADELAIDE BANK LTD ORD,BEN.AX,111064,0.0037,AUSTRALIA,Financials,Banking & Investment Services,Banking Services
VFAWF.PK,DAQIN RAILWAY CO LTD ORD,601006.SS,704200,0.0037,CHINA,Industrials,Transportation,Freight & Logistics Services
VFAWF.PK,JAPAN HOTEL REIT INVESTMENT CORP ORD,8985.T,1437,0.0037,JAPAN,Real Estate,Real Estate,Residential & Commercial REITs
VFAWF.PK,NEW WORLD DEVELOPMENT CO LTD ORD,0017.HK,289946,0.0037,HONG KONG,Real Estate,Real Estate,Real Estate Operations
VFAWF.PK,HULIC CO LTD ORD,3003.T,83685,0.0037,JAPAN,Real Estate,Real Estate,Real Estate Operations
VFAWF.PK,GENTING BHD ORD,GENT.KL,748100,0.0037,MALAYSIA,Consumer Cyclicals,Cyclical Consumer Services,Hotels & Entertainment Services
VFAWF.PK,YUEXIU PROPERTY CO LTD ORD,0123.HK,538362,0.0037,HONG KONG,Real Estate,Real Estate,Real Estate Operations
VFAWF.PK,ANGLO AMERICAN PLATINUM LTD ORD,AMSJ.J,14131,0.0037,SOUTH AFRICA,Basic Materials,Mineral Resources,Metals & Mining
VFAWF.PK,CHAROEN POKPHAND FOODS PCL ORD,CPFf.BK,1204200,0.0037,THAILAND,Consumer Non-Cyclicals,Food & Beverages,Food & Tobacco
VFAWF.PK,COLGATE-PALMOLIVE (INDIA) LTD ORD,COLG.NS,28844,0.0037,INDIA,Consumer Non-Cyclicals,Personal & Household Products & Services,Personal & Household Products & Services
VFAWF.PK,ENERGY OF MINAS GERAIS CO ORD,CMIG3.SA,179898,0.0037,BRAZIL,Utilities,Utilities,Electric Utilities & IPPs
VFAWF.PK,CATCHER TECHNOLOGY CO LTD ORD,2474.TW,128000,0.0037,TAIWAN,Technology,Technology Equipment,Electronic Equipment & Parts
VFAWF.PK,ELECTRIC POWER DEVELOPMENT CO LTD ORD,9513.T,44900,0.0037,JAPAN,Utilities,Utilities,Electric Utilities & IPPs
VFAWF.PK,JIANGSU EXPRESSWAY CO LTD ORD,600377.SS,529300,0.0037,CHINA,Industrials,Transportation,Transport Infrastructure
VFAWF.PK,KRUNG THAI BANK PCL ORD,KTBf.BK,1175600,0.0037,THAILAND,Financials,Banking & Investment Services,Banking Services
VFAWF.PK,SIXT SE ORD,SIXG.DE,5820,0.0037,GERMANY,Industrials,Transportation,Passenger Transportation Services
VFAWF.PK,KEIKYU CORP ORD,9006.T,74100,0.0037,JAPAN,Industrials,Transportation,Passenger Transportation Services
VFAWF.PK,ENERGY ABSOLUTE PCL ORD,EAf.BK,392400,0.0037,THAILAND,Utilities,Utilities,Electric Utilities & IPPs
VFAWF.PK,SHENWAN HONGYUAN GROUP CO LTD ORD,000166.SZ,973100,0.0036,CHINA,Financials,Banking & Investment Services,Investment Banking & Investment Services
VFAWF.PK,NGK INSULATORS LTD ORD,5333.T,55300,0.0036,JAPAN,Industrials,Industrial Goods,"Machinery, Tools, Heavy Vehicles, Trains & Ships"
VFAWF.PK,KLABIN SA,KLBN11.SA,143800,0.0036,BRAZIL,Basic Materials,Applied Resources,Containers & Packaging
VFAWF.PK,FOSHAN HAITIAN FLAVOURING AND FOOD CO LTD ORD,603288.SS,106904,0.0036,CHINA,Consumer Non-Cyclicals,Food & Beverages,Food & Tobacco
VFAWF.PK,LG INNOTEK CO LTD ORD,011070.KS,3326,0.0036,KOREA,Technology,Technology Equipment,Electronic Equipment & Parts
VFAWF.PK,EMMI AG ORD,EMMN.S,705,0.0036,SWITZERLAND,Consumer Non-Cyclicals,Food & Beverages,Food & Tobacco
VFAWF.PK,NISSHIN SEIFUN GROUP INC ORD,2002.T,55590,0.0036,JAPAN,Consumer Non-Cyclicals,Food & Beverages,Food & Tobacco
VFAWF.PK,HASEKO CORP ORD,1808.T,52700,0.0036,JAPAN,Consumer Cyclicals,Cyclical Consumer Products,Homebuilding & Construction Supplies
VFAWF.PK,BANPU PCL ORD,BANPUf.BK,2436757,0.0036,THAILAND,Energy,Energy - Fossil Fuels,Coal
VFAWF.PK,MARICO LTD ORD,MRCO.NS,100798,0.0036,INDIA,Consumer Non-Cyclicals,Personal & Household Products & Services,Personal & Household Products & Services
VFAWF.PK,MAX FINANCIAL SERVICES LTD ORD,MAXI.NS,69602,0.0036,INDIA,Financials,Insurance,Insurance
VFAWF.PK,KINNEVIK AB ORD,KINVb.ST,50744,0.0036,SWEDEN,Financials,Investment Holding Companies,Investment Holding Companies
VFAWF.PK,RUENTEX DEVELOPMENT CO LTD ORD,9945.TW,610500,0.0036,TAIWAN,Real Estate,Real Estate,Real Estate Operations
VFAWF.PK,BANCO SANTANDER-CHILE ORD,BSANTANDER.SN,12797943,0.0036,CHILE,Financials,Banking & Investment Services,Banking Services
VFAWF.PK,SHIMIZU CORP ORD,1803.T,99500,0.0036,JAPAN,Industrials,Industrial & Commercial Services,Construction & Engineering
VFAWF.PK,MUYUAN FOODS CO LTD ORD,002714.SZ,111794,0.0036,CHINA,Consumer Non-Cyclicals,Food & Beverages,Food & Tobacco
VFAWF.PK,OCI NV ORD,OCI.AS,23301,0.0035,NETHERLANDS,Basic Materials,Chemicals,Chemicals
VFAWF.PK,TAIWAN BUSINESS BANK LTD ORD,2834.TW,1465042,0.0035,TAIWAN,Financials,Banking & Investment Services,Banking Services
VFAWF.PK,HUATAI SECURITIES CO LTD ORD,601688.SS,280700,0.0035,CHINA,Financials,Banking & Investment Services,Investment Banking & Investment Services
VFAWF.PK,BTS GROUP HOLDINGS PCL ORD,BTSf.BK,2831844,0.0035,THAILAND,Industrials,Transportation,Passenger Transportation Services
VFAWF.PK,WORKMAN CO LTD ORD,7564.T,18300,0.0035,JAPAN,Consumer Cyclicals,Retailers,Specialty Retailers
VFAWF.PK,INDORAMA VENTURES PCL ORD,IVLz.BK,667600,0.0035,THAILAND,Basic Materials,Chemicals,Chemicals
VFAWF.PK,ISLANDSBANKI HF,NULL,752456,0.0035,ICELAND,Unable to resolve all requested identifiers.,,
VFAWF.PK,BEIJING KINGSOFT OFFICE SOFTWARE INC ORD,688111.SS,11699,0.0035,CHINA,Technology,Software & IT Services,Software & IT Services
VFAWF.PK,WANT WANT CHINA HOLDINGS LTD ORD,0151.HK,967000,0.0035,CHINA,Consumer Non-Cyclicals,Food & Beverages,Food & Tobacco
VFAWF.PK,TOTVS SA ORD,TOTS3.SA,106263,0.0035,BRAZIL,Technology,Software & IT Services,Software & IT Services
VFAWF.PK,COSCO SHIPPING ENERGY TRANSPORTATION CO LTD ORD,600026.SS,327400,0.0035,CHINA,Energy,Energy - Fossil Fuels,Oil & Gas Related Equipment and Services
VFAWF.PK,ACER INC ORD,2353.TW,591752,0.0035,TAIWAN,Technology,Technology Equipment,"Computers, Phones & Household Electronics"
VFAWF.PK,BANCA TRANSILVANIA SA ORD,ROTLV.BX,145412,0.0035,ROMANIA,Financials,Banking & Investment Services,Banking Services
VFAWF.PK,JILIN AODONG PHARMACEUTICAL GROUP CO LTD ORD,000623.SZ,276100,0.0035,CHINA,Healthcare,Pharmaceuticals & Medical Research,Pharmaceuticals
VFAWF.PK,WHARF HOLDINGS LTD ORD,0004.HK,288000,0.0035,HONG KONG,Real Estate,Real Estate,Real Estate Operations
VFAWF.PK,PERPETUAL LTD ORD,PPT.AX,40277,0.0035,AUSTRALIA,Financials,Banking & Investment Services,Investment Banking & Investment Services
VFAWF.PK,JUMBO SA ORD,BABr.AT,22322,0.0035,GREECE,Consumer Cyclicals,Retailers,Specialty Retailers
VFAWF.PK,PEGASUS HAVA TASIMACILIGI AS ORD,PGSUS.IS,21099,0.0035,TURKEY,Industrials,Transportation,Passenger Transportation Services
VFAWF.PK,AVANGRID INC ORD,AGR.N,17239,0.0034,UNITED STATES,Utilities,Utilities,Electric Utilities & IPPs
VFAWF.PK,MAINFREIGHT LTD ORD,MFT.NZ,15457,0.0034,NEW ZEALAND,Industrials,Transportation,Freight & Logistics Services
VFAWF.PK,COSMO ENERGY HOLDINGS CO LTD ORD,5021.T,21139,0.0034,JAPAN,Energy,Energy - Fossil Fuels,Oil & Gas
VFAWF.PK,NEWS CORP ORD,NWS.OQ,31875,0.0034,UNITED STATES,Consumer Cyclicals,Cyclical Consumer Services,Media & Publishing
VFAWF.PK,JIANGSU KING'S LUCK BREWERY JOINT-STOCK CO LTD ORD,603369.SS,76700,0.0034,CHINA,Consumer Non-Cyclicals,Food & Beverages,Beverages
VFAWF.PK,SHARKNINJA INC ORD,SN.N,15180,0.0034,UNITED STATES,Consumer Cyclicals,Cyclical Consumer Products,Household Goods
VFAWF.PK,SODEXO SA PRIME FIDELITE 2026,NULL,6355,0.0034,NULL,Unable to resolve all requested identifiers.,,
VFAWF.PK,CHINA THREE GORGES RENEWABLES GROUP CO LTD ORD,600905.SS,855700,0.0034,CHINA,Utilities,Utilities,Electric Utilities & IPPs
VFAWF.PK,AGILITY PUBLIC WAREHOUSING COMPANY KSCP ORD,AGLT.KW,312646,0.0034,KUWAIT,Industrials,Transportation,Freight & Logistics Services
VFAWF.PK,VENTURE CORPORATION LTD ORD,VENM.SI,57700,0.0034,SINGAPORE,Technology,Technology Equipment,Electronic Equipment & Parts
VFAWF.PK,SEB SA ORD,SEBF.PA,5792,0.0034,FRANCE,Consumer Cyclicals,Cyclical Consumer Products,Household Goods
VFAWF.PK,ALFA SAB DE CV ORD,ALFAA.MX,1050400,0.0034,MEXICO,Consumer Non-Cyclicals,Consumer Goods Conglomerates,Consumer Goods Conglomerates
VFAWF.PK,REECE LTD ORD,REH.AX,48927,0.0034,AUSTRALIA,Consumer Cyclicals,Cyclical Consumer Products,Homebuilding & Construction Supplies
VFAWF.PK,FORMOSA PETROCHEMICAL CORP ORD,6505.TW,254000,0.0034,TAIWAN,Energy,Energy - Fossil Fuels,Oil & Gas
VFAWF.PK,HYUNDAI STEEL CO ORD,004020.KS,23103,0.0034,KOREA,Basic Materials,Mineral Resources,Metals & Mining
VFAWF.PK,CK INFRASTRUCTURE HOLDINGS LTD ORD,1038.HK,122500,0.0034,HONG KONG,Utilities,Utilities,Multiline Utilities
VFAWF.PK,BACHEM HOLDING AG ORD,BANB.S,7074,0.0034,SWITZERLAND,Healthcare,Pharmaceuticals & Medical Research,Biotechnology & Medical Research
VFAWF.PK,WANHUA CHEMICAL GROUP CO LTD ORD,600309.SS,47800,0.0034,CHINA,Basic Materials,Chemicals,Chemicals
VFAWF.PK,HANG LUNG PROPERTIES LTD ORD,0101.HK,415000,0.0034,HONG KONG,Real Estate,Real Estate,Real Estate Operations
VFAWF.PK,HANWHA CORP ORD,00088K.KS,54058,0.0034,KOREA,Financials,Insurance,Insurance
VFAWF.PK,AMUNDI SA ORD,AMUN.PA,10184,0.0033,FRANCE,Financials,Banking & Investment Services,Investment Banking & Investment Services
VFAWF.PK,CENCOSUD SA ORD,CENCOSUD.SN,289297,0.0033,CHILE,Consumer Non-Cyclicals,Food & Drug Retailing,Food & Drug Retailing
VFAWF.PK,LONGI GREEN ENERGY TECHNOLOGY CO LTD ORD,601012.SS,151497,0.0033,CHINA,Energy,Renewable Energy,Renewable Energy
VFAWF.PK,QUBE HOLDINGS LTD ORD,QUB.AX,318538,0.0033,AUSTRALIA,Industrials,Transportation,Transport Infrastructure
VFAWF.PK,MONEY FORWARD INC ORD,3994.T,14700,0.0033,JAPAN,Technology,Software & IT Services,Software & IT Services
VFAWF.PK,FIRST INTERNATIONAL BANK OF ISRAEL LTD ORD,FIBI.TA,14788,0.0033,ISRAEL,Financials,Banking & Investment Services,Banking Services
VFAWF.PK,SAUDI TADAWUL GROUP HOLDING COMPANY SJSC ORD,1111.SE,11865,0.0033,SAUDI ARABIA,Financials,Banking & Investment Services,Investment Banking & Investment Services
VFAWF.PK,POWER AND WATER UTILITY COMPANY FOR JUBAIL AND YANBU ORD,2083.SE,30729,0.0033,SAUDI ARABIA,Utilities,Utilities,Multiline Utilities
VFAWF.PK,JD LOGISTICS INC ORD,2618.HK,367824,0.0033,CHINA,Industrials,Transportation,Freight & Logistics Services
VFAWF.PK,ZHUZHOU CRRC TIMES ELECTRIC CO LTD ORD,3898.HK,157400,0.0033,CHINA,Industrials,Industrial Goods,"Machinery, Tools, Heavy Vehicles, Trains & Ships"
VFAWF.PK,YAMADA HOLDINGS CO LTD ORD,9831.T,209300,0.0033,JAPAN,Consumer Cyclicals,Retailers,Specialty Retailers
VFAWF.PK,MARUI GROUP CO LTD ORD,8252.T,35600,0.0033,JAPAN,Financials,Banking & Investment Services,Banking Services
VFAWF.PK,SAVOLA GROUP COMPANY SJSC ORD,2050.SE,55728,0.0033,SAUDI ARABIA,Consumer Non-Cyclicals,Food & Beverages,Food & Tobacco
VFAWF.PK,OOREDOO QPSC ORD,ORDS.QA,200113,0.0033,QATAR,Technology,Telecommunications Services,Telecommunications Services
VFAWF.PK,ECLAT TEXTILE CO LTD ORD,1476.TW,36703,0.0033,TAIWAN,Consumer Cyclicals,Cyclical Consumer Products,Textiles & Apparel
VFAWF.PK,AKBANK TAS ORD,AKBNK.IS,611771,0.0033,TURKEY,Financials,Banking & Investment Services,Banking Services
VFAWF.PK,CHANGJIANG SECURITIES CO LTD ORD,000783.SZ,679100,0.0033,CHINA,Financials,Banking & Investment Services,Investment Banking & Investment Services
VFAWF.PK,JB HI-FI LTD ORD,JBH.AX,20239,0.0033,AUSTRALIA,Consumer Cyclicals,Retailers,Specialty Retailers
VFAWF.PK,JINDAL STEEL AND POWER LTD ORD,JNSP.NS,76693,0.0033,INDIA,Basic Materials,Mineral Resources,Metals & Mining
VFAWF.PK,USINAS SIDERURGICAS DE MINAS GERAIS SA USIMINAS ORD,USIM3.SA,406800,0.0033,BRAZIL,Basic Materials,Mineral Resources,Metals & Mining
VFAWF.PK,MIVNE REAL ESTATE KD LTD ORD,MVNE.TA,236838,0.0033,ISRAEL,Real Estate,Real Estate,Real Estate Operations
VFAWF.PK,BOE TECHNOLOGY GROUP CO LTD ORD,200725.SZ,1528200,0.0033,CHINA,Technology,Technology Equipment,Electronic Equipment & Parts
VFAWF.PK,FLAT GLASS GROUP CO LTD ORD,601865.SS,128783,0.0033,CHINA,Energy,Renewable Energy,Renewable Energy
VFAWF.PK,ATACADAO SA ORD,CRFB3.SA,211007,0.0032,BRAZIL,Consumer Non-Cyclicals,Food & Drug Retailing,Food & Drug Retailing
VFAWF.PK,KANSAI PAINT CO LTD ORD,4613.T,37100,0.0032,JAPAN,Basic Materials,Chemicals,Chemicals
VFAWF.PK,SKYLARK HOLDINGS CO LTD ORD,3197.T,46942,0.0032,JAPAN,Consumer Cyclicals,Cyclical Consumer Services,Hotels & Entertainment Services
VFAWF.PK,REGIONAL SAB DE CV ORD,RA.MX,78700,0.0032,MEXICO,Financials,Banking & Investment Services,Banking Services
VFAWF.PK,BKW AG ORD,BKWB.S,3345,0.0032,SWITZERLAND,Utilities,Utilities,Electric Utilities & IPPs
VFAWF.PK,CHINA STATE CONSTRUCTION ENGINEERING CORP LTD ORD,601668.SS,719500,0.0032,CHINA,Industrials,Industrial & Commercial Services,Construction & Engineering
VFAWF.PK,BRF SA ORD,BRFS3.SA,300906,0.0032,BRAZIL,Consumer Non-Cyclicals,Food & Beverages,Food & Tobacco
VFAWF.PK,TONGCHENG TRAVEL HOLDINGS LTD ORD,0780.HK,251600,0.0032,CHINA,Consumer Cyclicals,Cyclical Consumer Services,Hotels & Entertainment Services
VFAWF.PK,SHANGHAI JUNSHI BIOSCIENCES CO LTD ORD,688180.SS,107358,0.0032,CHINA,Healthcare,Pharmaceuticals & Medical Research,Pharmaceuticals
VFAWF.PK,ABU DHABI PORTS COMPANY PJSC ORD,ADPORTS.AD,342373,0.0032,UNITED ARAB EMIRATES,Industrials,Transportation,Transport Infrastructure
VFAWF.PK,AL NAHDI MEDICAL COMPANY SCJSC ORD,4164.SE,13104,0.0032,SAUDI ARABIA,Consumer Non-Cyclicals,Food & Drug Retailing,Food & Drug Retailing
VFAWF.PK,DOWLAIS GROUP PLC ORD,DWL.L,386705,0.0032,UNITED KINGDOM,Consumer Cyclicals,Automobiles & Auto Parts,Automobiles & Auto Parts
VFAWF.PK,COUNTRY GARDEN HOLDINGS CO LTD ORD,2007.HK,2990602,0.0032,CHINA,Real Estate,Real Estate,Real Estate Operations
VFAWF.PK,NIPPON SHINYAKU CO LTD ORD,4516.T,15200,0.0032,JAPAN,Healthcare,Pharmaceuticals & Medical Research,Pharmaceuticals
VFAWF.PK,BEIJING ENTERPRISES HOLDINGS LTD ORD,0392.HK,154500,0.0032,HONG KONG,Utilities,Utilities,Natural Gas Utilities
VFAWF.PK,PATANJALI FOODS LTD ORD,PAFO.NS,37931,0.0032,INDIA,Consumer Non-Cyclicals,Food & Beverages,Food & Tobacco
VFAWF.PK,HOME PRODUCT CENTER PCL ORD,HMPROf.BK,1472700,0.0032,THAILAND,Consumer Cyclicals,Retailers,Specialty Retailers
VFAWF.PK,AXFOOD AB ORD,AXFO.ST,24229,0.0032,SWEDEN,Consumer Non-Cyclicals,Food & Drug Retailing,Food & Drug Retailing
VFAWF.PK,JIANGSU HENGRUI PHARMACEUTICALS CO LTD ORD,600276.SS,96841,0.0032,CHINA,Healthcare,Pharmaceuticals & Medical Research,Pharmaceuticals
VFAWF.PK,BAJAJ HOLDINGS AND INVESTMENT LTD ORD,BJAT.NS,6742,0.0032,INDIA,Financials,Banking & Investment Services,Investment Banking & Investment Services
VFAWF.PK,ANHUI CONCH CEMENT CO LTD ORD,600585.SS,162200,0.0032,CHINA,Basic Materials,Mineral Resources,Construction Materials
VFAWF.PK,COMPANHIA PARANAENSE DE ENERGIA ORD,CPLE3.SA,357900,0.0032,BRAZIL,Utilities,Utilities,Electric Utilities & IPPs
VFAWF.PK,FUCHS SE,FPE3_p.DE,14887,0.0032,GERMANY,Basic Materials,Chemicals,Chemicals
VFAWF.PK,ULTRAPAR PARTICIPACOES SA ORD,UGPA3.SA,153400,0.0032,BRAZIL,Energy,Energy - Fossil Fuels,Oil & Gas
VFAWF.PK,LAWSON INC ORD,2651.T,12100,0.0032,JAPAN,Consumer Non-Cyclicals,Food & Drug Retailing,Food & Drug Retailing
VFAWF.PK,EVERBRIGHT SECURITIES CO LTD ORD,6178.HK,802200,0.0032,CHINA,Financials,Banking & Investment Services,Investment Banking & Investment Services
VFAWF.PK,DAQO NEW ENERGY ADR REP 5 ORD,DQ.N,15340,0.0031,CHINA,Energy,Renewable Energy,Renewable Energy
VFAWF.PK,NIPPON SANSO HOLDINGS CORP ORD,4091.T,24600,0.0031,JAPAN,Basic Materials,Chemicals,Chemicals
VFAWF.PK,HDFC ASSET MANAGEMENT COMPANY LTD ORD,HDFA.NS,18967,0.0031,INDIA,Financials,Banking & Investment Services,Investment Banking & Investment Services
VFAWF.PK,OLD MUTUAL LTD ORD,OMUJ.J,807645,0.0031,SOUTH AFRICA,Financials,Insurance,Insurance
VFAWF.PK,FASTIGHETS AB BALDER ORD,BALDb.ST,125910,0.0031,SWEDEN,Real Estate,Real Estate,Real Estate Operations
VFAWF.PK,TSURUHA HOLDINGS INC ORD,3391.T,7700,0.0031,JAPAN,Consumer Non-Cyclicals,Food & Drug Retailing,Food & Drug Retailing
VFAWF.PK,PAGE INDUSTRIES LTD ORD,PAGE.NS,1286,0.0031,INDIA,Consumer Cyclicals,Cyclical Consumer Products,Textiles & Apparel
VFAWF.PK,CHINA CITIC BANK CORP LTD ORD,601998.SS,711200,0.0031,CHINA,Financials,Banking & Investment Services,Banking Services
VFAWF.PK,AOZORA BANK LTD ORD,8304.T,28300,0.0031,JAPAN,Financials,Banking & Investment Services,Banking Services
VFAWF.PK,DERWENT LONDON PLC ORD,DLN.L,22036,0.0031,UNITED KINGDOM,Real Estate,Real Estate,Residential & Commercial REITs
VFAWF.PK,KASIKORNBANK NVDR,KBANKn.BK,158300,0.0031,THAILAND,Financials,Banking & Investment Services,Banking Services
VFAWF.PK,PETRONAS GAS BHD ORD,PGAS.KL,157900,0.0031,MALAYSIA,Utilities,Utilities,Natural Gas Utilities
VFAWF.PK,ALUMINUM CORPORATION OF CHINA LTD ORD,2600.HK,1210000,0.0031,CHINA,Basic Materials,Mineral Resources,Metals & Mining
VFAWF.PK,BANK ALJAZIRA SJSC ORD,1020.SE,122059,0.0031,SAUDI ARABIA,Financials,Banking & Investment Services,Banking Services
VFAWF.PK,CHINA OILFIELD SERVICES LTD ORD,601808.SS,282400,0.0031,CHINA,Energy,Energy - Fossil Fuels,Oil & Gas Related Equipment and Services
VFAWF.PK,INNER MONGOLIA YITAI COAL CO LTD ORD,900948.SS,403500,0.0031,CHINA,Energy,Energy - Fossil Fuels,Coal
VFAWF.PK,YANTAI CHANGYU PIONEER WINE CO LTD ORD,000869.SZ,131400,0.0031,CHINA,Consumer Non-Cyclicals,Food & Beverages,Beverages
VFAWF.PK,LUPIN LTD ORD,LUPN.NS,49511,0.0031,INDIA,Healthcare,Pharmaceuticals & Medical Research,Pharmaceuticals
VFAWF.PK,DENKA CO LTD ORD,4061.T,30300,0.0031,JAPAN,Basic Materials,Chemicals,Chemicals
VFAWF.PK,SBI CARDS AND PAYMENT SERVICES LTD ORD,SBIC.NS,56898,0.0031,INDIA,Financials,Banking & Investment Services,Banking Services
VFAWF.PK,DIXON TECHNOLOGIES (INDIA) LTD ORD,DIXO.NS,11303,0.003,INDIA,Technology,Technology Equipment,"Computers, Phones & Household Electronics"
VFAWF.PK,AMMB HOLDINGS BHD ORD,AMMB.KL,658700,0.003,MALAYSIA,Financials,Banking & Investment Services,Banking Services
VFAWF.PK,JMDC INC ORD,4483.T,14900,0.003,JAPAN,Industrials,Industrial & Commercial Services,Professional & Commercial Services
VFAWF.PK,VOLVO CAR AB ORD,VOLCARb.ST,117475,0.003,SWEDEN,Consumer Cyclicals,Automobiles & Auto Parts,Automobiles & Auto Parts
VFAWF.PK,ADANI TOTAL GAS LTD ORD,ADAG.NS,71349,0.003,INDIA,Utilities,Utilities,Natural Gas Utilities
VFAWF.PK,BOROUGE PLC ORD,BOROUGE.AD,782062,0.003,UNITED ARAB EMIRATES,Basic Materials,Chemicals,Chemicals
VFAWF.PK,INDOSAT TBK PT ORD,ISAT.JK,950700,0.003,INDONESIA,Technology,Telecommunications Services,Telecommunications Services
VFAWF.PK,QATAR GAS TRANSPORT NAKILAT CO LTD QPSC ORD,QGTS.QA,492870,0.003,QATAR,Energy,Energy - Fossil Fuels,Oil & Gas Related Equipment and Services
VFAWF.PK,COSCO SHIPPING HOLDINGS CO LTD ORD,1919.HK,537552,0.003,CHINA,Industrials,Transportation,Freight & Logistics Services
VFAWF.PK,BYD ELECTRONIC INTERNATIONAL CO LTD ORD,0285.HK,149500,0.003,CHINA,Technology,Technology Equipment,Electronic Equipment & Parts
VFAWF.PK,SUMITOMO FORESTRY CO LTD ORD,1911.T,23700,0.003,JAPAN,Consumer Cyclicals,Cyclical Consumer Products,Homebuilding & Construction Supplies
VFAWF.PK,SUMITOMO HEAVY INDUSTRIES LTD ORD,6302.T,23000,0.003,JAPAN,Industrials,Industrial Goods,"Machinery, Tools, Heavy Vehicles, Trains & Ships"
VFAWF.PK,GLANBIA PLC ORD,GL9.I,36952,0.003,IRELAND,Consumer Non-Cyclicals,Food & Beverages,Food & Tobacco
VFAWF.PK,REC LIMITED ORD,RECM.NS,228429,0.003,INDIA,Financials,Banking & Investment Services,Banking Services
VFAWF.PK,UNITED URBAN INVESTMENT CORP ORD,8960.T,532,0.003,JAPAN,Real Estate,Real Estate,Residential & Commercial REITs
VFAWF.PK,DB INSURANCE CO LTD ORD,005830.KS,9758,0.003,KOREA,Financials,Insurance,Insurance
VFAWF.PK,GRUPO CARSO SAB DE CV ORD,GCARSOA1.MX,72300,0.003,MEXICO,Consumer Non-Cyclicals,Consumer Goods Conglomerates,Consumer Goods Conglomerates
VFAWF.PK,POSCO INTERNATIONAL CORP ORD,047050.KS,8221,0.003,KOREA,Industrials,Industrial & Commercial Services,Diversified Industrial Goods Wholesale
VFAWF.PK,WENDEL SE ORD,MWDP.PA,5816,0.003,FRANCE,Financials,Investment Holding Companies,Investment Holding Companies
VFAWF.PK,INTERCONNECTION ELECTRIC SA ESP ORD,ISA.CN,127308,0.003,COLOMBIA,Utilities,Utilities,Electric Utilities & IPPs
VFAWF.PK,CHALLENGER LTD ORD,CGF.AX,120280,0.003,AUSTRALIA,Financials,Insurance,Insurance
VFAWF.PK,DEEPAK NITRITE LTD ORD,DPNT.NS,23212,0.003,INDIA,Basic Materials,Chemicals,Chemicals
VFAWF.PK,ORIENT OVERSEAS (INTERNATIONAL) LTD ORD,0316.HK,34000,0.003,HONG KONG,Industrials,Transportation,Freight & Logistics Services
VFAWF.PK,TURKIYE IS BANKASI AS ORD,ISCTR.IS,1032599,0.003,TURKEY,Financials,Banking & Investment Services,Banking Services
VFAWF.PK,NOF CORP ORD,4403.T,13300,0.003,JAPAN,Basic Materials,Chemicals,Chemicals
VFAWF.PK,WINBOND ELECTRONICS CORP ORD,2344.TW,621000,0.003,TAIWAN,Technology,Technology Equipment,Semiconductors & Semiconductor Equipment
VFAWF.PK,STANLEY ELECTRIC CO LTD ORD,6923.T,30700,0.003,JAPAN,Consumer Cyclicals,Automobiles & Auto Parts,Automobiles & Auto Parts
VFAWF.PK,POP MART INTERNATIONAL GROUP LTD ORD,9992.HK,204800,0.003,CHINA,Consumer Cyclicals,Retailers,Specialty Retailers
VFAWF.PK,3SBIO INC ORD,1530.HK,570500,0.0029,CHINA,Healthcare,Pharmaceuticals & Medical Research,Pharmaceuticals
VFAWF.PK,HONG LEONG BANK BHD ORD,HLBB.KL,128000,0.0029,MALAYSIA,Financials,Banking & Investment Services,Banking Services
VFAWF.PK,OPEN HOUSE GROUP CO LTD ORD,3288.T,14400,0.0029,JAPAN,Real Estate,Real Estate,Real Estate Operations
VFAWF.PK,MERLIN PROPERTIES SOCIMI SA ORD,MRL.MC,59833,0.0029,SPAIN,Real Estate,Real Estate,Residential & Commercial REITs
VFAWF.PK,JAPAN AIRLINES CO LTD ORD,9201.T,25796,0.0029,JAPAN,Industrials,Transportation,Passenger Transportation Services
VFAWF.PK,INTOUCH HOLDINGS PCL ORD,INTUCHf.BK,244914,0.0029,THAILAND,Technology,Telecommunications Services,Telecommunications Services
VFAWF.PK,ADARO ENERGY INDONESIA TBK PT ORD,ADRO.JK,3457800,0.0029,INDONESIA,Energy,Energy - Fossil Fuels,Coal
VFAWF.PK,HITACHI CONSTRUCTION MACHINERY CO LTD ORD,6305.T,18700,0.0029,JAPAN,Industrials,Industrial Goods,"Machinery, Tools, Heavy Vehicles, Trains & Ships"
VFAWF.PK,KAMIGUMI CO LTD ORD,9364.T,24000,0.0029,JAPAN,Industrials,Transportation,Freight & Logistics Services
VFAWF.PK,NORDIC SEMICONDUCTOR ASA ORD,NOD.OL,38116,0.0029,NORWAY,Technology,Technology Equipment,Semiconductors & Semiconductor Equipment
VFAWF.PK,SAMSUNG SDI CO LTD PFD,006405.KS,2238,0.0029,KOREA,Industrials,Industrial Goods,"Machinery, Tools, Heavy Vehicles, Trains & Ships"
VFAWF.PK,RYOHIN KEIKAKU CO LTD ORD,7453.T,42600,0.0029,JAPAN,Consumer Cyclicals,Retailers,Diversified Retail
VFAWF.PK,CHEIL WORLDWIDE INC ORD,030000.KS,39178,0.0029,KOREA,Consumer Cyclicals,Cyclical Consumer Services,Media & Publishing
VFAWF.PK,SHANGHAI JINQIAO EXPORT PROCESSING ZONE DEVELOPMENT CO LTD ORD,600639.SS,293700,0.0029,CHINA,Real Estate,Real Estate,Real Estate Operations
VFAWF.PK,NSK LTD ORD,6471.T,84200,0.0029,JAPAN,Consumer Cyclicals,Automobiles & Auto Parts,Automobiles & Auto Parts
VFAWF.PK,INVESTMENT AB LATOUR ORD,LATOb.ST,27765,0.0029,SWEDEN,Financials,Investment Holding Companies,Investment Holding Companies
VFAWF.PK,CHINA INTERNATIONAL CAPITAL CORP LTD ORD,3908.HK,252400,0.0029,CHINA,Financials,Banking & Investment Services,Investment Banking & Investment Services
VFAWF.PK,CHINA GALAXY SECURITIES CO LTD ORD,601881.SS,282000,0.0028,CHINA,Financials,Banking & Investment Services,Investment Banking & Investment Services
VFAWF.PK,FLETCHER BUILDING LTD ORD,FBU.NZ,155963,0.0028,NEW ZEALAND,Consumer Cyclicals,Cyclical Consumer Products,Homebuilding & Construction Supplies
VFAWF.PK,SOLAR INDUSTRIES INDIA LTD ORD,SLIN.NS,11376,0.0028,INDIA,Basic Materials,Chemicals,Chemicals
VFAWF.PK,ASSET WORLD CORP PCL ORD,AWCf.BK,4049400,0.0028,THAILAND,Consumer Cyclicals,Cyclical Consumer Services,Hotels & Entertainment Services
VFAWF.PK,ADNOC DRILLING COMPANY PJSC ORD,ADNOCDRILL.AD,492230,0.0028,UNITED ARAB EMIRATES,Energy,Energy - Fossil Fuels,Oil & Gas Related Equipment and Services
VFAWF.PK,TRUE CORPORATION PCL ORD,TRUEf.BK,2521882,0.0028,THAILAND,Technology,Telecommunications Services,Telecommunications Services
VFAWF.PK,SOCIETATEA DE PRODUCERE A ENERGIEI ELECTRICE IN HIDROCENTRALE HIDROELECTRICA SA ORD,ROH2O.BX,21245,0.0028,ROMANIA,Utilities,Utilities,Electric Utilities & IPPs
VFAWF.PK,KEIHAN HOLDINGS CO LTD ORD,9045.T,18700,0.0028,JAPAN,Industrials,Transportation,Passenger Transportation Services
VFAWF.PK,EVA AIRWAYS CORP ORD,2618.TW,454491,0.0028,TAIWAN,Industrials,Transportation,Passenger Transportation Services
VFAWF.PK,NICHIREI CORP ORD,2871.T,23700,0.0028,JAPAN,Consumer Non-Cyclicals,Food & Beverages,Food & Tobacco
VFAWF.PK,AMADA CO LTD ORD,6113.T,53400,0.0028,JAPAN,Industrials,Industrial Goods,"Machinery, Tools, Heavy Vehicles, Trains & Ships"
VFAWF.PK,ELECTROLUX AB ORD,ELUXb.ST,43528,0.0028,SWEDEN,Consumer Cyclicals,Cyclical Consumer Products,Household Goods
VFAWF.PK,ECOPETROL SA ORD,ECO.CN,912072,0.0028,COLOMBIA,Energy,Energy - Fossil Fuels,Oil & Gas
VFAWF.PK,BOSCH LTD ORD,BOSH.NS,2274,0.0028,INDIA,Consumer Cyclicals,Automobiles & Auto Parts,Automobiles & Auto Parts
VFAWF.PK,NANKAI ELECTRIC RAILWAY CO LTD ORD,9044.T,24900,0.0028,JAPAN,Industrials,Transportation,Passenger Transportation Services
VFAWF.PK,SAUDI INDUSTRIAL INVESTMENT GROUP SJSC ORD,2250.SE,79593,0.0028,SAUDI ARABIA,Basic Materials,Chemicals,Chemicals
VFAWF.PK,SASA POLYESTER SANAYI AS ORD,SASA.IS,238063,0.0028,TURKEY,Consumer Cyclicals,Cyclical Consumer Products,Textiles & Apparel
VFAWF.PK,TOKYO TATEMONO CO LTD ORD,8804.T,40100,0.0028,JAPAN,Real Estate,Real Estate,Real Estate Operations
VFAWF.PK,HYUNDAI MOTOR CO,005387.KS,6274,0.0028,KOREA,Consumer Cyclicals,Automobiles & Auto Parts,Automobiles & Auto Parts
VFAWF.PK,HINDUSTAN PETROLEUM CORP LTD ORD,HPCL.NS,155613,0.0028,INDIA,Energy,Energy - Fossil Fuels,Oil & Gas
VFAWF.PK,BAIC MOTOR CORP LTD ORD,1958.HK,1938600,0.0028,CHINA,Consumer Cyclicals,Automobiles & Auto Parts,Automobiles & Auto Parts
VFAWF.PK,ITALGAS SPA ORD,IG.MI,87756,0.0027,ITALY,Utilities,Utilities,Natural Gas Utilities
VFAWF.PK,GROWTHPOINT PROPERTIES LTD ORD,GRTJ.J,728837,0.0027,SOUTH AFRICA,Real Estate,Real Estate,Residential & Commercial REITs
VFAWF.PK,AMERICAN AIRLINES GROUP INC ORD,AAL.OQ,30853,0.0027,UNITED STATES,Industrials,Transportation,Passenger Transportation Services
VFAWF.PK,CHINA RESOURCES MIXC LIFESTYLE SERVICES LTD ORD,1209.HK,106400,0.0027,CHINA,Real Estate,Real Estate,Real Estate Operations
VFAWF.PK,EAST BUY HOLDING LTD ORD,1797.HK,106000,0.0027,CHINA,Academic & Educational Services,Academic & Educational Services,Miscellaneous Educational Service Providers
VFAWF.PK,PT DAYAMITRA TELEKOMUNIKASI TBK ORD,MTEL.JK,12023300,0.0027,INDONESIA,Technology,Telecommunications Services,Telecommunications Services
VFAWF.PK,AMERICANA RESTAURANTS INTERNATIONAL PLC ORD,AMR.AD,493314,0.0027,UNITED ARAB EMIRATES,Consumer Cyclicals,Cyclical Consumer Services,Hotels & Entertainment Services
VFAWF.PK,TATA COMMUNICATIONS LTD ORD,TATA.NS,23546,0.0027,INDIA,Technology,Telecommunications Services,Telecommunications Services
VFAWF.PK,GRUPO TELEVISA SAB,TLEVISACPO.MX,481487,0.0027,MEXICO,Consumer Cyclicals,Cyclical Consumer Services,Media & Publishing
VFAWF.PK,LENNAR CORP ORD,LENb.N,4520,0.0027,UNITED STATES,Consumer Cyclicals,Cyclical Consumer Products,Homebuilding & Construction Supplies
VFAWF.PK,WEICHAI POWER CO LTD ORD,2338.HK,352800,0.0027,CHINA,Consumer Cyclicals,Automobiles & Auto Parts,Automobiles & Auto Parts
VFAWF.PK,BOUBYAN BANK KSCP ORD,BOUK.KW,258539,0.0027,KUWAIT,Financials,Banking & Investment Services,Banking Services
VFAWF.PK,NAGASE & CO LTD ORD,8012.T,29900,0.0027,JAPAN,Basic Materials,Chemicals,Chemicals
VFAWF.PK,SWIRE PACIFIC LTD ORD,0087.HK,387500,0.0027,HONG KONG,Consumer Non-Cyclicals,Food & Beverages,Beverages
VFAWF.PK,ILUKA RESOURCES LTD ORD,ILU.AX,75456,0.0027,AUSTRALIA,Basic Materials,Mineral Resources,Metals & Mining
VFAWF.PK,MARUICHI STEEL TUBE LTD ORD,5463.T,21600,0.0027,JAPAN,Basic Materials,Mineral Resources,Metals & Mining
VFAWF.PK,AIR WATER INC ORD,4088.T,36600,0.0027,JAPAN,Basic Materials,Chemicals,Chemicals
VFAWF.PK,AUROBINDO PHARMA LTD ORD,ARBN.NS,52444,0.0027,INDIA,Healthcare,Pharmaceuticals & Medical Research,Pharmaceuticals
VFAWF.PK,COFORGE LTD ORD,COFO.NS,9060,0.0027,INDIA,Technology,Software & IT Services,Software & IT Services
VFAWF.PK,SINO-AMERICAN SILICON PRODUCTS INC ORD,5483.TWO,96000,0.0027,TAIWAN,Technology,Technology Equipment,Semiconductors & Semiconductor Equipment
VFAWF.PK,GULF BANK KSCP ORD,GBKK.KW,591301,0.0027,KUWAIT,Financials,Banking & Investment Services,Banking Services
VFAWF.PK,LG ELECTRONICS INC,066575.KS,13425,0.0027,KOREA,Technology,Technology Equipment,"Computers, Phones & Household Electronics"
VFAWF.PK,GUANGZHOU BAIYUNSHAN PHARMACEUTICAL HOLDINGS CO LTD ORD,0874.HK,170000,0.0027,CHINA,Healthcare,Pharmaceuticals & Medical Research,Pharmaceuticals
VFAWF.PK,ASIA CEMENT CORP ORD,1102.TW,403986,0.0027,TAIWAN,Basic Materials,Mineral Resources,Construction Materials
VFAWF.PK,YANG MING MARINE TRANSPORT CORP ORD,2609.TW,342000,0.0027,TAIWAN,Industrials,Transportation,Freight & Logistics Services
VFAWF.PK,NESTLE (MALAYSIA) BHD ORD,NESM.KL,17400,0.0027,MALAYSIA,Consumer Non-Cyclicals,Food & Beverages,Food & Tobacco
VFAWF.PK,CHINA SOUTHERN AIRLINES CO LTD ORD,600029.SS,528000,0.0027,CHINA,Industrials,Transportation,Passenger Transportation Services
VFAWF.PK,SHANGHAI TUNNEL ENGINEERING CO LTD ORD,600820.SS,573100,0.0027,CHINA,Industrials,Industrial & Commercial Services,Construction & Engineering
VFAWF.PK,HOTEL SHILLA CO LTD ORD,008770.KS,8641,0.0027,KOREA,Industrials,Transportation,Transport Infrastructure
VFAWF.PK,FENG TAY ENTERPRISES CO LTD ORD,9910.TW,76251,0.0027,TAIWAN,Consumer Cyclicals,Cyclical Consumer Products,Textiles & Apparel
VFAWF.PK,SANTANDER BANK POLSKA SA ORD,SPL1.WA,5083,0.0027,POLAND,Financials,Banking & Investment Services,Banking Services
VFAWF.PK,MERCURY NZ LTD ORD,MCY.NZ,123755,0.0027,NEW ZEALAND,Utilities,Utilities,Electric Utilities & IPPs
VFAWF.PK,DALLAH HEALTHCARE COMPANY SJSC ORD,4004.SE,10363,0.0026,SAUDI ARABIA,Healthcare,Healthcare Services & Equipment,Healthcare Providers & Services
VFAWF.PK,IWATANI CORP ORD,8088.T,9300,0.0026,JAPAN,Energy,Energy - Fossil Fuels,Oil & Gas
VFAWF.PK,ASPEED TECHNOLOGY INC ORD,5274.TWO,6600,0.0026,TAIWAN,Technology,Technology Equipment,Semiconductors & Semiconductor Equipment
VFAWF.PK,DIRECT LINE INSURANCE GROUP PLC ORD,DLGD.L,260178,0.0026,UNITED KINGDOM,Financials,Insurance,Insurance
VFAWF.PK,SEVEN GROUP HOLDINGS LTD ORD,SVW.AX,28140,0.0026,AUSTRALIA,Industrials,Industrial Goods,"Machinery, Tools, Heavy Vehicles, Trains & Ships"
VFAWF.PK,DWS GROUP GMBH & CO KGAA ORD,DWSG.DE,13989,0.0026,GERMANY,Financials,Banking & Investment Services,Investment Banking & Investment Services
VFAWF.PK,QIFU TECHNOLOGY ADR,QFIN.OQ,25085,0.0026,CHINA,Financials,Banking & Investment Services,Banking Services
VFAWF.PK,MACROTECH DEVELOPERS LTD ORD,MACE.NS,54102,0.0026,INDIA,Real Estate,Real Estate,Real Estate Operations
VFAWF.PK,AIR CHINA LTD ORD,0753.HK,600000,0.0026,CHINA,Industrials,Transportation,Passenger Transportation Services
VFAWF.PK,BARWA REAL ESTATE COMPANY QPSC ORD,BRES.QA,644190,0.0026,QATAR,Real Estate,Real Estate,Real Estate Operations
VFAWF.PK,TIGER BRANDS LTD ORD,TBSJ.J,54683,0.0026,SOUTH AFRICA,Consumer Non-Cyclicals,Food & Beverages,Food & Tobacco
VFAWF.PK,ZEE ENTERTAINMENT ENTERPRISES LTD ORD,ZEE.NS,168750,0.0026,INDIA,Consumer Cyclicals,Cyclical Consumer Services,Media & Publishing
VFAWF.PK,SAPPORO HOLDINGS LTD ORD,2501.T,18800,0.0026,JAPAN,Consumer Non-Cyclicals,Food & Beverages,Beverages
VFAWF.PK,SYNNEX TECHNOLOGY INTERNATIONAL CORP ORD,2347.TW,263550,0.0026,TAIWAN,Technology,Technology Equipment,"Computers, Phones & Household Electronics"
VFAWF.PK,CJ CHEILJEDANG CORP,097955.KS,4886,0.0026,KOREA,Consumer Non-Cyclicals,Food & Beverages,Food & Tobacco
VFAWF.PK,CHENG SHIN RUBBER IND. CO LTD ORD,2105.TW,398061,0.0026,TAIWAN,Consumer Cyclicals,Automobiles & Auto Parts,Automobiles & Auto Parts
VFAWF.PK,UNITED TRACTORS TBK PT ORD,UNTR.JK,271700,0.0026,INDONESIA,Energy,Energy - Fossil Fuels,Coal
VFAWF.PK,INNER MONGOLIA YILI INDUSTRIAL GROUP CO LTD ORD,600887.SS,123400,0.0026,CHINA,Consumer Non-Cyclicals,Food & Beverages,Food & Tobacco
VFAWF.PK,NABTESCO CORP ORD,6268.T,23300,0.0026,JAPAN,Industrials,Industrial Goods,"Machinery, Tools, Heavy Vehicles, Trains & Ships"
VFAWF.PK,CHICONY ELECTRONICS CO LTD ORD,2385.TW,147421,0.0026,TAIWAN,Technology,Technology Equipment,"Computers, Phones & Household Electronics"
VFAWF.PK,CONTAINER CORPORATION OF INDIA LTD ORD,CCRI.NS,58412,0.0026,INDIA,Industrials,Transportation,Freight & Logistics Services
VFAWF.PK,JOLLIBEE FOODS CORP ORD,JFC.PS,105140,0.0026,PHILIPPINES,Consumer Cyclicals,Cyclical Consumer Services,Hotels & Entertainment Services
VFAWF.PK,GEK TERNA HOLDINGS REAL ESTATE CONSTRUCTION SA ORD,HRMr.AT,31488,0.0026,GREECE,Industrials,Industrial & Commercial Services,Construction & Engineering
VFAWF.PK,TEIJIN LTD ORD,3401.T,45600,0.0026,JAPAN,Consumer Cyclicals,Cyclical Consumer Products,Textiles & Apparel
VFAWF.PK,GREAT WALL MOTOR CO LTD ORD,601633.SS,122100,0.0026,CHINA,Consumer Cyclicals,Automobiles & Auto Parts,Automobiles & Auto Parts
VFAWF.PK,EMBASSY OFFICE PARKS REIT,EMBA.NS,126392,0.0025,INDIA,Real Estate,Real Estate,Residential & Commercial REITs
VFAWF.PK,PETKIM PETROKIMYA HOLDING AS ORD,PETKM.IS,714408,0.0025,TURKEY,Basic Materials,Chemicals,Chemicals
VFAWF.PK,YADEA GROUP HOLDINGS LTD ORD,1585.HK,208000,0.0025,CHINA,Consumer Cyclicals,Automobiles & Auto Parts,Automobiles & Auto Parts
VFAWF.PK,SHIFT INC ORD,3697.T,2000,0.0025,JAPAN,Technology,Software & IT Services,Software & IT Services
VFAWF.PK,INTERNATIONAL CONSOLIDATED AIRLINES GROUP SA ORD,ICAG.L,213472,0.0025,UNITED KINGDOM,Industrials,Transportation,Passenger Transportation Services
VFAWF.PK,ZHONGSHENG GROUP HOLDINGS LTD ORD,0881.HK,134000,0.0025,CHINA,Consumer Cyclicals,Retailers,Specialty Retailers
VFAWF.PK,HARMONIC DRIVE SYSTEMS INC ORD,6324.T,17300,0.0025,JAPAN,Industrials,Industrial Goods,"Machinery, Tools, Heavy Vehicles, Trains & Ships"
VFAWF.PK,KOEI TECMO HOLDINGS CO LTD ORD,3635.T,27776,0.0025,JAPAN,Technology,Software & IT Services,Software & IT Services
VFAWF.PK,PIRELLI & C SPA ORD,PIRC.MI,89202,0.0025,ITALY,Consumer Cyclicals,Automobiles & Auto Parts,Automobiles & Auto Parts
VFAWF.PK,BANK OF CHANGSHA CO LTD ORD,601577.SS,413600,0.0025,CHINA,Financials,Banking & Investment Services,Banking Services
VFAWF.PK,ARABIAN DRILLING CO ORD,2381.SE,10125,0.0025,SAUDI ARABIA,Energy,Energy - Fossil Fuels,Oil & Gas Related Equipment and Services
VFAWF.PK,ALLFUNDS GROUP PLC ORD,ALLFG.AS,73917,0.0025,UNITED KINGDOM,Technology,Financial Technology (Fintech) & Infrastructure,Financial Technology (Fintech) & Infrastructure
VFAWF.PK,HAKUHODO DY HOLDINGS INC ORD,2433.T,41000,0.0025,JAPAN,Consumer Cyclicals,Cyclical Consumer Services,Media & Publishing
VFAWF.PK,TAV HAVALIMANLARI HOLDING AS ORD,TAVHL.IS,113328,0.0025,TURKEY,Industrials,Transportation,Transport Infrastructure
VFAWF.PK,ALFRESA HOLDINGS CORP ORD,2784.T,30100,0.0025,JAPAN,Healthcare,Healthcare Services & Equipment,Healthcare Equipment & Supplies
VFAWF.PK,SOHGO SECURITY SERVICES CO LTD ORD,2331.T,76500,0.0025,JAPAN,Industrials,Industrial & Commercial Services,Professional & Commercial Services
VFAWF.PK,HISAMITSU PHARMACEUTICAL CO INC ORD,4530.T,15000,0.0025,JAPAN,Healthcare,Pharmaceuticals & Medical Research,Pharmaceuticals
VFAWF.PK,DAR AL ARKAN REAL ESTATE DEVELOPMENT COMPANY SJSC ORD,4300.SE,106014,0.0025,SAUDI ARABIA,Real Estate,Real Estate,Real Estate Operations
VFAWF.PK,SHANDONG GOLD MINING CO LTD ORD,600547.SS,137298,0.0025,CHINA,Basic Materials,Mineral Resources,Metals & Mining
VFAWF.PK,SHANGHAI PUDONG DEVELOPMENT BANK CO LTD ORD,600000.SS,446500,0.0025,CHINA,Financials,Banking & Investment Services,Banking Services
VFAWF.PK,CHINA UNITED NETWORK COMMUNICATIONS LTD ORD,600050.SS,662500,0.0025,CHINA,Technology,Telecommunications Services,Telecommunications Services
VFAWF.PK,MITSUI HIGH-TEC INC ORD,6966.T,6900,0.0025,JAPAN,Technology,Technology Equipment,Semiconductors & Semiconductor Equipment
VFAWF.PK,INDOCEMENT TUNGGAL PRAKARSA TBK PT ORD,INTP.JK,699600,0.0025,INDONESIA,Basic Materials,Mineral Resources,Construction Materials
VFAWF.PK,MIURA CO LTD ORD,6005.T,19200,0.0025,JAPAN,Industrials,Industrial Goods,"Machinery, Tools, Heavy Vehicles, Trains & Ships"
VFAWF.PK,CITY DEVELOPMENTS LTD ORD,CTDM.SI,86000,0.0025,SINGAPORE,Real Estate,Real Estate,Real Estate Operations
VFAWF.PK,PPB GROUP BHD ORD,PEPT.KL,128920,0.0025,MALAYSIA,Consumer Non-Cyclicals,Food & Beverages,Food & Tobacco
VFAWF.PK,YANKUANG ENERGY GROUP CO LTD ORD,600188.SS,192600,0.0025,CHINA,Energy,Energy - Fossil Fuels,Coal
VFAWF.PK,BANK OF QUEENSLAND LTD ORD,BOQ.AX,116847,0.0025,AUSTRALIA,Financials,Banking & Investment Services,Banking Services
VFAWF.PK,CHINA HUARONG ASSET MANAGEMENT CO LTD ORD,2799.HK,9299000,0.0025,CHINA,Financials,Banking & Investment Services,Investment Banking & Investment Services
VFAWF.PK,SEKISUI HOUSE REIT INC ORD,3309.T,768,0.0024,JAPAN,Real Estate,Real Estate,Residential & Commercial REITs
VFAWF.PK,LG DISPLAY CO LTD ORD,034220.KS,44026,0.0024,KOREA,Technology,Technology Equipment,Electronic Equipment & Parts
VFAWF.PK,ZHONGJI INNOLIGHT CO LTD ORD,300308.SZ,25900,0.0024,CHINA,Technology,Technology Equipment,Communications & Networking
VFAWF.PK,AKSA ENERJI URETIM AS ORD,AKSEN.IS,314825,0.0024,TURKEY,Utilities,Utilities,Electric Utilities & IPPs
VFAWF.PK,INPOST SA ORD,INPST.AS,38243,0.0024,LUXEMBOURG,Industrials,Transportation,Freight & Logistics Services
VFAWF.PK,SHANDONG GOLD MINING CO LTD ORD,1787.HK,229300,0.0024,CHINA,Basic Materials,Mineral Resources,Metals & Mining
VFAWF.PK,HD HYUNDAI HEAVY INDUSTRIES CO LTD ORD,329180.KS,4145,0.0024,KOREA,Industrials,Industrial Goods,"Machinery, Tools, Heavy Vehicles, Trains & Ships"
VFAWF.PK,GRUPO DE MODA SOMA SA ORD,SOMA3.SA,192500,0.0024,BRAZIL,Consumer Cyclicals,Retailers,Specialty Retailers
VFAWF.PK,SK IE TECHNOLOGY CO LTD ORD,361610.KS,5378,0.0024,KOREA,Industrials,Industrial Goods,"Machinery, Tools, Heavy Vehicles, Trains & Ships"
VFAWF.PK,PIRAMAL ENTERPRISES LTD ORD,PIRA.NS,37091,0.0024,INDIA,Financials,Banking & Investment Services,Banking Services
VFAWF.PK,SLC AGRICOLA SA ORD,SLCE3.SA,50160,0.0024,BRAZIL,Consumer Non-Cyclicals,Food & Beverages,Food & Tobacco
VFAWF.PK,DIASORIN SPA ORD,DIAS.MI,4151,0.0024,ITALY,Healthcare,Healthcare Services & Equipment,Healthcare Equipment & Supplies
VFAWF.PK,XTEP INTERNATIONAL HOLDINGS LTD ORD,1368.HK,413500,0.0024,CHINA,Consumer Cyclicals,Cyclical Consumer Products,Textiles & Apparel
VFAWF.PK,EXXARO RESOURCES LTD ORD,EXXJ.J,50654,0.0024,SOUTH AFRICA,Energy,Energy - Fossil Fuels,Coal
VFAWF.PK,UNO MINDA LTD ORD,UNOI.NS,62412,0.0024,INDIA,Consumer Cyclicals,Automobiles & Auto Parts,Automobiles & Auto Parts
VFAWF.PK,THK CO LTD ORD,6481.T,22900,0.0024,JAPAN,Industrials,Industrial Goods,"Machinery, Tools, Heavy Vehicles, Trains & Ships"
VFAWF.PK,TURKIYE GARANTI BANKASI AS ORD,GARAN.IS,275195,0.0024,TURKEY,Financials,Banking & Investment Services,Banking Services
VFAWF.PK,KONINKLIJKE VOPAK NV ORD,VOPA.AS,12322,0.0024,NETHERLANDS,Energy,Energy - Fossil Fuels,Oil & Gas Related Equipment and Services
VFAWF.PK,SHENZHEN EXPRESSWAY CORP LTD ORD,0548.HK,522000,0.0024,CHINA,Industrials,Transportation,Transport Infrastructure
VFAWF.PK,CP AXTRA PCL ORD,CPAXTf.BK,460141,0.0024,THAILAND,Consumer Cyclicals,Retailers,Diversified Retail
VFAWF.PK,METALURGICA GERDAU SA,GOAU4.SA,155500,0.0024,BRAZIL,Basic Materials,Mineral Resources,Metals & Mining
VFAWF.PK,POU CHEN CORP ORD,9904.TW,467000,0.0024,TAIWAN,Consumer Cyclicals,Cyclical Consumer Products,Textiles & Apparel
VFAWF.PK,INVESTEC LTD ORD,INLJ.J,72534,0.0024,SOUTH AFRICA,Financials,Banking & Investment Services,Investment Banking & Investment Services
VFAWF.PK,MITSUBISHI MOTORS CORP ORD,7211.T,112800,0.0024,JAPAN,Consumer Cyclicals,Automobiles & Auto Parts,Automobiles & Auto Parts
VFAWF.PK,BUZZI SPA ORD,BZU.MI,15804,0.0024,ITALY,Basic Materials,Mineral Resources,Construction Materials
VFAWF.PK,COMPANHIA PARANAENSE DE ENERGIA,CPLE6.SA,258200,0.0024,BRAZIL,Utilities,Utilities,Electric Utilities & IPPs
VFAWF.PK,EXIDE INDUSTRIES LTD ORD,EXID.NS,152406,0.0024,INDIA,Consumer Cyclicals,Automobiles & Auto Parts,Automobiles & Auto Parts
VFAWF.PK,TAIWAN HIGH SPEED RAIL CORP ORD,2633.TW,468000,0.0024,TAIWAN,Industrials,Transportation,Passenger Transportation Services
VFAWF.PK,EXEO GROUP INC ORD,1951.T,22200,0.0024,JAPAN,Industrials,Industrial & Commercial Services,Construction & Engineering
VFAWF.PK,QINGHAI SALT LAKE INDUSTRY CO LTD ORD,000792.SZ,166299,0.0024,CHINA,Basic Materials,Chemicals,Chemicals
VFAWF.PK,MISC BHD ORD,MISC.KL,292659,0.0024,MALAYSIA,Industrials,Transportation,Transport Infrastructure
VFAWF.PK,INDUS TOWERS LTD ORD,INUS.NS,222695,0.0024,INDIA,Technology,Telecommunications Services,Telecommunications Services
VFAWF.PK,HD HYUNDAI CO LTD ORD,267250.KS,9025,0.0023,KOREA,Energy,Energy - Fossil Fuels,Oil & Gas
VFAWF.PK,KANDENKO CO LTD ORD,1942.T,49100,0.0023,JAPAN,Industrials,Industrial & Commercial Services,Construction & Engineering
VFAWF.PK,CORPORACION ACCIONA ENERGIAS RENOVABLES SA ORD,ANE.MC,14045,0.0023,SPAIN,Utilities,Utilities,Electric Utilities & IPPs
VFAWF.PK,MAPLETREE PAN ASIA COMMERCIAL TRUST,MACT.SI,355079,0.0023,NULL,Real Estate,Real Estate,Residential & Commercial REITs
VFAWF.PK,ZTE CORP ORD,0763.HK,119320,0.0023,CHINA,Technology,Technology Equipment,Communications & Networking
VFAWF.PK,WACKER CHEMIE AG ORD,WCHG.DE,2859,0.0023,GERMANY,Basic Materials,Chemicals,Chemicals
VFAWF.PK,SANKYO CO LTD ORD,6417.T,10200,0.0023,JAPAN,Consumer Cyclicals,Cyclical Consumer Services,Hotels & Entertainment Services
VFAWF.PK,AMP LTD ORD,AMP.AX,579646,0.0023,AUSTRALIA,Financials,Banking & Investment Services,Investment Banking & Investment Services
VFAWF.PK,BANGKOK BANK NVDR,BBLn.BK,89100,0.0023,THAILAND,Financials,Banking & Investment Services,Banking Services
VFAWF.PK,NMDC LTD ORD,NMDC.NS,312018,0.0023,INDIA,Basic Materials,Mineral Resources,Metals & Mining
VFAWF.PK,FEDERAL BANK LTD ORD,FED.NS,263881,0.0023,INDIA,Financials,Banking & Investment Services,Banking Services
VFAWF.PK,TOKYO CENTURY CORP ORD,8439.T,11000,0.0023,JAPAN,Financials,Banking & Investment Services,Banking Services
VFAWF.PK,SHANGHAI WAIGAOQIAO FREE TRADE ZONE GROUP CO LTD ORD,600648.SS,260900,0.0023,CHINA,Real Estate,Real Estate,Real Estate Operations
VFAWF.PK,INDUSTRIAL BANK OF KOREA ORD,024110.KS,53277,0.0023,KOREA,Financials,Banking & Investment Services,Banking Services
VFAWF.PK,CHINA JUSHI CO LTD ORD,600176.SS,209358,0.0023,CHINA,Consumer Cyclicals,Cyclical Consumer Products,Textiles & Apparel
VFAWF.PK,RYMAN HEALTHCARE LTD ORD,RYM.NZ,102147,0.0023,NEW ZEALAND,Healthcare,Healthcare Services & Equipment,Healthcare Providers & Services
VFAWF.PK,PETRONET LNG LTD ORD,PLNG.NS,153966,0.0023,INDIA,Energy,Energy - Fossil Fuels,Oil & Gas
VFAWF.PK,REPLY SPA ORD,REY.MI,4096,0.0023,ITALY,Technology,Software & IT Services,Software & IT Services
VFAWF.PK,S-OIL CORP ORD,010950.KS,7316,0.0023,KOREA,Energy,Energy - Fossil Fuels,Oil & Gas
VFAWF.PK,SHANDONG CHENMING PAPER HOLDINGS LTD ORD,000488.SZ,621300,0.0023,CHINA,Basic Materials,Applied Resources,Paper & Forest Products
VFAWF.PK,JAPAN AIRPORT TERMINAL CO LTD ORD,9706.T,9400,0.0023,JAPAN,Industrials,Transportation,Transport Infrastructure
VFAWF.PK,ALUMINA LTD ORD,AWC.AX,458556,0.0023,AUSTRALIA,Basic Materials,Mineral Resources,Metals & Mining
VFAWF.PK,HYUNDAI ENGINEERING & CONSTRUCTION CO LTD ORD,000720.KS,14978,0.0023,KOREA,Industrials,Industrial & Commercial Services,Construction & Engineering
VFAWF.PK,SBI SHINSEI BANK LTD ORD,8303.T,22005,0.0023,JAPAN,Financials,Banking & Investment Services,Banking Services
VFAWF.PK,JDE PEETS NV ORD,JDEP.AS,14371,0.0023,NETHERLANDS,Consumer Non-Cyclicals,Food & Beverages,Food & Tobacco
VFAWF.PK,LASALLE LOGIPORT REIT ORD,3466.T,384,0.0022,JAPAN,Real Estate,Real Estate,Residential & Commercial REITs
VFAWF.PK,GIANT MANUFACTURING CO LTD ORD,9921.TW,56994,0.0022,TAIWAN,Consumer Cyclicals,Cyclical Consumer Products,Leisure Products
VFAWF.PK,CGN POWER CO LTD ORD,003816.SZ,982300,0.0022,CHINA,Utilities,Utilities,Electric Utilities & IPPs
VFAWF.PK,SCHIBSTED ASA ORD,SCHB.OL,21515,0.0022,NORWAY,Consumer Cyclicals,Cyclical Consumer Services,Media & Publishing
VFAWF.PK,GUOTAI JUNAN SECURITIES CO LTD ORD,601211.SS,188800,0.0022,CHINA,Financials,Banking & Investment Services,Investment Banking & Investment Services
VFAWF.PK,MESAIEED PETROCHEMICAL HOLDING COMPANY QPSC ORD,MPHC.QA,782106,0.0022,QATAR,Basic Materials,Chemicals,Chemicals
VFAWF.PK,ACTIVIA PROPERTIES INC ORD,3279.T,143,0.0022,JAPAN,Real Estate,Real Estate,Residential & Commercial REITs
VFAWF.PK,CHINA HONGQIAO GROUP LTD ORD,1378.HK,433500,0.0022,CHINA,Basic Materials,Mineral Resources,Metals & Mining
VFAWF.PK,JUBILANT FOODWORKS LTD ORD,JUBI.NS,73715,0.0022,INDIA,Consumer Cyclicals,Cyclical Consumer Services,Hotels & Entertainment Services
VFAWF.PK,BANK OF SUZHOU CO LTD ORD,002966.SZ,423950,0.0022,CHINA,Financials,Banking & Investment Services,Banking Services
VFAWF.PK,SMOORE INTERNATIONAL HOLDINGS LTD ORD,6969.HK,371000,0.0022,CHINA,Consumer Non-Cyclicals,Food & Beverages,Food & Tobacco
VFAWF.PK,NATIONAL MARINE DREDGING COMPANY PJSC ORD,NMDC.AD,70905,0.0022,UNITED ARAB EMIRATES,Industrials,Industrial & Commercial Services,Construction & Engineering
VFAWF.PK,GPS PARTICIPACOES E EMPREENDIMENTOS SA ORD,GGPS3.SA,113800,0.0022,BRAZIL,Industrials,Industrial & Commercial Services,Professional & Commercial Services
VFAWF.PK,METCASH LTD ORD,MTS.AX,170233,0.0022,AUSTRALIA,Consumer Non-Cyclicals,Food & Drug Retailing,Food & Drug Retailing
VFAWF.PK,POWERTECH TECHNOLOGY INC ORD,6239.TW,120000,0.0022,TAIWAN,Technology,Technology Equipment,Semiconductors & Semiconductor Equipment
VFAWF.PK,SAUDI KAYAN PETROCHEMICAL COMPANY SJSC ORD,2350.SE,128235,0.0022,SAUDI ARABIA,Basic Materials,Chemicals,Chemicals
VFAWF.PK,BANK OF NINGBO CO LTD ORD,002142.SZ,103180,0.0022,CHINA,Financials,Banking & Investment Services,Banking Services
VFAWF.PK,J.FRONT RETAILING CO LTD ORD,3086.T,43200,0.0022,JAPAN,Consumer Cyclicals,Retailers,Diversified Retail
VFAWF.PK,NOMURA REAL ESTATE HOLDINGS INC ORD,3231.T,17100,0.0022,JAPAN,Real Estate,Real Estate,Real Estate Operations
VFAWF.PK,MINTH GROUP LTD ORD,0425.HK,130000,0.0022,CHINA,Consumer Cyclicals,Automobiles & Auto Parts,Automobiles & Auto Parts
VFAWF.PK,HYUNDAI GLOVIS CO LTD ORD,086280.KS,3006,0.0022,KOREA,Industrials,Transportation,Freight & Logistics Services
VFAWF.PK,NAN YA PRINTED CIRCUIT BOARD CORP ORD,8046.TW,53000,0.0022,TAIWAN,Technology,Technology Equipment,Semiconductors & Semiconductor Equipment
VFAWF.PK,MAXIS BHD ORD,MXSC.KL,473600,0.0022,MALAYSIA,Technology,Telecommunications Services,Telecommunications Services
VFAWF.PK,RINNAI CORP ORD,5947.T,19200,0.0022,JAPAN,Consumer Cyclicals,Cyclical Consumer Products,Household Goods
VFAWF.PK,GCC SAB DE CV ORD,GCC.MX,43700,0.0022,MEXICO,Basic Materials,Mineral Resources,Construction Materials
VFAWF.PK,KINGBOARD HOLDINGS LTD ORD,0148.HK,154200,0.0022,HONG KONG,Technology,Technology Equipment,Electronic Equipment & Parts
VFAWF.PK,FORD OTOMOTIV SANAYI AS ORD,FROTO.IS,11736,0.0022,TURKEY,Consumer Cyclicals,Automobiles & Auto Parts,Automobiles & Auto Parts
VFAWF.PK,LINDE INDIA LTD ORD,LIND.NS,6857,0.0022,INDIA,Basic Materials,Chemicals,Chemicals
VFAWF.PK,MEDIPAL HOLDINGS CORP ORD,7459.T,23900,0.0022,JAPAN,Healthcare,Pharmaceuticals & Medical Research,Pharmaceuticals
VFAWF.PK,LIVZON PHARMACEUTICAL GROUP INC ORD,000513.SZ,83177,0.0022,CHINA,Healthcare,Pharmaceuticals & Medical Research,Pharmaceuticals
VFAWF.PK,UNION BANK OF INDIA LTD ORD,UNBK.NS,381568,0.0022,INDIA,Financials,Banking & Investment Services,Banking Services
VFAWF.PK,TOKYO OHKA KOGYO CO LTD ORD,4186.T,6700,0.0022,JAPAN,Basic Materials,Chemicals,Chemicals
VFAWF.PK,EMPRESAS CMPC SA ORD,CMPC.SN,209379,0.0022,CHILE,Basic Materials,Applied Resources,Paper & Forest Products
VFAWF.PK,NIFCO INC ORD,7988.T,14200,0.0022,JAPAN,Consumer Cyclicals,Automobiles & Auto Parts,Automobiles & Auto Parts
VFAWF.PK,DIALOG GROUP BHD ORD,DIAL.KL,833000,0.0022,MALAYSIA,Energy,Energy - Fossil Fuels,Oil & Gas Related Equipment and Services
VFAWF.PK,AG ANADOLU GRUBU HOLDING AS ORD,AGHOL.IS,82503,0.0022,TURKEY,Financials,Investment Holding Companies,Investment Holding Companies
VFAWF.PK,HYUNDAI MOTOR CO,005385.KS,5085,0.0022,KOREA,Consumer Cyclicals,Automobiles & Auto Parts,Automobiles & Auto Parts
VFAWF.PK,VANGUARD INTERNATIONAL SEMICONDUCTOR CORP ORD,5347.TWO,172000,0.0022,TAIWAN,Technology,Technology Equipment,Semiconductors & Semiconductor Equipment
VFAWF.PK,TOYO SEIKAN GROUP HOLDINGS LTD ORD,5901.T,26000,0.0022,JAPAN,Basic Materials,Applied Resources,Containers & Packaging
VFAWF.PK,TAIHEIYO CEMENT CORP ORD,5233.T,19700,0.0022,JAPAN,Basic Materials,Mineral Resources,Construction Materials
VFAWF.PK,LIBERTY BROADBAND CORP ORD,LBRDA.OQ,4762,0.0022,UNITED STATES,Consumer Cyclicals,Cyclical Consumer Services,Media & Publishing
VFAWF.PK,GUOTAI JUNAN SECURITIES CO LTD ORD,2611.HK,321000,0.0021,CHINA,Financials,Banking & Investment Services,Investment Banking & Investment Services
VFAWF.PK,SANKYU INC ORD,9065.T,11600,0.0021,JAPAN,Industrials,Transportation,Freight & Logistics Services
VFAWF.PK,CHINA CONCH VENTURE HOLDINGS LTD ORD,0586.HK,313500,0.0021,CHINA,Industrials,Industrial & Commercial Services,Professional & Commercial Services
VFAWF.PK,SEIBU HOLDINGS INC ORD,9024.T,36819,0.0021,JAPAN,Industrials,Transportation,Passenger Transportation Services
VFAWF.PK,INDIAN RAILWAY CATERING AND TOURISM CORPORATION LTD ORD,INIR.NS,51310,0.0021,INDIA,Industrials,Transportation,Passenger Transportation Services
VFAWF.PK,SODEXO SA PRIME FIDELITE,NULL,3897,0.0021,NULL,Unable to resolve all requested identifiers.,,
VFAWF.PK,AUTOSTORE HOLDINGS LTD ORD,AUTO.OL,162043,0.0021,NORWAY,Industrials,Industrial Goods,"Machinery, Tools, Heavy Vehicles, Trains & Ships"
VFAWF.PK,PHINIA INC ORD,PHIN.N,13954,0.0021,UNITED STATES,Consumer Cyclicals,Automobiles & Auto Parts,Automobiles & Auto Parts
VFAWF.PK,CHINA STATE CONSTRUCTION INTERNATIONAL HOLDINGS LTD ORD,3311.HK,324000,0.0021,HONG KONG,Industrials,Industrial & Commercial Services,Construction & Engineering
VFAWF.PK,Q HOLDING PSC ORD,QHOLDING.AD,584780,0.0021,UNITED ARAB EMIRATES,Real Estate,Real Estate,Real Estate Operations
VFAWF.PK,GMR AIRPORTS INFRASTRUCTURE LTD ORD,GMRI.NS,640114,0.0021,INDIA,Industrials,Transportation,Transport Infrastructure
VFAWF.PK,BANCO DE CREDITO E INVERSIONES ORD,BCI.SN,13244,0.0021,CHILE,Financials,Banking & Investment Services,Banking Services
VFAWF.PK,TURKCELL ILETISIM HIZMETLERI AS ORD,TCELL.IS,209494,0.0021,TURKEY,Technology,Telecommunications Services,Telecommunications Services
VFAWF.PK,ORACLE CORP JAPAN ORD,4716.T,5700,0.0021,JAPAN,Technology,Software & IT Services,Software & IT Services
VFAWF.PK,SHUFERSAL LTD ORD,SAE.TA,75410,0.0021,ISRAEL,Consumer Non-Cyclicals,Food & Drug Retailing,Food & Drug Retailing
VFAWF.PK,CREDIT SAISON CO LTD ORD,8253.T,25300,0.0021,JAPAN,Financials,Banking & Investment Services,Banking Services
VFAWF.PK,DAICEL CORP ORD,4202.T,43700,0.0021,JAPAN,Basic Materials,Chemicals,Chemicals
VFAWF.PK,ZOZO INC ORD,3092.T,20300,0.0021,JAPAN,Consumer Cyclicals,Retailers,Diversified Retail
VFAWF.PK,FALABELLA SA ORD,FALABELLA.SN,146504,0.0021,CHILE,Consumer Cyclicals,Retailers,Diversified Retail
VFAWF.PK,JAPAN PRIME REALTY INVESTMENT CORP ORD,8955.T,158,0.0021,JAPAN,Real Estate,Real Estate,Residential & Commercial REITs
VFAWF.PK,MAREL HF ORD,MARL.IC,120418,0.0021,ICELAND,Industrials,Industrial Goods,"Machinery, Tools, Heavy Vehicles, Trains & Ships"
VFAWF.PK,AEON MALL CO LTD ORD,8905.T,32040,0.0021,JAPAN,Real Estate,Real Estate,Real Estate Operations
VFAWF.PK,ELECTRICITY GENERATING PCL ORD,EGCOf.BK,100300,0.0021,THAILAND,Utilities,Utilities,Electric Utilities & IPPs
VFAWF.PK,FLIGHT CENTRE TRAVEL GROUP LTD ORD,FLT.AX,25077,0.0021,AUSTRALIA,Consumer Cyclicals,Cyclical Consumer Services,Hotels & Entertainment Services
VFAWF.PK,LIBERTY MEDIA CORP ORD,LSXMA.OQ,12658,0.0021,UNITED STATES,Consumer Cyclicals,Cyclical Consumer Services,Media & Publishing
VFAWF.PK,KADOKAWA CORP ORD,9468.T,15400,0.002,JAPAN,Consumer Cyclicals,Cyclical Consumer Services,Media & Publishing
VFAWF.PK,HORIBA LTD ORD,6856.T,6600,0.002,JAPAN,Industrials,Industrial Goods,"Machinery, Tools, Heavy Vehicles, Trains & Ships"
VFAWF.PK,HUATAI SECURITIES CO LTD ORD,6886.HK,268580,0.002,CHINA,Financials,Banking & Investment Services,Investment Banking & Investment Services
VFAWF.PK,CHINA MERCHANTS SECURITIES CO LTD ORD,6099.HK,376300,0.002,CHINA,Financials,Banking & Investment Services,Investment Banking & Investment Services
VFAWF.PK,QINGDAO PORT INTERNATIONAL CO LTD ORD,601298.SS,413600,0.002,CHINA,Industrials,Transportation,Transport Infrastructure
VFAWF.PK,HANKOOK TIRE & TECHNOLOGY CO LTD ORD,161390.KS,12445,0.002,KOREA,Consumer Cyclicals,Automobiles & Auto Parts,Automobiles & Auto Parts
VFAWF.PK,MAGAZINE LUIZA SA ORD,MGLU3.SA,548572,0.002,BRAZIL,Consumer Cyclicals,Retailers,Diversified Retail
VFAWF.PK,MUTHOOT FINANCE LTD ORD,MUTT.NS,22668,0.002,INDIA,Financials,Banking & Investment Services,Banking Services
VFAWF.PK,EAST MONEY INFORMATION CO LTD ORD,300059.SZ,168369,0.002,CHINA,Financials,Banking & Investment Services,Investment Banking & Investment Services
VFAWF.PK,ONENESS BIOTECH CO LTD ORD,4743.TWO,61438,0.002,TAIWAN,Healthcare,Pharmaceuticals & Medical Research,Pharmaceuticals
VFAWF.PK,GENTING MALAYSIA BHD ORD,GENM.KL,666000,0.002,MALAYSIA,Consumer Cyclicals,Cyclical Consumer Services,Hotels & Entertainment Services
VFAWF.PK,WIN SEMICONDUCTORS CORP ORD,3105.TWO,74000,0.002,TAIWAN,Technology,Technology Equipment,Semiconductors & Semiconductor Equipment
VFAWF.PK,ADEVINTA ASA ORD,ADEA.OL,50264,0.002,NORWAY,Technology,Software & IT Services,Software & IT Services
VFAWF.PK,MULTICHOICE GROUP LTD ORD,MCGJ.J,76977,0.002,SOUTH AFRICA,Consumer Cyclicals,Cyclical Consumer Services,Media & Publishing
VFAWF.PK,AIRTEL AFRICA PLC ORD,AAF.L,250921,0.002,UNITED KINGDOM,Technology,Telecommunications Services,Telecommunications Services
VFAWF.PK,VAR ENERGI ASA ORD,VAR.OL,122102,0.002,NORWAY,Energy,Energy - Fossil Fuels,Oil & Gas
VFAWF.PK,ORBIA ADVANCE CORPORATION SAB DE CV ORD,ORBIA.MX,163724,0.002,MEXICO,Basic Materials,Chemicals,Chemicals
VFAWF.PK,CHINA POWER INTERNATIONAL DEVELOPMENT LTD ORD,2380.HK,1020064,0.002,HONG KONG,Utilities,Utilities,Electric Utilities & IPPs
VFAWF.PK,COMPANY FOR COOPERATIVE INSURANCE SJSC ORD,8010.SE,10087,0.002,SAUDI ARABIA,Financials,Insurance,Insurance
VFAWF.PK,UNITED BREWERIES LTD ORD,UBBW.NS,20072,0.002,INDIA,Consumer Non-Cyclicals,Food & Beverages,Beverages
VFAWF.PK,ANSELL LTD ORD,ANN.AX,23942,0.002,AUSTRALIA,Healthcare,Healthcare Services & Equipment,Healthcare Equipment & Supplies
VFAWF.PK,INMOBILIARIA COLONIAL SOCIMI SA ORD,COL.MC,59870,0.002,SPAIN,Real Estate,Real Estate,Residential & Commercial REITs
VFAWF.PK,JAPAN STEEL WORKS LTD ORD,5631.T,18100,0.002,JAPAN,Industrials,Industrial Goods,"Machinery, Tools, Heavy Vehicles, Trains & Ships"
VFAWF.PK,INDUSTRIAL & INFRASTRUCTURE FUND INVESTMENT CORP ORD,3249.T,361,0.002,JAPAN,Real Estate,Real Estate,Residential & Commercial REITs
VFAWF.PK,GUOYUAN SECURITIES CO LTD ORD,000728.SZ,365850,0.002,CHINA,Financials,Banking & Investment Services,Investment Banking & Investment Services
VFAWF.PK,SWECO AB (PUBL) ORD,SWECb.ST,36589,0.002,SWEDEN,Industrials,Industrial & Commercial Services,Construction & Engineering
VFAWF.PK,LS CORP ORD,006260.KS,3925,0.002,KOREA,Industrials,Industrial Goods,"Machinery, Tools, Heavy Vehicles, Trains & Ships"
VFAWF.PK,SHENGYI TECHNOLOGY CO LTD ORD,600183.SS,173000,0.002,CHINA,Technology,Technology Equipment,Electronic Equipment & Parts
VFAWF.PK,HEKTAS TICARET TAS ORD,HEKTS.IS,339466,0.002,TURKEY,Basic Materials,Chemicals,Chemicals
VFAWF.PK,PLDT INC ORD,TEL.PS,16330,0.002,PHILIPPINES,Technology,Telecommunications Services,Telecommunications Services
VFAWF.PK,PING AN BANK CO LTD ORD,000001.SZ,222488,0.002,CHINA,Financials,Banking & Investment Services,Banking Services
VFAWF.PK,BANK OF BARODA LTD ORD,BOB.NS,158440,0.002,INDIA,Financials,Banking & Investment Services,Banking Services
VFAWF.PK,QUINENCO SA ORD,QUINENCO.SN,107722,0.002,CHILE,Consumer Non-Cyclicals,Consumer Goods Conglomerates,Consumer Goods Conglomerates
VFAWF.PK,SHIMAMURA CO LTD ORD,8227.T,3900,0.002,JAPAN,Consumer Cyclicals,Retailers,Specialty Retailers
VFAWF.PK,PIRAEUS FINANCIAL HOLDINGS SA ORD,BOPr.AT,102375,0.002,GREECE,Financials,Banking & Investment Services,Banking Services
VFAWF.PK,HELLA GMBH & CO KGAA ORD,HLE.DE,4721,0.002,GERMANY,Consumer Cyclicals,Automobiles & Auto Parts,Automobiles & Auto Parts
VFAWF.PK,DR. LAL PATHLABS LTD ORD,DLPA.NS,12722,0.0019,INDIA,Healthcare,Healthcare Services & Equipment,Healthcare Providers & Services
VFAWF.PK,ULVAC INC ORD,6728.T,8500,0.0019,JAPAN,Technology,Technology Equipment,Semiconductors & Semiconductor Equipment
VFAWF.PK,360 SECURITY TECHNOLOGY INC ORD,601360.SS,214000,0.0019,CHINA,Technology,Software & IT Services,Software & IT Services
VFAWF.PK,SHANGHAI FOSUN PHARMACEUTICAL GROUP CO LTD ORD,2196.HK,138010,0.0019,CHINA,Healthcare,Pharmaceuticals & Medical Research,Pharmaceuticals
VFAWF.PK,BNK FINANCIAL GROUP INC ORD,138930.KS,66782,0.0019,KOREA,Financials,Banking & Investment Services,Banking Services
VFAWF.PK,AZRIELI GROUP LTD ORD,AZRG.TA,6230,0.0019,ISRAEL,Real Estate,Real Estate,Real Estate Operations
VFAWF.PK,LUXSHARE PRECISION INDUSTRY CO LTD ORD,002475.SZ,81937,0.0019,CHINA,Technology,Technology Equipment,Electronic Equipment & Parts
VFAWF.PK,CHINA MEDICAL SYSTEM HOLDINGS LTD ORD,0867.HK,220418,0.0019,CHINA,Healthcare,Pharmaceuticals & Medical Research,Pharmaceuticals
VFAWF.PK,HIWIN TECHNOLOGIES CORP ORD,2049.TW,54125,0.0019,TAIWAN,Industrials,Industrial Goods,"Machinery, Tools, Heavy Vehicles, Trains & Ships"
VFAWF.PK,BANCO SANTANDER BRASIL SA,SANB11.SA,59100,0.0019,BRAZIL,Financials,Banking & Investment Services,Banking Services
VFAWF.PK,JIANGSU YANGHE BREWERY JOINT-STOCK CO LTD ORD,002304.SZ,17400,0.0019,CHINA,Consumer Non-Cyclicals,Food & Beverages,Beverages
VFAWF.PK,GODREJ PROPERTIES LTD ORD,GODR.NS,17032,0.0019,INDIA,Real Estate,Real Estate,Real Estate Operations
VFAWF.PK,WUXI APPTEC CO LTD ORD,603259.SS,37013,0.0019,CHINA,Healthcare,Pharmaceuticals & Medical Research,Biotechnology & Medical Research
VFAWF.PK,INTERNET INITIATIVE JAPAN INC ORD,3774.T,19400,0.0019,JAPAN,Technology,Telecommunications Services,Telecommunications Services
VFAWF.PK,SUNTEC REAL ESTATE INVESTMENT TRUST,SUNT.SI,369300,0.0019,NULL,Real Estate,Real Estate,Residential & Commercial REITs
VFAWF.PK,DOMINO'S PIZZA ENTERPRISES LTD ORD,DMP.AX,10973,0.0019,AUSTRALIA,Consumer Cyclicals,Cyclical Consumer Services,Hotels & Entertainment Services
VFAWF.PK,COSMOS PHARMACEUTICAL CORP ORD,3349.T,3100,0.0019,JAPAN,Consumer Non-Cyclicals,Food & Drug Retailing,Food & Drug Retailing
VFAWF.PK,FOSUN INTERNATIONAL LTD ORD,0656.HK,496040,0.0019,CHINA,Financials,Banking & Investment Services,Investment Banking & Investment Services
VFAWF.PK,NIPPON ACCOMMODATIONS FUND INC ORD,3226.T,76,0.0019,JAPAN,Real Estate,Real Estate,Residential & Commercial REITs
VFAWF.PK,COMSYS HOLDINGS CORP ORD,1721.T,18500,0.0019,JAPAN,Industrials,Industrial & Commercial Services,Construction & Engineering
VFAWF.PK,PROMOTORA Y OPERADORA DE INFRAESTRUCTURA SAB DE CV ORD,PINFRA.MX,35141,0.0019,MEXICO,Industrials,Transportation,Transport Infrastructure
VFAWF.PK,SUZUKEN CO LTD ORD,9987.T,12520,0.0019,JAPAN,Healthcare,Pharmaceuticals & Medical Research,Pharmaceuticals
VFAWF.PK,JTEKT CORP ORD,6473.T,37900,0.0019,JAPAN,Consumer Cyclicals,Automobiles & Auto Parts,Automobiles & Auto Parts
VFAWF.PK,MAPFRE SA ORD,MAP.MC,169290,0.0019,SPAIN,Financials,Insurance,Insurance
VFAWF.PK,DOWNER EDI LTD ORD,DOW.AX,123865,0.0019,AUSTRALIA,Industrials,Industrial & Commercial Services,Construction & Engineering
VFAWF.PK,PETROCHINA CO LTD ORD,601857.SS,326900,0.0019,CHINA,Energy,Energy - Fossil Fuels,Oil & Gas
VFAWF.PK,YANBU CEMENT COMPANY SJSC ORD,3060.SE,34788,0.0019,SAUDI ARABIA,Basic Materials,Mineral Resources,Construction Materials
VFAWF.PK,LOTTE CHEMICAL CORP ORD,011170.KS,3055,0.0019,KOREA,Basic Materials,Chemicals,Chemicals
VFAWF.PK,INNER MONGOLIA ERDOS RESOURCES CO LTD ORD,600295.SS,258574,0.0019,CHINA,Basic Materials,Mineral Resources,Metals & Mining
VFAWF.PK,COWAY CO LTD ORD,021240.KS,11377,0.0019,KOREA,Consumer Cyclicals,Cyclical Consumer Products,Household Goods
VFAWF.PK,BEACH ENERGY LTD ORD,BPT.AX,340455,0.0019,AUSTRALIA,Energy,Energy - Fossil Fuels,Oil & Gas
VFAWF.PK,ZHONGSHAN PUBLIC UTILITIES GROUP CO LTD ORD,000685.SZ,313500,0.0019,CHINA,Utilities,Utilities,Water & Related Utilities
VFAWF.PK,SAMSUNG FIRE & MARINE INSURANCE CO LTD,000815.KS,2643,0.0019,KOREA,Financials,Insurance,Insurance
VFAWF.PK,VOLTAS LTD ORD,VOLT.NS,38393,0.0019,INDIA,Industrials,Industrial Goods,"Machinery, Tools, Heavy Vehicles, Trains & Ships"
VFAWF.PK,YOUNGOR GROUP CO LTD ORD,600177.SS,369200,0.0019,CHINA,Consumer Cyclicals,Cyclical Consumer Products,Textiles & Apparel
VFAWF.PK,CHINA MERCHANTS PORT HOLDINGS CO LTD ORD,0144.HK,258000,0.0019,HONG KONG,Industrials,Transportation,Transport Infrastructure
VFAWF.PK,HUANENG POWER INTERNATIONAL INC ORD,600011.SS,296900,0.0019,CHINA,Utilities,Utilities,Electric Utilities & IPPs
VFAWF.PK,CHUGOKU ELECTRIC POWER CO INC ORD,9504.T,52400,0.0019,JAPAN,Utilities,Utilities,Electric Utilities & IPPs
VFAWF.PK,ORORA LTD ORD,ORA.AX,150328,0.0019,AUSTRALIA,Basic Materials,Applied Resources,Containers & Packaging
VFAWF.PK,AUTOHOME ADS REP 4 CL A ORD,ATHM.N,10786,0.0018,CHINA,Consumer Cyclicals,Cyclical Consumer Services,Media & Publishing
VFAWF.PK,SUNDRUG CO LTD ORD,9989.T,11400,0.0018,JAPAN,Consumer Non-Cyclicals,Food & Drug Retailing,Food & Drug Retailing
VFAWF.PK,JOYY ADR,YY.OQ,10006,0.0018,SINGAPORE,Technology,Software & IT Services,Software & IT Services
VFAWF.PK,RAIFFEISEN BANK INTERNATIONAL AG ORD,RBIV.VI,20873,0.0018,AUSTRIA,Financials,Banking & Investment Services,Banking Services
VFAWF.PK,ZHONGTAI SECURITIES CO LTD ORD,600918.SS,313600,0.0018,CHINA,Financials,Banking & Investment Services,Investment Banking & Investment Services
VFAWF.PK,PEPKOR HOLDINGS LTD ORD,PPHJ.J,355725,0.0018,SOUTH AFRICA,Consumer Cyclicals,Retailers,Diversified Retail
VFAWF.PK,CHINA LITERATURE LTD ORD,0772.HK,75800,0.0018,CHINA,Consumer Cyclicals,Cyclical Consumer Services,Media & Publishing
VFAWF.PK,FTSE INDEX SEP3,FFIU3,221,0.0018,NULL,NULL,NULL,NULL
VFAWF.PK,ONE 97 COMMUNICATIONS LTD ORD,PAYT.NS,34795,0.0018,INDIA,Industrials,Industrial & Commercial Services,Professional & Commercial Services
VFAWF.PK,IGM FINANCIAL INC ORD,IGM.TO,11153,0.0018,CANADA,Financials,Banking & Investment Services,Investment Banking & Investment Services
VFAWF.PK,TS TECH CO LTD ORD,7313.T,26900,0.0018,JAPAN,Consumer Cyclicals,Automobiles & Auto Parts,Automobiles & Auto Parts
VFAWF.PK,MAHINDRA AND MAHINDRA FINANCIAL SERVICES LTD ORD,MMFS.NS,92442,0.0018,INDIA,Financials,Banking & Investment Services,Banking Services
VFAWF.PK,HUTCHMED (CHINA) LTD ORD,HCM.L,113500,0.0018,HONG KONG,Healthcare,Pharmaceuticals & Medical Research,Pharmaceuticals
VFAWF.PK,TAKASHIMAYA CO LTD ORD,8233.T,23600,0.0018,JAPAN,Consumer Cyclicals,Retailers,Diversified Retail
VFAWF.PK,TMBTHANACHART BANK PCL ORD,TTBf.BK,6917690,0.0018,THAILAND,Financials,Banking & Investment Services,Banking Services
VFAWF.PK,UNIVERSAL ROBINA CORP ORD,URC.PS,150150,0.0018,PHILIPPINES,Consumer Non-Cyclicals,Food & Beverages,Food & Tobacco
VFAWF.PK,NET ONE SYSTEMS CO LTD ORD,7518.T,15300,0.0018,JAPAN,Technology,Software & IT Services,Software & IT Services
VFAWF.PK,NIHON KOHDEN CORP ORD,6849.T,12800,0.0018,JAPAN,Healthcare,Healthcare Services & Equipment,Healthcare Equipment & Supplies
VFAWF.PK,SEINO HOLDINGS CO LTD ORD,9076.T,22300,0.0018,JAPAN,Industrials,Transportation,Freight & Logistics Services
VFAWF.PK,SHANDONG CHENMING PAPER HOLDINGS LTD ORD,200488.SZ,1350500,0.0018,CHINA,Basic Materials,Applied Resources,Paper & Forest Products
VFAWF.PK,SCHAEFFLER INDIA LTD ORD,SCHE.NS,8918,0.0018,INDIA,Industrials,Industrial Goods,"Machinery, Tools, Heavy Vehicles, Trains & Ships"
VFAWF.PK,LIC HOUSING FINANCE LTD ORD,LICH.NS,67118,0.0018,INDIA,Financials,Banking & Investment Services,Banking Services
VFAWF.PK,TIM SA ORD,TIMS3.SA,116300,0.0018,BRAZIL,Technology,Telecommunications Services,Telecommunications Services
VFAWF.PK,PRO MEDICUS LTD ORD,PME.AX,7587,0.0018,AUSTRALIA,Healthcare,Healthcare Services & Equipment,Healthcare Equipment & Supplies
VFAWF.PK,QATAR NAVIGATION QPSC ORD,QNNC.QA,117362,0.0018,QATAR,Industrials,Transportation,Freight & Logistics Services
VFAWF.PK,TRAVELSKY TECHNOLOGY LTD ORD,0696.HK,175000,0.0018,CHINA,Technology,Software & IT Services,Software & IT Services
VFAWF.PK,KAKAKU.COM INC ORD,2371.T,23300,0.0018,JAPAN,Technology,Software & IT Services,Software & IT Services
VFAWF.PK,TORRENT PHARMACEUTICALS LTD ORD,TORP.NS,13994,0.0018,INDIA,Healthcare,Pharmaceuticals & Medical Research,Pharmaceuticals
VFAWF.PK,ITO EN LTD ORD,2593.T,11700,0.0018,JAPAN,Consumer Non-Cyclicals,Food & Beverages,Beverages
VFAWF.PK,CHINA AIRLINES LTD ORD,2610.TW,427000,0.0018,TAIWAN,Industrials,Transportation,Passenger Transportation Services
VFAWF.PK,YAPI VE KREDI BANKASI AS ORD,YKBNK.IS,641250,0.0018,TURKEY,Financials,Banking & Investment Services,Banking Services
VFAWF.PK,EMPERADOR INC ORD,EMI.PS,893800,0.0018,PHILIPPINES,Consumer Non-Cyclicals,Food & Beverages,Beverages
VFAWF.PK,ORION CORP ORD,271560.KS,3636,0.0017,KOREA,Consumer Non-Cyclicals,Food & Beverages,Food & Tobacco
VFAWF.PK,GS HOLDINGS CORP ORD,078930.KS,10814,0.0017,KOREA,Utilities,Utilities,Electric Utilities & IPPs
VFAWF.PK,BOC AVIATION LTD ORD,2588.HK,37700,0.0017,SINGAPORE,Financials,Banking & Investment Services,Banking Services
VFAWF.PK,KOJAMO OYJ ORD,KOJAMO.HE,33191,0.0017,FINLAND,Real Estate,Real Estate,Real Estate Operations
VFAWF.PK,YANGTZE OPTICAL FIBRE AND CABLE JOINT STOCK LTD CO ORD,601869.SS,67800,0.0017,CHINA,Technology,Technology Equipment,Communications & Networking
VFAWF.PK,CHINA NATIONAL NUCLEAR POWER CO LTD ORD,601985.SS,318400,0.0017,CHINA,Utilities,Utilities,Electric Utilities & IPPs
VFAWF.PK,DIGITAL TELECOMMUNICATIONS INFRASTRUCTURE FUND,TTMMF.PK,1109206,0.0017,THAILAND,Technology,Telecommunications Services,Telecommunications Services
VFAWF.PK,SUNGROW POWER SUPPLY CO LTD ORD,300274.SZ,21200,0.0017,CHINA,Energy,Renewable Energy,Renewable Energy
VFAWF.PK,OUTSURANCE GROUP LTD ORD,OUTJ.J,150715,0.0017,SOUTH AFRICA,Financials,Insurance,Insurance
VFAWF.PK,RELAXO FOOTWEARS LTD ORD,RLXO.NS,27617,0.0017,INDIA,Consumer Cyclicals,Cyclical Consumer Products,Textiles & Apparel
VFAWF.PK,FOSCHINI GROUP LTD ORD,TFGJ.J,54624,0.0017,SOUTH AFRICA,Consumer Cyclicals,Retailers,Specialty Retailers
VFAWF.PK,FERTIGLOBE PLC ORD,FERTIGLOBE.AD,324115,0.0017,UNITED ARAB EMIRATES,Basic Materials,Chemicals,Chemicals
VFAWF.PK,SEB SA,NULL,2801,0.0017,FRANCE,Unable to resolve all requested identifiers.,,
VFAWF.PK,AVIA AVIAN PT TBK ORD,AVIA.JK,7724700,0.0017,INDONESIA,Basic Materials,Chemicals,Chemicals
VFAWF.PK,PTT OIL AND RETAIL BUSINESS PCL ORD,ORf.BK,525400,0.0017,THAILAND,Energy,Energy - Fossil Fuels,Oil & Gas
VFAWF.PK,HUADIAN POWER INTERNATIONAL CORP LTD ORD,600027.SS,412900,0.0017,CHINA,Utilities,Utilities,Electric Utilities & IPPs
VFAWF.PK,WELCIA HOLDINGS CO LTD ORD,3141.T,17588,0.0017,JAPAN,Consumer Non-Cyclicals,Food & Drug Retailing,Food & Drug Retailing
VFAWF.PK,TAKARA HOLDINGS INC ORD,2531.T,37600,0.0017,JAPAN,Consumer Non-Cyclicals,Food & Beverages,Beverages
VFAWF.PK,LAND & HOUSE NVDR,LHn.BK,1314800,0.0017,THAILAND,Real Estate,Real Estate,Real Estate Operations
VFAWF.PK,FRAPORT FRANKFURT AIRPORT SERVICES WORLDWIDE AG ORD,FRAG.DE,6284,0.0017,GERMANY,Industrials,Transportation,Transport Infrastructure
VFAWF.PK,RATCH GROUP PCL ORD,RATCHf.BK,311400,0.0017,THAILAND,Utilities,Utilities,Electric Utilities & IPPs
VFAWF.PK,RENISHAW PLC ORD,RSW.L,6473,0.0017,UNITED KINGDOM,Industrials,Industrial Goods,"Machinery, Tools, Heavy Vehicles, Trains & Ships"
VFAWF.PK,HARVEY NORMAN HOLDINGS LTD ORD,HVN.AX,126236,0.0017,AUSTRALIA,Consumer Cyclicals,Retailers,Diversified Retail
VFAWF.PK,ANADOLU EFES BIRACILIK VE MALT SANAYII AS ORD,AEFES.IS,97038,0.0017,TURKEY,Consumer Non-Cyclicals,Food & Beverages,Beverages
VFAWF.PK,CASIO COMPUTER CO LTD ORD,6952.T,38600,0.0017,JAPAN,Technology,Technology Equipment,"Computers, Phones & Household Electronics"
VFAWF.PK,COCA-COLA BOTTLERS JAPAN HOLDINGS INC ORD,2579.T,28250,0.0017,JAPAN,Consumer Non-Cyclicals,Food & Beverages,Beverages
VFAWF.PK,DE' LONGHI SPA ORD,DLG.MI,12982,0.0017,ITALY,Consumer Cyclicals,Cyclical Consumer Products,Household Goods
VFAWF.PK,TERNA ENERGY SA ORD,TENr.AT,16718,0.0017,GREECE,Utilities,Utilities,Electric Utilities & IPPs
VFAWF.PK,SHO-BOND HOLDINGS CO LTD ORD,1414.T,7800,0.0017,JAPAN,Industrials,Industrial & Commercial Services,Construction & Engineering
VFAWF.PK,LG UPLUS CORP ORD,032640.KS,40497,0.0017,KOREA,Technology,Telecommunications Services,Telecommunications Services
VFAWF.PK,NANYA TECHNOLOGY CORP ORD,2408.TW,143000,0.0017,TAIWAN,Technology,Technology Equipment,Semiconductors & Semiconductor Equipment
VFAWF.PK,NARI TECHNOLOGY CO LTD ORD,600406.SS,92736,0.0017,CHINA,Technology,Software & IT Services,Software & IT Services
VFAWF.PK,TOKAI CARBON CO LTD ORD,5301.T,36700,0.0017,JAPAN,Basic Materials,Chemicals,Chemicals
VFAWF.PK,CHINA CSSC HOLDINGS LTD ORD,600150.SS,68400,0.0017,CHINA,Industrials,Industrial Goods,"Machinery, Tools, Heavy Vehicles, Trains & Ships"
VFAWF.PK,UNIPAR CARBOCLORO SA,UNIP6.SA,18800,0.0017,BRAZIL,Basic Materials,Chemicals,Chemicals
VFAWF.PK,SHANDONG HI-SPEED CO LTD ORD,600350.SS,353400,0.0017,CHINA,Industrials,Transportation,Transport Infrastructure
VFAWF.PK,COMPANHIA SIDERURGICA NACIONAL SA ORD,CSNA3.SA,109200,0.0017,BRAZIL,Basic Materials,Mineral Resources,Metals & Mining
VFAWF.PK,EURAZEO SE ORD,EURA.PA,5180,0.0017,FRANCE,Financials,Banking & Investment Services,Investment Banking & Investment Services
VFAWF.PK,RHB BANK BHD ORD,RHBC.KL,261159,0.0017,MALAYSIA,Financials,Banking & Investment Services,Banking Services
VFAWF.PK,SHANGHAI BAOSIGHT SOFTWARE CO LTD ORD,900926.SS,125869,0.0017,CHINA,Technology,Software & IT Services,Software & IT Services
VFAWF.PK,ROCKWOOL A/S ORD,ROCKb.CO,1187,0.0017,DENMARK,Consumer Cyclicals,Cyclical Consumer Products,Homebuilding & Construction Supplies
VFAWF.PK,SCSK CORP ORD,9719.T,20000,0.0017,JAPAN,Technology,Software & IT Services,Software & IT Services
VFAWF.PK,HACHIJUNI BANK LTD ORD,8359.T,64000,0.0017,JAPAN,Financials,Banking & Investment Services,Banking Services
VFAWF.PK,TONGWEI CO LTD ORD,600438.SS,64700,0.0017,CHINA,Energy,Renewable Energy,Renewable Energy
VFAWF.PK,HOCHTIEF AG ORD,HOTG.DE,3315,0.0017,GERMANY,Industrials,Industrial & Commercial Services,Construction & Engineering
VFAWF.PK,COMFORTDELGRO CORPORATION LTD ORD,CMDG.SI,332100,0.0017,SINGAPORE,Industrials,Transportation,Passenger Transportation Services
VFAWF.PK,NETLINK NBN TRUST,NETL.SI,494300,0.0017,SINGAPORE,Technology,Telecommunications Services,Telecommunications Services
VFAWF.PK,RAKUS CO LTD ORD,3923.T,17400,0.0016,JAPAN,Technology,Software & IT Services,Software & IT Services
VFAWF.PK,PETRONAS DAGANGAN BHD ORD,PETR.KL,59700,0.0016,MALAYSIA,Energy,Energy - Fossil Fuels,Oil & Gas
VFAWF.PK,HUA HONG SEMICONDUCTOR LTD ORD,1347.HK,88205,0.0016,CHINA,Technology,Technology Equipment,Semiconductors & Semiconductor Equipment
VFAWF.PK,NEW CHINA LIFE INSURANCE COMPANY LTD ORD,601336.SS,48100,0.0016,CHINA,Financials,Insurance,Insurance
VFAWF.PK,EMLAK KONUT GAYRIMENKUL YATIRIM ORTAKLIGI AS ORD,EKGYO.IS,957051,0.0016,TURKEY,Real Estate,Real Estate,Residential & Commercial REITs
VFAWF.PK,FAR EAST HORIZON LTD ORD,3360.HK,406000,0.0016,HONG KONG,Financials,Banking & Investment Services,Banking Services
VFAWF.PK,HANMI PHARM CO LTD ORD,128940.KS,1451,0.0016,KOREA,Healthcare,Pharmaceuticals & Medical Research,Pharmaceuticals
VFAWF.PK,TIANQI LITHIUM CORP ORD,002466.SZ,32200,0.0016,CHINA,Basic Materials,Chemicals,Chemicals
VFAWF.PK,SHENZHEN INOVANCE TECHNOLOGY CO LTD ORD,300124.SZ,30100,0.0016,CHINA,Industrials,Industrial Goods,"Machinery, Tools, Heavy Vehicles, Trains & Ships"
VFAWF.PK,AIER EYE HOSPITAL GROUP CO LTD ORD,300015.SZ,107804,0.0016,CHINA,Healthcare,Healthcare Services & Equipment,Healthcare Providers & Services
VFAWF.PK,JSW ENERGY LTD ORD,JSWE.NS,89400,0.0016,INDIA,Utilities,Utilities,Electric Utilities & IPPs
VFAWF.PK,ELANG MAHKOTA TEKNOLOGI TBK PT ORD,EMTK.JK,7216800,0.0016,INDONESIA,Consumer Cyclicals,Cyclical Consumer Services,Media & Publishing
VFAWF.PK,DALMIA BHARAT LTD ORD,DALB.NS,13046,0.0016,INDIA,Basic Materials,Mineral Resources,Construction Materials
VFAWF.PK,HANSOH PHARMACEUTICAL GROUP COMPANY LTD ORD,3692.HK,188000,0.0016,CHINA,Healthcare,Pharmaceuticals & Medical Research,Pharmaceuticals
VFAWF.PK,LUFAX HLDG 2 ADS REP ORD,LU.N,176080,0.0016,CHINA,Financials,Banking & Investment Services,Banking Services
VFAWF.PK,GANFENG LITHIUM GROUP CO LTD ORD,1772.HK,48840,0.0016,CHINA,Basic Materials,Chemicals,Chemicals
VFAWF.PK,THAI LIFE INSURANCE PCL ORD,TLIf.BK,959800,0.0016,THAILAND,Financials,Insurance,Insurance
VFAWF.PK,MINISO GROUP HOLD ADR REP 4 ORD,MNSO.N,14522,0.0016,CHINA,Consumer Cyclicals,Retailers,Diversified Retail
VFAWF.PK,SCG PACKAGING PCL ORD,SCGPf.BK,253400,0.0016,THAILAND,Basic Materials,Applied Resources,Containers & Packaging
VFAWF.PK,SAUDIA DAIRY & FOODSTUFF COMPANY SJSC ORD,2270.SE,3155,0.0016,SAUDI ARABIA,Consumer Non-Cyclicals,Food & Beverages,Food & Tobacco
VFAWF.PK,WEICHAI POWER CO LTD ORD,000338.SZ,164700,0.0016,CHINA,Consumer Cyclicals,Automobiles & Auto Parts,Automobiles & Auto Parts
VFAWF.PK,SIMS LTD ORD,SGM.AX,29011,0.0016,AUSTRALIA,Basic Materials,Mineral Resources,Metals & Mining
VFAWF.PK,BRAZILIAN ELECTRIC POWER CO,ELET6.SA,33400,0.0016,BRAZIL,Utilities,Utilities,Electric Utilities & IPPs
VFAWF.PK,NIHON M&A CENTER HOLDINGS INC ORD,2127.T,54200,0.0016,JAPAN,Industrials,Industrial & Commercial Services,Professional & Commercial Services
VFAWF.PK,UBE CORP ORD,4208.T,16200,0.0016,JAPAN,Basic Materials,Chemicals,Chemicals
VFAWF.PK,SUGI HOLDINGS CO LTD ORD,7649.T,6900,0.0016,JAPAN,Consumer Non-Cyclicals,Food & Drug Retailing,Food & Drug Retailing
VFAWF.PK,SUMITOMO RUBBER INDUSTRIES LTD ORD,5110.T,29700,0.0016,JAPAN,Consumer Cyclicals,Automobiles & Auto Parts,Automobiles & Auto Parts
VFAWF.PK,ALPS ALPINE CO LTD ORD,6770.T,35300,0.0016,JAPAN,Technology,Technology Equipment,Electronic Equipment & Parts
VFAWF.PK,ASELSAN ELEKTRONIK SANAYI VE TICARET AS ORD,ASELS.IS,106852,0.0016,TURKEY,Industrials,Industrial Goods,Aerospace & Defense
VFAWF.PK,ACC LTD ORD,ACC.NS,12611,0.0016,INDIA,Basic Materials,Mineral Resources,Construction Materials
VFAWF.PK,BANK OF EAST ASIA LTD ORD,0023.HK,204800,0.0016,HONG KONG,Financials,Banking & Investment Services,Banking Services
VFAWF.PK,DMG MORI CO LTD ORD,6141.T,17900,0.0016,JAPAN,Industrials,Industrial Goods,"Machinery, Tools, Heavy Vehicles, Trains & Ships"
VFAWF.PK,NH INVESTMENT & SECURITIES CO LTD ORD,005940.KS,38107,0.0016,KOREA,Financials,Banking & Investment Services,Investment Banking & Investment Services
VFAWF.PK,DUBAI INVESTMENTS PJSC ORD,DINV.DU,472986,0.0016,UNITED ARAB EMIRATES,Consumer Non-Cyclicals,Consumer Goods Conglomerates,Consumer Goods Conglomerates
VFAWF.PK,METROPOLITAN BANK AND TRUST CO ORD,MBT.PS,281742,0.0016,PHILIPPINES,Financials,Banking & Investment Services,Banking Services
VFAWF.PK,WALSIN TECHNOLOGY CORP ORD,2492.TW,100000,0.0016,TAIWAN,Technology,Technology Equipment,Electronic Equipment & Parts
VFAWF.PK,YAMAMA CEMENT COMPANY SJSC ORD,3020.SE,32587,0.0016,SAUDI ARABIA,Basic Materials,Mineral Resources,Construction Materials
VFAWF.PK,YAMAZAKI BAKING CO LTD ORD,2212.T,21100,0.0016,JAPAN,Consumer Non-Cyclicals,Food & Beverages,Food & Tobacco
VFAWF.PK,TOHO GAS CO LTD ORD,9533.T,16200,0.0016,JAPAN,Utilities,Utilities,Natural Gas Utilities
VFAWF.PK,CHINA TAIPING INSURANCE HOLDINGS CO LTD ORD,0966.HK,269909,0.0016,HONG KONG,Financials,Insurance,Insurance
VFAWF.PK,NIPPON SHOKUBAI CO LTD ORD,4114.T,8000,0.0016,JAPAN,Basic Materials,Chemicals,Chemicals
VFAWF.PK,ATHENS WATER SUPPLY AND SEWERAGE COMPANY SA ORD,EYDr.AT,39462,0.0016,GREECE,Utilities,Utilities,Water & Related Utilities
VFAWF.PK,GLENMARK PHARMACEUTICALS LTD ORD,GLEN.NS,31984,0.0016,INDIA,Healthcare,Pharmaceuticals & Medical Research,Pharmaceuticals
VFAWF.PK,CSR LTD ORD,CSR.AX,80191,0.0016,AUSTRALIA,Basic Materials,Mineral Resources,Construction Materials
VFAWF.PK,KANGWON LAND INC ORD,035250.KS,25176,0.0016,KOREA,Consumer Cyclicals,Cyclical Consumer Services,Hotels & Entertainment Services
VFAWF.PK,CTEEP COMPANHIA DE TRANSMISSAO DE ENERGIA ELETRICA PAULISTA,TRPL4.SA,57600,0.0016,BRAZIL,Utilities,Utilities,Electric Utilities & IPPs
VFAWF.PK,ZEON CORP ORD,4205.T,27800,0.0016,JAPAN,Basic Materials,Chemicals,Chemicals
VFAWF.PK,INDAH KIAT PULP & PAPER TBK PT ORD,INKP.JK,489100,0.0016,INDONESIA,Basic Materials,Applied Resources,Paper & Forest Products
VFAWF.PK,HEIWA CORP ORD,6412.T,17600,0.0016,JAPAN,Consumer Cyclicals,Cyclical Consumer Services,Hotels & Entertainment Services
VFAWF.PK,CHINA INTERNATIONAL CAPITAL CORP LTD ORD,601995.SS,54400,0.0016,CHINA,Financials,Banking & Investment Services,Investment Banking & Investment Services
VFAWF.PK,MONETA MONEY BANK AS ORD,MONET.PR,73371,0.0015,CZECH REPUBLIC,Financials,Banking & Investment Services,Banking Services
VFAWF.PK,UNITED INTERNET AG ORD,UTDI.DE,18410,0.0015,GERMANY,Technology,Telecommunications Services,Telecommunications Services
VFAWF.PK,CHINA RAILWAY SIGNAL & COMMUNICATION CORP LTD ORD,3969.HK,777000,0.0015,CHINA,Industrials,Industrial Goods,"Machinery, Tools, Heavy Vehicles, Trains & Ships"
VFAWF.PK,CHINA CINDA ASSET MANAGEMENT CO LTD ORD,1359.HK,2769000,0.0015,CHINA,Financials,Banking & Investment Services,Investment Banking & Investment Services
VFAWF.PK,SHAANXI COAL INDUSTRY CO LTD ORD,601225.SS,128400,0.0015,CHINA,Energy,Energy - Fossil Fuels,Coal
VFAWF.PK,TAISHO PHARMACEUTICAL HOLDINGS CO LTD ORD,4581.T,7600,0.0015,JAPAN,Healthcare,Pharmaceuticals & Medical Research,Pharmaceuticals
VFAWF.PK,ZENKOKU HOSHO CO LTD ORD,7164.T,8200,0.0015,JAPAN,Financials,Banking & Investment Services,Banking Services
VFAWF.PK,REGION RE LTD,RGN.AX,173105,0.0015,AUSTRALIA,Real Estate,Real Estate,Residential & Commercial REITs
VFAWF.PK,SARANA MENARA NUSANTARA TBK PT ORD,TOWR.JK,4276200,0.0015,INDONESIA,Technology,Telecommunications Services,Telecommunications Services
VFAWF.PK,LIFE HEALTHCARE GROUP HOLDINGS LTD ORD,LHCJ.J,239886,0.0015,SOUTH AFRICA,Healthcare,Healthcare Services & Equipment,Healthcare Providers & Services
VFAWF.PK,CHONGQING ZHIFEI BIOLOGICAL PRODUCTS CO LTD ORD,300122.SZ,43650,0.0015,CHINA,Healthcare,Pharmaceuticals & Medical Research,Pharmaceuticals
VFAWF.PK,CHINA SUNTIEN GREEN ENERGY CORP LTD ORD,0956.HK,773000,0.0015,CHINA,Utilities,Utilities,Natural Gas Utilities
VFAWF.PK,QINGDAO RURAL COMMERCIAL BANK CORP ORD,002958.SZ,694800,0.0015,CHINA,Financials,Banking & Investment Services,Banking Services
VFAWF.PK,SK BIOPHARMACEUTICALS CO LTD ORD,326030.KS,4360,0.0015,KOREA,Healthcare,Pharmaceuticals & Medical Research,Pharmaceuticals
VFAWF.PK,GDS HOLDINGS LTD ORD,9698.HK,171385,0.0015,CHINA,Technology,Software & IT Services,Software & IT Services
VFAWF.PK,HUAXIN CEMENT CO LTD ORD,6655.HK,300600,0.0015,CHINA,Basic Materials,Mineral Resources,Construction Materials
VFAWF.PK,AAC TECHNOLOGIES HOLDINGS INC ORD,2018.HK,129000,0.0015,CHINA,Technology,Technology Equipment,Electronic Equipment & Parts
VFAWF.PK,KENEDIX OFFICE INVESTMENT CORP ORD,8972.T,122,0.0015,JAPAN,Real Estate,Real Estate,Residential & Commercial REITs
VFAWF.PK,STAR HEALTH AND ALLIED INSURANCE COMPANY LTD ORD,STAU.NS,37393,0.0015,INDIA,Financials,Insurance,Insurance
VFAWF.PK,F&F CO LTD ORD,383220.KS,3420,0.0015,KOREA,Consumer Cyclicals,Cyclical Consumer Products,Textiles & Apparel
VFAWF.PK,THAI OIL PCL ORD,TOPf.BK,192800,0.0015,THAILAND,Energy,Energy - Fossil Fuels,Oil & Gas
VFAWF.PK,SINOTRUK HONG KONG LTD ORD,3808.HK,132000,0.0015,CHINA,Industrials,Industrial Goods,"Machinery, Tools, Heavy Vehicles, Trains & Ships"
VFAWF.PK,EMAMI LTD ORD,EMAM.NS,50854,0.0015,INDIA,Consumer Non-Cyclicals,Personal & Household Products & Services,Personal & Household Products & Services
VFAWF.PK,ZHAOJIN MINING INDUSTRY CO LTD ORD,1818.HK,192500,0.0015,CHINA,Basic Materials,Mineral Resources,Metals & Mining
VFAWF.PK,CAPITALAND ASCOTT TRUST,CAPS.SI,336275,0.0015,SINGAPORE,Real Estate,Real Estate,Residential & Commercial REITs
VFAWF.PK,SAUDI RESEARCH AND MEDIA GROUP SJSC ORD,4210.SE,5577,0.0015,SAUDI ARABIA,Consumer Cyclicals,Cyclical Consumer Services,Media & Publishing
VFAWF.PK,PENTA-OCEAN CONSTRUCTION CO LTD ORD,1893.T,51500,0.0015,JAPAN,Industrials,Industrial & Commercial Services,Construction & Engineering
VFAWF.PK,INDUSTRIAS PENOLES SAB DE CV ORD,PEOLES.MX,19655,0.0015,MEXICO,Basic Materials,Mineral Resources,Metals & Mining
VFAWF.PK,LAND AND HOUSES PCL ORD,LHf.BK,1170300,0.0015,THAILAND,Real Estate,Real Estate,Real Estate Operations
VFAWF.PK,MITSUBISHI LOGISTICS CORP ORD,9301.T,11700,0.0015,JAPAN,Industrials,Transportation,Transport Infrastructure
VFAWF.PK,HANWHA OCEAN CO LTD ORD,042660.KS,8017,0.0015,KOREA,Industrials,Industrial Goods,"Machinery, Tools, Heavy Vehicles, Trains & Ships"
VFAWF.PK,GOLDWIND SCIENCE & TECHNOLOGY CO LTD ORD,002202.SZ,177600,0.0015,CHINA,Energy,Renewable Energy,Renewable Energy
VFAWF.PK,ZHANGZHOU PIENTZEHUANG PHARMACEUTICAL CO LTD ORD,600436.SS,7100,0.0015,CHINA,Healthcare,Pharmaceuticals & Medical Research,Pharmaceuticals
VFAWF.PK,BIOCON LTD ORD,BION.NS,89749,0.0015,INDIA,Healthcare,Pharmaceuticals & Medical Research,Biotechnology & Medical Research
VFAWF.PK,KIMBERLY-CLARK DE MEXICO SAB DE CV ORD,KIMBERA.MX,121400,0.0015,MEXICO,Consumer Non-Cyclicals,Personal & Household Products & Services,Personal & Household Products & Services
VFAWF.PK,SKC CO LTD ORD,011790.KS,3553,0.0015,KOREA,Basic Materials,Chemicals,Chemicals
VFAWF.PK,BERGER PAINTS INDIA LTD ORD,BRGR.NS,33504,0.0015,INDIA,Basic Materials,Chemicals,Chemicals
VFAWF.PK,KUMHO PETRO CHEMICAL CO LTD ORD,011780.KS,3045,0.0015,KOREA,Consumer Cyclicals,Automobiles & Auto Parts,Automobiles & Auto Parts
VFAWF.PK,INDRAPRASTHA GAS LTD ORD,IGAS.NS,51750,0.0015,INDIA,Utilities,Utilities,Natural Gas Utilities
VFAWF.PK,DESCENTE LTD ORD,8114.T,9800,0.0015,JAPAN,Consumer Cyclicals,Cyclical Consumer Products,Textiles & Apparel
VFAWF.PK,SIME DARBY BHD ORD,SIME.KL,590500,0.0015,MALAYSIA,Consumer Non-Cyclicals,Consumer Goods Conglomerates,Consumer Goods Conglomerates
VFAWF.PK,FLAT GLASS GROUP CO LTD ORD,6865.HK,96000,0.0015,CHINA,Energy,Renewable Energy,Renewable Energy
VFAWF.PK,ENEL CHILE SA ORD,ENELCHILE.SN,3906571,0.0014,CHILE,Utilities,Utilities,Electric Utilities & IPPs
VFAWF.PK,JEOL LTD ORD,6951.T,7600,0.0014,JAPAN,Technology,Technology Equipment,Office Equipment
VFAWF.PK,BECLE SAB DE CV ORD,CUERVO.MX,104700,0.0014,MEXICO,Consumer Non-Cyclicals,Food & Beverages,Beverages
VFAWF.PK,KYUSHU FINANCIAL GROUP INC ORD,7180.T,53440,0.0014,JAPAN,Financials,Banking & Investment Services,Banking Services
VFAWF.PK,LIVZON PHARMACEUTICAL GROUP INC ORD,1513.HK,78900,0.0014,CHINA,Healthcare,Pharmaceuticals & Medical Research,Pharmaceuticals
VFAWF.PK,OBEROI REALTY LTD ORD,OEBO.NS,20056,0.0014,INDIA,Real Estate,Real Estate,Real Estate Operations
VFAWF.PK,CHONGQING RURAL COMMERCIAL BANK CO LTD ORD,3618.HK,718000,0.0014,CHINA,Financials,Banking & Investment Services,Banking Services
VFAWF.PK,BBMG CORP ORD,601992.SS,803900,0.0014,CHINA,Basic Materials,Mineral Resources,Construction Materials
VFAWF.PK,SHANGHAI PHARMACEUTICALS HOLDING CO LTD ORD,2607.HK,145100,0.0014,CHINA,Healthcare,Pharmaceuticals & Medical Research,Pharmaceuticals
VFAWF.PK,GRIFOLS SA,GRLSbn.MC,25320,0.0014,SPAIN,Healthcare,Pharmaceuticals & Medical Research,Pharmaceuticals
VFAWF.PK,NAURA TECHNOLOGY GROUP CO LTD ORD,002371.SZ,6600,0.0014,CHINA,Technology,Technology Equipment,Semiconductors & Semiconductor Equipment
VFAWF.PK,RELO GROUP INC ORD,8876.T,18800,0.0014,JAPAN,Real Estate,Real Estate,Real Estate Operations
VFAWF.PK,FILA HOLDINGS CORP ORD,081660.KS,8564,0.0014,KOREA,Consumer Cyclicals,Retailers,Specialty Retailers
VFAWF.PK,DAIICHIKOSHO CO LTD ORD,7458.T,12800,0.0014,JAPAN,Consumer Cyclicals,Cyclical Consumer Services,Media & Publishing
VFAWF.PK,NHPC LTD ORD,NHPC.NS,424533,0.0014,INDIA,Utilities,Utilities,Electric Utilities & IPPs
VFAWF.PK,GUJARAT FLUOROCHEMICALS LTD ORD,GUJL.NS,8156,0.0014,INDIA,Basic Materials,Chemicals,Chemicals
VFAWF.PK,KATITAS CO LTD ORD,8919.T,14800,0.0014,JAPAN,Real Estate,Real Estate,Real Estate Operations
VFAWF.PK,EURAZEO SE PRIMES DE FIDELITE 2025,NULL,4438,0.0014,NULL,Unable to resolve all requested identifiers.,,
VFAWF.PK,MONDE NISSIN CORP ORD,MONDE.PS,1739600,0.0014,PHILIPPINES,Consumer Non-Cyclicals,Food & Beverages,Food & Tobacco
VFAWF.PK,PEPCO GROUP NV ORD,PCOP.WA,30465,0.0014,UNITED KINGDOM,Consumer Cyclicals,Retailers,Diversified Retail
VFAWF.PK,HONEYWELL AUTOMATION INDIA LTD ORD,HONE.NS,497,0.0014,INDIA,Technology,Technology Equipment,Electronic Equipment & Parts
VFAWF.PK,WYNN MACAU LTD ORD,1128.HK,256400,0.0014,MACAU,Consumer Cyclicals,Cyclical Consumer Services,Hotels & Entertainment Services
VFAWF.PK,FRESNILLO PLC ORD,FRES.L,33855,0.0014,MEXICO,Basic Materials,Mineral Resources,Metals & Mining
VFAWF.PK,MORI HILLS REIT INVESTMENT CORP ORD,3234.T,259,0.0014,JAPAN,Real Estate,Real Estate,Residential & Commercial REITs
VFAWF.PK,RTL GROUP SA ORD,AUDK.LU,6304,0.0014,LUXEMBOURG,Consumer Cyclicals,Cyclical Consumer Services,Media & Publishing
VFAWF.PK,CAPITAL SECURITIES CORP ORD,6005.TW,525920,0.0014,TAIWAN,Financials,Banking & Investment Services,Investment Banking & Investment Services
VFAWF.PK,UNILEVER INDONESIA TBK PT ORD,UNVR.JK,1035800,0.0014,INDONESIA,Consumer Non-Cyclicals,Personal & Household Products & Services,Personal & Household Products & Services
VFAWF.PK,KRUNGTHAI CARD PCL ORD,KTCf.BK,199500,0.0014,THAILAND,Financials,Banking & Investment Services,Banking Services
VFAWF.PK,OKUMA CORP ORD,6103.T,5400,0.0014,JAPAN,Industrials,Industrial Goods,"Machinery, Tools, Heavy Vehicles, Trains & Ships"
VFAWF.PK,KANEKA CORP ORD,4118.T,8900,0.0014,JAPAN,Basic Materials,Chemicals,Chemicals
VFAWF.PK,KONICA MINOLTA INC ORD,4902.T,74300,0.0014,JAPAN,Technology,Technology Equipment,Office Equipment
VFAWF.PK,HAITIAN INTERNATIONAL HOLDINGS LTD ORD,1882.HK,110000,0.0014,CHINA,Industrials,Industrial Goods,"Machinery, Tools, Heavy Vehicles, Trains & Ships"
VFAWF.PK,BHARAT HEAVY ELECTRICALS LTD ORD,BHEL.NS,212738,0.0014,INDIA,Industrials,Industrial Goods,"Machinery, Tools, Heavy Vehicles, Trains & Ships"
VFAWF.PK,PIGEON CORP ORD,7956.T,20100,0.0014,JAPAN,Consumer Non-Cyclicals,Personal & Household Products & Services,Personal & Household Products & Services
VFAWF.PK,K'S HOLDINGS CORP ORD,8282.T,28400,0.0014,JAPAN,Consumer Cyclicals,Retailers,Specialty Retailers
VFAWF.PK,WAN HAI LINES LTD ORD,2615.TW,170085,0.0014,TAIWAN,Industrials,Transportation,Freight & Logistics Services
VFAWF.PK,SAMSUNG SECURITIES CO LTD ORD,016360.KS,9441,0.0014,KOREA,Financials,Banking & Investment Services,Investment Banking & Investment Services
VFAWF.PK,DAIDO STEEL CO LTD ORD,5471.T,6000,0.0014,JAPAN,Basic Materials,Mineral Resources,Metals & Mining
VFAWF.PK,AKER ASA ORD,AKER.OL,4091,0.0014,NORWAY,Energy,Energy - Fossil Fuels,Oil & Gas
VFAWF.PK,NATIONAL INDUSTRIALIZATION COMPANY SJSC ORD,2060.SE,68765,0.0014,SAUDI ARABIA,Basic Materials,Chemicals,Chemicals
VFAWF.PK,HIROGIN HOLDINGS INC ORD,7337.T,43000,0.0014,JAPAN,Financials,Banking & Investment Services,Banking Services
VFAWF.PK,KAGOME CO LTD ORD,2811.T,11800,0.0014,JAPAN,Consumer Non-Cyclicals,Food & Beverages,Food & Tobacco
VFAWF.PK,NIPPON ELECTRIC GLASS CO LTD ORD,5214.T,14200,0.0014,JAPAN,Technology,Technology Equipment,Electronic Equipment & Parts
VFAWF.PK,CHINA EVERBRIGHT ENVIRONMENT GROUP LTD ORD,0257.HK,668814,0.0014,HONG KONG,Utilities,Utilities,Multiline Utilities
VFAWF.PK,PARK24 CO LTD ORD,4666.T,20400,0.0014,JAPAN,Industrials,Transportation,Transport Infrastructure
VFAWF.PK,YAMATO KOGYO CO LTD ORD,5444.T,5700,0.0014,JAPAN,Basic Materials,Mineral Resources,Metals & Mining
VFAWF.PK,ANHUI EXPRESSWAY CO LTD ORD,600012.SS,186200,0.0014,CHINA,Industrials,Transportation,Transport Infrastructure
VFAWF.PK,RAJESH EXPORTS LTD ORD,REXP.NS,40861,0.0014,INDIA,Consumer Cyclicals,Cyclical Consumer Products,Textiles & Apparel
VFAWF.PK,STATE BANK OF INDIA GDR,SBIq.L,3423,0.0014,INDIA,Financials,Banking & Investment Services,Banking Services
VFAWF.PK,ZYDUS LIFESCIENCES LTD ORD,ZYDU.NS,34452,0.0014,INDIA,Healthcare,Pharmaceuticals & Medical Research,Pharmaceuticals
VFAWF.PK,SEMEN INDONESIA (PERSERO) TBK PT ORD,SMGR.JK,581501,0.0014,INDONESIA,Basic Materials,Mineral Resources,Construction Materials
VFAWF.PK,KEWPIE CORP ORD,2809.T,16500,0.0014,JAPAN,Consumer Non-Cyclicals,Food & Beverages,Food & Tobacco
VFAWF.PK,DELEK GROUP LTD ORD,DLEKG.TA,1872,0.0014,ISRAEL,Energy,Energy - Fossil Fuels,Oil & Gas
VFAWF.PK,CHONGQING CHANGAN AUTOMOBILE CO LTD ORD,000625.SZ,121394,0.0014,CHINA,Consumer Cyclicals,Automobiles & Auto Parts,Automobiles & Auto Parts
VFAWF.PK,USHIO INC ORD,6925.T,18600,0.0014,JAPAN,Industrials,Industrial Goods,"Machinery, Tools, Heavy Vehicles, Trains & Ships"
VFAWF.PK,COMPANIA SUD AMERICANA DE VAPORES SA ORD,VAPORES.SN,3648743,0.0014,CHILE,Industrials,Transportation,Freight & Logistics Services
VFAWF.PK,HOUSE FOODS GROUP INC ORD,2810.T,11600,0.0014,JAPAN,Consumer Non-Cyclicals,Food & Beverages,Food & Tobacco
VFAWF.PK,LAURUS LABS LTD ORD,LAUL.NS,62537,0.0014,INDIA,Healthcare,Pharmaceuticals & Medical Research,Pharmaceuticals
VFAWF.PK,NIEN MADE ENTERPRISE CO LTD ORD,8464.TW,24000,0.0013,TAIWAN,Consumer Cyclicals,Cyclical Consumer Products,Household Goods
VFAWF.PK,MABUCHI MOTOR CO LTD ORD,6592.T,8300,0.0013,JAPAN,Industrials,Industrial Goods,"Machinery, Tools, Heavy Vehicles, Trains & Ships"
VFAWF.PK,MOMO COM INC ORD,8454.TW,13320,0.0013,TAIWAN,Consumer Cyclicals,Retailers,Diversified Retail
VFAWF.PK,ZOOMLION HEAVY INDUSTRY SCIENCE AND TECHNOLOGY CO LTD ORD,1157.HK,456600,0.0013,CHINA,Industrials,Industrial Goods,"Machinery, Tools, Heavy Vehicles, Trains & Ships"
VFAWF.PK,CALBEE INC ORD,2229.T,12600,0.0013,JAPAN,Consumer Non-Cyclicals,Food & Beverages,Food & Tobacco
VFAWF.PK,E-MART INC ORD,139480.KS,4129,0.0013,KOREA,Consumer Non-Cyclicals,Food & Drug Retailing,Food & Drug Retailing
VFAWF.PK,L'OCCITANE INTERNATIONAL SA ORD,0973.HK,82750,0.0013,LUXEMBOURG,Consumer Non-Cyclicals,Personal & Household Products & Services,Personal & Household Products & Services
VFAWF.PK,SATS LTD ORD,SATS.SI,116556,0.0013,SINGAPORE,Industrials,Transportation,Transport Infrastructure
VFAWF.PK,INDOFOOD CBP SUKSES MAKMUR TBK PT ORD,ICBP.JK,342500,0.0013,INDONESIA,Consumer Non-Cyclicals,Food & Beverages,Food & Tobacco
VFAWF.PK,RLX TECHNOLOGY ADS REP CL A ORD,RLX.N,137503,0.0013,CHINA,Consumer Non-Cyclicals,Food & Beverages,Food & Tobacco
VFAWF.PK,CHINA RESOURCES CEMENT HOLDINGS LTD ORD,1313.HK,586000,0.0013,HONG KONG,Basic Materials,Mineral Resources,Construction Materials
VFAWF.PK,TRINA SOLAR CO LTD ORD,688599.SS,45259,0.0013,CHINA,Energy,Renewable Energy,Renewable Energy
VFAWF.PK,PEARLABYSS CORP ORD,263750.KQ,5681,0.0013,KOREA,Technology,Software & IT Services,Software & IT Services
VFAWF.PK,KAKAOPAY CORP ORD,377300.KS,6520,0.0013,KOREA,Technology,Financial Technology (Fintech) & Infrastructure,Financial Technology (Fintech) & Infrastructure
VFAWF.PK,AIR ARABIA PJSC ORD,AIRA.DU,350288,0.0013,UNITED ARAB EMIRATES,Industrials,Transportation,Passenger Transportation Services
VFAWF.PK,POLY DEVELOPMENTS AND HOLDINGS GROUP CO LTD ORD,600048.SS,126600,0.0013,CHINA,Real Estate,Real Estate,Real Estate Operations
VFAWF.PK,KUMBA IRON ORE LTD ORD,KIOJ.J,9174,0.0013,SOUTH AFRICA,Basic Materials,Mineral Resources,Metals & Mining
VFAWF.PK,ADVANCED PETROCHEMICAL CO SJSC ORD,2330.SE,20652,0.0013,SAUDI ARABIA,Basic Materials,Chemicals,Chemicals
VFAWF.PK,DONGFENG MOTOR GROUP CO LTD ORD,0489.HK,524000,0.0013,CHINA,Consumer Cyclicals,Automobiles & Auto Parts,Automobiles & Auto Parts
VFAWF.PK,CELLTRION PHARM INC ORD,068760.KQ,3468,0.0013,KOREA,Healthcare,Pharmaceuticals & Medical Research,Pharmaceuticals
VFAWF.PK,TEVA PHARMA IND ADR REP 1 ORD,TEVA.N,29508,0.0013,ISRAEL,Healthcare,Pharmaceuticals & Medical Research,Pharmaceuticals
VFAWF.PK,THAI UNION GROUP PCL ORD,TUf.BK,631800,0.0013,THAILAND,Consumer Non-Cyclicals,Food & Beverages,Food & Tobacco
VFAWF.PK,U-MING MARINE TRANSPORT CORP ORD,2606.TW,187000,0.0013,TAIWAN,Industrials,Transportation,Freight & Logistics Services
VFAWF.PK,NIPPON KAYAKU CO LTD ORD,4272.T,27200,0.0013,JAPAN,Basic Materials,Chemicals,Chemicals
VFAWF.PK,SUMITOMO BAKELITE CO LTD ORD,4203.T,5600,0.0013,JAPAN,Basic Materials,Chemicals,Chemicals
VFAWF.PK,IYOGIN HOLDINGS INC ORD,5830.T,35200,0.0013,JAPAN,Financials,Banking & Investment Services,Banking Services
VFAWF.PK,JCDECAUX SE ORD,JCDX.PA,12791,0.0013,FRANCE,Consumer Cyclicals,Cyclical Consumer Services,Media & Publishing
VFAWF.PK,BANGKOK BANK PCL ORD,BBLf.BK,50500,0.0013,THAILAND,Financials,Banking & Investment Services,Banking Services
VFAWF.PK,BATA INDIA LTD ORD,BATA.NS,11483,0.0013,INDIA,Consumer Cyclicals,Cyclical Consumer Products,Textiles & Apparel
VFAWF.PK,DIC CORP ORD,4631.T,12700,0.0013,JAPAN,Basic Materials,Chemicals,Chemicals
VFAWF.PK,MOBILE TELECOMMUNICATIONS COMPANY SAUDI ARABIA SJSC ORD,7030.SE,70914,0.0013,SAUDI ARABIA,Technology,Telecommunications Services,Telecommunications Services
VFAWF.PK,WUXI WEIFU HIGH TECH GROUP CO LTD ORD,200581.SZ,176900,0.0013,CHINA,Consumer Cyclicals,Automobiles & Auto Parts,Automobiles & Auto Parts
VFAWF.PK,AMANO CORP ORD,6436.T,10800,0.0013,JAPAN,Technology,Technology Equipment,Office Equipment
VFAWF.PK,SOTETSU HOLDINGS INC ORD,9003.T,12300,0.0013,JAPAN,Industrials,Transportation,Passenger Transportation Services
VFAWF.PK,KYUDENKO CORP ORD,1959.T,8800,0.0013,JAPAN,Industrials,Industrial & Commercial Services,Construction & Engineering
VFAWF.PK,SHANGHAI JIN JIANG INTERNATIONAL HOTELS CO LTD ORD,900934.SS,127300,0.0013,CHINA,Consumer Cyclicals,Cyclical Consumer Services,Hotels & Entertainment Services
VFAWF.PK,GS YUASA CORP ORD,6674.T,12700,0.0013,JAPAN,Industrials,Industrial Goods,"Machinery, Tools, Heavy Vehicles, Trains & Ships"
VFAWF.PK,MORINAGA MILK INDUSTRY CO LTD ORD,2264.T,7200,0.0013,JAPAN,Consumer Non-Cyclicals,Food & Beverages,Food & Tobacco
VFAWF.PK,BIPROGY INC ORD,8056.T,10400,0.0013,JAPAN,Technology,Software & IT Services,Software & IT Services
VFAWF.PK,KOREA INVESTMENT HOLDINGS CO LTD ORD,071050.KS,6293,0.0013,KOREA,Financials,Banking & Investment Services,Investment Banking & Investment Services
VFAWF.PK,BEIJING ENTERPRISES WATER GROUP LTD ORD,0371.HK,1008000,0.0013,HONG KONG,Utilities,Utilities,Water & Related Utilities
VFAWF.PK,MANILA ELECTRIC CO ORD,MER.PS,36990,0.0013,PHILIPPINES,Utilities,Utilities,Electric Utilities & IPPs
VFAWF.PK,HYUNDAI MIPO DOCKYARD CO LTD ORD,010620.KS,3433,0.0013,KOREA,Industrials,Industrial Goods,"Machinery, Tools, Heavy Vehicles, Trains & Ships"
VFAWF.PK,TAIWAN FERTILIZER CO LTD ORD,1722.TW,122000,0.0013,TAIWAN,Basic Materials,Chemicals,Chemicals
VFAWF.PK,ICADE SA ORD,ICAD.PA,5879,0.0013,FRANCE,Real Estate,Real Estate,Residential & Commercial REITs
VFAWF.PK,DOWA HOLDINGS CO LTD ORD,5714.T,7500,0.0013,JAPAN,Basic Materials,Mineral Resources,Metals & Mining
VFAWF.PK,AEON REIT INVESTMENT CORP ORD,3292.T,241,0.0013,JAPAN,Real Estate,Real Estate,Residential & Commercial REITs
VFAWF.PK,CHINA RESOURCES PHARMACEUTICAL GROUP LTD ORD,3320.HK,305000,0.0012,HONG KONG,Healthcare,Pharmaceuticals & Medical Research,Pharmaceuticals
VFAWF.PK,AVI LTD ORD,AVIJ.J,55448,0.0012,SOUTH AFRICA,Consumer Non-Cyclicals,Food & Beverages,Food & Tobacco
VFAWF.PK,HL MANDO CORP ORD,204320.KS,6468,0.0012,KOREA,Consumer Cyclicals,Automobiles & Auto Parts,Automobiles & Auto Parts
VFAWF.PK,KOTOBUKI SPIRITS CO LTD ORD,2222.T,3100,0.0012,JAPAN,Consumer Non-Cyclicals,Food & Beverages,Food & Tobacco
VFAWF.PK,SODEXHO S A ORD,NULL,2160,0.0012,FRANCE,Unable to resolve all requested identifiers.,,
VFAWF.PK,ASMEDIA TECHNOLOGY INC ORD,5269.TW,7000,0.0012,TAIWAN,Technology,Technology Equipment,Semiconductors & Semiconductor Equipment
VFAWF.PK,LOTTE ENERGY MATERIALS CORP ORD,020150.KS,5350,0.0012,KOREA,Technology,Technology Equipment,Semiconductors & Semiconductor Equipment
VFAWF.PK,SHENZHEN DYNANONIC CO LTD ORD,300769.SZ,14668,0.0012,CHINA,Basic Materials,Chemicals,Chemicals
VFAWF.PK,SHENWAN HONGYUAN GROUP CO LTD ORD,6806.HK,1084800,0.0012,CHINA,Financials,Banking & Investment Services,Investment Banking & Investment Services
VFAWF.PK,TPG TELECOM LTD ORD,TPG.AX,64789,0.0012,AUSTRALIA,Technology,Telecommunications Services,Telecommunications Services
VFAWF.PK,A-LIVING SMART CITY SERVICES CO LTD ORD,3319.HK,334000,0.0012,CHINA,Real Estate,Real Estate,Real Estate Operations
VFAWF.PK,DETERRA ROYALTIES LTD ORD,DRR.CHA,72120,0.0012,AUSTRALIA,Basic Materials,Mineral Resources,Metals & Mining
VFAWF.PK,TIANQI LITHIUM CORP ORD,9696.HK,35200,0.0012,CHINA,Basic Materials,Chemicals,Chemicals
VFAWF.PK,EURAZEO SE PRIMES DE FIDELITE,NULL,3796,0.0012,NULL,Unable to resolve all requested identifiers.,,
VFAWF.PK,KEPPEL REIT,KASA.SI,320500,0.0012,NULL,Real Estate,Real Estate,Residential & Commercial REITs
VFAWF.PK,HUMANSOFT HOLDING CO. KSCP ORD,HUMN.KW,20142,0.0012,KUWAIT,Academic & Educational Services,Academic & Educational Services,Miscellaneous Educational Service Providers
VFAWF.PK,SHIP HEALTHCARE HOLDINGS INC ORD,3360.T,13500,0.0012,JAPAN,Healthcare,Healthcare Services & Equipment,Healthcare Equipment & Supplies
VFAWF.PK,MAN WAH HOLDINGS LTD ORD,1999.HK,273200,0.0012,HONG KONG,Consumer Cyclicals,Cyclical Consumer Products,Household Goods
VFAWF.PK,ABDULLAH AL OTHAIM MARKETS COMPANYSJSC ORD,4001.SE,58960,0.0012,SAUDI ARABIA,Consumer Non-Cyclicals,Food & Drug Retailing,Food & Drug Retailing
VFAWF.PK,ZHEJIANG DAHUA TECHNOLOGY CO LTD ORD,002236.SZ,75100,0.0012,CHINA,Technology,Technology Equipment,Communications & Networking
VFAWF.PK,YAMAGUCHI FINANCIAL GROUP INC ORD,8418.T,28300,0.0012,JAPAN,Financials,Banking & Investment Services,Banking Services
VFAWF.PK,TRANSMISSORA ALIANCA DE ENERGIA ELETRICA SA,TAEE11.SA,31300,0.0012,BRAZIL,Utilities,Utilities,Electric Utilities & IPPs
VFAWF.PK,CHINA COMMUNICATIONS SERVICES CORP LTD ORD,0552.HK,464000,0.0012,CHINA,Industrials,Industrial & Commercial Services,Construction & Engineering
VFAWF.PK,PROXIMUS NV ORD,PROX.BR,29261,0.0012,BELGIUM,Technology,Telecommunications Services,Telecommunications Services
VFAWF.PK,TOFAS TURK OTOMOBIL FABRIKASI AS ORD,TOASO.IS,20288,0.0012,TURKEY,Consumer Cyclicals,Automobiles & Auto Parts,Automobiles & Auto Parts
VFAWF.PK,TOYO TIRE CORP ORD,5105.T,17400,0.0012,JAPAN,Consumer Cyclicals,Automobiles & Auto Parts,Automobiles & Auto Parts
VFAWF.PK,MITSUI MINING AND SMELTING CO LTD ORD,5706.T,9600,0.0012,JAPAN,Basic Materials,Mineral Resources,Metals & Mining
VFAWF.PK,NWS HOLDINGS LTD ORD,0659.HK,200000,0.0012,HONG KONG,Industrials,Industrial & Commercial Services,Construction & Engineering
VFAWF.PK,SHANGHAI FUDAN MICROELECTRONICS GROUP CO LTD ORD,1385.HK,87000,0.0012,CHINA,Technology,Technology Equipment,Semiconductors & Semiconductor Equipment
VFAWF.PK,SHARP CORP ORD,6753.T,38000,0.0012,JAPAN,Technology,Technology Equipment,"Computers, Phones & Household Electronics"
VFAWF.PK,COSCO SHIPPING PORTS LTD ORD,1199.HK,360000,0.0012,HONG KONG,Industrials,Transportation,Transport Infrastructure
VFAWF.PK,SHANGHAI FOSUN PHARMACEUTICAL GROUP CO LTD ORD,600196.SS,51100,0.0012,CHINA,Healthcare,Pharmaceuticals & Medical Research,Pharmaceuticals
VFAWF.PK,CHINA EASTERN AIRLINES CORP LTD ORD,600115.SS,343000,0.0012,CHINA,Industrials,Transportation,Passenger Transportation Services
VFAWF.PK,IPCA LABORATORIES LTD ORD,IPCA.NS,21438,0.0012,INDIA,Healthcare,Pharmaceuticals & Medical Research,Pharmaceuticals
VFAWF.PK,BOSIDENG INTERNATIONAL HOLDINGS LTD ORD,3998.HK,494000,0.0012,HONG KONG,Consumer Cyclicals,Cyclical Consumer Products,Textiles & Apparel
VFAWF.PK,IFLYTEK CO LTD ORD,002230.SZ,25800,0.0012,CHINA,Technology,Software & IT Services,Software & IT Services
VFAWF.PK,REDEFINE PROPERTIES LTD ORD,RDFJ.J,1174359,0.0012,SOUTH AFRICA,Real Estate,Real Estate,Residential & Commercial REITs
VFAWF.PK,CHINA RESOURCES SANJIU MEDICAL & PHARMACEUTICAL CO LTD ORD,000999.SZ,31800,0.0012,CHINA,Healthcare,Pharmaceuticals & Medical Research,Pharmaceuticals
VFAWF.PK,CHINA NATIONAL ACCORD MEDICINES CORP LTD ORD,000028.SZ,47320,0.0012,CHINA,Healthcare,Pharmaceuticals & Medical Research,Pharmaceuticals
VFAWF.PK,ACEN CORP ORD,ACEN.PS,2472070,0.0012,PHILIPPINES,Utilities,Utilities,Electric Utilities & IPPs
VFAWF.PK,BORAL LTD ORD,BLD.AX,77181,0.0012,AUSTRALIA,Basic Materials,Mineral Resources,Construction Materials
VFAWF.PK,ABC-MART INC ORD,2670.T,4200,0.0012,JAPAN,Consumer Cyclicals,Retailers,Specialty Retailers
VFAWF.PK,SANY HEAVY INDUSTRY CO LTD ORD,600031.SS,91700,0.0012,CHINA,Industrials,Industrial Goods,"Machinery, Tools, Heavy Vehicles, Trains & Ships"
VFAWF.PK,AVICHINA INDUSTRY & TECHNOLOGY CO LTD ORD,2357.HK,467000,0.0012,CHINA,Industrials,Industrial Goods,Aerospace & Defense
VFAWF.PK,INSIGNIA FINANCIAL LTD ORD,IFL.AX,112711,0.0012,AUSTRALIA,Financials,Banking & Investment Services,Investment Banking & Investment Services
VFAWF.PK,ARIAKE JAPAN CO LTD ORD,2815.T,6100,0.0012,JAPAN,Consumer Non-Cyclicals,Food & Beverages,Food & Tobacco
VFAWF.PK,HTC CORP ORD,2498.TW,131000,0.0012,TAIWAN,Technology,Technology Equipment,"Computers, Phones & Household Electronics"
VFAWF.PK,SHENZHEN INVESTMENT LTD ORD,0604.HK,1147849,0.0012,HONG KONG,Real Estate,Real Estate,Real Estate Operations
VFAWF.PK,SAIC MOTOR CORP LTD ORD,600104.SS,108700,0.0012,CHINA,Consumer Cyclicals,Automobiles & Auto Parts,Automobiles & Auto Parts
VFAWF.PK,YULON MOTOR CO LTD ORD,2201.TW,90214,0.0012,TAIWAN,Consumer Cyclicals,Automobiles & Auto Parts,Automobiles & Auto Parts
VFAWF.PK,BARITO PACIFIC TBK PT ORD,BRPT.JK,4544857,0.0012,INDONESIA,Basic Materials,Chemicals,Chemicals
VFAWF.PK,NOK CORP ORD,7240.T,15100,0.0012,JAPAN,Consumer Cyclicals,Automobiles & Auto Parts,Automobiles & Auto Parts
VFAWF.PK,ORIENT SECURITIES CO LTD ORD,3958.HK,364800,0.0012,CHINA,Financials,Banking & Investment Services,Investment Banking & Investment Services
VFAWF.PK,ALD SA ORD,ALDA.PA,20016,0.0011,FRANCE,Industrials,Transportation,Freight & Logistics Services
VFAWF.PK,YIHAI INTERNATIONAL HOLDING LTD ORD,1579.HK,91000,0.0011,CHINA,Consumer Non-Cyclicals,Food & Beverages,Food & Tobacco
VFAWF.PK,L&T TECHNOLOGY SERVICES LTD ORD,LTEH.NS,4113,0.0011,INDIA,Industrials,Industrial & Commercial Services,Construction & Engineering
VFAWF.PK,ALTEOGEN INC ORD,196170.KQ,5713,0.0011,KOREA,Healthcare,Pharmaceuticals & Medical Research,Pharmaceuticals
VFAWF.PK,PEPTIDREAM INC ORD,4587.T,16600,0.0011,JAPAN,Healthcare,Pharmaceuticals & Medical Research,Biotechnology & Medical Research
VFAWF.PK,AZ-COM MARUWA HOLDINGS INC ORD,9090.T,14800,0.0011,JAPAN,Industrials,Transportation,Freight & Logistics Services
VFAWF.PK,UBIQUITI INC ORD,UI.N,1222,0.0011,UNITED STATES,Technology,Technology Equipment,Communications & Networking
VFAWF.PK,SEVEN BANK LTD ORD,8410.T,100300,0.0011,JAPAN,Financials,Banking & Investment Services,Banking Services
VFAWF.PK,ROYAL BAFOKENG PLATINUM LTD ORD,RBPJ.J,29977,0.0011,SOUTH AFRICA,Basic Materials,Mineral Resources,Metals & Mining
VFAWF.PK,VODAFONE QATAR PQSC ORD,VFQS.QA,383477,0.0011,QATAR,Technology,Telecommunications Services,Telecommunications Services
VFAWF.PK,GRUPO MATEUS SA ORD,GMAT3.SA,130300,0.0011,BRAZIL,Consumer Non-Cyclicals,Food & Drug Retailing,Food & Drug Retailing
VFAWF.PK,H LUNDBECK A/S ORD,HLUNb.CO,41800,0.0011,DENMARK,Healthcare,Pharmaceuticals & Medical Research,Pharmaceuticals
VFAWF.PK,SK BIOSCIENCE CO LTD ORD,302440.KS,3641,0.0011,KOREA,Healthcare,Pharmaceuticals & Medical Research,Pharmaceuticals
VFAWF.PK,KAKAO GAMES CORP ORD,293490.KQ,8179,0.0011,KOREA,Technology,Software & IT Services,Software & IT Services
VFAWF.PK,ADANI WILMAR LTD ORD,ADAW.NS,41235,0.0011,INDIA,Consumer Non-Cyclicals,Food & Beverages,Food & Tobacco
VFAWF.PK,CPFL ENERGIA SA ORD,CPFE3.SA,26900,0.0011,BRAZIL,Utilities,Utilities,Electric Utilities & IPPs
VFAWF.PK,TCL ZHONGHUAN RENEWABLE ENERGY TECHNOLOGY CO LTD ORD,002129.SZ,53125,0.0011,CHINA,Energy,Renewable Energy,Renewable Energy
VFAWF.PK,MULTIPLAN EMPREENDIMENTOS IMOBILIARIOS SA ORD,MULT3.SA,38426,0.0011,BRAZIL,Real Estate,Real Estate,Real Estate Operations
VFAWF.PK,UNI-PRESIDENT CHINA HOLDINGS LTD ORD,0220.HK,232200,0.0011,CHINA,Consumer Non-Cyclicals,Food & Beverages,Beverages
VFAWF.PK,MAYORA INDAH TBK PT ORD,MYOR.JK,1330900,0.0011,INDONESIA,Consumer Non-Cyclicals,Food & Beverages,Food & Tobacco
VFAWF.PK,BIG SHOPPING CENTERS LTD ORD,BIG.TA,2173,0.0011,ISRAEL,Real Estate,Real Estate,Real Estate Operations
VFAWF.PK,DEUTSCHE WOHNEN SE ORD,DWNG.DE,7985,0.0011,GERMANY,Real Estate,Real Estate,Real Estate Operations
VFAWF.PK,KINGBOARD LAMINATES HOLDINGS LTD ORD,1888.HK,204000,0.0011,HONG KONG,Technology,Technology Equipment,Electronic Equipment & Parts
VFAWF.PK,SAO MARTINHO SA ORD,SMTO3.SA,30200,0.0011,BRAZIL,Consumer Non-Cyclicals,Food & Beverages,Food & Tobacco
VFAWF.PK,TOYODA GOSEI CO LTD ORD,7282.T,10200,0.0011,JAPAN,Consumer Cyclicals,Automobiles & Auto Parts,Automobiles & Auto Parts
VFAWF.PK,CHINA TRADITIONAL CHINESE MEDICINE HOLDINGS CO LTD ORD,0570.HK,442864,0.0011,HONG KONG,Healthcare,Pharmaceuticals & Medical Research,Pharmaceuticals
VFAWF.PK,ZHEJIANG EXPRESSWAY CO LTD ORD,0576.HK,250000,0.0011,CHINA,Industrials,Transportation,Transport Infrastructure
VFAWF.PK,MOTOR OIL HELLAS CORINTH REFINERIES SA ORD,MORr.AT,7934,0.0011,GREECE,Energy,Energy - Fossil Fuels,Oil & Gas
VFAWF.PK,NISHI-NIPPON RAILROAD CO LTD ORD,9031.T,11800,0.0011,JAPAN,Industrials,Transportation,Passenger Transportation Services
VFAWF.PK,NUFARM LTD ORD,NUF.AX,55745,0.0011,AUSTRALIA,Basic Materials,Chemicals,Chemicals
VFAWF.PK,SAPPI LTD ORD,SAPJ.J,94375,0.0011,SOUTH AFRICA,Basic Materials,Applied Resources,Paper & Forest Products
VFAWF.PK,GLOBE TELECOM INC ORD,GLO.PS,6128,0.0011,PHILIPPINES,Technology,Telecommunications Services,Telecommunications Services
VFAWF.PK,HYSAN DEVELOPMENT CO LTD ORD,0014.HK,87000,0.0011,HONG KONG,Real Estate,Real Estate,Real Estate Operations
VFAWF.PK,FANCL CORP ORD,4921.T,12000,0.0011,JAPAN,Consumer Non-Cyclicals,Personal & Household Products & Services,Personal & Household Products & Services
VFAWF.PK,FIELMANN GROUP AG ORD,FIEG.DE,4009,0.0011,GERMANY,Consumer Cyclicals,Retailers,Specialty Retailers
VFAWF.PK,CHINA SHENHUA ENERGY CO LTD ORD,601088.SS,52500,0.0011,CHINA,Energy,Energy - Fossil Fuels,Coal
VFAWF.PK,SCHIBSTED ASA ORD,SCHA.OL,10140,0.0011,NORWAY,Consumer Cyclicals,Cyclical Consumer Services,Media & Publishing
VFAWF.PK,RABIGH REFINING AND PETROCHEMICAL COMPANY SJSC ORD,2380.SE,72600,0.0011,SAUDI ARABIA,Energy,Energy - Fossil Fuels,Oil & Gas
VFAWF.PK,KINDEN CORP ORD,1944.T,15500,0.0011,JAPAN,Industrials,Industrial & Commercial Services,Construction & Engineering
VFAWF.PK,CJ ENM CO LTD ORD,035760.KQ,4291,0.0011,KOREA,Consumer Cyclicals,Cyclical Consumer Services,Media & Publishing
VFAWF.PK,ELCO LTD ORD,ELCO.TA,5667,0.0011,ISRAEL,Industrials,Industrial & Commercial Services,Construction & Engineering
VFAWF.PK,HD HYUNDAI INFRACORE CO LTD ORD,042670.KS,22496,0.0011,KOREA,Industrials,Industrial Goods,"Machinery, Tools, Heavy Vehicles, Trains & Ships"
VFAWF.PK,PHOENIX HOLDINGS LTD ORD,PHOE1.TA,19876,0.0011,ISRAEL,Financials,Insurance,Insurance
VFAWF.PK,SINOTRANS LTD ORD,0598.HK,521000,0.0011,CHINA,Industrials,Transportation,Freight & Logistics Services
VFAWF.PK,CHINA SOUTHERN AIRLINES CO LTD ORD,1055.HK,324000,0.0011,CHINA,Industrials,Transportation,Passenger Transportation Services
VFAWF.PK,COLBUN SA ORD,COLBUN.SN,1342737,0.0011,CHILE,Utilities,Utilities,Electric Utilities & IPPs
VFAWF.PK,MORINAGA & CO LTD ORD,2201.T,6300,0.0011,JAPAN,Consumer Non-Cyclicals,Food & Beverages,Food & Tobacco
VFAWF.PK,HYUNDAI MARINE & FIRE INSURANCE CO LTD ORD,001450.KS,9171,0.0011,KOREA,Financials,Insurance,Insurance
VFAWF.PK,RENGO CO LTD ORD,3941.T,32800,0.0011,JAPAN,Basic Materials,Applied Resources,Containers & Packaging
VFAWF.PK,AICA KOGYO CO LTD ORD,4206.T,8800,0.0011,JAPAN,Basic Materials,Chemicals,Chemicals
VFAWF.PK,UNITED ENERGY GROUP LTD ORD,0467.HK,1612000,0.0011,HONG KONG,Energy,Energy - Fossil Fuels,Oil & Gas
VFAWF.PK,BEIJING CAPITAL INTERNATIONAL AIRPORT CO LTD ORD,0694.HK,318000,0.0011,CHINA,Industrials,Transportation,Transport Infrastructure
VFAWF.PK,QL RESOURCES BHD ORD,QRES.KL,171350,0.0011,MALAYSIA,Consumer Non-Cyclicals,Food & Beverages,Food & Tobacco
VFAWF.PK,LAO FENG XIANG CO LTD ORD,600612.SS,23400,0.0011,CHINA,Consumer Cyclicals,Cyclical Consumer Products,Textiles & Apparel
VFAWF.PK,METRO AG ORD,B4B.DE,21713,0.001,GERMANY,Consumer Non-Cyclicals,Food & Drug Retailing,Food & Drug Retailing
VFAWF.PK,EZAKI GLICO CO LTD ORD,2206.T,7500,0.001,JAPAN,Consumer Non-Cyclicals,Food & Beverages,Food & Tobacco
VFAWF.PK,BANK OF HANGZHOU CO LTD ORD,600926.SS,108200,0.001,CHINA,Financials,Banking & Investment Services,Banking Services
VFAWF.PK,CARABAO GROUP PCL ORD,CBGf.BK,86500,0.001,THAILAND,Consumer Non-Cyclicals,Food & Beverages,Beverages
VFAWF.PK,RBL BANK LTD ORD,RATB.NS,71880,0.001,INDIA,Financials,Banking & Investment Services,Banking Services
VFAWF.PK,ASHTROM GROUP LTD ORD,ASHG.TA,12517,0.001,ISRAEL,Industrials,Industrial & Commercial Services,Construction & Engineering
VFAWF.PK,SAUDI AIRLINES CATERING COMPANY SJSC ORD,6004.SE,6029,0.001,SAUDI ARABIA,Industrials,Transportation,Transport Infrastructure
VFAWF.PK,TOWER BERSAMA INFRASTRUCTURE TBK PT ORD,TBIG.JK,1512875,0.001,INDONESIA,Technology,Telecommunications Services,Telecommunications Services
VFAWF.PK,JA SOLAR TECHNOLOGY CO LTD ORD,002459.SZ,41816,0.001,CHINA,Energy,Renewable Energy,Renewable Energy
VFAWF.PK,EVE ENERGY CO LTD ORD,300014.SZ,23288,0.001,CHINA,Industrials,Industrial Goods,"Machinery, Tools, Heavy Vehicles, Trains & Ships"
VFAWF.PK,MIRAE ASSET SECURITIES CO LTD,00680K.KS,68041,0.001,KOREA,Financials,Banking & Investment Services,Investment Banking & Investment Services
VFAWF.PK,PING AN HEALTHCARE AND TECHNOLOGY CO LTD ORD,1833.HK,70171,0.001,CHINA,Healthcare,Healthcare Services & Equipment,Healthcare Providers & Services
VFAWF.PK,QATAR ALUMINUM MANUFACTURING COMPANY QPSC ORD,QAMC.QA,494477,0.001,QATAR,Basic Materials,Mineral Resources,Metals & Mining
VFAWF.PK,OPERADORA DE SITES MEXICANOS SA DE CV ORD,SITES1A1.MX,188970,0.001,MEXICO,Technology,Telecommunications Services,Telecommunications Services
VFAWF.PK,DAIWA OFFICE INVESTMENT CORP ORD,8976.T,41,0.001,JAPAN,Real Estate,Real Estate,Residential & Commercial REITs
VFAWF.PK,PETRORECONCAVO SA ORD,RECV3.SA,41000,0.001,BRAZIL,Energy,Energy - Fossil Fuels,Oil & Gas
VFAWF.PK,MAGYAR TELEKOM TAVKOZLESI NYRT ORD,MTEL.BU,159271,0.001,HUNGARY,Technology,Telecommunications Services,Telecommunications Services
VFAWF.PK,PORTO SEGURO SA ORD,PSSA3.SA,30300,0.001,BRAZIL,Financials,Insurance,Insurance
VFAWF.PK,DENA CO LTD ORD,2432.T,15300,0.001,JAPAN,Technology,Software & IT Services,Software & IT Services
VFAWF.PK,CHINA JINMAO HOLDINGS GROUP LTD ORD,0817.HK,1142000,0.001,HONG KONG,Real Estate,Real Estate,Real Estate Operations
VFAWF.PK,CJ CHEILJEDANG CORP ORD,097950.KS,898,0.001,KOREA,Consumer Non-Cyclicals,Food & Beverages,Food & Tobacco
VFAWF.PK,SJM HOLDINGS LTD ORD,0880.HK,407500,0.001,HONG KONG,Consumer Cyclicals,Cyclical Consumer Services,Hotels & Entertainment Services
VFAWF.PK,YANLORD LAND GROUP LTD ORD,YNLG.SI,317100,0.001,SINGAPORE,Real Estate,Real Estate,Real Estate Operations
VFAWF.PK,METRO PACIFIC INVESTMENTS CORP ORD,MPI.PS,2040600,0.001,PHILIPPINES,Utilities,Utilities,Water & Related Utilities
VFAWF.PK,AFRICAN RAINBOW MINERALS LTD ORD,ARIJ.J,17533,0.001,SOUTH AFRICA,Basic Materials,Mineral Resources,Metals & Mining
VFAWF.PK,GENIUS ELECTRONIC OPTICAL CO LTD ORD,3406.TW,15000,0.001,TAIWAN,Technology,Technology Equipment,"Computers, Phones & Household Electronics"
VFAWF.PK,NINE DRAGONS PAPER (HOLDINGS) LTD ORD,2689.HK,302000,0.001,HONG KONG,Basic Materials,Applied Resources,Containers & Packaging
VFAWF.PK,VITASOY INTERNATIONAL HOLDINGS LTD ORD,0345.HK,142000,0.001,HONG KONG,Consumer Non-Cyclicals,Food & Beverages,Beverages
VFAWF.PK,NETCARE LTD ORD,NTCJ.J,235518,0.001,SOUTH AFRICA,Healthcare,Healthcare Services & Equipment,Healthcare Providers & Services
VFAWF.PK,NHK SPRING CO LTD ORD,5991.T,24500,0.001,JAPAN,Consumer Cyclicals,Automobiles & Auto Parts,Automobiles & Auto Parts
VFAWF.PK,SKYCITY ENTERTAINMENT GROUP LTD ORD,SKC.NZ,131294,0.001,NEW ZEALAND,Consumer Cyclicals,Cyclical Consumer Services,Hotels & Entertainment Services
VFAWF.PK,HINO MOTORS LTD ORD,7205.T,46600,0.001,JAPAN,Consumer Cyclicals,Automobiles & Auto Parts,Automobiles & Auto Parts
VFAWF.PK,KOKUYO CO LTD ORD,7984.T,12000,0.001,JAPAN,Industrials,Industrial & Commercial Services,Professional & Commercial Services
VFAWF.PK,BRADESPAR SA,BRAP4.SA,39439,0.001,BRAZIL,Basic Materials,Mineral Resources,Metals & Mining
VFAWF.PK,CANON MARKETING JAPAN INC ORD,8060.T,7300,0.001,JAPAN,Technology,Technology Equipment,Office Equipment
VFAWF.PK,CNA FINANCIAL CORP ORD,CNA.N,4920,0.001,UNITED STATES,Financials,Insurance,Insurance
VFAWF.PK,FURUKAWA ELECTRIC CO LTD ORD,5801.T,10200,0.001,JAPAN,Industrials,Industrial Goods,"Machinery, Tools, Heavy Vehicles, Trains & Ships"
VFAWF.PK,COROMANDEL INTERNATIONAL LTD ORD,CORF.NS,15754,0.001,INDIA,Basic Materials,Chemicals,Chemicals
VFAWF.PK,CHINA COAL ENERGY CO LTD ORD,601898.SS,166500,0.001,CHINA,Energy,Energy - Fossil Fuels,Coal
VFAWF.PK,SMS CO LTD ORD,2175.T,9000,0.001,JAPAN,Industrials,Industrial & Commercial Services,Professional & Commercial Services
VFAWF.PK,SKANDINAVISKA ENSKILDA BANKEN AB ORD,SEBc.ST,14638,0.001,SWEDEN,Financials,Banking & Investment Services,Banking Services
VFAWF.PK,OCI HOLDINGS CO LTD ORD,010060.KS,2320,0.001,KOREA,Basic Materials,Chemicals,Chemicals
VFAWF.PK,SHANGHAI LUJIAZUI FINANCE & TRADE ZONE DEVELOPMENT CO LTD ORD,900932.SS,287608,0.001,CHINA,Real Estate,Real Estate,Real Estate Operations
VFAWF.PK,MALAYSIA AIRPORTS HOLDINGS BHD ORD,MAHB.KL,128600,0.001,MALAYSIA,Industrials,Transportation,Transport Infrastructure
VFAWF.PK,SHINSEGAE INC ORD,004170.KS,1206,0.001,KOREA,Consumer Cyclicals,Retailers,Diversified Retail
VFAWF.PK,TAIWAN GLASS IND CORP ORD,1802.TW,283760,0.001,TAIWAN,Consumer Cyclicals,Cyclical Consumer Products,Homebuilding & Construction Supplies
VFAWF.PK,TATA TELESERVICES (MAHARASHTRA) LTD ORD,TTML.NS,193001,0.001,INDIA,Technology,Telecommunications Services,Telecommunications Services
VFAWF.PK,SHENZHEN INTERNATIONAL HOLDINGS LTD ORD,0152.HK,195000,0.001,HONG KONG,Industrials,Transportation,Transport Infrastructure
VFAWF.PK,FUJITSU GENERAL LTD ORD,6755.T,9300,0.001,JAPAN,Industrials,Industrial Goods,"Machinery, Tools, Heavy Vehicles, Trains & Ships"
VFAWF.PK,YAOKO CO LTD ORD,8279.T,3700,0.001,JAPAN,Consumer Non-Cyclicals,Food & Drug Retailing,Food & Drug Retailing
VFAWF.PK,ISRAEL CORPORATION LTD ORD,ILCO.TA,589,0.001,ISRAEL,Basic Materials,Chemicals,Chemicals
VFAWF.PK,ANRITSU CORP ORD,6754.T,25200,0.001,JAPAN,Industrials,Industrial Goods,"Machinery, Tools, Heavy Vehicles, Trains & Ships"
VFAWF.PK,STEEL AUTHORITY OF INDIA LTD ORD,SAIL.NS,157721,0.001,INDIA,Basic Materials,Mineral Resources,Metals & Mining
VFAWF.PK,MOMENTUM METROPOLITAN HOLDINGS LTD ORD,MTMJ.J,181854,0.001,SOUTH AFRICA,Financials,Insurance,Insurance
VFAWF.PK,UNIPOLSAI ASSICURAZIONI SPA ORD,US.MI,74741,0.001,ITALY,Financials,Insurance,Insurance
VFAWF.PK,GMO INTERNET GROUP INC ORD,9449.T,10000,0.001,JAPAN,Technology,Software & IT Services,Software & IT Services
VFAWF.PK,BAOSHAN IRON & STEEL CO LTD ORD,600019.SS,218700,0.001,CHINA,Basic Materials,Mineral Resources,Metals & Mining
VFAWF.PK,TOP GLOVE CORPORATION BHD ORD,TPGC.KL,975162,0.001,MALAYSIA,Healthcare,Healthcare Services & Equipment,Healthcare Equipment & Supplies
VFAWF.PK,FUCHS SE ORD,FPEn.DE,5706,0.001,GERMANY,Basic Materials,Chemicals,Chemicals
VFAWF.PK,DALI FOODS GROUP CO LTD ORD,3799.HK,397500,0.001,CHINA,Consumer Non-Cyclicals,Food & Beverages,Food & Tobacco
VFAWF.PK,ENGIE BRASIL ENERGIA SA ORD,EGIE3.SA,18750,0.0009,BRAZIL,Utilities,Utilities,Electric Utilities & IPPs
VFAWF.PK,SHIKOKU ELECTRIC POWER CO INC ORD,9507.T,23600,0.0009,JAPAN,Utilities,Utilities,Electric Utilities & IPPs
VFAWF.PK,MMG LTD ORD,1208.HK,444000,0.0009,AUSTRALIA,Basic Materials,Mineral Resources,Metals & Mining
VFAWF.PK,QUALITAS CONTROLADORA SAB DE CV ORD,Q.MX,23500,0.0009,MEXICO,Financials,Insurance,Insurance
VFAWF.PK,CHINA GALAXY SECURITIES CO LTD ORD,6881.HK,283000,0.0009,CHINA,Financials,Banking & Investment Services,Investment Banking & Investment Services
VFAWF.PK,WEIBO ADR REP 1 CL A ORD,WB.OQ,10517,0.0009,CHINA,Technology,Software & IT Services,Software & IT Services
VFAWF.PK,LUYE PHARMA GROUP LTD ORD,2186.HK,352000,0.0009,CHINA,Healthcare,Pharmaceuticals & Medical Research,Pharmaceuticals
VFAWF.PK,SHIJIAZHUANG YILING PHARMACEUTICAL CO LTD ORD,002603.SZ,50600,0.0009,CHINA,Healthcare,Pharmaceuticals & Medical Research,Pharmaceuticals
VFAWF.PK,ZHEJIANG JINGSHENG MECHANICAL & ELECTRICAL CO LTD ORD,300316.SZ,18900,0.0009,CHINA,Technology,Technology Equipment,Semiconductors & Semiconductor Equipment
VFAWF.PK,SEERA HOLDING GROUP SJSC ORD,1810.SE,21337,0.0009,SAUDI ARABIA,Consumer Cyclicals,Cyclical Consumer Services,Hotels & Entertainment Services
VFAWF.PK,POLA ORBIS HOLDINGS INC ORD,4927.T,11900,0.0009,JAPAN,Consumer Non-Cyclicals,Personal & Household Products & Services,Personal & Household Products & Services
VFAWF.PK,MGM CHINA HOLDINGS LTD ORD,2282.HK,132800,0.0009,MACAU,Consumer Cyclicals,Cyclical Consumer Services,Hotels & Entertainment Services
VFAWF.PK,STAR ENTERTAINMENT GROUP LTD ORD,SGR.AX,247915,0.0009,AUSTRALIA,Consumer Cyclicals,Cyclical Consumer Services,Hotels & Entertainment Services
VFAWF.PK,JUSTSYSTEMS CORP ORD,4686.T,6100,0.0009,JAPAN,Technology,Software & IT Services,Software & IT Services
VFAWF.PK,AIN HOLDINGS INC ORD,9627.T,4800,0.0009,JAPAN,Consumer Non-Cyclicals,Food & Drug Retailing,Food & Drug Retailing
VFAWF.PK,EVERBRIGHT SECURITIES CO LTD ORD,601788.SS,67300,0.0009,CHINA,Financials,Banking & Investment Services,Investment Banking & Investment Services
VFAWF.PK,OIL INDIA LTD ORD,OILI.NS,52727,0.0009,INDIA,Energy,Energy - Fossil Fuels,Oil & Gas
VFAWF.PK,JINXIN FERTILITY GROUP LTD ORD,1951.HK,300000,0.0009,CHINA,Healthcare,Healthcare Services & Equipment,Healthcare Providers & Services
VFAWF.PK,CENCOSUD SHOPPING SA ORD,CENCOSHOPP.SN,96530,0.0009,CHILE,Real Estate,Real Estate,Real Estate Operations
VFAWF.PK,MONTAGE TECHNOLOGY CO LTD ORD,688008.SS,20231,0.0009,CHINA,Technology,Technology Equipment,Semiconductors & Semiconductor Equipment
VFAWF.PK,TRATON SE ORD,8TRA.DE,8198,0.0009,GERMANY,Industrials,Industrial Goods,"Machinery, Tools, Heavy Vehicles, Trains & Ships"
VFAWF.PK,ENERJISA ENERJI AS ORD,ENJSA.IS,86209,0.0009,TURKEY,Utilities,Utilities,Electric Utilities & IPPs
VFAWF.PK,ADVANCED ENERGY SOLUTION HOLDING CO LTD ORD,6781.TW,8000,0.0009,TAIWAN,Industrials,Industrial Goods,"Machinery, Tools, Heavy Vehicles, Trains & Ships"
VFAWF.PK,BIC CAMERA INC ORD,3048.T,23900,0.0009,JAPAN,Consumer Cyclicals,Retailers,Specialty Retailers
VFAWF.PK,UNIGROUP GUOXIN MICROELECTRONICS CO LTD ORD,002049.SZ,12739,0.0009,CHINA,Technology,Technology Equipment,Semiconductors & Semiconductor Equipment
VFAWF.PK,FUYO GENERAL LEASE CO LTD ORD,8424.T,2100,0.0009,JAPAN,Financials,Banking & Investment Services,Banking Services
VFAWF.PK,ZHUHAI HUAFA PROPERTIES CO LTD ORD,600325.SS,112100,0.0009,CHINA,Real Estate,Real Estate,Real Estate Operations
VFAWF.PK,BANK OF NANJING CO LTD ORD,601009.SS,138100,0.0009,CHINA,Financials,Banking & Investment Services,Banking Services
VFAWF.PK,ABOITIZ POWER CORP ORD,AP.PS,259200,0.0009,PHILIPPINES,Utilities,Utilities,Electric Utilities & IPPs
VFAWF.PK,EMAAR THE ECONOMIC CITY SJSC ORD,4220.SE,67492,0.0009,SAUDI ARABIA,Real Estate,Real Estate,Real Estate Operations
VFAWF.PK,NAGACORP LTD ORD,3918.HK,273061,0.0009,CAMBODIA,Consumer Cyclicals,Cyclical Consumer Services,Hotels & Entertainment Services
VFAWF.PK,MAGELLAN FINANCIAL GROUP LTD ORD,MFG.AX,27193,0.0009,AUSTRALIA,Financials,Banking & Investment Services,Investment Banking & Investment Services
VFAWF.PK,CHINA COAL ENERGY CO LTD ORD,1898.HK,240000,0.0009,CHINA,Energy,Energy - Fossil Fuels,Coal
VFAWF.PK,PERUSAHAAN GAS NEGARA TBK PT ORD,PGAS.JK,1806000,0.0009,INDONESIA,Utilities,Utilities,Natural Gas Utilities
VFAWF.PK,ORACLE FINANCIAL SERVICES SOFTWARE LTD ORD,ORCL.NS,3740,0.0009,INDIA,Technology,Software & IT Services,Software & IT Services
VFAWF.PK,TELEKOM MALAYSIA BHD ORD,TLMM.KL,157766,0.0009,MALAYSIA,Technology,Telecommunications Services,Telecommunications Services
VFAWF.PK,TODA CORP ORD,1860.T,29500,0.0009,JAPAN,Industrials,Industrial & Commercial Services,Construction & Engineering
VFAWF.PK,VTECH HOLDINGS LTD ORD,0303.HK,26900,0.0009,HONG KONG,Technology,Technology Equipment,Communications & Networking
VFAWF.PK,HOPSON DEVELOPMENT HOLDINGS LTD ORD,0754.HK,204439,0.0009,HONG KONG,Real Estate,Real Estate,Real Estate Operations
VFAWF.PK,JAPAN AVIATION ELECTRONICS INDUSTRY LTD ORD,6807.T,8700,0.0009,JAPAN,Technology,Technology Equipment,Electronic Equipment & Parts
VFAWF.PK,KERRY PROPERTIES LTD ORD,0683.HK,83000,0.0009,HONG KONG,Real Estate,Real Estate,Real Estate Operations
VFAWF.PK,DATANG INTERNATIONAL POWER GENERATION CO LTD ORD,0991.HK,948000,0.0009,CHINA,Utilities,Utilities,Electric Utilities & IPPs
VFAWF.PK,CHUGIN FINANCIAL GROUP INC ORD,5832.T,25700,0.0009,JAPAN,Financials,Banking & Investment Services,Banking Services
VFAWF.PK,OBIC BUSINESS CONSULTANTS CO LTD ORD,4733.T,3878,0.0009,JAPAN,Technology,Software & IT Services,Software & IT Services
VFAWF.PK,AECC AVIATION POWER CO LTD ORD,600893.SS,31600,0.0009,CHINA,Industrials,Industrial Goods,Aerospace & Defense
VFAWF.PK,SHANGHAI ZHENHUA HEAVY INDUSTRIES CO LTD ORD,900947.SS,725400,0.0009,CHINA,Industrials,Industrial Goods,"Machinery, Tools, Heavy Vehicles, Trains & Ships"
VFAWF.PK,CHINA NORTHERN RARE EARTH GROUP HIGH-TECH CO LTD ORD,600111.SS,47200,0.0009,CHINA,Basic Materials,Mineral Resources,Metals & Mining
VFAWF.PK,DONGFANG ELECTRIC CORP LTD ORD,1072.HK,125400,0.0009,CHINA,Industrials,Industrial Goods,"Machinery, Tools, Heavy Vehicles, Trains & Ships"
VFAWF.PK,BENESSE HOLDINGS INC ORD,9783.T,13000,0.0009,JAPAN,Academic & Educational Services,Academic & Educational Services,Miscellaneous Educational Service Providers
VFAWF.PK,H.U. GROUP HOLDINGS INC ORD,4544.T,8900,0.0009,JAPAN,Healthcare,Healthcare Services & Equipment,Healthcare Providers & Services
VFAWF.PK,TELEFONAKTIEBOLAGET LM ERICSSON ORD,ERICa.ST,32102,0.0009,SWEDEN,Technology,Technology Equipment,Communications & Networking
VFAWF.PK,AEON FINANCIAL SERVICE CO LTD ORD,8570.T,19900,0.0009,JAPAN,Financials,Banking & Investment Services,Banking Services
VFAWF.PK,SHOUGANG FUSHAN RESOURCES GROUP LTD ORD,0639.HK,619278,0.0009,HONG KONG,Basic Materials,Mineral Resources,Metals & Mining
VFAWF.PK,BRASKEM SA,BRKM5.SA,32200,0.0009,BRAZIL,Basic Materials,Chemicals,Chemicals
VFAWF.PK,CHINA INTERNATIONAL MARINE CONTAINERS GROUP CO LTD ORD,000039.SZ,169250,0.0009,CHINA,Industrials,Industrial Goods,"Machinery, Tools, Heavy Vehicles, Trains & Ships"
VFAWF.PK,IJM CORPORATION BHD ORD,IJMS.KL,505800,0.0009,MALAYSIA,Industrials,Industrial & Commercial Services,Construction & Engineering
VFAWF.PK,LEROY SEAFOOD GROUP ASA ORD,LSG.OL,42197,0.0009,NORWAY,Consumer Non-Cyclicals,Food & Beverages,Food & Tobacco
VFAWF.PK,ENNOSTAR INC ORD,3714.TW,112500,0.0009,TAIWAN,Technology,Technology Equipment,Semiconductors & Semiconductor Equipment
VFAWF.PK,YTL CORPORATION BHD ORD,YTLS.KL,649305,0.0009,MALAYSIA,Utilities,Utilities,Multiline Utilities
VFAWF.PK,AARTI INDUSTRIES LTD ORD,ARTI.NS,30080,0.0009,INDIA,Basic Materials,Chemicals,Chemicals
VFAWF.PK,FUJI KYUKO CO LTD ORD,9010.T,4500,0.0009,JAPAN,Consumer Cyclicals,Cyclical Consumer Services,Hotels & Entertainment Services
VFAWF.PK,HANON SYSTEMS ORD,018880.KS,25986,0.0009,KOREA,Consumer Cyclicals,Automobiles & Auto Parts,Automobiles & Auto Parts
VFAWF.PK,FP CORP ORD,7947.T,7800,0.0009,JAPAN,Basic Materials,Applied Resources,Containers & Packaging
VFAWF.PK,CANARA BANK LTD ORD,CNBK.NS,40603,0.0009,INDIA,Financials,Banking & Investment Services,Banking Services
VFAWF.PK,OSG CORP ORD,6136.T,13200,0.0009,JAPAN,Industrials,Industrial Goods,"Machinery, Tools, Heavy Vehicles, Trains & Ships"
VFAWF.PK,GUJARAT GAS LTD ORD,GGAS.NS,30288,0.0009,INDIA,Utilities,Utilities,Natural Gas Utilities
VFAWF.PK,AS ONE CORP ORD,7476.T,4400,0.0009,JAPAN,Healthcare,Healthcare Services & Equipment,Healthcare Equipment & Supplies
VFAWF.PK,ALKEM LABORATORIES LTD ORD,ALKE.NS,3055,0.0008,INDIA,Healthcare,Pharmaceuticals & Medical Research,Pharmaceuticals
VFAWF.PK,HANG LUNG GROUP LTD ORD,0010.HK,96000,0.0008,HONG KONG,Real Estate,Real Estate,Real Estate Operations
VFAWF.PK,KIWI PROPERTY GROUP LTD ORD,KPG.NZ,263925,0.0008,NEW ZEALAND,Real Estate,Real Estate,Real Estate Operations
VFAWF.PK,LENS TECHNOLOGY CO LTD ORD,300433.SZ,88900,0.0008,CHINA,Technology,Technology Equipment,Electronic Equipment & Parts
VFAWF.PK,MENICON CO LTD ORD,7780.T,8800,0.0008,JAPAN,Healthcare,Healthcare Services & Equipment,Healthcare Equipment & Supplies
VFAWF.PK,KERRY LOGISTICS NETWORK LTD ORD,0636.HK,124500,0.0008,HONG KONG,Industrials,Transportation,Freight & Logistics Services
VFAWF.PK,JIANGSU HENGLI HYDRAULIC CO LTD ORD,601100.SS,15392,0.0008,CHINA,Industrials,Industrial Goods,"Machinery, Tools, Heavy Vehicles, Trains & Ships"
VFAWF.PK,GT CAPITAL HOLDINGS INC ORD,GTCAP.PS,15603,0.0008,PHILIPPINES,Consumer Cyclicals,Automobiles & Auto Parts,Automobiles & Auto Parts
VFAWF.PK,HYUNDAI WIA CORP ORD,011210.KS,2950,0.0008,KOREA,Consumer Cyclicals,Automobiles & Auto Parts,Automobiles & Auto Parts
VFAWF.PK,HUTCHISON PORT HOLDINGS TRUST,HPHT.SI^I20,781800,0.0008,SINGAPORE,Unable to resolve all requested identifiers.,,
VFAWF.PK,KOZA ALTIN ISLETMELERI AS ORD,KOZAL.IS,151305,0.0008,TURKEY,Basic Materials,Mineral Resources,Metals & Mining
VFAWF.PK,PALTAC CORP ORD,8283.T,4300,0.0008,JAPAN,Consumer Non-Cyclicals,Personal & Household Products & Services,Personal & Household Products & Services
VFAWF.PK,GUANGDONG HAID GROUP CO LTD ORD,002311.SZ,22100,0.0008,CHINA,Consumer Non-Cyclicals,Food & Beverages,Food & Tobacco
VFAWF.PK,CIELO SA INSTITUICAO DE PAGAMENTO ORD,CIEL3.SA,160089,0.0008,BRAZIL,Industrials,Industrial & Commercial Services,Professional & Commercial Services
VFAWF.PK,HITHINK ROYALFLUSH INFORMATION NETWORK CO LTD ORD,300033.SZ,5400,0.0008,CHINA,Technology,Financial Technology (Fintech) & Infrastructure,Financial Technology (Fintech) & Infrastructure
VFAWF.PK,BINDAWOOD HOLDING COMPANY SJSC ORD,4161.SE,84380,0.0008,SAUDI ARABIA,Consumer Non-Cyclicals,Food & Drug Retailing,Food & Drug Retailing
VFAWF.PK,ADVANCED MICRO-FABRICATION EQUIPMENT INC CHINA ORD,688012.SS,7151,0.0008,CHINA,Technology,Technology Equipment,Semiconductors & Semiconductor Equipment
VFAWF.PK,HANGZHOU TIGERMED CONSULTING CO LTD ORD,3347.HK,22900,0.0008,CHINA,Healthcare,Pharmaceuticals & Medical Research,Biotechnology & Medical Research
VFAWF.PK,EMAAR DEVELOPMENT PJSC ORD,EMAARDEV.DU,93389,0.0008,UNITED ARAB EMIRATES,Real Estate,Real Estate,Real Estate Operations
VFAWF.PK,HUAXI SECURITIES CO LTD ORD,002926.SZ,118500,0.0008,CHINA,Financials,Banking & Investment Services,Investment Banking & Investment Services
VFAWF.PK,OSOTSPA PCL ORD,OSPf.BK,184700,0.0008,THAILAND,Consumer Non-Cyclicals,Food & Beverages,Beverages
VFAWF.PK,EGYPT KUWAIT HOLDING CO SAE ORD,EKHOA.CA,130452,0.0008,EGYPT,Basic Materials,Chemicals,Chemicals
VFAWF.PK,SITIOS LATINOAMERICA SAB DE CV ORD,LASITEB1.MX,352030,0.0008,MEXICO,Industrials,Industrial & Commercial Services,Construction & Engineering
VFAWF.PK,SODEXO SA RIGHTS,NULL,1531,0.0008,NULL,Unable to resolve all requested identifiers.,,
VFAWF.PK,MR DIY GROUP (M) BHD ORD,MRDI.KL,456300,0.0008,MALAYSIA,Consumer Cyclicals,Retailers,Specialty Retailers
VFAWF.PK,CTP NV ORD,3YZ.D,10634,0.0008,NETHERLANDS,Real Estate,Real Estate,Real Estate Operations
VFAWF.PK,NINGBO DEYE TECHNOLOGY CO LTD ORD,605117.SS,9000,0.0008,CHINA,Industrials,Industrial Goods,"Machinery, Tools, Heavy Vehicles, Trains & Ships"
VFAWF.PK,AL SEER MARINE SUPPLIES AND EQUIPMENT COMPANY LLC ORD,ASM.AD,73886,0.0008,UNITED ARAB EMIRATES,Industrials,Industrial Goods,"Machinery, Tools, Heavy Vehicles, Trains & Ships"
VFAWF.PK,COCA-COLA ICECEK AS ORD,CCOLA.IS,13169,0.0008,TURKEY,Consumer Non-Cyclicals,Food & Beverages,Beverages
VFAWF.PK,ZHEJIANG SANHUA INTELLIGENT CONTROLS CO LTD ORD,002050.SZ,40616,0.0008,CHINA,Industrials,Industrial Goods,"Machinery, Tools, Heavy Vehicles, Trains & Ships"
VFAWF.PK,VODAFONE IDEA LTD ORD,VODA.NS,1516140,0.0008,INDIA,Technology,Telecommunications Services,Telecommunications Services
VFAWF.PK,STRAUSS GROUP LTD ORD,STRS.TA,6407,0.0008,ISRAEL,Consumer Non-Cyclicals,Food & Beverages,Food & Tobacco
VFAWF.PK,GREENTOWN CHINA HOLDINGS LTD ORD,3900.HK,135000,0.0008,CHINA,Real Estate,Real Estate,Real Estate Operations
VFAWF.PK,AMOREPACIFIC CORP,090435.KS,5467,0.0008,KOREA,Consumer Non-Cyclicals,Personal & Household Products & Services,Personal & Household Products & Services
VFAWF.PK,ZHEJIANG NHU CO LTD ORD,002001.SZ,66384,0.0008,CHINA,Consumer Non-Cyclicals,Food & Beverages,Food & Tobacco
VFAWF.PK,FIRST PACIFIC CO LTD ORD,0142.HK,440750,0.0008,HONG KONG,Consumer Non-Cyclicals,Food & Beverages,Food & Tobacco
VFAWF.PK,DANA GAS PJSC ORD,DANA.AD,544148,0.0008,UNITED ARAB EMIRATES,Energy,Energy - Fossil Fuels,Oil & Gas
VFAWF.PK,TOYOTA BOSHOKU CORP ORD,3116.T,8300,0.0008,JAPAN,Consumer Cyclicals,Automobiles & Auto Parts,Automobiles & Auto Parts
VFAWF.PK,YUE YUEN INDUSTRIAL (HOLDINGS) LTD ORD,0551.HK,116500,0.0008,HONG KONG,Consumer Cyclicals,Cyclical Consumer Products,Textiles & Apparel
VFAWF.PK,ALIBABA PICTURES GROUP LTD ORD,1060.HK,2500000,0.0008,HONG KONG,Consumer Cyclicals,Cyclical Consumer Services,Media & Publishing
VFAWF.PK,MELCO INTERNATIONAL DEVELOPMENT LTD ORD,0200.HK,139000,0.0008,HONG KONG,Consumer Cyclicals,Cyclical Consumer Services,Hotels & Entertainment Services
VFAWF.PK,YUNNAN BAIYAO GROUP CO LTD ORD,000538.SZ,20420,0.0008,CHINA,Healthcare,Pharmaceuticals & Medical Research,Pharmaceuticals
VFAWF.PK,ETERNAL MATERIALS CO LTD ORD,1717.TW,144237,0.0008,TAIWAN,Basic Materials,Chemicals,Chemicals
VFAWF.PK,SAWAI GROUP HOLDINGS CO LTD ORD,4887.T,5800,0.0008,JAPAN,Healthcare,Pharmaceuticals & Medical Research,Pharmaceuticals
VFAWF.PK,INNER MONGOLIA BAOTOU STEEL UNION CO LTD ORD,600010.SS,581300,0.0008,CHINA,Basic Materials,Mineral Resources,Metals & Mining
VFAWF.PK,LOTTE FINE CHEMICAL CO LTD ORD,004000.KS,3085,0.0008,KOREA,Basic Materials,Chemicals,Chemicals
VFAWF.PK,BOE TECHNOLOGY GROUP CO LTD ORD,000725.SZ,253900,0.0008,CHINA,Technology,Technology Equipment,Electronic Equipment & Parts
VFAWF.PK,SHENZHEN ZHONGJIN LINGNAN NONFEMET CO LTD ORD,000060.SZ,185100,0.0008,CHINA,Basic Materials,Mineral Resources,Metals & Mining
VFAWF.PK,EL PUERTO DE LIVERPOOL SAB DE CV ORD,LIVEPOLC1.MX,23800,0.0008,MEXICO,Consumer Cyclicals,Retailers,Diversified Retail
VFAWF.PK,XCMG CONSTRUCTION MACHINERY CO LTD ORD,000425.SZ,147300,0.0008,CHINA,Industrials,Industrial Goods,"Machinery, Tools, Heavy Vehicles, Trains & Ships"
VFAWF.PK,RESORTTRUST INC ORD,4681.T,9600,0.0008,JAPAN,Consumer Cyclicals,Cyclical Consumer Services,Hotels & Entertainment Services
VFAWF.PK,BERLI JUCKER PCL ORD,BJCf.BK,140709,0.0008,THAILAND,Consumer Cyclicals,Retailers,Diversified Retail
VFAWF.PK,ACOM CO LTD ORD,8572.T,62900,0.0008,JAPAN,Financials,Banking & Investment Services,Banking Services
VFAWF.PK,BOUBYAN PETROCHEMICAL COMPANY KSCP ORD,BPCC.KW,59999,0.0008,KUWAIT,Basic Materials,Chemicals,Chemicals
VFAWF.PK,HAREL INSURANCE INVESTMENTS AND FINANCIAL SERVICES LTD ORD,HARL.TA,19463,0.0008,ISRAEL,Financials,Insurance,Insurance
VFAWF.PK,GODREJ INDUSTRIES LTD ORD,GODI.NS,26059,0.0008,INDIA,Consumer Non-Cyclicals,Consumer Goods Conglomerates,Consumer Goods Conglomerates
VFAWF.PK,SAUDI CEMENT COMPANY SJSC ORD,3030.SE,9856,0.0008,SAUDI ARABIA,Basic Materials,Mineral Resources,Construction Materials
VFAWF.PK,IZUMI CO LTD ORD,8273.T,6100,0.0008,JAPAN,Consumer Cyclicals,Retailers,Diversified Retail
VFAWF.PK,NEC NETWORKS & SYSTEM INTEGRATION CORP ORD,1973.T,11200,0.0008,JAPAN,Technology,Software & IT Services,Software & IT Services
VFAWF.PK,CHINA MERCHANTS SHEKOU INDUSTRIAL ZONE HOLDINGS CO LTD ORD,001979.SZ,76200,0.0008,CHINA,Real Estate,Real Estate,Real Estate Operations
VFAWF.PK,WILL SEMICONDUCTOR CO LTD SHANGHAI ORD,603501.SS,9045,0.0007,CHINA,Technology,Technology Equipment,Semiconductors & Semiconductor Equipment
VFAWF.PK,ADBRI LTD ORD,ABC.AX,74741,0.0007,AUSTRALIA,Basic Materials,Mineral Resources,Construction Materials
VFAWF.PK,YUNNAN ENERGY NEW MATERIAL CO LTD ORD,002812.SZ,9600,0.0007,CHINA,Basic Materials,Chemicals,Chemicals
VFAWF.PK,KUSURI NO AOKI HOLDINGS CO LTD ORD,3549.T,2400,0.0007,JAPAN,Consumer Non-Cyclicals,Food & Drug Retailing,Food & Drug Retailing
VFAWF.PK,GUOSEN SECURITIES CO LTD ORD,002736.SZ,91300,0.0007,CHINA,Financials,Banking & Investment Services,Investment Banking & Investment Services
VFAWF.PK,ZHEJIANG HUAYOU COBALT CO LTD ORD,603799.SS,20150,0.0007,CHINA,Basic Materials,Mineral Resources,Metals & Mining
VFAWF.PK,GLOBAL POWER SYNERGY PCL ORD,GPSCf.BK,77360,0.0007,THAILAND,Utilities,Utilities,Electric Utilities & IPPs
VFAWF.PK,HANJIN KAL ORD,180640.KS,4228,0.0007,KOREA,Industrials,Transportation,Passenger Transportation Services
VFAWF.PK,MANI INC ORD,7730.T,10200,0.0007,JAPAN,Healthcare,Healthcare Services & Equipment,Healthcare Equipment & Supplies
VFAWF.PK,GRUPO DE INVERSIONES SURAMERICANA SA,SIS_p.CN,36452,0.0007,COLOMBIA,Financials,Insurance,Insurance
VFAWF.PK,UNITED ELECTRONICS COMPANY JSC ORD,4003.SE,6000,0.0007,SAUDI ARABIA,Consumer Cyclicals,Retailers,Specialty Retailers
VFAWF.PK,ENERGIX RENEWABLE ENERGIES LTD ORD,ENRG.TA,37889,0.0007,ISRAEL,Utilities,Utilities,Electric Utilities & IPPs
VFAWF.PK,INGENIC SEMICONDUCTOR CO LTD ORD,300223.SZ,11700,0.0007,CHINA,Technology,Technology Equipment,Semiconductors & Semiconductor Equipment
VFAWF.PK,DGB FINANCIAL GROUP ORD,139130.KS,23045,0.0007,KOREA,Financials,Banking & Investment Services,Banking Services
VFAWF.PK,METALLURGICAL CORPORATION OF CHINA LTD ORD,601618.SS,210500,0.0007,CHINA,Industrials,Industrial & Commercial Services,Construction & Engineering
VFAWF.PK,SHENZHEN TRANSSION HOLDINGS CO LTD ORD,688036.SS,8134,0.0007,CHINA,Technology,Technology Equipment,"Computers, Phones & Household Electronics"
VFAWF.PK,POLY PROPERTY SERVICES CO LTD ORD,6049.HK,26000,0.0007,CHINA,Real Estate,Real Estate,Real Estate Operations
VFAWF.PK,KINGSOFT CLOUD HOLD ADR REP 15 ORD,KC.OQ,17714,0.0007,CHINA,Technology,Software & IT Services,Software & IT Services
VFAWF.PK,YIHAI KERRY ARAWANA HOLDINGS CO LTD ORD,300999.SZ,23500,0.0007,CHINA,Consumer Non-Cyclicals,Food & Beverages,Food & Tobacco
VFAWF.PK,SHANGHAI PUTAILAI NEW ENERGY TECHNOLOGY CO LTD ORD,603659.SS,25230,0.0007,CHINA,Basic Materials,Mineral Resources,Metals & Mining
VFAWF.PK,BGF RETAIL CO LTD ORD,282330.KS,999,0.0007,KOREA,Consumer Non-Cyclicals,Food & Drug Retailing,Food & Drug Retailing
VFAWF.PK,SK CHEMICALS CO LTD ORD,285130.KS,2724,0.0007,KOREA,Basic Materials,Chemicals,Chemicals
VFAWF.PK,SEB SA PRIME FIDELITE 2024,NULL,1219,0.0007,NULL,Unable to resolve all requested identifiers.,,
VFAWF.PK,OPC ENERGY LTD ORD,OPCE.TA,19532.89,0.0007,ISRAEL,Utilities,Utilities,Electric Utilities & IPPs
VFAWF.PK,HUNDSUN TECHNOLOGIES INC ORD,600570.SS,22003,0.0007,CHINA,Technology,Software & IT Services,Software & IT Services
VFAWF.PK,CONVERGE INFORMATION & COMMUNICATIONS TECHNOLOGY SOLUTIONS INC ORD,CNVRG.PS,770600,0.0007,PHILIPPINES,Technology,Telecommunications Services,Telecommunications Services
VFAWF.PK,IMEIK TECHNOLOGY DEVELOPMENT CO LTD ORD,300896.SZ,1900,0.0007,CHINA,Healthcare,Healthcare Services & Equipment,Healthcare Equipment & Supplies
VFAWF.PK,BANK OF BEIJING CO LTD ORD,601169.SS,208200,0.0007,CHINA,Financials,Banking & Investment Services,Banking Services
VFAWF.PK,M DIAS BRANCO SA INDUSTRIA E COMERCIO DE ALIMENTOS ORD,MDIA3.SA,15200,0.0007,BRAZIL,Consumer Non-Cyclicals,Food & Beverages,Food & Tobacco
VFAWF.PK,GAV-YAM LANDS CORP LTD ORD,GVYM.TA,18455.66,0.0007,ISRAEL,Real Estate,Real Estate,Real Estate Operations
VFAWF.PK,TELEKOM AUSTRIA AG ORD,TELA.VI,16401,0.0007,AUSTRIA,Technology,Telecommunications Services,Telecommunications Services
VFAWF.PK,NS SOLUTIONS CORP ORD,2327.T,4800,0.0007,JAPAN,Technology,Software & IT Services,Software & IT Services
VFAWF.PK,NIPRO CORP ORD,8086.T,17800,0.0007,JAPAN,Healthcare,Healthcare Services & Equipment,Healthcare Equipment & Supplies
VFAWF.PK,GUDANG GARAM TBK PT ORD,GGRM.JK,72700,0.0007,INDONESIA,Consumer Non-Cyclicals,Food & Beverages,Food & Tobacco
VFAWF.PK,HARTALEGA HOLDINGS BHD ORD,HTHB.KL,266400,0.0007,MALAYSIA,Healthcare,Healthcare Services & Equipment,Healthcare Equipment & Supplies
VFAWF.PK,ARCELIK AS ORD,ARCLK.IS,22981,0.0007,TURKEY,Consumer Cyclicals,Cyclical Consumer Products,Household Goods
VFAWF.PK,SUMITOMO PHARMA CO LTD ORD,4506.T,30000,0.0007,JAPAN,Healthcare,Pharmaceuticals & Medical Research,Pharmaceuticals
VFAWF.PK,ALLIANCE GLOBAL GROUP INC ORD,AGI.PS,595000,0.0007,PHILIPPINES,Consumer Non-Cyclicals,Consumer Goods Conglomerates,Consumer Goods Conglomerates
VFAWF.PK,CHINA LESSO GROUP HOLDINGS LTD ORD,2128.HK,186000,0.0007,CHINA,Consumer Cyclicals,Cyclical Consumer Products,Homebuilding & Construction Supplies
VFAWF.PK,PAN OCEAN CO LTD ORD,028670.KS,33341,0.0007,KOREA,Industrials,Transportation,Freight & Logistics Services
VFAWF.PK,MEGACABLE HOLDINGS SAB DE CV,MEGACPO.MX,48700,0.0007,MEXICO,Consumer Cyclicals,Cyclical Consumer Services,Media & Publishing
VFAWF.PK,CHONGQING CHANGAN AUTOMOBILE CO LTD ORD,200625.SZ,260442,0.0007,CHINA,Consumer Cyclicals,Automobiles & Auto Parts,Automobiles & Auto Parts
VFAWF.PK,ALONY HETZ PROPERTIES AND INVESTMENTS LTD ORD,ALHE.TA,14907,0.0007,ISRAEL,Real Estate,Real Estate,Real Estate Operations
VFAWF.PK,BLOOMBERRY RESORTS CORP ORD,BLOOM.PS,580900,0.0007,PHILIPPINES,Consumer Cyclicals,Cyclical Consumer Services,Hotels & Entertainment Services
VFAWF.PK,KAKEN PHARMACEUTICAL CO LTD ORD,4521.T,5000,0.0007,JAPAN,Healthcare,Pharmaceuticals & Medical Research,Pharmaceuticals
VFAWF.PK,SHANGHAI MECHANICAL & ELECTRICAL INDUSTRY CO LTD ORD,900925.SS,120700,0.0007,CHINA,Industrials,Industrial Goods,"Machinery, Tools, Heavy Vehicles, Trains & Ships"
VFAWF.PK,NONGSHIM CO LTD ORD,004370.KS,454,0.0007,KOREA,Consumer Non-Cyclicals,Food & Beverages,Food & Tobacco
VFAWF.PK,DFI RETAIL GROUP HOLDINGS LTD ORD,DFIR.SI,47800,0.0007,HONG KONG,Consumer Non-Cyclicals,Food & Drug Retailing,Food & Drug Retailing
VFAWF.PK,DOHA BANK QPSC ORD,DOBK.QA,259337,0.0007,QATAR,Financials,Banking & Investment Services,Banking Services
VFAWF.PK,BUKIT ASAM TBK PT ORD,PTBA.JK,720800,0.0007,INDONESIA,Energy,Energy - Fossil Fuels,Coal
VFAWF.PK,SHENZHEN OVERSEAS CHINESE TOWN CO LTD ORD,000069.SZ,191500,0.0007,CHINA,Real Estate,Real Estate,Real Estate Operations
VFAWF.PK,SOUTHERN PROVINCE CEMENT COMPANY SJSC ORD,3050.SE,10623,0.0007,SAUDI ARABIA,Basic Materials,Mineral Resources,Construction Materials
VFAWF.PK,JCET GROUP CO LTD ORD,600584.SS,29700,0.0007,CHINA,Technology,Technology Equipment,Semiconductors & Semiconductor Equipment
VFAWF.PK,CITIC PACIFIC SPECIAL STEEL GROUP CO LTD ORD,000708.SZ,54810,0.0007,CHINA,Basic Materials,Mineral Resources,Metals & Mining
VFAWF.PK,GLAXOSMITHKLINE PHARMACEUTICALS LTD ORD,GLAX.NS,7474,0.0007,INDIA,Healthcare,Pharmaceuticals & Medical Research,Pharmaceuticals
VFAWF.PK,TBEA CO LTD ORD,600089.SS,57590,0.0007,CHINA,Industrials,Industrial Goods,"Machinery, Tools, Heavy Vehicles, Trains & Ships"
VFAWF.PK,SARTORIUS AG ORD,SATG.DE,382,0.0007,GERMANY,Healthcare,Healthcare Services & Equipment,Healthcare Equipment & Supplies
VFAWF.PK,CATHAY PACIFIC AIRWAYS LTD ORD,0293.HK,121545,0.0007,HONG KONG,Industrials,Transportation,Passenger Transportation Services
VFAWF.PK,QASSIM CEMENT COMPANY SJSC ORD,3040.SE,6897,0.0007,SAUDI ARABIA,Basic Materials,Mineral Resources,Construction Materials
VFAWF.PK,JONJEE HI-TECH INDUSTRIAL AND COMMERCIAL HOLDING CO LTD ORD,600872.SS,25300,0.0007,CHINA,Consumer Non-Cyclicals,Food & Beverages,Food & Tobacco
VFAWF.PK,VALE INDONESIA TBK PT ORD,INCO.JK,271000,0.0007,INDONESIA,Basic Materials,Mineral Resources,Metals & Mining
VFAWF.PK,INFORMATION SERVICES INTERNATIONAL-DENTSU LTD ORD,4812.T,3700,0.0007,JAPAN,Technology,Software & IT Services,Software & IT Services
VFAWF.PK,GUBRE FABRIKALARI TAS ORD,GUBRF.IS,12082,0.0007,TURKEY,Basic Materials,Chemicals,Chemicals
VFAWF.PK,GIGADEVICE SEMICONDUCTOR INC ORD,603986.SS,7716,0.0007,CHINA,Technology,Technology Equipment,Semiconductors & Semiconductor Equipment
VFAWF.PK,NETMARBLE CORP ORD,251270.KS,2933,0.0006,KOREA,Technology,Software & IT Services,Software & IT Services
VFAWF.PK,SINGAPORE POST LTD ORD,SPOS.SI,284600,0.0006,SINGAPORE,Industrials,Transportation,Freight & Logistics Services
VFAWF.PK,MUANGTHAI CAPITAL PCL ORD,MTCf.BK,111700,0.0006,THAILAND,Financials,Banking & Investment Services,Banking Services
VFAWF.PK,SHAPIR ENGINEERING AND INDUSTRY LTD ORD,SPEN.TA,16551,0.0006,ISRAEL,Industrials,Industrial & Commercial Services,Construction & Engineering
VFAWF.PK,SINOPEC ENGINEERING GROUP CO LTD ORD,2386.HK,253500,0.0006,CHINA,Industrials,Industrial & Commercial Services,Construction & Engineering
VFAWF.PK,WESTPORTS HOLDINGS BHD ORD,WPHB.KL,158023,0.0006,MALAYSIA,Industrials,Transportation,Transport Infrastructure
VFAWF.PK,GUANGZHOU TINCI MATERIALS TECHNOLOGY CO LTD ORD,002709.SZ,23800,0.0006,CHINA,Basic Materials,Chemicals,Chemicals
VFAWF.PK,CHINA SOUTH PUBLISHING & MEDIA GROUP CO LTD ORD,601098.SS,75300,0.0006,CHINA,Consumer Cyclicals,Cyclical Consumer Services,Media & Publishing
VFAWF.PK,REMEGEN CO LTD ORD,9995.HK,19000,0.0006,CHINA,Healthcare,Pharmaceuticals & Medical Research,Biotechnology & Medical Research
VFAWF.PK,BLUE MOON GROUP HOLDINGS LTD ORD,6993.HK,226000,0.0006,CHINA,Consumer Non-Cyclicals,Personal & Household Products & Services,Personal & Household Products & Services
VFAWF.PK,DL E&C CO LTD ORD,375500.KS,5038,0.0006,KOREA,Industrials,Industrial & Commercial Services,Construction & Engineering
VFAWF.PK,METALLURGICAL CORPORATION OF CHINA LTD ORD,1618.HK,454000,0.0006,CHINA,Industrials,Industrial & Commercial Services,Construction & Engineering
VFAWF.PK,WEMADE CO LTD ORD,112040.KQ,4296,0.0006,KOREA,Technology,Software & IT Services,Software & IT Services
VFAWF.PK,MAXSCEND MICROELECTRONICS CO LTD ORD,300782.SZ,6912,0.0006,CHINA,Technology,Technology Equipment,Semiconductors & Semiconductor Equipment
VFAWF.PK,NEOENERGIA SA ORD,NEOE3.SA,25500,0.0006,BRAZIL,Utilities,Utilities,Electric Utilities & IPPs
VFAWF.PK,AMOREPACIFIC GROUP ORD,002790.KS,4965,0.0006,KOREA,Consumer Non-Cyclicals,Personal & Household Products & Services,Personal & Household Products & Services
VFAWF.PK,DOMAIN HOLDINGS AUSTRALIA LTD ORD,DHG.AX,41778,0.0006,AUSTRALIA,Consumer Cyclicals,Cyclical Consumer Services,Media & Publishing
VFAWF.PK,SHANGHAI JUNSHI BIOSCIENCES CO LTD ORD,1877.HK,35600,0.0006,CHINA,Healthcare,Pharmaceuticals & Medical Research,Pharmaceuticals
VFAWF.PK,OLAM GROUP LTD ORD,OLAG.SI,108200,0.0006,SINGAPORE,Consumer Non-Cyclicals,Food & Beverages,Food & Tobacco
VFAWF.PK,AUREN ENERGIA SA ORD,AURE3.SA,39066,0.0006,BRAZIL,Utilities,Utilities,Electric Utilities & IPPs
VFAWF.PK,OCI CO LTD ORD,456040.KS,1051,0.0006,KOREA,Basic Materials,Chemicals,Chemicals
VFAWF.PK,ANGELALIGN TECHNOLOGY INC ORD,6699.HK,10691,0.0006,CHINA,Healthcare,Healthcare Services & Equipment,Healthcare Equipment & Supplies
VFAWF.PK,TOWNGAS SMART ENERGY CO LTD ORD,1083.HK,228000,0.0006,HONG KONG,Utilities,Utilities,Natural Gas Utilities
VFAWF.PK,AIRPORT CITY LTD ORD,ARPT.TA,7683,0.0006,ISRAEL,Real Estate,Real Estate,Real Estate Operations
VFAWF.PK,BENEFIT ONE INC ORD,2412.T,10600,0.0006,JAPAN,Industrials,Industrial & Commercial Services,Professional & Commercial Services
VFAWF.PK,PICK N PAY STORES LTD ORD,PIKJ.J,52968,0.0006,SOUTH AFRICA,Consumer Non-Cyclicals,Food & Drug Retailing,Food & Drug Retailing
VFAWF.PK,SHANGHAI INDUSTRIAL HOLDINGS LTD ORD,0363.HK,76000,0.0006,HONG KONG,Real Estate,Real Estate,Real Estate Operations
VFAWF.PK,SHOCHIKU CO LTD ORD,9601.T,1600,0.0006,JAPAN,Consumer Cyclicals,Cyclical Consumer Services,Media & Publishing
VFAWF.PK,SVENSKA HANDELSBANKEN AB ORD,SHBb.ST,10404,0.0006,SWEDEN,Financials,Banking & Investment Services,Banking Services
VFAWF.PK,ANGANG STEEL CO LTD ORD,0347.HK,387000,0.0006,CHINA,Basic Materials,Mineral Resources,Metals & Mining
VFAWF.PK,GS ENGINEERING & CONSTRUCTION CORP ORD,006360.KS,10132,0.0006,KOREA,Industrials,Industrial & Commercial Services,Construction & Engineering
VFAWF.PK,CJ CORP ORD,001040.KS,2092,0.0006,KOREA,Consumer Non-Cyclicals,Food & Beverages,Food & Tobacco
VFAWF.PK,BEIJING SL PHARMACEUTICAL CO LTD ORD,002038.SZ,87500,0.0006,CHINA,Healthcare,Pharmaceuticals & Medical Research,Pharmaceuticals
VFAWF.PK,SEMIRARA MINING AND POWER CORPORATION ORD,SCC.PS,203100,0.0006,PHILIPPINES,Energy,Energy - Fossil Fuels,Coal
VFAWF.PK,SHANDONG HUALU-HENGSHENG CHEMICAL CO LTD ORD,600426.SS,24030,0.0006,CHINA,Basic Materials,Chemicals,Chemicals
VFAWF.PK,FOCUS MEDIA INFORMATION TECHNOLOGY CO LTD ORD,002027.SZ,107900,0.0006,CHINA,Consumer Cyclicals,Cyclical Consumer Services,Media & Publishing
VFAWF.PK,HINDUSTAN ZINC LTD ORD,HZNC.NS,29489,0.0006,INDIA,Basic Materials,Mineral Resources,Metals & Mining
VFAWF.PK,DMCI HOLDINGS INC ORD,DMC.PS,664600,0.0006,PHILIPPINES,Consumer Non-Cyclicals,Consumer Goods Conglomerates,Consumer Goods Conglomerates
VFAWF.PK,ELECTRA LTD ORD,ELTR.TA,269,0.0006,ISRAEL,Industrials,Industrial & Commercial Services,Construction & Engineering
VFAWF.PK,HUA XIA BANK CO LTD ORD,600015.SS,140500,0.0006,CHINA,Financials,Banking & Investment Services,Banking Services
VFAWF.PK,WUXI WEIFU HIGH TECH GROUP CO LTD ORD,000581.SZ,43600,0.0006,CHINA,Consumer Cyclicals,Automobiles & Auto Parts,Automobiles & Auto Parts
VFAWF.PK,CHINA RUYI HOLDINGS LTD ORD,0136.HK,405199,0.0006,HONG KONG,Consumer Cyclicals,Cyclical Consumer Services,Media & Publishing
VFAWF.PK,ALLIANCE BANK MALAYSIA BHD ORD,ALLI.KL,148700,0.0006,MALAYSIA,Financials,Banking & Investment Services,Banking Services
VFAWF.PK,SHANGRI-LA ASIA LTD ORD,0069.HK,140000,0.0006,HONG KONG,Consumer Cyclicals,Cyclical Consumer Services,Hotels & Entertainment Services
VFAWF.PK,CASTROL INDIA LTD ORD,CAST.NS,63918,0.0006,INDIA,Energy,Energy - Fossil Fuels,Oil & Gas
VFAWF.PK,HYUNDAI DEPARTMENT STORE CO LTD ORD,069960.KS,2475,0.0006,KOREA,Consumer Cyclicals,Retailers,Diversified Retail
VFAWF.PK,CSG HOLDING CO LTD ORD,200012.SZ,310034,0.0006,CHINA,Basic Materials,Chemicals,Chemicals
VFAWF.PK,KCC CORP ORD,002380.KS,726,0.0006,KOREA,Basic Materials,Chemicals,Chemicals
VFAWF.PK,TOSHIBA TEC CORP ORD,6588.T,3800,0.0006,JAPAN,Technology,Technology Equipment,Office Equipment
VFAWF.PK,DAIO PAPER CORP ORD,3880.T,13900,0.0006,JAPAN,Basic Materials,Applied Resources,Paper & Forest Products
VFAWF.PK,ITOHAM YONEKYU HOLDINGS INC ORD,2296.T,22000,0.0006,JAPAN,Consumer Non-Cyclicals,Food & Beverages,Food & Tobacco
VFAWF.PK,FORMOSA TAFFETA CO LTD ORD,1434.TW,104000,0.0005,TAIWAN,Consumer Cyclicals,Cyclical Consumer Products,Textiles & Apparel
VFAWF.PK,CHANGCHUN HIGH-TECH INDUSTRY GROUP CO LTD ORD,000661.SZ,4526,0.0005,CHINA,Healthcare,Pharmaceuticals & Medical Research,Pharmaceuticals
VFAWF.PK,PUNJAB NATIONAL BANK ORD,PNBK.NS,118110,0.0005,INDIA,Financials,Banking & Investment Services,Banking Services
VFAWF.PK,TAIWAN SECOM CO LTD ORD,9917.TW,29000,0.0005,TAIWAN,Technology,Technology Equipment,Communications & Networking
VFAWF.PK,S1 CORP ORD,012750.KS,2389,0.0005,KOREA,Technology,Technology Equipment,Communications & Networking
VFAWF.PK,KOREAGASCORP ORD,036460.KS,4468,0.0005,KOREA,Utilities,Utilities,Natural Gas Utilities
VFAWF.PK,GREEN CROSS CORP ORD,006280.KS,1071,0.0005,KOREA,Healthcare,Pharmaceuticals & Medical Research,Pharmaceuticals
VFAWF.PK,HUADONG MEDICINE CO LTD ORD,000963.SZ,15000,0.0005,CHINA,Healthcare,Pharmaceuticals & Medical Research,Pharmaceuticals
VFAWF.PK,HENAN SHUANGHUI INVESTMENT & DEVELOPMENT CO LTD ORD,000895.SZ,26600,0.0005,CHINA,Consumer Non-Cyclicals,Food & Beverages,Food & Tobacco
VFAWF.PK,YONYOU NETWORK TECHNOLOGY CO LTD ORD,600588.SS,36040,0.0005,CHINA,Technology,Software & IT Services,Software & IT Services
VFAWF.PK,HANJAYA MANDALA SAMPOERNA TBK PT ORD,HMSP.JK,1450900,0.0005,INDONESIA,Consumer Non-Cyclicals,Food & Beverages,Food & Tobacco
VFAWF.PK,SANTAM LTD ORD,SNTJ.J,6049,0.0005,SOUTH AFRICA,Financials,Insurance,Insurance
VFAWF.PK,AIR NEW ZEALAND LTD ORD,AIR.NZ,211512,0.0005,NEW ZEALAND,Industrials,Transportation,Passenger Transportation Services
VFAWF.PK,LINTEC CORP ORD,7966.T,5700,0.0005,JAPAN,Basic Materials,Chemicals,Chemicals
VFAWF.PK,SAN MIGUEL CORP ORD,SMC.PS,47780,0.0005,PHILIPPINES,Consumer Non-Cyclicals,Consumer Goods Conglomerates,Consumer Goods Conglomerates
VFAWF.PK,LEE & MAN PAPER MANUFACTURING LTD ORD,2314.HK,247000,0.0005,HONG KONG,Basic Materials,Applied Resources,Containers & Packaging
VFAWF.PK,YEALINK NETWORK TECHNOLOGY CO LTD ORD,300628.SZ,17220,0.0005,CHINA,Technology,Technology Equipment,Communications & Networking
VFAWF.PK,BANK OF SHANGHAI CO LTD ORD,601229.SS,114100,0.0005,CHINA,Financials,Banking & Investment Services,Banking Services
VFAWF.PK,KUNLUN TECH CO LTD ORD,300418.SZ,16900,0.0005,CHINA,Technology,Software & IT Services,Software & IT Services
VFAWF.PK,MANGO EXCELLENT MEDIA CO LTD ORD,300413.SZ,19500,0.0005,CHINA,Consumer Cyclicals,Cyclical Consumer Services,Media & Publishing
VFAWF.PK,NINGBO TUOPU GROUP CO LTD ORD,601689.SS,8900,0.0005,CHINA,Consumer Cyclicals,Automobiles & Auto Parts,Automobiles & Auto Parts
VFAWF.PK,ALL WINNER TECHNOLOGY CO LTD ORD,300458.SZ,23720,0.0005,CHINA,Technology,Technology Equipment,Semiconductors & Semiconductor Equipment
VFAWF.PK,CHINA REINSURANCE GROUP CORP ORD,1508.HK,1233000,0.0005,CHINA,Financials,Insurance,Insurance
VFAWF.PK,NEXTEER AUTOMOTIVE GROUP LTD ORD,1316.HK,139000,0.0005,UNITED STATES,Consumer Cyclicals,Automobiles & Auto Parts,Automobiles & Auto Parts
VFAWF.PK,CHINA MEIDONG AUTO HOLDINGS LTD ORD,1268.HK,82000,0.0005,CHINA,Consumer Cyclicals,Retailers,Specialty Retailers
VFAWF.PK,LEGEND HOLDINGS CORP ORD,3396.HK,87100,0.0005,CHINA,Technology,Technology Equipment,"Computers, Phones & Household Electronics"
VFAWF.PK,SRISAWAD CORPORATION PCL ORD,SAWADf.BK,71100,0.0005,THAILAND,Financials,Banking & Investment Services,Banking Services
VFAWF.PK,GS RETAIL CO LTD ORD,007070.KS,5235,0.0005,KOREA,Consumer Non-Cyclicals,Food & Drug Retailing,Food & Drug Retailing
VFAWF.PK,PUREGOLD PRICE CLUB INC ORD,PGOLD.PS,161100,0.0005,PHILIPPINES,Consumer Non-Cyclicals,Food & Drug Retailing,Food & Drug Retailing
VFAWF.PK,POWER CONSTRUCTION CORPORATION OF CHINA LTD ORD,601669.SS,116000,0.0005,CHINA,Industrials,Industrial & Commercial Services,Construction & Engineering
VFAWF.PK,HANGZHOU TIGERMED CONSULTING CO LTD ORD,300347.SZ,9100,0.0005,CHINA,Healthcare,Pharmaceuticals & Medical Research,Biotechnology & Medical Research
VFAWF.PK,CIFI HOLDINGS (GROUP) CO LTD ORD,0884.HK,1006824,0.0005,CHINA,Real Estate,Real Estate,Real Estate Operations
VFAWF.PK,SEAZEN GROUP LTD ORD,1030.HK,387158,0.0005,CHINA,Real Estate,Real Estate,Real Estate Operations
VFAWF.PK,GCL SYSTEM INTEGRATION TECHNOLOGY CO LTD ORD,002506.SZ,220900,0.0005,CHINA,Energy,Renewable Energy,Renewable Energy
VFAWF.PK,SONGCHENG PERFORMANCE DEVELOPMENT CO LTD ORD,300144.SZ,46800,0.0005,CHINA,Consumer Cyclicals,Cyclical Consumer Services,Media & Publishing
VFAWF.PK,JCR PHARMACEUTICALS CO LTD ORD,4552.T,9900,0.0005,JAPAN,Healthcare,Pharmaceuticals & Medical Research,Pharmaceuticals
VFAWF.PK,GRUPO AVAL ACCIONES Y VALORES SA,GAA_p.CN,656863,0.0005,COLOMBIA,Financials,Banking & Investment Services,Banking Services
VFAWF.PK,SUN ART RETAIL GROUP LTD ORD,6808.HK,305000,0.0005,CHINA,Consumer Non-Cyclicals,Food & Drug Retailing,Food & Drug Retailing
VFAWF.PK,ZHEJIANG CENTURY HUATONG GROUP CO LTD ORD,002602.SZ,122700,0.0005,CHINA,Technology,Software & IT Services,Software & IT Services
VFAWF.PK,SHANGHAI PHARMACEUTICALS HOLDING CO LTD ORD,601607.SS,36500,0.0005,CHINA,Healthcare,Pharmaceuticals & Medical Research,Pharmaceuticals
VFAWF.PK,SHENZHEN MTC CO LTD ORD,002429.SZ,136700,0.0005,CHINA,Technology,Technology Equipment,"Computers, Phones & Household Electronics"
VFAWF.PK,CHINA EVERBRIGHT BANK CO LTD ORD,601818.SS,220600,0.0005,CHINA,Financials,Banking & Investment Services,Banking Services
VFAWF.PK,SEEGENE INC ORD,096530.KQ,5628,0.0005,KOREA,Healthcare,Pharmaceuticals & Medical Research,Biotechnology & Medical Research
VFAWF.PK,INDUSTRIAL SECURITIES CO LTD ORD,601377.SS,92560,0.0005,CHINA,Financials,Banking & Investment Services,Investment Banking & Investment Services
VFAWF.PK,GUNGHO ONLINE ENTERTAINMENT INC ORD,3765.T,5080,0.0005,JAPAN,Technology,Software & IT Services,Software & IT Services
VFAWF.PK,SHIKUN & BINUI LTD ORD,SKBN.TA,35137.5,0.0005,ISRAEL,Industrials,Industrial & Commercial Services,Construction & Engineering
VFAWF.PK,DEXCO SA ORD,DXCO3.SA,54329,0.0005,BRAZIL,Basic Materials,Applied Resources,Paper & Forest Products
VFAWF.PK,ARABIAN CENTRES COMPANY SJSC ORD,4321.SE,16874,0.0005,SAUDI ARABIA,Real Estate,Real Estate,Real Estate Operations
VFAWF.PK,DADA NEXUS 1 ADS REP 4 ORD,DADA.OQ,13929,0.0005,CHINA,Technology,Software & IT Services,Software & IT Services
VFAWF.PK,SUZHOU MAXWELL TECHNOLOGIES CO LTD ORD,300751.SZ,3840,0.0005,CHINA,Industrials,Industrial Goods,"Machinery, Tools, Heavy Vehicles, Trains & Ships"
VFAWF.PK,PHARMARON BEIJING CO LTD ORD,300759.SZ,25425,0.0005,CHINA,Healthcare,Pharmaceuticals & Medical Research,Biotechnology & Medical Research
VFAWF.PK,YANGZIJIANG FINANCIAL HOLDING LTD ORD,YANZ.SI,354300,0.0005,CHINA,Financials,Banking & Investment Services,Investment Banking & Investment Services
VFAWF.PK,EURAZEO SE PRIMES DE FIDELITE 2024,NULL,1433,0.0005,NULL,Unable to resolve all requested identifiers.,,
VFAWF.PK,XL AXIATA TBK PT ORD,EXCL.JK,624239,0.0005,INDONESIA,Technology,Telecommunications Services,Telecommunications Services
VFAWF.PK,TUYA ADR REP CL A ORD,TUYA.A,58900,0.0005,CHINA,Technology,Software & IT Services,Software & IT Services
VFAWF.PK,SUSE SA ORD,SUSEG.DE,8336,0.0005,LUXEMBOURG,Technology,Software & IT Services,Software & IT Services
VFAWF.PK,SD BIOSENSOR INC ORD,137310.KS,9955,0.0005,KOREA,Healthcare,Healthcare Services & Equipment,Healthcare Equipment & Supplies
VFAWF.PK,BUMI SERPONG DAMAI TBK PT ORD,BSDE.JK,1095800,0.0005,INDONESIA,Real Estate,Real Estate,Real Estate Operations
VFAWF.PK,GOERTEK INC ORD,002241.SZ,39800,0.0005,CHINA,Technology,Technology Equipment,Electronic Equipment & Parts
VFAWF.PK,MEINIAN ONEHEALTH HEALTHCARE HOLDINGS CO LTD ORD,002044.SZ,97900,0.0005,CHINA,Healthcare,Healthcare Services & Equipment,Healthcare Providers & Services
VFAWF.PK,TAKARA BIO INC ORD,4974.T,7700,0.0005,JAPAN,Healthcare,Pharmaceuticals & Medical Research,Biotechnology & Medical Research
VFAWF.PK,MARFRIG GLOBAL FOODS SA ORD,MRFG3.SA,65500,0.0005,BRAZIL,Consumer Non-Cyclicals,Food & Beverages,Food & Tobacco
VFAWF.PK,VINDA INTERNATIONAL HOLDINGS LTD ORD,3331.HK,51000,0.0005,HONG KONG,Consumer Non-Cyclicals,Personal & Household Products & Services,Personal & Household Products & Services
VFAWF.PK,SHANGHAI RAAS BLOOD PRODUCTS CO LTD ORD,002252.SZ,104000,0.0005,CHINA,Healthcare,Pharmaceuticals & Medical Research,Pharmaceuticals
VFAWF.PK,AMOT INVESTMENTS LTD ORD,AMOT.TA,17832,0.0005,ISRAEL,Real Estate,Real Estate,Real Estate Operations
VFAWF.PK,SHANXI LUAN ENVIRONMENTAL ENERGY DEV CO LTD ORD,601699.SS,40800,0.0005,CHINA,Energy,Energy - Fossil Fuels,Coal
VFAWF.PK,LOTTE SHOPPING CO LTD ORD,023530.KS,1601,0.0005,KOREA,Consumer Cyclicals,Retailers,Diversified Retail
VFAWF.PK,TRANSCEND INFORMATION INC ORD,2451.TW,39000,0.0005,TAIWAN,Technology,Technology Equipment,Semiconductors & Semiconductor Equipment
VFAWF.PK,CHINA EVERBRIGHT LTD ORD,0165.HK,146000,0.0005,HONG KONG,Financials,Banking & Investment Services,Investment Banking & Investment Services
VFAWF.PK,CAP SA ORD,CAP.SN,12480,0.0005,CHILE,Basic Materials,Mineral Resources,Metals & Mining
VFAWF.PK,KEPCO PLANT SERVICE & ENGINEERING CO LTD ORD,051600.KS,3296,0.0005,KOREA,Industrials,Industrial & Commercial Services,Professional & Commercial Services
VFAWF.PK,TCL TECHNOLOGY GROUP CORP ORD,000100.SZ,156750,0.0005,CHINA,Technology,Technology Equipment,Electronic Equipment & Parts
VFAWF.PK,WINGTECH TECHNOLOGY CO LTD ORD,600745.SS,14000,0.0005,CHINA,Technology,Technology Equipment,"Computers, Phones & Household Electronics"
VFAWF.PK,ASKUL CORP ORD,2678.T,6100,0.0005,JAPAN,Technology,Software & IT Services,Software & IT Services
VFAWF.PK,HONG LEONG FINANCIAL GROUP BHD ORD,HLCB.KL,24526,0.0005,MALAYSIA,Financials,Banking & Investment Services,Banking Services
VFAWF.PK,HANMI SCIENCE CO LTD ORD,008930.KS,3675,0.0005,KOREA,Healthcare,Pharmaceuticals & Medical Research,Pharmaceuticals
VFAWF.PK,TOPCHOICE MEDICAL CO INC ORD,600763.SS,5700,0.0005,CHINA,Healthcare,Healthcare Services & Equipment,Healthcare Providers & Services
VFAWF.PK,SHANGHAI INTERNATIONAL AIRPORT CO LTD ORD,600009.SS,13500,0.0005,CHINA,Industrials,Transportation,Transport Infrastructure
VFAWF.PK,HANGZHOU SILAN MICROELECTRONICS CO LTD ORD,600460.SS,20600,0.0005,CHINA,Technology,Technology Equipment,Semiconductors & Semiconductor Equipment
VFAWF.PK,CHINA EASTERN AIRLINES CORP LTD ORD,0670.HK,232000,0.0005,CHINA,Industrials,Transportation,Passenger Transportation Services
VFAWF.PK,BGRIMM POWER PCL ORD,BGRIMf.BK,65200,0.0004,THAILAND,Utilities,Utilities,Electric Utilities & IPPs
VFAWF.PK,SINOPEC OILFIELD SERVICE CORP ORD,1033.HK,970000,0.0004,CHINA,Energy,Energy - Fossil Fuels,Oil & Gas Related Equipment and Services
VFAWF.PK,BANK SYARIAH INDONESIA TBK PT ORD,BRIS.JK,624151,0.0004,INDONESIA,Financials,Banking & Investment Services,Banking Services
VFAWF.PK,BEIJING ENLIGHT MEDIA CO LTD ORD,300251.SZ,57500,0.0004,CHINA,Consumer Cyclicals,Cyclical Consumer Services,Media & Publishing
VFAWF.PK,TRANSACTION CAPITAL LTD ORD,TCPJ.J,208473,0.0004,SOUTH AFRICA,Consumer Cyclicals,Retailers,Specialty Retailers
VFAWF.PK,WALVAX BIOTECHNOLOGY CO LTD ORD,300142.SZ,20600,0.0004,CHINA,Healthcare,Pharmaceuticals & Medical Research,Pharmaceuticals
VFAWF.PK,37 INTERACTIVE ENTERTAINMENT NETWORK TECHNOLOGY GROUP CO LTD ORD,002555.SZ,18700,0.0004,CHINA,Technology,Software & IT Services,Software & IT Services
VFAWF.PK,NOEVIR HOLDINGS CO LTD ORD,4928.T,2100,0.0004,JAPAN,Consumer Non-Cyclicals,Personal & Household Products & Services,Personal & Household Products & Services
VFAWF.PK,BEIJING JINGNENG CLEAN ENERGY CO LTD ORD,0579.HK,314000,0.0004,CHINA,Utilities,Utilities,Electric Utilities & IPPs
VFAWF.PK,LB GROUP CO LTD ORD,002601.SZ,27600,0.0004,CHINA,Basic Materials,Chemicals,Chemicals
VFAWF.PK,HANWHA LIFE INSURANCE CO LTD ORD,088350.KS,39010,0.0004,KOREA,Financials,Insurance,Insurance
VFAWF.PK,ZHEJIANG HUACE FILM & TV CO LTD ORD,300133.SZ,81300,0.0004,CHINA,Consumer Cyclicals,Cyclical Consumer Services,Media & Publishing
VFAWF.PK,CSN MINERACAO SA ORD,CMIN3.SA,81600,0.0004,BRAZIL,Basic Materials,Mineral Resources,Metals & Mining
VFAWF.PK,BBMG CORP ORD,2009.HK,676000,0.0004,CHINA,Basic Materials,Mineral Resources,Construction Materials
VFAWF.PK,LEPU MEDICAL TECHNOLOGY BEIJING CO LTD ORD,300003.SZ,24600,0.0004,CHINA,Healthcare,Healthcare Services & Equipment,Healthcare Equipment & Supplies
VFAWF.PK,CHINA NATIONAL CHEMICAL ENGINEERING CO LTD ORD,601117.SS,60800,0.0004,CHINA,Industrials,Industrial & Commercial Services,Construction & Engineering
VFAWF.PK,VAMOS LOCACAO DE CAMINHOES MAQUINAS E EQUIPAMENTOS SA ORD,VAMO3.SA,32809,0.0004,BRAZIL,Industrials,Industrial Goods,"Machinery, Tools, Heavy Vehicles, Trains & Ships"
VFAWF.PK,PHARMARON BEIJING CO LTD ORD,3759.HK,30375,0.0004,CHINA,Healthcare,Pharmaceuticals & Medical Research,Biotechnology & Medical Research
VFAWF.PK,JS GLOBAL LIFESTYLE CO LTD ORD,1691.HK,379500,0.0004,HONG KONG,Consumer Cyclicals,Cyclical Consumer Products,Household Goods
VFAWF.PK,RED STAR MACALLINE GROUP CORP LTD ORD,601828.SS,97800,0.0004,CHINA,Consumer Cyclicals,Retailers,Specialty Retailers
VFAWF.PK,FATTAL HOLDINGS 1998 LTD ORD,FATTAL.TA,721,0.0004,ISRAEL,Consumer Cyclicals,Cyclical Consumer Services,Hotels & Entertainment Services
VFAWF.PK,ECOVACS ROBOTICS CO LTD ORD,603486.SS,6600,0.0004,CHINA,Consumer Cyclicals,Cyclical Consumer Products,Household Goods
VFAWF.PK,JOINN LABORATORIES CHINA CO LTD ORD,6127.HK,31555,0.0004,CHINA,Healthcare,Pharmaceuticals & Medical Research,Biotechnology & Medical Research
VFAWF.PK,HITEJINRO CO LTD ORD,000080.KS,5221,0.0004,KOREA,Consumer Non-Cyclicals,Food & Beverages,Beverages
VFAWF.PK,KANSAI NEROLAC PAINTS LTD ORD,KANE.NS,16831,0.0004,INDIA,Basic Materials,Chemicals,Chemicals
VFAWF.PK,DONG SUH COMPANIES INC ORD,026960.KS,5006,0.0004,KOREA,Consumer Non-Cyclicals,Food & Beverages,Food & Tobacco
VFAWF.PK,SUN TV NETWORK LTD ORD,SUTV.NS,11691,0.0004,INDIA,Consumer Cyclicals,Cyclical Consumer Services,Media & Publishing
VFAWF.PK,IRPC PCL ORD,IRPCf.BK,1179600,0.0004,THAILAND,Energy,Energy - Fossil Fuels,Oil & Gas
VFAWF.PK,ORIENT CORP ORD,8585.T,10010,0.0004,JAPAN,Financials,Banking & Investment Services,Banking Services
VFAWF.PK,FUJI OIL HOLDINGS INC ORD,2607.T,6000,0.0004,JAPAN,Consumer Non-Cyclicals,Food & Beverages,Food & Tobacco
VFAWF.PK,GUANGSHEN RAILWAY CO LTD ORD,0525.HK,308000,0.0004,CHINA,Industrials,Transportation,Passenger Transportation Services
VFAWF.PK,JOHNSON ELECTRIC HOLDINGS LTD ORD,0179.HK,57125,0.0004,HONG KONG,Industrials,Industrial Goods,"Machinery, Tools, Heavy Vehicles, Trains & Ships"
VFAWF.PK,ZHEJIANG JUHUA CO LTD ORD,600160.SS,37000,0.0004,CHINA,Basic Materials,Chemicals,Chemicals
VFAWF.PK,MAANSHAN IRON & STEEL CO LTD ORD,600808.SS,207000,0.0004,CHINA,Basic Materials,Mineral Resources,Metals & Mining
VFAWF.PK,JASA MARGA (PERSERO) TBK PT ORD,JSMR.JK,318107,0.0004,INDONESIA,Industrials,Transportation,Transport Infrastructure
VFAWF.PK,COSCO SHIPPING DEVELOPMENT CO LTD ORD,601866.SS,189600,0.0004,CHINA,Industrials,Transportation,Freight & Logistics Services
VFAWF.PK,WHIRLPOOL OF INDIA LTD ORD,WHIR.NS,3765,0.0004,INDIA,Consumer Cyclicals,Cyclical Consumer Products,Household Goods
VFAWF.PK,FRASER & NEAVE HOLDINGS BHD ORD,FRAS.KL,12200,0.0004,MALAYSIA,Consumer Non-Cyclicals,Food & Beverages,Beverages
VFAWF.PK,LT GROUP INC ORD,LTG.PS,456200,0.0004,PHILIPPINES,Financials,Banking & Investment Services,Banking Services
VFAWF.PK,JIANGSU EASTERN SHENGHONG CO LTD ORD,000301.SZ,41800,0.0004,CHINA,Basic Materials,Chemicals,Chemicals
VFAWF.PK,HUALAN BIOLOGICAL ENGINEERING INC ORD,002007.SZ,22300,0.0004,CHINA,Healthcare,Pharmaceuticals & Medical Research,Pharmaceuticals
VFAWF.PK,CHINA MOTOR CORP ORD,2204.TW,24400,0.0004,TAIWAN,Consumer Cyclicals,Automobiles & Auto Parts,Automobiles & Auto Parts
VFAWF.PK,DAEWOO ENGINEERING & CONSTRUCTION CO LTD ORD,047040.KS,22955,0.0004,KOREA,Industrials,Industrial & Commercial Services,Construction & Engineering
VFAWF.PK,FAR EASTERN INTERNATIONAL BANK ORD,2845.TW,214747,0.0004,TAIWAN,Financials,Banking & Investment Services,Banking Services
VFAWF.PK,USINAS SIDERURGICAS DE MINAS GERAIS SA USIMINAS,USIM5.SA,52223,0.0004,BRAZIL,Basic Materials,Mineral Resources,Metals & Mining
VFAWF.PK,GUANGHUI ENERGY CO LTD ORD,600256.SS,76300,0.0004,CHINA,Energy,Energy - Fossil Fuels,Oil & Gas
VFAWF.PK,SHINPOONG PHARMACEUTICAL CO LTD ORD,019170.KS,5758,0.0004,KOREA,Healthcare,Pharmaceuticals & Medical Research,Pharmaceuticals
VFAWF.PK,BAYER CROPSCIENCE LTD ORD,BAYE.NS,1321,0.0004,INDIA,Basic Materials,Chemicals,Chemicals
VFAWF.PK,CHONGQING BREWERY CO LTD ORD,600132.SS,5400,0.0004,CHINA,Consumer Non-Cyclicals,Food & Beverages,Beverages
VFAWF.PK,YUNNAN ALUMINIUM CO LTD ORD,000807.SZ,38600,0.0004,CHINA,Basic Materials,Mineral Resources,Metals & Mining
VFAWF.PK,3M INDIA LTD ORD,TMIN.NS,217,0.0004,INDIA,Consumer Non-Cyclicals,Consumer Goods Conglomerates,Consumer Goods Conglomerates
VFAWF.PK,GD POWER DEVELOPMENT CO LTD ORD,600795.SS,155500,0.0004,CHINA,Utilities,Utilities,Electric Utilities & IPPs
VFAWF.PK,SICHUAN ROAD & BRIDGE GROUP CO LTD ORD,600039.SS,51240,0.0004,CHINA,Industrials,Industrial & Commercial Services,Construction & Engineering
VFAWF.PK,HENGLI PETROCHEMICAL CO LTD ORD,600346.SS,33300,0.0004,CHINA,Basic Materials,Chemicals,Chemicals
VFAWF.PK,SICHUAN SWELLFUN CO LTD ORD,600779.SS,6500,0.0004,CHINA,Consumer Non-Cyclicals,Food & Beverages,Beverages
VFAWF.PK,INSPUR ELECTRONIC INFORMATION INDUSTRY CO LTD ORD,000977.SZ,13000,0.0004,CHINA,Technology,Technology Equipment,"Computers, Phones & Household Electronics"
VFAWF.PK,YUAN LONG PING HIGH-TECH AGRICULTURE CO LTD ORD,000998.SZ,35300,0.0004,CHINA,Consumer Non-Cyclicals,Food & Beverages,Food & Tobacco
VFAWF.PK,CJ LOGISTICS CORP ORD,000120.KS,1242,0.0004,KOREA,Industrials,Transportation,Freight & Logistics Services
VFAWF.PK,NEW HOPE LIUHE CO LTD ORD,000876.SZ,43500,0.0004,CHINA,Consumer Non-Cyclicals,Food & Beverages,Food & Tobacco
VFAWF.PK,RENOVA INC ORD,9519.T,7900,0.0004,JAPAN,Utilities,Utilities,Electric Utilities & IPPs
VFAWF.PK,SHANDONG NANSHAN ALUMINIUM CO LTD ORD,600219.SS,124100,0.0003,CHINA,Basic Materials,Mineral Resources,Metals & Mining
VFAWF.PK,ALPARGATAS SA,ALPA4.SA,28475,0.0003,BRAZIL,Consumer Cyclicals,Cyclical Consumer Products,Textiles & Apparel
VFAWF.PK,BURGAN BANK KPSC ORD,BURG.KW,87248,0.0003,KUWAIT,Financials,Banking & Investment Services,Banking Services
VFAWF.PK,GEMDALE CORP ORD,600383.SS,53900,0.0003,CHINA,Real Estate,Real Estate,Real Estate Operations
VFAWF.PK,PANGANG GROUP VANADIUM & TITANIUM RESOURCES CO LTD ORD,000629.SZ,114000,0.0003,CHINA,Basic Materials,Mineral Resources,Metals & Mining
VFAWF.PK,INTOUCH HOLDIN NVDR,INTUCHn.BK,25100,0.0003,THAILAND,Technology,Telecommunications Services,Telecommunications Services
VFAWF.PK,MEGAWORLD CORP ORD,MEG.PS,1437605,0.0003,PHILIPPINES,Real Estate,Real Estate,Real Estate Operations
VFAWF.PK,SG MICRO CORP ORD,300661.SZ,5557,0.0003,CHINA,Technology,Technology Equipment,Semiconductors & Semiconductor Equipment
VFAWF.PK,NIPPON LIFE INDIA ASSET MANAGEMENT LTD ORD,NIPF.NS,14367,0.0003,INDIA,Financials,Banking & Investment Services,Investment Banking & Investment Services
VFAWF.PK,GUANGDONG KINLONG HARDWARE PRODUCTS CO LTD ORD,002791.SZ,5200,0.0003,CHINA,Consumer Cyclicals,Cyclical Consumer Products,Homebuilding & Construction Supplies
VFAWF.PK,XINHUA WINSHARE PUBLISHING AND MEDIA CO LTD ORD,601811.SS,31400,0.0003,CHINA,Consumer Cyclicals,Cyclical Consumer Services,Media & Publishing
VFAWF.PK,G-BITS NETWORK TECHNOLOGY XIAMEN CO LTD ORD,603444.SS,800,0.0003,CHINA,Technology,Software & IT Services,Software & IT Services
VFAWF.PK,HANGZHOU FIRST APPLIED MATERIAL CO LTD ORD,603806.SS,13132,0.0003,CHINA,Basic Materials,Chemicals,Chemicals
VFAWF.PK,CHAOZHOU THREE-CIRCLE GROUP CO LTD ORD,300408.SZ,12300,0.0003,CHINA,Technology,Technology Equipment,Electronic Equipment & Parts
VFAWF.PK,KENON HOLDINGS LTD ORD,KEN.N,2155,0.0003,SINGAPORE,Utilities,Utilities,Electric Utilities & IPPs
VFAWF.PK,THUNDER SOFTWARE TECHNOLOGY CO LTD ORD,300496.SZ,4000,0.0003,CHINA,Technology,Software & IT Services,Software & IT Services
VFAWF.PK,DIS-CHEM PHARMACIES LTD ORD,DCPJ.J,38203,0.0003,SOUTH AFRICA,Consumer Non-Cyclicals,Food & Drug Retailing,Food & Drug Retailing
VFAWF.PK,NHN CORP ORD,181710.KS,2856,0.0003,KOREA,Technology,Software & IT Services,Software & IT Services
VFAWF.PK,CENTRAL CHINA SECURITIES CO LTD ORD,1375.HK,360000,0.0003,CHINA,Financials,Banking & Investment Services,Investment Banking & Investment Services
VFAWF.PK,SATELLITE CHEMICAL CO LTD ORD,002648.SZ,28991,0.0003,CHINA,Basic Materials,Chemicals,Chemicals
VFAWF.PK,SHANGHAI BAIRUN INVESTMENT HOLDING GROUP CO LTD ORD,002568.SZ,9884,0.0003,CHINA,Consumer Non-Cyclicals,Food & Beverages,Beverages
VFAWF.PK,NINGBO SANXING MEDICAL ELECTRIC CO LTD ORD,601567.SS,22200,0.0003,CHINA,Industrials,Industrial Goods,"Machinery, Tools, Heavy Vehicles, Trains & Ships"
VFAWF.PK,LINGYI ITECH GUANGDONG CO ORD,002600.SZ,64200,0.0003,CHINA,Industrials,Industrial Goods,"Machinery, Tools, Heavy Vehicles, Trains & Ships"
VFAWF.PK,EVERGRANDE PROPERTY SERVICES GROUP LTD ORD,6666.HK,798000,0.0003,CHINA,Real Estate,Real Estate,Real Estate Operations
VFAWF.PK,SHENZHEN CAPCHEM TECHNOLOGY CO LTD ORD,300037.SZ,8460,0.0003,CHINA,Basic Materials,Chemicals,Chemicals
VFAWF.PK,GEM CO LTD ORD,002340.SZ,56300,0.0003,CHINA,Industrials,Industrial & Commercial Services,Professional & Commercial Services
VFAWF.PK,ZHEJIANG CHINT ELECTRICS CO LTD ORD,601877.SS,16000,0.0003,CHINA,Industrials,Industrial Goods,"Machinery, Tools, Heavy Vehicles, Trains & Ships"
VFAWF.PK,GINLONG TECHNOLOGIES CO LTD ORD,300763.SZ,4650,0.0003,CHINA,Industrials,Industrial Goods,"Machinery, Tools, Heavy Vehicles, Trains & Ships"
VFAWF.PK,CANSINO BIOLOGICS INC ORD,688185.SS,4477,0.0003,CHINA,Healthcare,Pharmaceuticals & Medical Research,Pharmaceuticals
VFAWF.PK,SOLUS ADVANCED MATERIALS CO LTD ORD,336370.KS,2158,0.0003,KOREA,Technology,Technology Equipment,Electronic Equipment & Parts
VFAWF.PK,STARPOWER SEMICONDUCTOR LTD ORD,603290.SS,1600,0.0003,CHINA,Technology,Technology Equipment,Semiconductors & Semiconductor Equipment
VFAWF.PK,MING YUAN CLOUD GROUP HOLDINGS LTD ORD,0909.HK,108000,0.0003,CHINA,Technology,Software & IT Services,Software & IT Services
VFAWF.PK,HOSHINE SILICON INDUSTRY CO LTD ORD,603260.SS,6500,0.0003,CHINA,Basic Materials,Chemicals,Chemicals
VFAWF.PK,HUIZHOU DESAY SV AUTOMOTIVE CO LTD ORD,002920.SZ,2700,0.0003,CHINA,Technology,Technology Equipment,Electronic Equipment & Parts
VFAWF.PK,H LUNDBECK A/S ORD,HLUNa.CO,10450,0.0003,DENMARK,Healthcare,Pharmaceuticals & Medical Research,Pharmaceuticals
VFAWF.PK,TRUE CORPORATION ORD R,TRUEn.BK,246604,0.0003,THAILAND,Technology,Telecommunications Services,Telecommunications Services
VFAWF.PK,CHINA EVERGRANDE GROUP ORD,3333.HK,422000,0.0003,CHINA,Real Estate,Real Estate,Real Estate Operations
VFAWF.PK,CHAMPION REAL ESTATE INVESTMENT TRUST,2778.HK,176000,0.0003,NULL,Real Estate,Real Estate,Residential & Commercial REITs
VFAWF.PK,PLATINUM ASSET MANAGEMENT LTD ORD,PTM.AX,57151,0.0003,AUSTRALIA,Financials,Banking & Investment Services,Investment Banking & Investment Services
VFAWF.PK,SAMSUNG CARD CO LTD ORD,029780.KS,2589,0.0003,KOREA,Financials,Banking & Investment Services,Banking Services
VFAWF.PK,TURK TELEKOMUNIKASYON AS ORD,TTKOM.IS,79976,0.0003,TURKEY,Technology,Telecommunications Services,Telecommunications Services
VFAWF.PK,SHUI ON LAND LTD ORD,0272.HK,519500,0.0003,CHINA,Real Estate,Real Estate,Real Estate Operations
VFAWF.PK,SHIMAO GROUP HOLDINGS LTD ORD,0813.HK,268500,0.0003,HONG KONG,Real Estate,Real Estate,Real Estate Operations
VFAWF.PK,GOTION HIGH TECH CO LTD ORD,002074.SZ,16900,0.0003,CHINA,Industrials,Industrial Goods,"Machinery, Tools, Heavy Vehicles, Trains & Ships"
VFAWF.PK,SINOMA SCIENCE & TECHNOLOGY CO LTD ORD,002080.SZ,16300,0.0003,CHINA,Basic Materials,Chemicals,Chemicals
VFAWF.PK,SMARTFREN TELECOM TBK PT ORD,FREN.JK,16780300,0.0003,INDONESIA,Technology,Telecommunications Services,Telecommunications Services
VFAWF.PK,GUANGSHEN RAILWAY CO LTD ORD,601333.SS,120200,0.0003,CHINA,Industrials,Transportation,Passenger Transportation Services
VFAWF.PK,COSCO SHIPPING DEVELOPMENT CO LTD ORD,2866.HK,501000,0.0003,CHINA,Industrials,Transportation,Freight & Logistics Services
VFAWF.PK,CETC CYBERSPACE SECURITY TECHNOLOGY CO LTD ORD,002268.SZ,15600,0.0003,CHINA,Industrials,Industrial & Commercial Services,Professional & Commercial Services
VFAWF.PK,TBS HOLDINGS INC ORD,9401.T,2600,0.0003,JAPAN,Consumer Cyclicals,Cyclical Consumer Services,Media & Publishing
VFAWF.PK,SURYA CITRA MEDIA TBK PT ORD,SCMA.JK,4872500,0.0003,INDONESIA,Consumer Cyclicals,Cyclical Consumer Services,Media & Publishing
VFAWF.PK,HELLENIQ ENERGY HOLDINGS SA ORD,HEPr.AT,6465,0.0003,GREECE,Energy,Energy - Fossil Fuels,Oil & Gas
VFAWF.PK,CHINA TRAVEL INTERNATIONAL INVESTMENT HONG KONG LTD ORD,0308.HK,280000,0.0003,HONG KONG,Consumer Cyclicals,Cyclical Consumer Services,Hotels & Entertainment Services
VFAWF.PK,TONGLING NONFERROUS METALS GROUP CO LTD ORD,000630.SZ,112000,0.0003,CHINA,Basic Materials,Mineral Resources,Metals & Mining
VFAWF.PK,OIL AND GAS DEVELOPMENT CO LTD ORD,OGDC.PSX,177720,0.0003,PAKISTAN,Energy,Energy - Fossil Fuels,Oil & Gas
VFAWF.PK,LOTTE CHILSUNG BEVERAGE CO LTD ORD,005300.KS,509,0.0003,KOREA,Consumer Non-Cyclicals,Food & Beverages,Beverages
VFAWF.PK,HUNAN VALIN STEEL CO LTD ORD,000932.SZ,64100,0.0003,CHINA,Basic Materials,Mineral Resources,Metals & Mining
VFAWF.PK,SHANXI COKING COAL ENERGY GROUP CO LTD ORD,000983.SZ,47800,0.0003,CHINA,Energy,Energy - Fossil Fuels,Coal
VFAWF.PK,HUAYU AUTOMOTIVE SYSTEMS CO LTD ORD,600741.SS,19300,0.0003,CHINA,Consumer Cyclicals,Automobiles & Auto Parts,Automobiles & Auto Parts
VFAWF.PK,TSINGTAO BREWERY CO LTD ORD,600600.SS,4400,0.0003,CHINA,Consumer Non-Cyclicals,Food & Beverages,Beverages
VFAWF.PK,CHINA WORLD TRADE CENTER CO LTD ORD,600007.SS,21400,0.0003,CHINA,Real Estate,Real Estate,Real Estate Operations
VFAWF.PK,DL HOLDINGS CO LTD ORD,000210.KS,2010,0.0003,KOREA,Basic Materials,Chemicals,Chemicals
VFAWF.PK,JIANGSU ZHONGTIAN TECHNOLOGY CO LTD ORD,600522.SS,25700,0.0003,CHINA,Technology,Technology Equipment,Communications & Networking
VFAWF.PK,BEIJING SHUNXIN AGRICULTURE CO LTD ORD,000860.SZ,16000,0.0003,CHINA,Consumer Non-Cyclicals,Food & Beverages,Beverages
VFAWF.PK,HUABAO INTERNATIONAL HOLDINGS LTD ORD,0336.HK,151000,0.0003,HONG KONG,Basic Materials,Chemicals,Chemicals
VFAWF.PK,SKNETWORKSCOLTD ORD,001740.KS,13123,0.0003,KOREA,Technology,Technology Equipment,"Computers, Phones & Household Electronics"
VFAWF.PK,ZHEJIANG HUAHAI PHARMACEUTICAL CO LTD ORD,600521.SS,23100,0.0003,CHINA,Healthcare,Pharmaceuticals & Medical Research,Pharmaceuticals
VFAWF.PK,JIUGUI LIQUOR CO LTD ORD,000799.SZ,3700,0.0003,CHINA,Consumer Non-Cyclicals,Food & Beverages,Beverages
VFAWF.PK,YUNNAN TIN CO LTD ORD,000960.SZ,22700,0.0003,CHINA,Basic Materials,Mineral Resources,Metals & Mining
VFAWF.PK,SHANGHAI BAOSIGHT SOFTWARE CO LTD ORD,600845.SS,7332,0.0003,CHINA,Technology,Software & IT Services,Software & IT Services
VFAWF.PK,PARADISE CO LTD ORD,034230.KQ,5850,0.0003,KOREA,Consumer Cyclicals,Cyclical Consumer Services,Hotels & Entertainment Services
VFAWF.PK,GUANGDONG HEC TECHNOLOGY HOLDING CO LTD ORD,600673.SS,32900,0.0002,CHINA,Basic Materials,Mineral Resources,Metals & Mining
VFAWF.PK,XJ ELECTRIC CO LTD ORD,000400.SZ,11000,0.0002,CHINA,Industrials,Industrial Goods,"Machinery, Tools, Heavy Vehicles, Trains & Ships"
VFAWF.PK,SHANGHAI ELECTRIC POWER CO LTD ORD,600021.SS,19800,0.0002,CHINA,Utilities,Utilities,Electric Utilities & IPPs
VFAWF.PK,LUXI CHEMICAL GROUP CO LTD ORD,000830.SZ,22400,0.0002,CHINA,Basic Materials,Chemicals,Chemicals
VFAWF.PK,JINKE PROPERTY GROUP CO LTD ORD,000656.SZ,100500,0.0002,CHINA,Real Estate,Real Estate,Real Estate Operations
VFAWF.PK,BRITISH AMERICAN TOBACCO (MALAYSIA) BHD ORD,BATO.KL,16900,0.0002,MALAYSIA,Consumer Non-Cyclicals,Food & Beverages,Food & Tobacco
VFAWF.PK,BEIJING NEW BUILDING MATERIALS PUBLIC LTD CO ORD,000786.SZ,9100,0.0002,CHINA,Consumer Cyclicals,Cyclical Consumer Products,Homebuilding & Construction Supplies
VFAWF.PK,BANK OF INDIA LTD ORD,BOI.NS,37914,0.0002,INDIA,Financials,Banking & Investment Services,Banking Services
VFAWF.PK,YUNNAN COPPER CO LTD ORD,000878.SZ,18100,0.0002,CHINA,Basic Materials,Mineral Resources,Metals & Mining
VFAWF.PK,SHANGHAI INTERNATIONAL PORT GROUP CO LTD ORD,600018.SS,40600,0.0002,CHINA,Industrials,Transportation,Transport Infrastructure
VFAWF.PK,SHENGHE RESOURCES HOLDING CO LTD ORD,600392.SS,26100,0.0002,CHINA,Basic Materials,Mineral Resources,Metals & Mining
VFAWF.PK,TELECOM EGYPT CO SAE ORD,ETEL.CA,41266,0.0002,EGYPT,Technology,Telecommunications Services,Telecommunications Services
VFAWF.PK,CECEP SOLAR ENERGY CO LTD ORD,000591.SZ,37500,0.0002,CHINA,Utilities,Utilities,Electric Utilities & IPPs
VFAWF.PK,MATSUI SECURITIES CO LTD ORD,8628.T,6500,0.0002,JAPAN,Financials,Banking & Investment Services,Investment Banking & Investment Services
VFAWF.PK,CAFE DE CORAL HOLDINGS LTD ORD,0341.HK,28000,0.0002,HONG KONG,Consumer Cyclicals,Cyclical Consumer Services,Hotels & Entertainment Services
VFAWF.PK,SHENZHEN ENERGY GROUP CO LTD ORD,000027.SZ,35600,0.0002,CHINA,Utilities,Utilities,Electric Utilities & IPPs
VFAWF.PK,SHAN XI HUA YANG GROUP NEW ENERGY CO LTD ORD,600348.SS,27300,0.0002,CHINA,Energy,Energy - Fossil Fuels,Coal
VFAWF.PK,KINNEVIK AB ORD,KINVa.ST,3098,0.0002,SWEDEN,Financials,Investment Holding Companies,Investment Holding Companies
VFAWF.PK,YTO EXPRESS GROUP CO LTD ORD,600233.SS,14300,0.0002,CHINA,Industrials,Transportation,Freight & Logistics Services
VFAWF.PK,FANGDA CARBON NEW MATERIAL CO LTD ORD,600516.SS,46900,0.0002,CHINA,Industrials,Industrial Goods,"Machinery, Tools, Heavy Vehicles, Trains & Ships"
VFAWF.PK,TIBET SUMMIT RESOURCES CO LTD ORD,600338.SS,11200,0.0002,CHINA,Basic Materials,Mineral Resources,Metals & Mining
VFAWF.PK,HUBEI ENERGY GROUP CO LTD ORD,000883.SZ,63500,0.0002,CHINA,Utilities,Utilities,Electric Utilities & IPPs
VFAWF.PK,SICHUAN CHUANTOU ENERGY CO LTD ORD,600674.SS,15800,0.0002,CHINA,Utilities,Utilities,Electric Utilities & IPPs
VFAWF.PK,PAKISTAN PETROLEUM LTD ORD,PPL.PSX,132018,0.0002,PAKISTAN,Energy,Energy - Fossil Fuels,Oil & Gas
VFAWF.PK,JIZHONG ENERGY RESOURCES CO LTD ORD,000937.SZ,37500,0.0002,CHINA,Energy,Energy - Fossil Fuels,Coal
VFAWF.PK,ENN NATURAL GAS CO LTD ORD,600803.SS,15700,0.0002,CHINA,Utilities,Utilities,Natural Gas Utilities
VFAWF.PK,SHANXI TAIGANG STAINLESS STEEL CO LTD ORD,000825.SZ,68800,0.0002,CHINA,Basic Materials,Mineral Resources,Metals & Mining
VFAWF.PK,SSANGYONGC&E CO LTD ORD,003410.KS,10466,0.0002,KOREA,Basic Materials,Mineral Resources,Construction Materials
VFAWF.PK,HAITONG INTERNATIONAL SECURITIES GROUP LTD ORD,0665.HK,393250,0.0002,HONG KONG,Financials,Banking & Investment Services,Investment Banking & Investment Services
VFAWF.PK,SEAZEN HOLDINGS CO LTD ORD,601155.SS,18100,0.0002,CHINA,Real Estate,Real Estate,Real Estate Operations
VFAWF.PK,SKSHU PAINT CO LTD ORD,603737.SS,2660,0.0002,CHINA,Basic Materials,Chemicals,Chemicals
VFAWF.PK,ASYMCHEM LABORATORIES TIANJIN CO LTD ORD,002821.SZ,2660,0.0002,CHINA,Healthcare,Pharmaceuticals & Medical Research,Pharmaceuticals
VFAWF.PK,AUTEK CHINA INC ORD,300595.SZ,9660,0.0002,CHINA,Healthcare,Healthcare Services & Equipment,Healthcare Equipment & Supplies
VFAWF.PK,SHENZHEN KANGTAI BIOLOGICAL PRODUCTS CO LTD ORD,300601.SZ,11040,0.0002,CHINA,Healthcare,Pharmaceuticals & Medical Research,Pharmaceuticals
VFAWF.PK,ANJOY FOODS GROUP CO LTD ORD,603345.SS,1800,0.0002,CHINA,Consumer Non-Cyclicals,Food & Beverages,Food & Tobacco
VFAWF.PK,CECEP WIND-POWER CORP ORD,601016.SS,80990,0.0002,CHINA,Utilities,Utilities,Electric Utilities & IPPs
VFAWF.PK,CHINA ZHESHANG BANK CO LTD ORD,601916.SS,104520,0.0002,CHINA,Financials,Banking & Investment Services,Banking Services
VFAWF.PK,YIFENG PHARMACY CHAIN CO LTD ORD,603939.SS,8610,0.0002,CHINA,Consumer Non-Cyclicals,Food & Drug Retailing,Food & Drug Retailing
VFAWF.PK,JIANGSU LINYANG ENERGY CO LTD ORD,601222.SS,25900,0.0002,CHINA,Industrials,Industrial Goods,"Machinery, Tools, Heavy Vehicles, Trains & Ships"
VFAWF.PK,PERFECT WORLD CO LTD ORD,002624.SZ,19500,0.0002,CHINA,Technology,Software & IT Services,Software & IT Services
VFAWF.PK,ALPEK SAB DE CV ORD,ALPEKA.MX,29500,0.0002,MEXICO,Basic Materials,Chemicals,Chemicals
VFAWF.PK,SICHUAN HEBANG BIOTECHNOLOGY CO LTD ORD,603077.SS,96600,0.0002,CHINA,Basic Materials,Chemicals,Chemicals
VFAWF.PK,BYHEALTH CO LTD ORD,300146.SZ,13200,0.0002,CHINA,Consumer Non-Cyclicals,Food & Beverages,Food & Tobacco
VFAWF.PK,CHANGZHOU XINGYU AUTOMOTIVE LIGHTING SYSTEMS CO LTD ORD,601799.SS,1700,0.0002,CHINA,Consumer Cyclicals,Automobiles & Auto Parts,Automobiles & Auto Parts
VFAWF.PK,SUNWODA ELECTRONIC CO LTD ORD,300207.SZ,16700,0.0002,CHINA,Industrials,Industrial Goods,"Machinery, Tools, Heavy Vehicles, Trains & Ships"
VFAWF.PK,TONGKUN GROUP CO LTD ORD,601233.SS,17200,0.0002,CHINA,Basic Materials,Chemicals,Chemicals
VFAWF.PK,BEIJING E-HUALU INFORMATION TECHNOLOGY CO LTD ORD,300212.SZ,9500,0.0002,CHINA,Technology,Software & IT Services,Software & IT Services
VFAWF.PK,YANTAI JEREH OILFIELD SERVICES GROUP CO LTD ORD,002353.SZ,8100,0.0002,CHINA,Energy,Energy - Fossil Fuels,Oil & Gas Related Equipment and Services
VFAWF.PK,SUZHOU DONGSHAN PRECISION MANUFACTURING CO LTD ORD,002384.SZ,9800,0.0002,CHINA,Technology,Technology Equipment,Semiconductors & Semiconductor Equipment
VFAWF.PK,BEIJING DABEINONG TECHNOLOGY GROUP CO LTD ORD,002385.SZ,30700,0.0002,CHINA,Consumer Non-Cyclicals,Food & Beverages,Food & Tobacco
VFAWF.PK,WUHAN GUIDE INFRARED CO LTD ORD,002414.SZ,37856,0.0002,CHINA,Industrials,Industrial Goods,"Machinery, Tools, Heavy Vehicles, Trains & Ships"
VFAWF.PK,JIANGSU YOKE TECHNOLOGY CO LTD ORD,002409.SZ,3900,0.0002,CHINA,Basic Materials,Chemicals,Chemicals
VFAWF.PK,DO-FLUORIDE NEW MATERIALS CO LTD ORD,002407.SZ,14700,0.0002,CHINA,Basic Materials,Chemicals,Chemicals
VFAWF.PK,RONGSHENG PETROCHEMICAL CO LTD ORD,002493.SZ,22750,0.0002,CHINA,Basic Materials,Chemicals,Chemicals
VFAWF.PK,SUNAC SERVICES HOLDINGS LTD ORD,1516.HK,107132,0.0002,CHINA,Real Estate,Real Estate,Real Estate Operations
VFAWF.PK,YATSEN HOLDING ADR,YSG.N,24343,0.0002,CHINA,Consumer Non-Cyclicals,Personal & Household Products & Services,Personal & Household Products & Services
VFAWF.PK,CHINA WEST CONSTRUCTION GROUP CO LTD ORD,002302.SZ,32200,0.0002,CHINA,Basic Materials,Mineral Resources,Construction Materials
VFAWF.PK,ZHEJIANG YONGTAI TECHNOLOGY CO LTD ORD,002326.SZ,12900,0.0002,CHINA,Basic Materials,Chemicals,Chemicals
VFAWF.PK,NINGXIA BAOFENG ENERGY GROUP CO LTD ORD,600989.SS,19200,0.0002,CHINA,Basic Materials,Chemicals,Chemicals
VFAWF.PK,CHINA EAST EDUCATION HOLDINGS LTD ORD,0667.HK,71000,0.0002,CHINA,Academic & Educational Services,Academic & Educational Services,Professional & Business Education
VFAWF.PK,SHANGHAI FRIENDESS ELECTRONIC TECHNOLOGY CORP LTD ORD,688188.SS,977,0.0002,CHINA,Industrials,Industrial Goods,"Machinery, Tools, Heavy Vehicles, Trains & Ships"
VFAWF.PK,BEIJING WANTAI BIOLOGICAL PHARMACY ENTERPRISE CO LTD ORD,603392.SS,3857,0.0002,CHINA,Healthcare,Pharmaceuticals & Medical Research,Pharmaceuticals
VFAWF.PK,SHENZHEN HEPALINK PHARMACEUTICAL GROUP CO LTD ORD,9989.HK,65000,0.0002,CHINA,Healthcare,Pharmaceuticals & Medical Research,Pharmaceuticals
VFAWF.PK,SRI TRANG GLOVES (THAILAND) PCL ORD,STGTf.BK,165400,0.0002,THAILAND,Healthcare,Healthcare Services & Equipment,Healthcare Equipment & Supplies
VFAWF.PK,GUANGZHOU KINGMED DIAGNOSTICS GROUP CO LTD ORD,603882.SS,4000,0.0002,CHINA,Healthcare,Healthcare Services & Equipment,Healthcare Providers & Services
VFAWF.PK,INDIAN RAILWAY FINANCE CORP LTD ORD,INID.NS,98461,0.0002,INDIA,Financials,Banking & Investment Services,Banking Services
VFAWF.PK,PLAZA SA ORD,MALLPLAZA.SN,24477,0.0002,CHILE,Real Estate,Real Estate,Real Estate Operations
VFAWF.PK,SHENZHEN SC NEW ENERGY TECHNOLOGY CORP ORD,300724.SZ,3000,0.0002,CHINA,Technology,Technology Equipment,Semiconductors & Semiconductor Equipment
VFAWF.PK,CHINA GREAT WALL SECURITIES CO LTD ORD,002939.SZ,24100,0.0002,CHINA,Financials,Banking & Investment Services,Investment Banking & Investment Services
VFAWF.PK,HOYUAN GREEN ENERGY CO LTD ORD,603185.SS,5869,0.0002,CHINA,Energy,Renewable Energy,Renewable Energy
VFAWF.PK,HANWHA GALLERIA CORP ORD,452260.KS,30137,0.0002,KOREA,Consumer Cyclicals,Retailers,Diversified Retail
VFAWF.PK,SHIMAO SERVICES HOLDINGS LTD ORD,0873.HK,169000,0.0002,CHINA,Real Estate,Real Estate,Real Estate Operations
VFAWF.PK,ZHEFU HOLDING GROUP CO LTD ORD,002266.SZ,46600,0.0002,CHINA,Industrials,Industrial & Commercial Services,Professional & Commercial Services
VFAWF.PK,DUBAI FINANCIAL MARKET PJSC ORD,DFM.DU,101046,0.0002,UNITED ARAB EMIRATES,Financials,Banking & Investment Services,Investment Banking & Investment Services
VFAWF.PK,XINHUA WINSHARE PUBLISHING AND MEDIA CO LTD ORD,0811.HK,45000,0.0002,CHINA,Consumer Cyclicals,Cyclical Consumer Services,Media & Publishing
VFAWF.PK,BEIJING SHIJI INFORMATION TECHNOLOGY CO LTD ORD,002153.SZ,19110,0.0002,CHINA,Technology,Software & IT Services,Software & IT Services
VFAWF.PK,HUNAN GOLD CORP LTD ORD,002155.SZ,20300,0.0002,CHINA,Basic Materials,Mineral Resources,Metals & Mining
VFAWF.PK,HUAFON CHEMICAL CO LTD ORD,002064.SZ,35700,0.0002,CHINA,Basic Materials,Chemicals,Chemicals
VFAWF.PK,PINGDINGSHAN TIANAN COAL MINING CO LTD ORD,601666.SS,27700,0.0002,CHINA,Energy,Energy - Fossil Fuels,Coal
VFAWF.PK,XINJIANG ZHONGTAI CHEMICAL CO LTD ORD,002092.SZ,30600,0.0002,CHINA,Basic Materials,Chemicals,Chemicals
VFAWF.PK,HUAIBEI MINING HOLDINGS CO LTD ORD,600985.SS,21600,0.0002,CHINA,Energy,Energy - Fossil Fuels,Coal
VFAWF.PK,DAH SING BANKING GROUP LTD ORD,2356.HK,56800,0.0002,HONG KONG,Financials,Banking & Investment Services,Banking Services
VFAWF.PK,AGILE GROUP HOLDINGS LTD ORD,3383.HK,244250,0.0002,CHINA,Real Estate,Real Estate,Real Estate Operations
VFAWF.PK,SIAM CITY CEMENT PCL ORD,SCCCf.BK,9347,0.0002,THAILAND,Basic Materials,Mineral Resources,Construction Materials
VFAWF.PK,ANHUI EXPRESSWAY CO LTD ORD,0995.HK,44000,0.0002,CHINA,Industrials,Transportation,Transport Infrastructure
VFAWF.PK,ASTRA AGRO LESTARI TBK PT ORD,AALI.JK,90800,0.0002,INDONESIA,Consumer Non-Cyclicals,Food & Beverages,Food & Tobacco
VFAWF.PK,BRADESPAR SA ORD,BRAP3.SA,8900,0.0002,BRAZIL,Basic Materials,Mineral Resources,Metals & Mining
VFAWF.PK,DAH SING FINANCIAL HOLDINGS LTD ORD,0440.HK,16400,0.0002,HONG KONG,Financials,Banking & Investment Services,Banking Services
VFAWF.PK,CHINA BAOAN GROUP CO LTD ORD,000009.SZ,25200,0.0002,CHINA,Basic Materials,Chemicals,Chemicals
VFAWF.PK,UNISPLENDOUR CORP LTD ORD,000938.SZ,10100,0.0002,CHINA,Technology,Technology Equipment,Integrated Hardware & Software
VFAWF.PK,LOTTE CORP ORD,004990.KS,2075,0.0002,KOREA,Consumer Cyclicals,Retailers,Diversified Retail
VFAWF.PK,XIAMEN TUNGSTEN CO LTD ORD,600549.SS,14700,0.0002,CHINA,Basic Materials,Mineral Resources,Metals & Mining
VFAWF.PK,EZDAN HOLDING GROUP QPSC ORD,ERES.QA,142617,0.0002,QATAR,Real Estate,Real Estate,Real Estate Operations
VFAWF.PK,HD HYUNDAI CONSTRUCTION EQUIPMENT CO LTD ORD,267270.KS,372,0.0001,KOREA,Industrials,Industrial Goods,"Machinery, Tools, Heavy Vehicles, Trains & Ships"
VFAWF.PK,BANK DANAMON INDONESIA TBK PT ORD,BDMN.JK,49900,0.0001,INDONESIA,Financials,Banking & Investment Services,Banking Services
VFAWF.PK,INTCO MEDICAL TECHNOLOGY CO LTD ORD,300677.SZ,4500,0.0001,CHINA,Healthcare,Healthcare Services & Equipment,Healthcare Equipment & Supplies
VFAWF.PK,SHANDONG LINGLONG TYRE CO LTD ORD,601966.SS,5700,0.0001,CHINA,Consumer Cyclicals,Automobiles & Auto Parts,Automobiles & Auto Parts
VFAWF.PK,JAFRON BIOMEDICAL CO LTD ORD,300529.SZ,3500,0.0001,CHINA,Healthcare,Healthcare Services & Equipment,Healthcare Equipment & Supplies
VFAWF.PK,JASON FURNITURE HANGZHOU CO LTD ORD,603816.SS,4160,0.0001,CHINA,Consumer Cyclicals,Cyclical Consumer Products,Household Goods
VFAWF.PK,NANJING HANRUI COBALT CO LTD ORD,300618.SZ,3600,0.0001,CHINA,Basic Materials,Mineral Resources,Metals & Mining
VFAWF.PK,ZHEJIANG JIUZHOU PHARMACEUTICAL CO LTD ORD,603456.SS,7300,0.0001,CHINA,Healthcare,Pharmaceuticals & Medical Research,Pharmaceuticals
VFAWF.PK,ZHEJIANG DINGLI MACHINERY CO LTD ORD,603338.SS,3000,0.0001,CHINA,Industrials,Industrial Goods,"Machinery, Tools, Heavy Vehicles, Trains & Ships"
VFAWF.PK,RED STAR MACALLINE GROUP CORP LTD ORD,1528.HK,23094,0.0001,CHINA,Consumer Cyclicals,Retailers,Specialty Retailers
VFAWF.PK,GUOLIAN SECURITIES CO LTD ORD,601456.SS,9200,0.0001,CHINA,Financials,Banking & Investment Services,Investment Banking & Investment Services
VFAWF.PK,CHINA INTERNATIONAL MARINE CONTAINERS GROUP CO LTD ORD,2039.HK,43950,0.0001,CHINA,Industrials,Industrial Goods,"Machinery, Tools, Heavy Vehicles, Trains & Ships"
VFAWF.PK,ZHEJIANG WOLWO BIO-PHARMACEUTICAL CO LTD ORD,300357.SZ,1800,0.0001,CHINA,Healthcare,Pharmaceuticals & Medical Research,Pharmaceuticals
VFAWF.PK,EAST GROUP CO LTD ORD,300376.SZ,14800,0.0001,CHINA,Industrials,Industrial Goods,"Machinery, Tools, Heavy Vehicles, Trains & Ships"
VFAWF.PK,ZHUZHOU KIBING GROUP CO LTD ORD,601636.SS,15700,0.0001,CHINA,Consumer Cyclicals,Cyclical Consumer Products,Homebuilding & Construction Supplies
VFAWF.PK,KUANG-CHI TECHNOLOGIES CO LTD ORD,002625.SZ,12900,0.0001,CHINA,Industrials,Industrial Goods,"Machinery, Tools, Heavy Vehicles, Trains & Ships"
VFAWF.PK,GUOSHENG FINANCIAL HOLDING INC ORD,002670.SZ,13400,0.0001,CHINA,Financials,Banking & Investment Services,Investment Banking & Investment Services
VFAWF.PK,FGV HOLDINGS BHD ORD,FGVH.KL,86700,0.0001,MALAYSIA,Consumer Non-Cyclicals,Food & Beverages,Food & Tobacco
VFAWF.PK,ASTRO MALAYSIA HOLDINGS BHD ORD,ASTR.KL,180300,0.0001,MALAYSIA,Consumer Cyclicals,Cyclical Consumer Services,Media & Publishing
VFAWF.PK,TIANSHAN ALUMINUM GROUP CO LTD ORD,002532.SZ,27100,0.0001,CHINA,Industrials,Industrial Goods,"Machinery, Tools, Heavy Vehicles, Trains & Ships"
VFAWF.PK,INNER MONGOLIA JUNZHENG ENERGY & CHEMICAL GROUP CO LTD ORD,601216.SS,31100,0.0001,CHINA,Basic Materials,Chemicals,Chemicals
VFAWF.PK,HUTCHISON TELECOMMUNICATIONS HONG KONG HOLDINGS LTD ORD,0215.HK,156000,0.0001,HONG KONG,Technology,Telecommunications Services,Telecommunications Services
VFAWF.PK,QINGDAO TGOOD ELECTRIC CO LTD ORD,300001.SZ,4300,0.0001,CHINA,Industrials,Industrial Goods,"Machinery, Tools, Heavy Vehicles, Trains & Ships"
VFAWF.PK,SHENZHEN GAS CORP LTD ORD,601139.SS,26700,0.0001,CHINA,Utilities,Utilities,Natural Gas Utilities
VFAWF.PK,CANSINO BIOLOGICS INC ORD,6185.HK,6800,0.0001,CHINA,Healthcare,Pharmaceuticals & Medical Research,Pharmaceuticals
VFAWF.PK,RAYTRON TECHNOLOGY CO LTD ORD,688002.SS,4125,0.0001,CHINA,Technology,Technology Equipment,Semiconductors & Semiconductor Equipment
VFAWF.PK,WESTERN SUPERCONDUCTING TECHNOLOGIES CO LTD ORD,688122.SS,3026,0.0001,CHINA,Basic Materials,Mineral Resources,Metals & Mining
VFAWF.PK,SANGFOR TECHNOLOGIES INC ORD,300454.SZ,1400,0.0001,CHINA,Technology,Software & IT Services,Software & IT Services
VFAWF.PK,AVARY HOLDING SHENZHEN CO LTD ORD,002938.SZ,5400,0.0001,CHINA,Technology,Technology Equipment,Semiconductors & Semiconductor Equipment
VFAWF.PK,CONTROLADORA AXTEL SAB DE CV ORD,CTAXTELA.MX,1050400,0.0001,MEXICO,Technology,Telecommunications Services,Telecommunications Services
VFAWF.PK,WEIHAI GUANGWEI COMPOSITES CO LTD ORD,300699.SZ,4640,0.0001,CHINA,Basic Materials,Chemicals,Chemicals
VFAWF.PK,ARAMEX PJSC ORD,ARMX.DU,27254,0.0001,UNITED ARAB EMIRATES,Industrials,Transportation,Freight & Logistics Services
VFAWF.PK,TURKIYE VAKIFLAR BANKASI TAO ORD,VAKBN.IS,52163,0.0001,TURKEY,Financials,Banking & Investment Services,Banking Services
VFAWF.PK,AUTOHOME INC ORD,2518.HK,2140,0.0001,CHINA,Consumer Cyclicals,Cyclical Consumer Services,Media & Publishing
VFAWF.PK,STARHUB LTD ORD,STAR.SI,33200,0.0001,SINGAPORE,Technology,Telecommunications Services,Telecommunications Services
VFAWF.PK,NANJI E-COMMERCE CO LTD ORD,002127.SZ,38900,0.0001,CHINA,Technology,Software & IT Services,Software & IT Services
VFAWF.PK,MEDIA NUSANTARA CITRA TBK PT ORD,MNCN.JK,393000,0.0001,INDONESIA,Consumer Cyclicals,Cyclical Consumer Services,Media & Publishing
VFAWF.PK,SANSTEEL MINGUANG CO LTD FUJIAN ORD,002110.SZ,29600,0.0001,CHINA,Basic Materials,Mineral Resources,Metals & Mining
VFAWF.PK,GUOTAI JUNAN INTERNATIONAL HOLDINGS LTD ORD,1788.HK,214000,0.0001,HONG KONG,Financials,Banking & Investment Services,Investment Banking & Investment Services
VFAWF.PK,YONFER AGRICULTURAL TECHNOLOGY CO LTD ORD,000902.SZ,9300,0.0001,CHINA,Basic Materials,Chemicals,Chemicals
VFAWF.PK,ANGEL YEAST CO LTD ORD,600298.SS,4500,0.0001,CHINA,Consumer Non-Cyclicals,Food & Beverages,Food & Tobacco
VFAWF.PK,SINO-OCEAN GROUP HOLDING LTD ORD,3377.HK,440500,0.0001,CHINA,Real Estate,Real Estate,Real Estate Operations
VFAWF.PK,AVICOPTER PLC ORD,600038.SS,3300,0.0001,CHINA,Industrials,Industrial Goods,Aerospace & Defense
VFAWF.PK,WUCHAN ZHONGDA GROUP CO LTD ORD,600704.SS,33500,0.0001,CHINA,Industrials,Transportation,Freight & Logistics Services
VFAWF.PK,SHANGHAI JINQIAO EXPORT PROCESSING ZONE DEVELOPMENT CO LTD ORD,900911.SS,12100,0.0001,CHINA,Real Estate,Real Estate,Real Estate Operations
VFAWF.PK,NINGBO JOYSON ELECTRONIC CORP ORD,600699.SS,9900,0.0001,CHINA,Consumer Cyclicals,Automobiles & Auto Parts,Automobiles & Auto Parts
VFAWF.PK,HONGFA TECHNOLOGY CO LTD ORD,600885.SS,4900,0.0001,CHINA,Technology,Technology Equipment,Electronic Equipment & Parts
VFAWF.PK,HUMANWELL HEALTHCARE GROUP CO LTD ORD,600079.SS,5000,0.0001,CHINA,Healthcare,Pharmaceuticals & Medical Research,Pharmaceuticals
VFAWF.PK,OTTOGI CORP ORD,007310.KS,48,0.0001,KOREA,Consumer Non-Cyclicals,Food & Beverages,Food & Tobacco
VFAWF.PK,LIANCHUANG ELECTRONIC TECHNOLOGY CO LTD ORD,002036.SZ,10000,0.0001,CHINA,Technology,Technology Equipment,Electronic Equipment & Parts
VFAWF.PK,CHINA GREATWALL TECHNOLOGY GROUP CO LTD ORD,000066.SZ,9600,0.0001,CHINA,Technology,Technology Equipment,"Computers, Phones & Household Electronics"
VFAWF.PK,NORTH INDUSTRIES GROUP RED ARROW CO LTD ORD,000519.SZ,7300,0.0001,CHINA,Industrials,Industrial Goods,Aerospace & Defense
VFAWF.PK,HYUNDAI ENGINEERING & CONSTRUCTION CO LTD,000725.KS,254,0.0001,KOREA,Industrials,Industrial & Commercial Services,Construction & Engineering
VFAWF.PK,TANGSHAN SANYOU CHEMICAL INDUSTRIES CO LTD ORD,600409.SS,21600,0.0001,CHINA,Basic Materials,Chemicals,Chemicals
VFAWF.PK,FUJIAN FUNENG CO LTD ORD,600483.SS,15080,0.0001,CHINA,Utilities,Utilities,Electric Utilities & IPPs
VFAWF.PK,SHANGHAI YUYUAN TOURIST MART GROUP CO LTD ORD,600655.SS,10300,0.0001,CHINA,Consumer Cyclicals,Retailers,Specialty Retailers
VFAWF.PK,BEIJING SHOUGANG CO LTD ORD,000959.SZ,37700,0.0001,CHINA,Basic Materials,Mineral Resources,Metals & Mining
VFAWF.PK,GUANGDONG ELECTRIC POWER DEVELOPMENT CO LTD ORD,200539.SZ,41200,0.0001,CHINA,Utilities,Utilities,Electric Utilities & IPPs
VFAWF.PK,FOXCONN INTERCONNECT TECHNOLOGY LTD ORD,6088.HK,104000,0.0001,TAIWAN,Technology,Technology Equipment,Electronic Equipment & Parts
VFAWF.PK,SARKUYSAN ELEKTROLITIK BAKIR SANAYI VE TICARET AS ORD,SARKY.IS,2238,0,TURKEY,Industrials,Industrial Goods,"Machinery, Tools, Heavy Vehicles, Trains & Ships"
VFAWF.PK,PUBLIC JOINT STOCK POLYUS GDR,PLZLq.L^G23,1651,0,RUSSIAN FEDERATION,Basic Materials,Mineral Resources,Metals & Mining
VFAWF.PK,SURGUTNEFTEGAZ PAO,SNGS_p.MM,1343448,0,RUSSIAN FEDERATION,Energy,Energy - Fossil Fuels,Oil & Gas
VFAWF.PK,TATNEFT' PAO ORD,TATN.MM,333734,0,RUSSIAN FEDERATION,Energy,Energy - Fossil Fuels,Oil & Gas
VFAWF.PK,MOBIL'NYE TELESISTEMY PAO ORD,MTSS.MM,172209,0,RUSSIAN FEDERATION,Technology,Telecommunications Services,Telecommunications Services
VFAWF.PK,FOLLI FOLLIE SA ORD,HDFr.AT,1291,0,GREECE,Consumer Cyclicals,Cyclical Consumer Products,Textiles & Apparel
VFAWF.PK,TATNEFT' PAO,TATN_p.MM,72680,0,RUSSIAN FEDERATION,Energy,Energy - Fossil Fuels,Oil & Gas
VFAWF.PK,SUNING UNIVERSAL CO LTD ORD,000718.SZ,17100,0,CHINA,Real Estate,Real Estate,Real Estate Operations
VFAWF.PK,NK LUKOIL PAO ORD,LKOH.MM,77218,0,RUSSIAN FEDERATION,Energy,Energy - Fossil Fuels,Oil & Gas
VFAWF.PK,TRANSNEFT' PAO,TRNF_p.MM,275,0,RUSSIAN FEDERATION,Energy,Energy - Fossil Fuels,Oil & Gas Related Equipment and Services
VFAWF.PK,M.VIDEO PAO ORD,MVID.MM,5737,0,RUSSIAN FEDERATION,Consumer Cyclicals,Retailers,Specialty Retailers
VFAWF.PK,AFK SISTEMA PAO ORD,AFKS.MM,467000,0,RUSSIAN FEDERATION,Financials,Investment Holding Companies,Investment Holding Companies
VFAWF.PK,FGK RUSGIDRO PAO ORD,HYDR.MM,16113621,0,RUSSIAN FEDERATION,Utilities,Utilities,Electric Utilities & IPPs
VFAWF.PK,AEROFLOT-ROSSIYSKIYE AVIALINII PAO ORD,AFLT.MM,169434,0,RUSSIAN FEDERATION,Industrials,Transportation,Passenger Transportation Services
VFAWF.PK,ROSTELEKOM PAO ORD,RTKM.MM,176017,0,RUSSIAN FEDERATION,Technology,Telecommunications Services,Telecommunications Services
VFAWF.PK,SURGUTNEFTEGAZ PAO ORD,SNGS.MM,1318044,0,RUSSIAN FEDERATION,Energy,Energy - Fossil Fuels,Oil & Gas
VFAWF.PK,MAGNITOGORSKIY METALLURGICHESKIY KOMBINAT PAO ORD,MAGN.MM,505635,0,RUSSIAN FEDERATION,Basic Materials,Mineral Resources,Metals & Mining
VFAWF.PK,GAZPROM PAO ORD,GAZP.MM,2091252,0,RUSSIAN FEDERATION,Energy,Energy - Fossil Fuels,Oil & Gas
VFAWF.PK,NOVOLIPETSK STEEL PAO ORD,NLMK.MM,200399,0,RUSSIAN FEDERATION,Basic Materials,Mineral Resources,Metals & Mining
VFAWF.PK,MAGNIT PAO ORD,MGNT.MM,13460,0,RUSSIAN FEDERATION,Consumer Non-Cyclicals,Food & Drug Retailing,Food & Drug Retailing
VFAWF.PK,POLYUS PAO ORD,PLZL.MM,4129,0,RUSSIAN FEDERATION,Basic Materials,Mineral Resources,Metals & Mining
VFAWF.PK,YUNIPRO PAO ORD,UPRO.MM,852035,0,RUSSIAN FEDERATION,Utilities,Utilities,Electric Utilities & IPPs
VFAWF.PK,NK ROSNEFT' PAO ORD,ROSN.MM,305383,0,RUSSIAN FEDERATION,Energy,Energy - Fossil Fuels,Oil & Gas
VFAWF.PK,RASPADSKAYA PAO ORD,RASP.MM,10110,0,RUSSIAN FEDERATION,Energy,Energy - Fossil Fuels,Coal
VFAWF.PK,GMK NORIL'SKIY NIKEL' PAO ORD,GMKN.MM,10149,0,RUSSIAN FEDERATION,Basic Materials,Mineral Resources,Metals & Mining
VFAWF.PK,BANK VTB PAO ORD,VTBR.MM,854887610,0,RUSSIAN FEDERATION,Financials,Banking & Investment Services,Banking Services
VFAWF.PK,SBERBANK ROSSII PAO ORD,SBER.MM,2030335,0,RUSSIAN FEDERATION,Financials,Banking & Investment Services,Banking Services
VFAWF.PK,FSK-ROSSETI PAO ORD,FEES.MM,90654921,0,RUSSIAN FEDERATION,Utilities,Utilities,Electric Utilities & IPPs
VFAWF.PK,SISTEMA PJSFC GDR,SSAq.L^E23,2109,0,RUSSIAN FEDERATION,Financials,Investment Holding Companies,Investment Holding Companies
VFAWF.PK,SEVERSTAL' PAO ORD,CHMF.MM,34472,0,RUSSIAN FEDERATION,Basic Materials,Mineral Resources,Metals & Mining
VFAWF.PK,IDFC LTD ORD,IDFC.NS,5462,0,INDIA,Financials,Banking & Investment Services,Investment Banking & Investment Services
VFAWF.PK,SOVKOMFLOT ORD,FLOTPSAU.MMV,51010,0,NULL,Energy,Energy - Fossil Fuels,Oil & Gas Related Equipment and Services
VFAWF.PK,QUA GRANITE HAYAL YAPI VE URUNLERI SANAYI TICARET AS ORD,QUAGR.IS,6566,0,TURKEY,Consumer Cyclicals,Cyclical Consumer Products,Homebuilding & Construction Supplies
VFAWF.PK,BAC HOLDING INTERNATIONAL CORP ORD,BHI.CN,50980,0,PANAMA,Financials,Banking & Investment Services,Banking Services
VFAWF.PK,CHINA HUISHAN DAIRY HOLDINGS COMPANY LTD,NULL,120000,0,NULL,Unable to resolve all requested identifiers.,,
VFAWF.PK,BRIGHTOIL PETROLEUM (HOLDINGS) LTD,NULL,32384,0,NULL,Unable to resolve all requested identifiers.,,
VFAWF.PK,CHINA COMMON RICH RENEWABLE ENERGY INVESTMENT LTD,NULL,236000,0,NULL,Unable to resolve all requested identifiers.,,
VFAWF.PK,BANGKOK LIFE ASSURANCE PCL ORD,BLAf.BK,11800,0,THAILAND,Financials,Insurance,Insurance
VFAWF.PK,INTER RAO YEES PAO ORD,IRAO.MM,5883500,0,RUSSIAN FEDERATION,Utilities,Utilities,Electric Utilities & IPPs
VFAWF.PK,MOSENERGO PAO ORD,MSNG.MM,1020000,0,RUSSIAN FEDERATION,Utilities,Utilities,Electric Utilities & IPPs
VFAWF.PK,NOVATEK PAO ORD,NVTK.MM,216971,0,RUSSIAN FEDERATION,Energy,Energy - Fossil Fuels,Oil & Gas
VFAWF.PK,YANDEX NV ORD,YNDX.OQ,65084,0,NETHERLANDS,Technology,Software & IT Services,Software & IT Services
VFAWF.PK,OFFCN EDUCATION TECHNOLOGY CO LTD ORD,002607.SZ,13400,0,CHINA,Academic & Educational Services,Academic & Educational Services,Professional & Business Education
VFAWF.PK,EVRAZ PLC ORD,EVRE.L,106517,0,UNITED KINGDOM,Basic Materials,Mineral Resources,Metals & Mining
VFAWF.PK,ANK BASHNEFT' PAO,BANE_p.MM,1113,0,RUSSIAN FEDERATION,Energy,Energy - Fossil Fuels,Oil & Gas
VFAWF.PK,AK ALROSA PAO ORD,ALRS.MM,495420,0,RUSSIAN FEDERATION,Basic Materials,Mineral Resources,Metals & Mining
VFAWF.PK,NMC HEALTH PLC ORD,NMC.L,6970,0,UNITED KINGDOM,Unable to resolve all requested identifiers.,,
VFAWF.PK,PHOSAGRO PAO ORD,PHOR.MM,6155,0,RUSSIAN FEDERATION,Basic Materials,Chemicals,Chemicals
VFAWF.PK,MOSKOVSKAYA BIRZHA MMVB-RTS PAO ORD,MOEX.MM,585110,0,RUSSIAN FEDERATION,Financials,Banking & Investment Services,Investment Banking & Investment Services
VFAWF.PK,YAGEO GDR,YAGOY.PK,955,0,TAIWAN,Technology,Technology Equipment,Electronic Equipment & Parts
VFAWF.PK,OK RUSAL MKPAO ORD,RUAL.MM,532900,0,RUSSIAN FEDERATION,Basic Materials,Mineral Resources,Metals & Mining
VFAWF.PK,MOSKOVSKIY KREDITNYI BANK PAO ORD,CBOM.MM,4164700,0,RUSSIAN FEDERATION,Financials,Banking & Investment Services,Banking Services
VFAWF.PK,TIANHE CHEMICALS GROUP,NULL,38000,0,NULL,Unable to resolve all requested identifiers.,,
VFAWF.PK,ANHUI GUJING DISTILLERY CO LTD ORD,200596.SZ,300,0,CHINA,Consumer Non-Cyclicals,Food & Beverages,Beverages
IUSQ.DE,APPLE INC ORD,AAPL.OQ,2021122,4.6943,UNITED STATES,Technology,Technology Equipment,"Computers, Phones & Household Electronics"
IUSQ.DE,MICROSOFT CORP ORD,MSFT.OQ,902123,3.5828,UNITED STATES,Technology,Software & IT Services,Software & IT Services
IUSQ.DE,AMAZON.COM INC ORD,AMZN.OQ,1169672,1.8486,UNITED STATES,Consumer Cyclicals,Retailers,Diversified Retail
IUSQ.DE,NVIDIA CORP ORD,NVDA.OQ,321663,1.7771,UNITED STATES,Technology,Technology Equipment,Semiconductors & Semiconductor Equipment
IUSQ.DE,BLACKROCK ICS US DOLLAR LIQ AGENCY DIS USD,LP68174258,130062593,1.5377,NULL,NULL,NULL,NULL
IUSQ.DE,ISHARES MSCI INDIA UCITS ETF USD ACC,QDV5.DE,16528444,1.5193,NULL,NULL,NULL,NULL
IUSQ.DE,ALPHABET INC CLASS A ORD,GOOGL.OQ,761660,1.1951,UNITED STATES,Technology,Software & IT Services,Software & IT Services
IUSQ.DE,TESLA INC ORD,TSLA.OQ,365006,1.1541,UNITED STATES,Consumer Cyclicals,Automobiles & Auto Parts,Automobiles & Auto Parts
IUSQ.DE,META PLATFORMS INC ORD,META.OQ,287958,1.0847,UNITED STATES,Technology,Software & IT Services,Software & IT Services
IUSQ.DE,ALPHABET INC CLASS C ORD,GOOG.OQ,679278,1.069,UNITED STATES,Technology,Software & IT Services,Software & IT Services
IUSQ.DE,UNITEDHEALTH GROUP INC ORD,UNH.N,118651,0.7103,UNITED STATES,Healthcare,Healthcare Services & Equipment,Healthcare Providers & Services
IUSQ.DE,JPMORGAN CHASE & CO ORD,JPM.N,371597,0.694,UNITED STATES,Financials,Banking & Investment Services,Banking Services
IUSQ.DE,BERKSHIRE HATHAWAY INC ORD,BRKb.N,165294,0.6878,UNITED STATES,Consumer Non-Cyclicals,Consumer Goods Conglomerates,Consumer Goods Conglomerates
IUSQ.DE,JOHNSON & JOHNSON ORD,JNJ.N,334004,0.6616,UNITED STATES,Healthcare,Pharmaceuticals & Medical Research,Pharmaceuticals
IUSQ.DE,TAIWAN SEMICONDUCTOR MANUFACTURING CO LTD ORD,2330.TW,3112000,0.6615,TAIWAN,Technology,Technology Equipment,Semiconductors & Semiconductor Equipment
IUSQ.DE,EXXON MOBIL CORP ORD,XOM.N,496996,0.6301,UNITED STATES,Energy,Energy - Fossil Fuels,Oil & Gas
IUSQ.DE,ISHARES MSCI BRAZIL UCITS ETF (DE),LP68515189,1321119,0.6221,NULL,NULL,NULL,NULL
IUSQ.DE,VISA INC ORD,V.N,204282,0.5742,UNITED STATES,Technology,Software & IT Services,Software & IT Services
IUSQ.DE,BROADCOM INC ORD,AVGO.OQ,53130,0.5645,UNITED STATES,Technology,Technology Equipment,Semiconductors & Semiconductor Equipment
IUSQ.DE,PROCTER & GAMBLE CO ORD,PG.N,301931,0.5579,UNITED STATES,Consumer Non-Cyclicals,Personal & Household Products & Services,Personal & Household Products & Services
IUSQ.DE,ELI LILLY AND CO ORD,LLY.N,102200,0.5492,UNITED STATES,Healthcare,Pharmaceuticals & Medical Research,Pharmaceuticals
IUSQ.DE,MASTERCARD INC ORD,MA.N,110328,0.5143,UNITED STATES,Technology,Software & IT Services,Software & IT Services
IUSQ.DE,HOME DEPOT INC ORD,HD.N,129553,0.5113,UNITED STATES,Consumer Cyclicals,Retailers,Specialty Retailers
IUSQ.DE,NESTLE SA ORD,NESN.S,347633,0.5068,SWITZERLAND,Consumer Non-Cyclicals,Food & Beverages,Food & Tobacco
IUSQ.DE,ISHARES MSCI CHINA A UCITS ETF USD (ACC),LP68311352,8778179,0.4927,NULL,NULL,NULL,NULL
IUSQ.DE,CHEVRON CORP ORD,CVX.N,237911,0.4603,UNITED STATES,Energy,Energy - Fossil Fuels,Oil & Gas
IUSQ.DE,ASML HOLDING NV ORD,ASML.AS,52168,0.4435,NETHERLANDS,Technology,Technology Equipment,Semiconductors & Semiconductor Equipment
IUSQ.DE,TENCENT HOLDINGS LTD ORD,0700.HK,796600,0.428,CHINA,Technology,Software & IT Services,Software & IT Services
IUSQ.DE,ISHARES MSCI SAUDI ARABIA CAPPED UCITS ETF USD A,IKSA.L,5726153,0.4251,NULL,NULL,NULL,NULL
IUSQ.DE,NOVO NORDISK A/S ORD,NOVOb.CO,216498,0.4136,DENMARK,Healthcare,Pharmaceuticals & Medical Research,Pharmaceuticals
IUSQ.DE,MERCK & CO INC ORD,MRK.N,317688,0.4006,UNITED STATES,Healthcare,Pharmaceuticals & Medical Research,Pharmaceuticals
IUSQ.DE,ABBVIE INC ORD,ABBV.N,222798,0.394,UNITED STATES,Healthcare,Pharmaceuticals & Medical Research,Pharmaceuticals
IUSQ.DE,SAMSUNG ELECTRONICS CO LTD ORD,005930.KS,606826,0.3929,KOREA,Technology,Technology Equipment,"Computers, Phones & Household Electronics"
IUSQ.DE,LVMH MOET HENNESSY LOUIS VUITTON SE ORD,LVMH.PA,35193,0.3891,FRANCE,Consumer Cyclicals,Cyclical Consumer Products,Textiles & Apparel
IUSQ.DE,PEPSICO INC ORD,PEP.OQ,175369,0.3887,UNITED STATES,Consumer Non-Cyclicals,Food & Beverages,Beverages
IUSQ.DE,ADOBE INC ORD,ADBE.OQ,59008,0.381,UNITED STATES,Technology,Software & IT Services,Software & IT Services
IUSQ.DE,COCA-COLA CO ORD,KO.N,506659,0.371,UNITED STATES,Consumer Non-Cyclicals,Food & Beverages,Beverages
IUSQ.DE,COSTCO WHOLESALE CORP ORD,COST.OQ,54953,0.3643,UNITED STATES,Consumer Cyclicals,Retailers,Diversified Retail
IUSQ.DE,WALMART INC ORD,WMT.N,185450,0.3505,UNITED STATES,Consumer Non-Cyclicals,Food & Drug Retailing,Food & Drug Retailing
IUSQ.DE,BANK OF AMERICA CORP ORD,BAC.N,907242,0.3432,UNITED STATES,Financials,Banking & Investment Services,Banking Services
IUSQ.DE,ROCHE HOLDING AG,ROG.S,92572,0.3417,SWITZERLAND,Healthcare,Pharmaceuticals & Medical Research,Pharmaceuticals
IUSQ.DE,SALESFORCE INC ORD,CRM.N,127160,0.3383,UNITED STATES,Technology,Software & IT Services,Software & IT Services
IUSQ.DE,ASTRAZENECA PLC ORD,AZN.L,195849,0.3333,UNITED KINGDOM,Healthcare,Pharmaceuticals & Medical Research,Pharmaceuticals
IUSQ.DE,NOVARTIS AG ORD,NOVN.S,265472,0.3297,SWITZERLAND,Healthcare,Pharmaceuticals & Medical Research,Pharmaceuticals
IUSQ.DE,CISCO SYSTEMS INC ORD,CSCO.OQ,527092,0.3243,UNITED STATES,Technology,Technology Equipment,Communications & Networking
IUSQ.DE,SHELL PLC ORD,SHEL.L,896903,0.3228,UNITED KINGDOM,Energy,Energy - Fossil Fuels,Oil & Gas
IUSQ.DE,MCDONALD'S CORP ORD,MCD.N,91962,0.3188,UNITED STATES,Consumer Cyclicals,Cyclical Consumer Services,Hotels & Entertainment Services
IUSQ.DE,THERMO FISHER SCIENTIFIC INC ORD,TMO.N,49116,0.3186,UNITED STATES,Healthcare,Healthcare Services & Equipment,Healthcare Equipment & Supplies
IUSQ.DE,PFIZER INC ORD,PFE.N,699420,0.2982,UNITED STATES,Healthcare,Pharmaceuticals & Medical Research,Pharmaceuticals
IUSQ.DE,ACCENTURE PLC ORD,ACN.N,79309,0.2966,IRELAND,Technology,Software & IT Services,Software & IT Services
IUSQ.DE,LINDE PLC ORD,LIN.N,63737,0.2944,UNITED KINGDOM,Basic Materials,Chemicals,Chemicals
IUSQ.DE,ALIBABA GROUP HOLDING LTD ORD,9988.HK,1971320,0.2914,CHINA,Technology,Software & IT Services,Software & IT Services
IUSQ.DE,ABBOTT LABORATORIES ORD,ABT.N,220960,0.2908,UNITED STATES,Healthcare,Healthcare Services & Equipment,Healthcare Equipment & Supplies
IUSQ.DE,ORACLE CORP ORD,ORCL.N,209553,0.2904,UNITED STATES,Technology,Software & IT Services,Software & IT Services
IUSQ.DE,NETFLIX INC ORD,NFLX.OQ,55071,0.2858,UNITED STATES,Technology,Software & IT Services,Software & IT Services
IUSQ.DE,ADVANCED MICRO DEVICES INC ORD,AMD.OQ,207976,0.2813,UNITED STATES,Technology,Technology Equipment,Semiconductors & Semiconductor Equipment
IUSQ.DE,TOYOTA MOTOR CORP ORD,7203.T,1358100,0.2696,JAPAN,Consumer Cyclicals,Automobiles & Auto Parts,Automobiles & Auto Parts
IUSQ.DE,WELLS FARGO & CO ORD,WFC.N,481481,0.2628,UNITED STATES,Financials,Banking & Investment Services,Banking Services
IUSQ.DE,DANAHER CORP ORD,DHR.N,85866,0.2589,UNITED STATES,Healthcare,Healthcare Services & Equipment,Healthcare Equipment & Supplies
IUSQ.DE,COMCAST CORP ORD,CMCSA.OQ,482482,0.2582,UNITED STATES,Technology,Telecommunications Services,Telecommunications Services
IUSQ.DE,HSBC HOLDINGS PLC ORD,HSBA.L,2551290,0.2508,UNITED KINGDOM,Financials,Banking & Investment Services,Banking Services
IUSQ.DE,TEXAS INSTRUMENTS INC ORD,TXN.OQ,115008,0.2448,UNITED STATES,Technology,Technology Equipment,Semiconductors & Semiconductor Equipment
IUSQ.DE,INTUIT INC ORD,INTU.OQ,39114,0.2366,UNITED STATES,Technology,Financial Technology (Fintech) & Infrastructure,Financial Technology (Fintech) & Infrastructure
IUSQ.DE,WALT DISNEY CO ORD,DIS.N,224094,0.2355,UNITED STATES,Consumer Cyclicals,Cyclical Consumer Services,Media & Publishing
IUSQ.DE,BHP GROUP LTD ORD,BHP.AX,640217,0.2347,AUSTRALIA,Basic Materials,Mineral Resources,Metals & Mining
IUSQ.DE,PHILIP MORRIS INTERNATIONAL INC ORD,PM.N,192532,0.227,UNITED STATES,Consumer Non-Cyclicals,Food & Beverages,Food & Tobacco
IUSQ.DE,TOTALENERGIES SE ORD,TTEF.PA,312928,0.2254,FRANCE,Energy,Energy - Fossil Fuels,Oil & Gas
IUSQ.DE,QUALCOMM INC ORD,QCOM.OQ,143498,0.2242,UNITED STATES,Technology,Technology Equipment,Semiconductors & Semiconductor Equipment
IUSQ.DE,CONOCOPHILLIPS ORD,COP.N,160797,0.2238,UNITED STATES,Energy,Energy - Fossil Fuels,Oil & Gas
IUSQ.DE,LOWE'S COMPANIES INC ORD,LOW.N,80765,0.2237,UNITED STATES,Consumer Cyclicals,Retailers,Specialty Retailers
IUSQ.DE,NEXTERA ENERGY INC ORD,NEE.N,249808,0.2165,UNITED STATES,Utilities,Utilities,Electric Utilities & IPPs
IUSQ.DE,INTEL CORP ORD,INTC.OQ,510953,0.2161,UNITED STATES,Technology,Technology Equipment,Semiconductors & Semiconductor Equipment
IUSQ.DE,VERIZON COMMUNICATIONS INC ORD,VZ.N,531791,0.2143,UNITED STATES,Technology,Telecommunications Services,Telecommunications Services
IUSQ.DE,SAP SE ORD,SAPG.DE,132049,0.2141,GERMANY,Technology,Software & IT Services,Software & IT Services
IUSQ.DE,UNION PACIFIC CORP ORD,UNP.N,77527,0.2127,UNITED STATES,Industrials,Transportation,Freight & Logistics Services
IUSQ.DE,UNILEVER PLC ORD,ULVR.L,333128,0.2124,UNITED KINGDOM,Consumer Non-Cyclicals,Personal & Household Products & Services,Personal & Household Products & Services
IUSQ.DE,ROYAL BANK OF CANADA ORD,RY.TO,179304,0.2105,CANADA,Financials,Banking & Investment Services,Banking Services
IUSQ.DE,CATERPILLAR INC ORD,CAT.N,67020,0.2101,UNITED STATES,Industrials,Industrial Goods,"Machinery, Tools, Heavy Vehicles, Trains & Ships"
IUSQ.DE,NIKE INC ORD,NKE.N,159031,0.2076,UNITED STATES,Consumer Cyclicals,Cyclical Consumer Products,Textiles & Apparel
IUSQ.DE,SIEMENS AG ORD,SIEGn.DE,99583,0.2012,GERMANY,Technology,Software & IT Services,Software & IT Services
IUSQ.DE,BRISTOL-MYERS SQUIBB CO ORD,BMY.N,272298,0.2002,UNITED STATES,Healthcare,Pharmaceuticals & Medical Research,Pharmaceuticals
IUSQ.DE,S&P GLOBAL INC ORD,SPGI.N,42713,0.1992,UNITED STATES,Industrials,Industrial & Commercial Services,Professional & Commercial Services
IUSQ.DE,UNITED PARCEL SERVICE INC ORD,UPS.N,89621,0.1983,UNITED STATES,Industrials,Transportation,Freight & Logistics Services
IUSQ.DE,APPLIED MATERIALS INC ORD,AMAT.OQ,110510,0.1981,UNITED STATES,Technology,Technology Equipment,Semiconductors & Semiconductor Equipment
IUSQ.DE,HONEYWELL INTERNATIONAL INC ORD,HON.OQ,85977,0.1973,UNITED STATES,Consumer Non-Cyclicals,Consumer Goods Conglomerates,Consumer Goods Conglomerates
IUSQ.DE,RTX CORP ORD,RTX.N,188927,0.1964,UNITED STATES,Industrials,Industrial Goods,Aerospace & Defense
IUSQ.DE,BOEING CO ORD,BA.N,68313,0.1929,UNITED STATES,Industrials,Industrial Goods,Aerospace & Defense
IUSQ.DE,AMGEN INC ORD,AMGN.OQ,67976,0.1882,UNITED STATES,Healthcare,Pharmaceuticals & Medical Research,Pharmaceuticals
IUSQ.DE,INTERNATIONAL BUSINESS MACHINES CORP ORD,IBM.N,109962,0.1874,UNITED STATES,Technology,Software & IT Services,Software & IT Services
IUSQ.DE,SONY GROUP CORP ORD,6758.T,168800,0.187,JAPAN,Technology,Technology Equipment,"Computers, Phones & Household Electronics"
IUSQ.DE,DEERE & CO ORD,DE.N,36760,0.1867,UNITED STATES,Industrials,Industrial Goods,"Machinery, Tools, Heavy Vehicles, Trains & Ships"
IUSQ.DE,GENERAL ELECTRIC CO ORD,GE.N,138160,0.1866,UNITED STATES,Consumer Non-Cyclicals,Consumer Goods Conglomerates,Consumer Goods Conglomerates
IUSQ.DE,MORGAN STANLEY ORD,MS.N,171596,0.1858,UNITED STATES,Financials,Banking & Investment Services,Investment Banking & Investment Services
IUSQ.DE,SANOFI SA ORD,SASY.PA,146175,0.185,FRANCE,Healthcare,Pharmaceuticals & Medical Research,Pharmaceuticals
IUSQ.DE,COMMONWEALTH BANK OF AUSTRALIA ORD,CBA.AX,216493,0.1823,AUSTRALIA,Financials,Banking & Investment Services,Banking Services
IUSQ.DE,BOOKING HOLDINGS INC ORD,BKNG.OQ,5156,0.1811,UNITED STATES,Consumer Cyclicals,Cyclical Consumer Services,Hotels & Entertainment Services
IUSQ.DE,STARBUCKS CORP ORD,SBUX.OQ,150073,0.1802,UNITED STATES,Consumer Cyclicals,Cyclical Consumer Services,Hotels & Entertainment Services
IUSQ.DE,TORONTO-DOMINION BANK ORD,TD.TO,230025,0.1797,CANADA,Financials,Banking & Investment Services,Banking Services
IUSQ.DE,SERVICENOW INC ORD,NOW.N,25800,0.1778,UNITED STATES,Technology,Software & IT Services,Software & IT Services
IUSQ.DE,AIA GROUP LTD ORD,1299.HK,1512400,0.1775,HONG KONG,Financials,Insurance,Insurance
IUSQ.DE,L'OREAL SA ORD,OREP.PA,31890,0.1759,FRANCE,Consumer Non-Cyclicals,Personal & Household Products & Services,Personal & Household Products & Services
IUSQ.DE,GOLDMAN SACHS GROUP INC ORD,GS.N,40779,0.1716,UNITED STATES,Financials,Banking & Investment Services,Investment Banking & Investment Services
IUSQ.DE,PROLOGIS INC ORD,PLD.N,114766,0.1693,UNITED STATES,Real Estate,Real Estate,Residential & Commercial REITs
IUSQ.DE,BP PLC ORD,BP.L,2301038,0.1691,UNITED KINGDOM,Energy,Energy - Fossil Fuels,Oil & Gas
IUSQ.DE,INTUITIVE SURGICAL INC ORD,ISRG.OQ,43906,0.1684,UNITED STATES,Healthcare,Healthcare Services & Equipment,Healthcare Equipment & Supplies
IUSQ.DE,MEDTRONIC PLC ORD,MDT.N,161532,0.1676,IRELAND,Healthcare,Healthcare Services & Equipment,Healthcare Equipment & Supplies
IUSQ.DE,ELEVANCE HEALTH INC ORD,ELV.N,29468,0.1643,UNITED STATES,Healthcare,Healthcare Services & Equipment,Healthcare Providers & Services
IUSQ.DE,AMERICAN EXPRESS CO ORD,AXP.N,81861,0.1634,UNITED STATES,Financials,Banking & Investment Services,Banking Services
IUSQ.DE,TJX COMPANIES INC ORD,TJX.N,158298,0.1619,UNITED STATES,Consumer Cyclicals,Retailers,Diversified Retail
IUSQ.DE,LOCKHEED MARTIN CORP ORD,LMT.N,30630,0.1616,UNITED STATES,Industrials,Industrial Goods,Aerospace & Defense
IUSQ.DE,DIAGEO PLC ORD,DGE.L,310404,0.1604,UNITED KINGDOM,Consumer Non-Cyclicals,Food & Beverages,Beverages
IUSQ.DE,BLACKROCK INC ORD,BLK.N,17941,0.1567,UNITED STATES,Financials,Banking & Investment Services,Investment Banking & Investment Services
IUSQ.DE,AUTOMATIC DATA PROCESSING INC ORD,ADP.OQ,52417,0.1532,UNITED STATES,Technology,Software & IT Services,Software & IT Services
IUSQ.DE,ALLIANZ SE ORD,ALVG.DE,53815,0.1525,GERMANY,Financials,Insurance,Insurance
IUSQ.DE,LAM RESEARCH CORP ORD,LRCX.OQ,17922,0.1522,UNITED STATES,Technology,Technology Equipment,Semiconductors & Semiconductor Equipment
IUSQ.DE,ANALOG DEVICES INC ORD,ADI.OQ,64264,0.1516,UNITED STATES,Technology,Technology Equipment,Semiconductors & Semiconductor Equipment
IUSQ.DE,AT&T INC ORD,T.N,867700,0.149,UNITED STATES,Technology,Telecommunications Services,Telecommunications Services
IUSQ.DE,CHARLES SCHWAB CORP ORD,SCHW.N,187955,0.1469,UNITED STATES,Financials,Banking & Investment Services,Investment Banking & Investment Services
IUSQ.DE,SCHNEIDER ELECTRIC SE ORD,SCHN.PA,69465,0.1467,FRANCE,Industrials,Industrial Goods,"Machinery, Tools, Heavy Vehicles, Trains & Ships"
IUSQ.DE,VERTEX PHARMACEUTICALS INC ORD,VRTX.OQ,34824,0.1451,UNITED STATES,Healthcare,Pharmaceuticals & Medical Research,Biotechnology & Medical Research
IUSQ.DE,CVS HEALTH CORP ORD,CVS.N,164102,0.1449,UNITED STATES,Healthcare,Healthcare Services & Equipment,Healthcare Providers & Services
IUSQ.DE,GILEAD SCIENCES INC ORD,GILD.OQ,159894,0.1439,UNITED STATES,Healthcare,Pharmaceuticals & Medical Research,Pharmaceuticals
IUSQ.DE,REGENERON PHARMACEUTICALS INC ORD,REGN.OQ,16285,0.1428,UNITED STATES,Healthcare,Pharmaceuticals & Medical Research,Biotechnology & Medical Research
IUSQ.DE,STRYKER CORP ORD,SYK.N,42109,0.1411,UNITED STATES,Healthcare,Healthcare Services & Equipment,Healthcare Equipment & Supplies
IUSQ.DE,MARSH & MCLENNAN COMPANIES INC ORD,MMC.N,63358,0.1411,UNITED STATES,Financials,Insurance,Insurance
IUSQ.DE,MEITUAN ORD,3690.HK,631640,0.1401,CHINA,Technology,Software & IT Services,Software & IT Services
IUSQ.DE,CIGNA GROUP ORD,CI.N,39915,0.1393,UNITED STATES,Healthcare,Healthcare Services & Equipment,Healthcare Providers & Services
IUSQ.DE,ZOETIS INC ORD,ZTS.N,62569,0.1391,UNITED STATES,Healthcare,Pharmaceuticals & Medical Research,Pharmaceuticals
IUSQ.DE,L'AIR LIQUIDE SOCIETE ANONYME POUR L'ETUDE ET L'EXPLOITATION DES PROCEDES GEORGES CLAUDE SA ORD,AIRP.PA,64938,0.1383,FRANCE,Basic Materials,Chemicals,Chemicals
IUSQ.DE,MONDELEZ INTERNATIONAL INC ORD,MDLZ.OQ,155746,0.1365,UNITED STATES,Consumer Non-Cyclicals,Food & Beverages,Food & Tobacco
IUSQ.DE,CSL LTD ORD,CSL.AX,63702,0.1363,AUSTRALIA,Healthcare,Pharmaceuticals & Medical Research,Pharmaceuticals
IUSQ.DE,MITSUBISHI UFJ FINANCIAL GROUP INC ORD,8306.T,1416200,0.1351,JAPAN,Financials,Banking & Investment Services,Banking Services
IUSQ.DE,CITIGROUP INC ORD,C.N,237026,0.1336,UNITED STATES,Financials,Banking & Investment Services,Investment Banking & Investment Services
IUSQ.DE,AIRBUS SE ORD,AIR.PA,73750,0.1288,NETHERLANDS,Industrials,Industrial Goods,Aerospace & Defense
IUSQ.DE,UBS GROUP AG ORD,UBSG.S,488774,0.1285,SWITZERLAND,Financials,Banking & Investment Services,Investment Banking & Investment Services
IUSQ.DE,AMERICAN TOWER CORP ORD,AMT.N,56866,0.1279,UNITED STATES,Real Estate,Real Estate,Residential & Commercial REITs
IUSQ.DE,T-MOBILE US INC ORD,TMUS.OQ,76979,0.1254,UNITED STATES,Technology,Telecommunications Services,Telecommunications Services
IUSQ.DE,KLA CORP ORD,KLAC.OQ,20620,0.1253,UNITED STATES,Technology,Technology Equipment,Semiconductors & Semiconductor Equipment
IUSQ.DE,PAYPAL HOLDINGS INC ORD,PYPL.OQ,139504,0.1251,UNITED STATES,Technology,Software & IT Services,Software & IT Services
IUSQ.DE,COMPAGNIE FINANCIERE RICHEMONT SA ORD,CFR.S,64960,0.1243,SWITZERLAND,Consumer Cyclicals,Cyclical Consumer Products,Textiles & Apparel
IUSQ.DE,ALTRIA GROUP INC ORD,MO.N,230537,0.1238,UNITED STATES,Consumer Non-Cyclicals,Food & Beverages,Food & Tobacco
IUSQ.DE,IBERDROLA SA ORD,IBE.MC,826509,0.1223,SPAIN,Utilities,Utilities,Electric Utilities & IPPs
IUSQ.DE,CANADIAN PACIFIC KANSAS CITY LTD ORD,CP.TO,125129,0.1219,CANADA,Industrials,Transportation,Freight & Logistics Services
IUSQ.DE,SCHLUMBERGER NV ORD,SLB.N,175455,0.121,UNITED STATES,Energy,Energy - Fossil Fuels,Oil & Gas Related Equipment and Services
IUSQ.DE,MICRON TECHNOLOGY INC ORD,MU.OQ,143169,0.1208,UNITED STATES,Technology,Technology Equipment,Semiconductors & Semiconductor Equipment
IUSQ.DE,KEYENCE CORP ORD,6861.T,22600,0.1199,JAPAN,Industrials,Industrial Goods,"Machinery, Tools, Heavy Vehicles, Trains & Ships"
IUSQ.DE,EATON CORPORATION PLC ORD,ETN.N,49209,0.1195,IRELAND,Industrials,Industrial Goods,"Machinery, Tools, Heavy Vehicles, Trains & Ships"
IUSQ.DE,BECTON DICKINSON AND CO ORD,BDX.N,36269,0.1195,UNITED STATES,Healthcare,Healthcare Services & Equipment,Healthcare Equipment & Supplies
IUSQ.DE,RIO TINTO PLC ORD,RIO.L,151498,0.1187,UNITED KINGDOM,Basic Materials,Mineral Resources,Metals & Mining
IUSQ.DE,PALO ALTO NETWORKS INC ORD,PANW.OQ,40067,0.1184,UNITED STATES,Technology,Software & IT Services,Software & IT Services
IUSQ.DE,FISERV INC ORD,FI.N,79041,0.1179,UNITED STATES,Industrials,Industrial & Commercial Services,Professional & Commercial Services
IUSQ.DE,ILLINOIS TOOL WORKS INC ORD,ITW.N,37792,0.1177,UNITED STATES,Consumer Non-Cyclicals,Consumer Goods Conglomerates,Consumer Goods Conglomerates
IUSQ.DE,UBER TECHNOLOGIES INC ORD,UBER.N,200029,0.117,UNITED STATES,Technology,Software & IT Services,Software & IT Services
IUSQ.DE,ABB LTD ORD,ABBN.S,245420,0.1167,SWITZERLAND,Industrials,Industrial Goods,"Machinery, Tools, Heavy Vehicles, Trains & Ships"
IUSQ.DE,BNP PARIBAS SA ORD,BNPP.PA,147925,0.1157,FRANCE,Financials,Banking & Investment Services,Banking Services
IUSQ.DE,BOSTON SCIENTIFIC CORP ORD,BSX.N,188300,0.1154,UNITED STATES,Healthcare,Healthcare Services & Equipment,Healthcare Equipment & Supplies
IUSQ.DE,EOG RESOURCES INC ORD,EOG.N,72502,0.1136,UNITED STATES,Energy,Energy - Fossil Fuels,Oil & Gas
IUSQ.DE,SHOPIFY INC ORD,SHOP.N,139138,0.1113,CANADA,Technology,Software & IT Services,Software & IT Services
IUSQ.DE,PROGRESSIVE CORP ORD,PGR.N,74434,0.1109,UNITED STATES,Financials,Insurance,Insurance
IUSQ.DE,DEUTSCHE TELEKOM AG ORD,DTEGn.DE,428550,0.1108,GERMANY,Technology,Telecommunications Services,Telecommunications Services
IUSQ.DE,ACTIVISION BLIZZARD INC ORD,ATVI.OQ,100208,0.1099,UNITED STATES,Technology,Software & IT Services,Software & IT Services
IUSQ.DE,ENBRIDGE INC ORD,ENB.TO,250791,0.1092,CANADA,Energy,Energy - Fossil Fuels,Oil & Gas Related Equipment and Services
IUSQ.DE,BLACKSTONE INC ORD,BX.N,87910,0.1089,UNITED STATES,Financials,Banking & Investment Services,Investment Banking & Investment Services
IUSQ.DE,BRITISH AMERICAN TOBACCO PLC ORD,BATS.L,273192,0.1087,UNITED KINGDOM,Consumer Non-Cyclicals,Food & Beverages,Food & Tobacco
IUSQ.DE,MUENCHENER RUECKVERSICHERUNGS GESELLSCHAFT AG IN MUENCHEN ORD,MUVGn.DE,24261,0.1083,GERMANY,Financials,Insurance,Insurance
IUSQ.DE,CANADIAN NATURAL RESOURCES LTD ORD,CNQ.TO,149799,0.1079,CANADA,Energy,Energy - Fossil Fuels,Oil & Gas
IUSQ.DE,SHIN-ETSU CHEMICAL CO LTD ORD,4063.T,274000,0.1067,JAPAN,Basic Materials,Chemicals,Chemicals
IUSQ.DE,SOUTHERN CO ORD,SO.N,124168,0.1062,UNITED STATES,Utilities,Utilities,Electric Utilities & IPPs
IUSQ.DE,HERMES INTERNATIONAL SCA ORD,HRMS.PA,4036,0.1061,FRANCE,Consumer Cyclicals,Cyclical Consumer Products,Textiles & Apparel
IUSQ.DE,BANK OF MONTREAL ORD,BMO.TO,96115,0.1058,CANADA,Financials,Banking & Investment Services,Banking Services
IUSQ.DE,GSK PLC ORD,GSK.L,500410,0.1054,UNITED KINGDOM,Healthcare,Pharmaceuticals & Medical Research,Pharmaceuticals
IUSQ.DE,EQUINIX INC ORD,EQIX.OQ,10970,0.105,UNITED STATES,Real Estate,Real Estate,Residential & Commercial REITs
IUSQ.DE,WASTE MANAGEMENT INC ORD,WM.N,53817,0.1042,UNITED STATES,Industrials,Industrial & Commercial Services,Professional & Commercial Services
IUSQ.DE,SYNOPSYS INC ORD,SNPS.OQ,19481,0.1041,UNITED STATES,Technology,Software & IT Services,Software & IT Services
IUSQ.DE,CSX CORP ORD,CSX.OQ,264025,0.104,UNITED STATES,Industrials,Transportation,Freight & Logistics Services
IUSQ.DE,CANADIAN NATIONAL RAILWAY CO ORD,CNR.TO,72299,0.1038,CANADA,Industrials,Transportation,Freight & Logistics Services
IUSQ.DE,CME GROUP INC ORD,CME.OQ,44100,0.1037,UNITED STATES,Financials,Banking & Investment Services,Investment Banking & Investment Services
IUSQ.DE,SHERWIN-WILLIAMS CO ORD,SHW.N,31609,0.1033,UNITED STATES,Basic Materials,Chemicals,Chemicals
IUSQ.DE,CADENCE DESIGN SYSTEMS INC ORD,CDNS.OQ,37080,0.1026,UNITED STATES,Technology,Software & IT Services,Software & IT Services
IUSQ.DE,FEDEX CORP ORD,FDX.N,32121,0.1025,UNITED STATES,Industrials,Transportation,Freight & Logistics Services
IUSQ.DE,AON PLC ORD,AON.N,27196,0.1024,IRELAND,Financials,Insurance,Insurance
IUSQ.DE,SOFTBANK GROUP CORP ORD,9984.T,168400,0.1015,JAPAN,Technology,Telecommunications Services,Telecommunications Services
IUSQ.DE,TARGET CORP ORD,TGT.N,62486,0.1008,UNITED STATES,Consumer Cyclicals,Retailers,Diversified Retail
IUSQ.DE,MERCEDES BENZ GROUP AG ORD,MBGn.DE,106288,0.1006,GERMANY,Consumer Cyclicals,Automobiles & Auto Parts,Automobiles & Auto Parts
IUSQ.DE,CHUBB LTD ORD,CB.N,41564,0.1004,SWITZERLAND,Financials,Insurance,Insurance
IUSQ.DE,DUKE ENERGY CORP ORD,DUK.N,88881,0.0984,UNITED STATES,Utilities,Utilities,Electric Utilities & IPPs
IUSQ.DE,BANCO SANTANDER SA ORD,SAN.MC,2044858,0.0982,SPAIN,Financials,Banking & Investment Services,Banking Services
IUSQ.DE,FREEPORT-MCMORAN INC ORD,FCX.N,186020,0.0982,UNITED STATES,Basic Materials,Mineral Resources,Metals & Mining
IUSQ.DE,RELX PLC ORD,REL.L,245784,0.098,UNITED KINGDOM,Industrials,Industrial & Commercial Services,Professional & Commercial Services
IUSQ.DE,INTERCONTINENTAL EXCHANGE INC ORD,ICE.N,72140,0.0979,UNITED STATES,Financials,Banking & Investment Services,Investment Banking & Investment Services
IUSQ.DE,WORKDAY INC ORD,WDAY.OQ,34802,0.0976,UNITED STATES,Technology,Software & IT Services,Software & IT Services
IUSQ.DE,GLENCORE PLC ORD,GLEN.L,1351026,0.0973,SWITZERLAND,Basic Materials,Mineral Resources,Metals & Mining
IUSQ.DE,3M CO ORD,MMM.N,72833,0.096,UNITED STATES,Consumer Non-Cyclicals,Consumer Goods Conglomerates,Consumer Goods Conglomerates
IUSQ.DE,SUMITOMO MITSUI FINANCIAL GROUP INC ORD,8316.T,172200,0.0959,JAPAN,Financials,Banking & Investment Services,Banking Services
IUSQ.DE,VINCI SA ORD,SGEF.PA,68926,0.0959,FRANCE,Industrials,Industrial & Commercial Services,Construction & Engineering
IUSQ.DE,HCA HEALTHCARE INC ORD,HCA.N,29708,0.0958,UNITED STATES,Healthcare,Healthcare Services & Equipment,Healthcare Providers & Services
IUSQ.DE,O'REILLY AUTOMOTIVE INC ORD,ORLY.OQ,8718,0.0954,UNITED STATES,Consumer Cyclicals,Retailers,Specialty Retailers
IUSQ.DE,PROSUS NV ORD,PRX.AS,100510,0.0944,NETHERLANDS,Technology,Software & IT Services,Software & IT Services
IUSQ.DE,MARATHON PETROLEUM CORP ORD,MPC.N,59680,0.0939,UNITED STATES,Energy,Energy - Fossil Fuels,Oil & Gas
IUSQ.DE,MOODY'S CORP ORD,MCO.N,22326,0.0931,UNITED STATES,Industrials,Industrial & Commercial Services,Professional & Commercial Services
IUSQ.DE,CHINA CONSTRUCTION BANK CORP ORD,0939.HK,13530000,0.0929,CHINA,Financials,Banking & Investment Services,Banking Services
IUSQ.DE,DAIKIN INDUSTRIES LTD ORD,6367.T,38900,0.0929,JAPAN,Industrials,Industrial Goods,"Machinery, Tools, Heavy Vehicles, Trains & Ships"
IUSQ.DE,AIR PRODUCTS AND CHEMICALS INC ORD,APD.N,25704,0.0928,UNITED STATES,Basic Materials,Chemicals,Chemicals
IUSQ.DE,SNOWFLAKE INC. ORD,SNOW.N,43560,0.0915,UNITED STATES,Technology,Software & IT Services,Software & IT Services
IUSQ.DE,TOKYO ELECTRON LTD ORD,8035.T,51200,0.0905,JAPAN,Technology,Technology Equipment,Semiconductors & Semiconductor Equipment
IUSQ.DE,NORTHROP GRUMMAN CORP ORD,NOC.N,17194,0.0905,UNITED STATES,Industrials,Industrial Goods,Aerospace & Defense
IUSQ.DE,HUMANA INC ORD,HUM.N,16762,0.0905,UNITED STATES,Healthcare,Healthcare Services & Equipment,Healthcare Providers & Services
IUSQ.DE,AXA SA ORD,AXAF.PA,246821,0.09,FRANCE,Financials,Insurance,Insurance
IUSQ.DE,NXP SEMICONDUCTORS NV ORD,NXPI.OQ,34121,0.09,NETHERLANDS,Technology,Technology Equipment,Semiconductors & Semiconductor Equipment
IUSQ.DE,HITACHI LTD ORD,6501.T,115800,0.0896,JAPAN,Consumer Non-Cyclicals,Consumer Goods Conglomerates,Consumer Goods Conglomerates
IUSQ.DE,NATIONAL AUSTRALIA BANK LTD ORD,NAB.AX,393211,0.089,AUSTRALIA,Financials,Banking & Investment Services,Banking Services
IUSQ.DE,MARRIOTT INTERNATIONAL INC ORD,MAR.OQ,37179,0.0887,UNITED STATES,Consumer Cyclicals,Cyclical Consumer Services,Hotels & Entertainment Services
IUSQ.DE,UNICREDIT SPA ORD,CRDI.MI,294035,0.0882,ITALY,Financials,Banking & Investment Services,Banking Services
IUSQ.DE,CRH PLC ORD,CRH.L,124069,0.0876,IRELAND,Basic Materials,Mineral Resources,Construction Materials
IUSQ.DE,INFINEON TECHNOLOGIES AG ORD,IFXGn.DE,167658,0.0874,GERMANY,Technology,Technology Equipment,Semiconductors & Semiconductor Equipment
IUSQ.DE,NORFOLK SOUTHERN CORP ORD,NSC.N,31377,0.0867,UNITED STATES,Industrials,Transportation,Freight & Logistics Services
IUSQ.DE,MCKESSON CORP ORD,MCK.N,18189,0.0865,UNITED STATES,Healthcare,Pharmaceuticals & Medical Research,Pharmaceuticals
IUSQ.DE,PNC FINANCIAL SERVICES GROUP INC ORD,PNC.N,52624,0.0852,UNITED STATES,Financials,Banking & Investment Services,Banking Services
IUSQ.DE,PIONEER NATURAL RESOURCES CO ORD,PXD.N,31527,0.0841,UNITED STATES,Energy,Energy - Fossil Fuels,Oil & Gas
IUSQ.DE,BANK OF NOVA SCOTIA ORD,BNS.TO,140190,0.0836,CANADA,Financials,Banking & Investment Services,Banking Services
IUSQ.DE,ESSILORLUXOTTICA SA ORD,ESLX.PA,35055,0.0836,FRANCE,Healthcare,Healthcare Services & Equipment,Healthcare Equipment & Supplies
IUSQ.DE,MERCADOLIBRE INC ORD,MELI.OQ,5710,0.0836,URUGUAY,Technology,Software & IT Services,Software & IT Services
IUSQ.DE,SK HYNIX INC ORD,000660.KS,72504,0.083,KOREA,Technology,Technology Equipment,Semiconductors & Semiconductor Equipment
IUSQ.DE,ING GROEP NV ORD,INGA.AS,479392,0.083,NETHERLANDS,Financials,Banking & Investment Services,Banking Services
IUSQ.DE,ZURICH INSURANCE GROUP AG ORD,ZURN.S,14402,0.0827,SWITZERLAND,Financials,Insurance,Insurance
IUSQ.DE,DAIICHI SANKYO CO LTD ORD,4568.T,227900,0.0824,JAPAN,Healthcare,Pharmaceuticals & Medical Research,Pharmaceuticals
IUSQ.DE,BAYER AG ORD,BAYGn.DE,118703,0.0822,GERMANY,Healthcare,Pharmaceuticals & Medical Research,Pharmaceuticals
IUSQ.DE,EMERSON ELECTRIC CO ORD,EMR.N,75734,0.0818,UNITED STATES,Industrials,Industrial Goods,"Machinery, Tools, Heavy Vehicles, Trains & Ships"
IUSQ.DE,FORTINET INC ORD,FTNT.OQ,88474,0.0813,UNITED STATES,Technology,Software & IT Services,Software & IT Services
IUSQ.DE,AIRBNB INC ORD,ABNB.OQ,45129,0.0812,UNITED STATES,Technology,Software & IT Services,Software & IT Services
IUSQ.DE,COMPASS GROUP PLC ORD,CPG.L,263131,0.0811,UNITED KINGDOM,Consumer Cyclicals,Cyclical Consumer Services,Hotels & Entertainment Services
IUSQ.DE,SAFRAN SA ORD,SAF.PA,41135,0.0809,FRANCE,Industrials,Industrial Goods,Aerospace & Defense
IUSQ.DE,MITSUI & CO LTD ORD,8031.T,174600,0.0805,JAPAN,Industrials,Industrial & Commercial Services,Diversified Industrial Goods Wholesale
IUSQ.DE,MARVELL TECHNOLOGY INC ORD,MRVL.OQ,104331,0.0803,UNITED STATES,Technology,Technology Equipment,Semiconductors & Semiconductor Equipment
IUSQ.DE,WOODSIDE ENERGY GROUP LTD ORD,WDS.AX,264838,0.0802,AUSTRALIA,Energy,Energy - Fossil Fuels,Oil & Gas
IUSQ.DE,CHIPOTLE MEXICAN GRILL INC ORD,CMG.N,3453,0.0801,UNITED STATES,Consumer Cyclicals,Cyclical Consumer Services,Hotels & Entertainment Services
IUSQ.DE,PARKER-HANNIFIN CORP ORD,PH.N,16479,0.0799,UNITED STATES,Industrials,Industrial Goods,"Machinery, Tools, Heavy Vehicles, Trains & Ships"
IUSQ.DE,ENEL SPA ORD,ENEI.MI,973141,0.0796,ITALY,Utilities,Utilities,Electric Utilities & IPPs
IUSQ.DE,EDWARDS LIFESCIENCES CORP ORD,EW.N,81193,0.0788,UNITED STATES,Healthcare,Healthcare Services & Equipment,Healthcare Equipment & Supplies
IUSQ.DE,US BANCORP ORD,USB.N,167958,0.0788,UNITED STATES,Financials,Banking & Investment Services,Banking Services
IUSQ.DE,AMPHENOL CORP ORD,APH.N,75487,0.0788,UNITED STATES,Technology,Technology Equipment,Electronic Equipment & Parts
IUSQ.DE,BASF SE ORD,BASFn.DE,123438,0.0785,GERMANY,Basic Materials,Chemicals,Chemicals
IUSQ.DE,HONDA MOTOR CO LTD ORD,7267.T,209000,0.0785,JAPAN,Consumer Cyclicals,Automobiles & Auto Parts,Automobiles & Auto Parts
IUSQ.DE,KDDI CORP ORD,9433.T,224800,0.0783,JAPAN,Technology,Telecommunications Services,Telecommunications Services
IUSQ.DE,GENERAL DYNAMICS CORP ORD,GD.N,29602,0.0782,UNITED STATES,Industrials,Industrial Goods,Aerospace & Defense
IUSQ.DE,BANCO BILBAO VIZCAYA ARGENTARIA SA ORD,BBVA.MC,822394,0.0773,SPAIN,Financials,Banking & Investment Services,Banking Services
IUSQ.DE,DEUTSCHE POST AG ORD,DHLn.DE,125413,0.0764,GERMANY,Industrials,Transportation,Freight & Logistics Services
IUSQ.DE,TE CONNECTIVITY LTD ORD,TEL.N,44971,0.0763,SWITZERLAND,Industrials,Industrial Goods,"Machinery, Tools, Heavy Vehicles, Trains & Ships"
IUSQ.DE,ANZ GROUP HOLDINGS LTD ORD,ANZ.AX,370334,0.076,AUSTRALIA,Financials,Banking & Investment Services,Banking Services
IUSQ.DE,WESTPAC BANKING CORP ORD,WBC.AX,426816,0.076,AUSTRALIA,Financials,Banking & Investment Services,Banking Services
IUSQ.DE,NETEASE INC ORD,9999.HK,295490,0.0759,CHINA,Technology,Software & IT Services,Software & IT Services
IUSQ.DE,PERNOD RICARD SA ORD,PERP.PA,28944,0.0757,FRANCE,Consumer Non-Cyclicals,Food & Beverages,Beverages
IUSQ.DE,CARRIER GLOBAL CORP ORD,CARR.N,107434,0.0756,UNITED STATES,Industrials,Industrial Goods,"Machinery, Tools, Heavy Vehicles, Trains & Ships"
IUSQ.DE,FLUTTER ENTERTAINMENT PLC ORD,FLTRF.L,31999,0.0755,IRELAND,Consumer Cyclicals,Cyclical Consumer Services,Hotels & Entertainment Services
IUSQ.DE,HOYA CORP ORD,7741.T,54800,0.0754,JAPAN,Healthcare,Healthcare Services & Equipment,Healthcare Equipment & Supplies
IUSQ.DE,MONSTER BEVERAGE CORP ORD,MNST.OQ,110985,0.0754,UNITED STATES,Consumer Non-Cyclicals,Food & Beverages,Beverages
IUSQ.DE,DEXCOM INC ORD,DXCM.OQ,51138,0.0753,UNITED STATES,Healthcare,Healthcare Services & Equipment,Healthcare Equipment & Supplies
IUSQ.DE,FORD MOTOR CO ORD,F.N,479341,0.0749,UNITED STATES,Consumer Cyclicals,Automobiles & Auto Parts,Automobiles & Auto Parts
IUSQ.DE,ANHEUSER-BUSCH INBEV SA ORD,ABI.BR,110357,0.0749,BELGIUM,Consumer Non-Cyclicals,Food & Beverages,Beverages
IUSQ.DE,PHILLIPS 66 ORD,PSX.N,56595,0.0746,UNITED STATES,Energy,Energy - Fossil Fuels,Oil & Gas
IUSQ.DE,COLGATE-PALMOLIVE CO ORD,CL.N,82599,0.0745,UNITED STATES,Consumer Non-Cyclicals,Personal & Household Products & Services,Personal & Household Products & Services
IUSQ.DE,BAIDU INC ORD,9888.HK,320816,0.0744,CHINA,Technology,Software & IT Services,Software & IT Services
IUSQ.DE,NUCOR CORP ORD,NUE.N,36548,0.0744,UNITED STATES,Basic Materials,Mineral Resources,Metals & Mining
IUSQ.DE,GENERAL MOTORS CO ORD,GM.N,163099,0.074,UNITED STATES,Consumer Cyclicals,Automobiles & Auto Parts,Automobiles & Auto Parts
IUSQ.DE,TRANSDIGM GROUP INC ORD,TDG.N,6935,0.0738,UNITED STATES,Industrials,Industrial Goods,Aerospace & Defense
IUSQ.DE,ROPER TECHNOLOGIES INC ORD,ROP.OQ,12649,0.0737,UNITED STATES,Technology,Software & IT Services,Software & IT Services
IUSQ.DE,AUTODESK INC ORD,ADSK.OQ,29288,0.0734,UNITED STATES,Technology,Software & IT Services,Software & IT Services
IUSQ.DE,ECOLAB INC ORD,ECL.N,33847,0.0733,UNITED STATES,Basic Materials,Chemicals,Chemicals
IUSQ.DE,MICROCHIP TECHNOLOGY INC ORD,MCHP.OQ,65888,0.0732,UNITED STATES,Technology,Technology Equipment,Semiconductors & Semiconductor Equipment
IUSQ.DE,RECKITT BENCKISER GROUP PLC ORD,RKT.L,82464,0.0732,UNITED KINGDOM,Consumer Non-Cyclicals,Personal & Household Products & Services,Personal & Household Products & Services
IUSQ.DE,NINTENDO CO LTD ORD,7974.T,135800,0.0729,JAPAN,Consumer Cyclicals,Cyclical Consumer Products,Leisure Products
IUSQ.DE,PING AN INSURANCE GROUP CO OF CHINA LTD ORD,2318.HK,847500,0.0723,CHINA,Financials,Insurance,Insurance
IUSQ.DE,HON HAI PRECISION INDUSTRY CO LTD ORD,2317.TW,1770760,0.0723,TAIWAN,Technology,Technology Equipment,Electronic Equipment & Parts
IUSQ.DE,MOTOROLA SOLUTIONS INC ORD,MSI.N,21286,0.0721,UNITED STATES,Technology,Technology Equipment,Communications & Networking
IUSQ.DE,IDEXX LABORATORIES INC ORD,IDXX.OQ,10970,0.0719,UNITED STATES,Healthcare,Healthcare Services & Equipment,Healthcare Equipment & Supplies
IUSQ.DE,JD.COM INC ORD,9618.HK,295841,0.0717,CHINA,Consumer Cyclicals,Retailers,Diversified Retail
IUSQ.DE,CONSTELLATION BRANDS INC ORD,STZ.N,22220,0.0717,UNITED STATES,Consumer Non-Cyclicals,Food & Beverages,Beverages
IUSQ.DE,AUTOZONE INC ORD,AZO.N,2431,0.0713,UNITED STATES,Consumer Cyclicals,Retailers,Specialty Retailers
IUSQ.DE,CAPITAL ONE FINANCIAL CORP ORD,COF.N,51509,0.0713,UNITED STATES,Financials,Banking & Investment Services,Banking Services
IUSQ.DE,TRANE TECHNOLOGIES PLC ORD,TT.N,30126,0.071,IRELAND,Industrials,Industrial Goods,"Machinery, Tools, Heavy Vehicles, Trains & Ships"
IUSQ.DE,MSCI INC ORD,MSCI.N,10922,0.0708,UNITED STATES,Industrials,Industrial & Commercial Services,Professional & Commercial Services
IUSQ.DE,HESS CORP ORD,HES.N,39355,0.0706,UNITED STATES,Energy,Energy - Fossil Fuels,Oil & Gas
IUSQ.DE,RECRUIT HOLDINGS CO LTD ORD,6098.T,171400,0.0704,JAPAN,Industrials,Industrial & Commercial Services,Professional & Commercial Services
IUSQ.DE,ON SEMICONDUCTOR CORP ORD,ON.OQ,55193,0.0703,UNITED STATES,Technology,Technology Equipment,Semiconductors & Semiconductor Equipment
IUSQ.DE,GENERAL MILLS INC ORD,GIS.N,79613,0.0703,UNITED STATES,Consumer Non-Cyclicals,Food & Beverages,Food & Tobacco
IUSQ.DE,BANK CENTRAL ASIA TBK PT ORD,BBCA.JK,9827200,0.0703,INDONESIA,Financials,Banking & Investment Services,Banking Services
IUSQ.DE,DBS GROUP HOLDINGS LTD ORD,DBSM.SI,230217,0.0702,SINGAPORE,Financials,Banking & Investment Services,Banking Services
IUSQ.DE,ARCHER-DANIELS-MIDLAND CO ORD,ADM.N,69094,0.0694,UNITED STATES,Consumer Non-Cyclicals,Food & Beverages,Food & Tobacco
IUSQ.DE,SIKA AG ORD,SIKA.S,18764,0.0693,SWITZERLAND,Basic Materials,Chemicals,Chemicals
IUSQ.DE,OCCIDENTAL PETROLEUM CORP ORD,OXY.N,92723,0.0692,UNITED STATES,Energy,Energy - Fossil Fuels,Oil & Gas
IUSQ.DE,LONZA GROUP AG ORD,LONN.S,10044,0.0692,SWITZERLAND,Healthcare,Pharmaceuticals & Medical Research,Biotechnology & Medical Research
IUSQ.DE,SAMSUNG ELECTRONICS CO LTD,005935.KS,129795,0.0691,KOREA,Technology,Technology Equipment,"Computers, Phones & Household Electronics"
IUSQ.DE,PARTNERS GROUP HOLDING AG ORD,PGHN.S,5174,0.069,SWITZERLAND,Financials,Banking & Investment Services,Investment Banking & Investment Services
IUSQ.DE,JOHNSON CONTROLS INTERNATIONAL PLC ORD,JCI.N,83795,0.0689,IRELAND,Industrials,Industrial Goods,"Machinery, Tools, Heavy Vehicles, Trains & Ships"
IUSQ.DE,CROWN CASTLE INC ORD,CCI.N,53788,0.0689,UNITED STATES,Real Estate,Real Estate,Residential & Commercial REITs
IUSQ.DE,CINTAS CORP ORD,CTAS.OQ,11467,0.0681,UNITED STATES,Industrials,Industrial & Commercial Services,Professional & Commercial Services
IUSQ.DE,AFLAC INC ORD,AFL.N,79664,0.0681,UNITED STATES,Financials,Insurance,Insurance
IUSQ.DE,WILLIAMS COMPANIES INC ORD,WMB.N,165946,0.0676,UNITED STATES,Energy,Energy - Fossil Fuels,Oil & Gas Related Equipment and Services
IUSQ.DE,BROOKFIELD CORP ORD,BN.N,163457,0.0676,CANADA,Financials,Banking & Investment Services,Investment Banking & Investment Services
IUSQ.DE,KIMBERLY-CLARK CORP ORD,KMB.N,44190,0.0674,UNITED STATES,Consumer Non-Cyclicals,Personal & Household Products & Services,Personal & Household Products & Services
IUSQ.DE,VALERO ENERGY CORP ORD,VLO.N,44199,0.0674,UNITED STATES,Energy,Energy - Fossil Fuels,Oil & Gas
IUSQ.DE,PACCAR INC ORD,PCAR.OQ,66108,0.0673,UNITED STATES,Industrials,Industrial Goods,"Machinery, Tools, Heavy Vehicles, Trains & Ships"
IUSQ.DE,TRUIST FINANCIAL CORP ORD,TFC.N,171417,0.0673,UNITED STATES,Financials,Banking & Investment Services,Banking Services
IUSQ.DE,KERING SA ORD,PRTP.PA,9803,0.0669,FRANCE,Consumer Cyclicals,Retailers,Specialty Retailers
IUSQ.DE,CHARTER COMMUNICATIONS INC ORD,CHTR.OQ,13858,0.0664,UNITED STATES,Technology,Telecommunications Services,Telecommunications Services
IUSQ.DE,PDD HOLDINGS ADS,PDD.OQ,62521,0.0664,IRELAND,Technology,Software & IT Services,Software & IT Services
IUSQ.DE,NATIONAL GRID PLC ORD,NG.L,420973,0.0661,UNITED KINGDOM,Utilities,Utilities,Multiline Utilities
IUSQ.DE,AMERICAN ELECTRIC POWER COMPANY INC ORD,AEP.OQ,65594,0.0657,UNITED STATES,Utilities,Utilities,Electric Utilities & IPPs
IUSQ.DE,TAKE-TWO INTERACTIVE SOFTWARE INC ORD,TTWO.OQ,36340,0.0657,UNITED STATES,Consumer Cyclicals,Cyclical Consumer Products,Leisure Products
IUSQ.DE,AMERICAN INTERNATIONAL GROUP INC ORD,AIG.N,92091,0.0656,UNITED STATES,Financials,Insurance,Insurance
IUSQ.DE,OLD DOMINION FREIGHT LINE INC ORD,ODFL.OQ,13182,0.0654,UNITED STATES,Industrials,Transportation,Freight & Logistics Services
IUSQ.DE,STELLANTIS NV ORD,STLAM.MI,269298,0.0654,NETHERLANDS,Consumer Cyclicals,Automobiles & Auto Parts,Automobiles & Auto Parts
IUSQ.DE,AMERICA MOVIL SAB DE CV ORD,AMXB.MX,5264472,0.0654,MEXICO,Technology,Telecommunications Services,Telecommunications Services
IUSQ.DE,ARTHUR J. GALLAGHER & CO. ORD,AJG.N,25678,0.0652,UNITED STATES,Financials,Insurance,Insurance
IUSQ.DE,SEMPRA ORD,SRE.N,36829,0.0649,UNITED STATES,Utilities,Utilities,Multiline Utilities
IUSQ.DE,HONG KONG EXCHANGES AND CLEARING LTD ORD,0388.HK,131003,0.0647,HONG KONG,Financials,Banking & Investment Services,Investment Banking & Investment Services
IUSQ.DE,ELECTRONIC ARTS INC ORD,EA.OQ,40103,0.0646,UNITED STATES,Technology,Software & IT Services,Software & IT Services
IUSQ.DE,HILTON WORLDWIDE HOLDINGS INC ORD,HLT.N,35111,0.0645,UNITED STATES,Consumer Cyclicals,Cyclical Consumer Services,Hotels & Entertainment Services
IUSQ.DE,ADYEN NV ORD,ADYEN.AS,2924,0.0644,NETHERLANDS,Technology,Financial Technology (Fintech) & Infrastructure,Financial Technology (Fintech) & Infrastructure
IUSQ.DE,PAYCHEX INC ORD,PAYX.OQ,43359,0.0643,UNITED STATES,Industrials,Industrial & Commercial Services,Professional & Commercial Services
IUSQ.DE,MITSUBISHI CORP ORD,8058.T,106200,0.0642,JAPAN,Industrials,Industrial & Commercial Services,Diversified Industrial Goods Wholesale
IUSQ.DE,ROCKWELL AUTOMATION INC ORD,ROK.N,16118,0.0641,UNITED STATES,Industrials,Industrial Goods,"Machinery, Tools, Heavy Vehicles, Trains & Ships"
IUSQ.DE,EXELON CORP ORD,EXC.OQ,129433,0.0641,UNITED STATES,Utilities,Utilities,Electric Utilities & IPPs
IUSQ.DE,TAKEDA PHARMACEUTICAL CO LTD ORD,4502.T,176771,0.0639,JAPAN,Healthcare,Pharmaceuticals & Medical Research,Pharmaceuticals
IUSQ.DE,SUNCOR ENERGY INC ORD,SU.TO,172216,0.0638,CANADA,Energy,Energy - Fossil Fuels,Oil & Gas
IUSQ.DE,MACQUARIE GROUP LTD ORD,MQG.AX,45726,0.0638,AUSTRALIA,Financials,Banking & Investment Services,Investment Banking & Investment Services
IUSQ.DE,DUPONT DE NEMOURS INC ORD,DD.N,69396,0.0637,UNITED STATES,Basic Materials,Chemicals,Chemicals
IUSQ.DE,DOMINION ENERGY INC ORD,D.N,100285,0.0635,UNITED STATES,Utilities,Utilities,Electric Utilities & IPPs
IUSQ.DE,PUBLIC STORAGE OPERATING CO ORD,PSA.N,18971,0.0632,UNITED STATES,Real Estate,Real Estate,Residential & Commercial REITs
IUSQ.DE,ATLAS COPCO AB ORD,ATCOa.ST,374944,0.0632,SWEDEN,Industrials,Industrial Goods,"Machinery, Tools, Heavy Vehicles, Trains & Ships"
IUSQ.DE,ITOCHU CORP ORD,8001.T,131800,0.0631,JAPAN,Industrials,Industrial & Commercial Services,Diversified Industrial Goods Wholesale
IUSQ.DE,DR HORTON INC ORD,DHI.N,41566,0.0624,UNITED STATES,Consumer Cyclicals,Cyclical Consumer Products,Homebuilding & Construction Supplies
IUSQ.DE,NUTRIEN LTD ORD,NTR.TO,76330,0.0623,CANADA,Basic Materials,Chemicals,Chemicals
IUSQ.DE,LULULEMON ATHLETICA INC ORD,LULU.OQ,13930,0.0623,CANADA,Consumer Cyclicals,Cyclical Consumer Products,Textiles & Apparel
IUSQ.DE,POSCO HOLDINGS INC ORD,005490.KS,10432,0.0621,KOREA,Basic Materials,Mineral Resources,Metals & Mining
IUSQ.DE,EXPERIAN PLC ORD,EXPN.L,135599,0.0621,IRELAND,Industrials,Industrial & Commercial Services,Professional & Commercial Services
IUSQ.DE,FAST RETAILING CO LTD ORD,9983.T,20900,0.0618,JAPAN,Consumer Cyclicals,Retailers,Specialty Retailers
IUSQ.DE,LONDON STOCK EXCHANGE GROUP PLC ORD,LSEG.L,48016,0.0618,UNITED KINGDOM,Financials,Banking & Investment Services,Investment Banking & Investment Services
IUSQ.DE,CHENIERE ENERGY INC ORD,LNG.A,32306,0.0618,UNITED STATES,Energy,Energy - Fossil Fuels,Oil & Gas Related Equipment and Services
IUSQ.DE,AGILENT TECHNOLOGIES INC ORD,A.N,42680,0.0614,UNITED STATES,Healthcare,Healthcare Services & Equipment,Healthcare Equipment & Supplies
IUSQ.DE,NIPPON TELEGRAPH AND TELEPHONE CORP ORD,9432.T,4516600,0.0612,JAPAN,Technology,Telecommunications Services,Telecommunications Services
IUSQ.DE,AMERIPRISE FINANCIAL INC ORD,AMP.N,14847,0.0612,UNITED STATES,Financials,Banking & Investment Services,Investment Banking & Investment Services
IUSQ.DE,STMICROELECTRONICS NV ORD,STMMI.MI,96128,0.0609,NETHERLANDS,Technology,Technology Equipment,Semiconductors & Semiconductor Equipment
IUSQ.DE,ESTEE LAUDER COMPANIES INC ORD,EL.N,28481,0.0606,UNITED STATES,Consumer Non-Cyclicals,Personal & Household Products & Services,Personal & Household Products & Services
IUSQ.DE,INTESA SANPAOLO SPA ORD,ISP.MI,1764764,0.0605,ITALY,Financials,Banking & Investment Services,Banking Services
IUSQ.DE,DANONE SA ORD,DANO.PA,83512,0.0605,FRANCE,Consumer Non-Cyclicals,Food & Beverages,Food & Tobacco
IUSQ.DE,LLOYDS BANKING GROUP PLC ORD,LLOY.L,8856801,0.0605,UNITED KINGDOM,Financials,Banking & Investment Services,Banking Services
IUSQ.DE,COPART INC ORD,CPRT.OQ,57797,0.0604,UNITED STATES,Technology,Software & IT Services,Software & IT Services
IUSQ.DE,BAYERISCHE MOTOREN WERKE AG ORD,BMWG.DE,41810,0.0604,GERMANY,Consumer Cyclicals,Automobiles & Auto Parts,Automobiles & Auto Parts
IUSQ.DE,ALCON AG ORD,ALCC.S,59475,0.0601,SWITZERLAND,Healthcare,Healthcare Services & Equipment,Healthcare Equipment & Supplies
IUSQ.DE,ROSS STORES INC ORD,ROST.OQ,44207,0.0599,UNITED STATES,Consumer Cyclicals,Retailers,Specialty Retailers
IUSQ.DE,NASPERS LTD ORD,NPNJn.J,25607,0.0598,SOUTH AFRICA,Technology,Software & IT Services,Software & IT Services
IUSQ.DE,ANGLO AMERICAN PLC ORD,AAL.L,163633,0.0596,UNITED KINGDOM,Basic Materials,Mineral Resources,Metals & Mining
IUSQ.DE,IQVIA HOLDINGS INC ORD,IQV.N,22539,0.0596,UNITED STATES,Healthcare,Pharmaceuticals & Medical Research,Biotechnology & Medical Research
IUSQ.DE,TRAVELERS COMPANIES INC ORD,TRV.N,29225,0.0596,UNITED STATES,Financials,Insurance,Insurance
IUSQ.DE,SYSCO CORP ORD,SYY.N,65902,0.0595,UNITED STATES,Consumer Non-Cyclicals,Food & Drug Retailing,Food & Drug Retailing
IUSQ.DE,FERRARI NV ORD,RACE.MI,15656,0.0595,ITALY,Consumer Cyclicals,Automobiles & Auto Parts,Automobiles & Auto Parts
IUSQ.DE,MODERNA INC ORD,MRNA.OQ,42624,0.0593,UNITED STATES,Healthcare,Pharmaceuticals & Medical Research,Biotechnology & Medical Research
IUSQ.DE,ARISTA NETWORKS INC ORD,ANET.N,32290,0.0592,UNITED STATES,Technology,Technology Equipment,Communications & Networking
IUSQ.DE,DOLLAR TREE INC ORD,DLTR.OQ,32446,0.0592,UNITED STATES,Consumer Cyclicals,Retailers,Diversified Retail
IUSQ.DE,INDUSTRIA DE DISENO TEXTIL SA ORD,ITX.MC,129223,0.0586,SPAIN,Consumer Cyclicals,Retailers,Specialty Retailers
IUSQ.DE,FERGUSON PLC ORD,FERG.N,30664,0.0586,UNITED KINGDOM,Consumer Cyclicals,Cyclical Consumer Products,Homebuilding & Construction Supplies
IUSQ.DE,CONSTELLATION SOFTWARE INC ORD,CSU.TO,2343,0.0586,CANADA,Technology,Software & IT Services,Software & IT Services
IUSQ.DE,TRADE DESK INC ORD,TTD.OQ,54146,0.0584,UNITED STATES,Technology,Software & IT Services,Software & IT Services
IUSQ.DE,PRUDENTIAL PLC ORD,PRU.L,353668,0.0582,UNITED KINGDOM,Financials,Insurance,Insurance
IUSQ.DE,OTIS WORLDWIDE CORP ORD,OTIS.N,54145,0.0582,UNITED STATES,Industrials,Industrial Goods,"Machinery, Tools, Heavy Vehicles, Trains & Ships"
IUSQ.DE,MIZUHO FINANCIAL GROUP INC ORD,8411.T,288918,0.0578,JAPAN,Financials,Banking & Investment Services,Banking Services
IUSQ.DE,SIMON PROPERTY GROUP INC ORD,SPG.N,39212,0.0578,UNITED STATES,Real Estate,Real Estate,Residential & Commercial REITs
IUSQ.DE,CENTENE CORP ORD,CNC.N,71678,0.0577,UNITED STATES,Healthcare,Healthcare Services & Equipment,Healthcare Providers & Services
IUSQ.DE,BAE SYSTEMS PLC ORD,BAES.L,407111,0.0577,UNITED KINGDOM,Industrials,Industrial Goods,Aerospace & Defense
IUSQ.DE,HP INC ORD,HPQ.N,148524,0.0576,UNITED STATES,Technology,Technology Equipment,"Computers, Phones & Household Electronics"
IUSQ.DE,ORIENTAL LAND CO LTD ORD,4661.T,126500,0.0574,JAPAN,Consumer Cyclicals,Cyclical Consumer Services,Hotels & Entertainment Services
IUSQ.DE,FIDELITY NATIONAL INFORMATION SERVICES INC ORD,FIS.N,79506,0.0568,UNITED STATES,Technology,Financial Technology (Fintech) & Infrastructure,Financial Technology (Fintech) & Infrastructure
IUSQ.DE,INVESTOR AB ORD,INVEb.ST,234328,0.0567,SWEDEN,Financials,Investment Holding Companies,Investment Holding Companies
IUSQ.DE,COMPAGNIE DE SAINT GOBAIN SA ORD,SGOB.PA,70800,0.0567,FRANCE,Consumer Cyclicals,Cyclical Consumer Products,Homebuilding & Construction Supplies
IUSQ.DE,DOW INC ORD,DOW.N,84560,0.0565,UNITED STATES,Basic Materials,Chemicals,Chemicals
IUSQ.DE,METLIFE INC ORD,MET.N,75911,0.0565,UNITED STATES,Financials,Insurance,Insurance
IUSQ.DE,BIOGEN INC ORD,BIIB.OQ,17668,0.0564,UNITED STATES,Healthcare,Pharmaceuticals & Medical Research,Pharmaceuticals
IUSQ.DE,BLOCK INC ORD,SQ.N,59265,0.0564,UNITED STATES,Industrials,Industrial & Commercial Services,Professional & Commercial Services
IUSQ.DE,DEVON ENERGY CORP ORD,DVN.N,88411,0.0564,UNITED STATES,Energy,Energy - Fossil Fuels,Oil & Gas
IUSQ.DE,PRUDENTIAL FINANCIAL INC ORD,PRU.N,49235,0.0562,UNITED STATES,Financials,Insurance,Insurance
IUSQ.DE,WELLTOWER INC ORD,WELL.N,57680,0.056,UNITED STATES,Real Estate,Real Estate,Residential & Commercial REITs
IUSQ.DE,SEVEN & I HOLDINGS CO LTD ORD,3382.T,114200,0.056,JAPAN,Consumer Non-Cyclicals,Food & Drug Retailing,Food & Drug Retailing
IUSQ.DE,ALIMENTATION COUCHE-TARD INC ORD,ATD.TO,93189,0.0559,CANADA,Energy,Energy - Fossil Fuels,Oil & Gas
IUSQ.DE,REALTY INCOME CORP ORD,O.N,77435,0.0558,UNITED STATES,Real Estate,Real Estate,Residential & Commercial REITs
IUSQ.DE,ENI SPA ORD,ENI.MI,308036,0.0557,ITALY,Energy,Energy - Fossil Fuels,Oil & Gas
IUSQ.DE,XCEL ENERGY INC ORD,XEL.OQ,74594,0.0553,UNITED STATES,Utilities,Utilities,Electric Utilities & IPPs
IUSQ.DE,WW GRAINGER INC ORD,GWW.N,6289,0.0549,UNITED STATES,Industrials,Industrial Goods,"Machinery, Tools, Heavy Vehicles, Trains & Ships"
IUSQ.DE,CUMMINS INC ORD,CMI.N,17776,0.0548,UNITED STATES,Consumer Cyclicals,Automobiles & Auto Parts,Automobiles & Auto Parts
IUSQ.DE,KROGER CO ORD,KR.N,95000,0.0546,UNITED STATES,Consumer Non-Cyclicals,Food & Drug Retailing,Food & Drug Retailing
IUSQ.DE,L3HARRIS TECHNOLOGIES INC ORD,LHX.N,24251,0.0543,UNITED STATES,Industrials,Industrial Goods,Aerospace & Defense
IUSQ.DE,DOLLAR GENERAL CORP ORD,DG.N,27209,0.0543,UNITED STATES,Consumer Cyclicals,Retailers,Diversified Retail
IUSQ.DE,SOFTBANK CORP ORD,9434.T,412900,0.0542,JAPAN,Technology,Telecommunications Services,Telecommunications Services
IUSQ.DE,WASTE CONNECTIONS INC ORD,WCN.TO,32438,0.0541,CANADA,Industrials,Industrial & Commercial Services,Professional & Commercial Services
IUSQ.DE,MONOLITHIC POWER SYSTEMS INC ORD,MPWR.OQ,8157,0.054,UNITED STATES,Technology,Technology Equipment,Semiconductors & Semiconductor Equipment
IUSQ.DE,GLOBAL PAYMENTS INC ORD,GPN.N,41259,0.0538,UNITED STATES,Industrials,Industrial & Commercial Services,Professional & Commercial Services
IUSQ.DE,BANK RAKYAT INDONESIA (PERSERO) TBK PT ORD,BBRI.JK,12135734,0.0538,INDONESIA,Financials,Banking & Investment Services,Banking Services
IUSQ.DE,NEWMONT CORPORATION ORD,NEM.N,105447,0.0535,UNITED STATES,Basic Materials,Mineral Resources,Metals & Mining
IUSQ.DE,HALLIBURTON CO ORD,HAL.N,115398,0.0533,UNITED STATES,Energy,Energy - Fossil Fuels,Oil & Gas Related Equipment and Services
IUSQ.DE,RESMED INC ORD,RMD.N,20113,0.0529,UNITED STATES,Healthcare,Healthcare Services & Equipment,Healthcare Equipment & Supplies
IUSQ.DE,AMERISOURCEBERGEN CORP ORD,ABC.N,23895,0.0528,UNITED STATES,Healthcare,Healthcare Services & Equipment,Healthcare Equipment & Supplies
IUSQ.DE,HERSHEY CO ORD,HSY.N,19281,0.0527,UNITED STATES,Consumer Non-Cyclicals,Food & Beverages,Food & Tobacco
IUSQ.DE,ASHTEAD GROUP PLC ORD,AHT.L,59912,0.0525,UNITED KINGDOM,Industrials,Industrial & Commercial Services,Professional & Commercial Services
IUSQ.DE,LENNAR CORP ORD,LEN.N,34840,0.0522,UNITED STATES,Consumer Cyclicals,Cyclical Consumer Products,Homebuilding & Construction Supplies
IUSQ.DE,DISCOVER FINANCIAL SERVICES ORD,DFS.N,41788,0.0521,UNITED STATES,Financials,Banking & Investment Services,Banking Services
IUSQ.DE,KKR & CO INC ORD,KKR.N,74113,0.052,UNITED STATES,Financials,Banking & Investment Services,Investment Banking & Investment Services
IUSQ.DE,NORDEA BANK ABP ORD,NDAFI.HE,386512,0.0518,FINLAND,Financials,Banking & Investment Services,Banking Services
IUSQ.DE,BANK OF CHINA LTD ORD,3988.HK,11793000,0.0517,CHINA,Financials,Banking & Investment Services,Banking Services
IUSQ.DE,WESFARMERS LTD ORD,WES.AX,130815,0.0517,AUSTRALIA,Consumer Cyclicals,Retailers,Diversified Retail
IUSQ.DE,ADIDAS AG ORD,ADSGn.DE,21426,0.0514,GERMANY,Consumer Cyclicals,Cyclical Consumer Products,Textiles & Apparel
IUSQ.DE,CANADIAN IMPERIAL BANK OF COMMERCE ORD,CM.TO,98414,0.0513,CANADA,Financials,Banking & Investment Services,Banking Services
IUSQ.DE,TOKIO MARINE HOLDINGS INC ORD,8766.T,187800,0.0509,JAPAN,Financials,Insurance,Insurance
IUSQ.DE,DIGITAL REALTY TRUST INC ORD,DLR.N,34416,0.0507,UNITED STATES,Real Estate,Real Estate,Residential & Commercial REITs
IUSQ.DE,VMWARE INC ORD,VMW.N,27189,0.0507,UNITED STATES,Technology,Software & IT Services,Software & IT Services
IUSQ.DE,YUM CHINA HOLDINGS INC ORD,YUMC.N,70188,0.0506,CHINA,Consumer Cyclicals,Cyclical Consumer Services,Hotels & Entertainment Services
IUSQ.DE,COGNIZANT TECHNOLOGY SOLUTIONS CORP ORD,CTSH.OQ,64613,0.0504,UNITED STATES,Technology,Software & IT Services,Software & IT Services
IUSQ.DE,QUANTA COMPUTER INC ORD,2382.TW,560000,0.0502,TAIWAN,Technology,Technology Equipment,"Computers, Phones & Household Electronics"
IUSQ.DE,UNITED RENTALS INC ORD,URI.N,9118,0.0501,UNITED STATES,Industrials,Industrial & Commercial Services,Professional & Commercial Services
IUSQ.DE,CONSTELLATION ENERGY CORP ORD,CEG.OQ,43825,0.0501,UNITED STATES,Utilities,Utilities,Electric Utilities & IPPs
IUSQ.DE,WOOLWORTHS GROUP LTD ORD,WOW.AX,162582,0.05,AUSTRALIA,Consumer Non-Cyclicals,Food & Drug Retailing,Food & Drug Retailing
IUSQ.DE,DSV A/S ORD,DSV.CO,21068,0.05,DENMARK,Industrials,Transportation,Freight & Logistics Services
IUSQ.DE,CORTEVA INC ORD,CTVA.N,74720,0.0499,UNITED STATES,Basic Materials,Chemicals,Chemicals
IUSQ.DE,ECOPRO BM CO LTD ORD,247540.KQ,12790,0.0497,KOREA,Industrials,Industrial Goods,"Machinery, Tools, Heavy Vehicles, Trains & Ships"
IUSQ.DE,GARTNER INC ORD,IT.N,11892,0.0497,UNITED STATES,Technology,Software & IT Services,Software & IT Services
IUSQ.DE,MANULIFE FINANCIAL CORP ORD,MFC.TO,208100,0.0493,CANADA,Financials,Insurance,Insurance
IUSQ.DE,PPG INDUSTRIES INC ORD,PPG.N,28708,0.0488,UNITED STATES,Basic Materials,Chemicals,Chemicals
IUSQ.DE,DEUTSCHE BOERSE AG ORD,DB1Gn.DE,21422,0.0487,GERMANY,Financials,Banking & Investment Services,Investment Banking & Investment Services
IUSQ.DE,AMETEK INC ORD,AME.N,25738,0.0483,UNITED STATES,Industrials,Industrial Goods,"Machinery, Tools, Heavy Vehicles, Trains & Ships"
IUSQ.DE,FASTENAL CO ORD,FAST.OQ,69495,0.0482,UNITED STATES,Industrials,Industrial Goods,"Machinery, Tools, Heavy Vehicles, Trains & Ships"
IUSQ.DE,OVERSEA-CHINESE BANKING CORPORATION LTD ORD,OCBC.SI,406700,0.0482,SINGAPORE,Financials,Banking & Investment Services,Banking Services
IUSQ.DE,TC ENERGY CORP ORD,TRP.TO,112420,0.0477,CANADA,Energy,Energy - Fossil Fuels,Oil & Gas Related Equipment and Services
IUSQ.DE,COSTAR GROUP INC ORD,CSGP.OQ,47954,0.0476,UNITED STATES,Technology,Software & IT Services,Software & IT Services
IUSQ.DE,WEST PHARMACEUTICAL SERVICES INC ORD,WST.N,10919,0.0475,UNITED STATES,Healthcare,Healthcare Services & Equipment,Healthcare Equipment & Supplies
IUSQ.DE,VERISK ANALYTICS INC ORD,VRSK.OQ,17537,0.0475,UNITED STATES,Technology,Software & IT Services,Software & IT Services
IUSQ.DE,HYUNDAI MOTOR CO ORD,005380.KS,26056,0.0474,KOREA,Consumer Cyclicals,Automobiles & Auto Parts,Automobiles & Auto Parts
IUSQ.DE,PALANTIR TECHNOLOGIES INC ORD,PLTR.N,201462,0.0473,UNITED STATES,Technology,Software & IT Services,Software & IT Services
IUSQ.DE,ANSYS INC ORD,ANSS.OQ,11699,0.0473,UNITED STATES,Technology,Software & IT Services,Software & IT Services
IUSQ.DE,AMADEUS IT GROUP SA ORD,AMA.MC,55621,0.0473,SPAIN,Technology,Software & IT Services,Software & IT Services
IUSQ.DE,MEDIATEK INC ORD,2454.TW,182000,0.0472,TAIWAN,Technology,Technology Equipment,Semiconductors & Semiconductor Equipment
IUSQ.DE,SEAGEN INC ORD,SGEN.OQ,20706,0.0469,UNITED STATES,Healthcare,Pharmaceuticals & Medical Research,Biotechnology & Medical Research
IUSQ.DE,T ROWE PRICE GROUP INC ORD,TROW.OQ,32069,0.0467,UNITED STATES,Financials,Banking & Investment Services,Investment Banking & Investment Services
IUSQ.DE,CROWDSTRIKE HOLDINGS INC ORD,CRWD.OQ,24414,0.0467,UNITED STATES,Technology,Software & IT Services,Software & IT Services
IUSQ.DE,TRANSURBAN GROUP,TCL.AX,406125,0.0464,AUSTRALIA,Industrials,Transportation,Transport Infrastructure
IUSQ.DE,FOMENTO ECONOMICO MEXICANO SAB DE CV,FEMSAUBD.MX,343972,0.0462,MEXICO,Consumer Non-Cyclicals,Food & Drug Retailing,Food & Drug Retailing
IUSQ.DE,LEGRAND SA ORD,LEGD.PA,38818,0.0461,FRANCE,Industrials,Industrial Goods,"Machinery, Tools, Heavy Vehicles, Trains & Ships"
IUSQ.DE,DASSAULT SYSTEMES SE ORD,DAST.PA,91008,0.0461,FRANCE,Technology,Software & IT Services,Software & IT Services
IUSQ.DE,VULCAN MATERIALS CO ORD,VMC.N,17698,0.0461,UNITED STATES,Basic Materials,Mineral Resources,Construction Materials
IUSQ.DE,GIVAUDAN SA ORD,GIVN.S,1146,0.0459,SWITZERLAND,Basic Materials,Chemicals,Chemicals
IUSQ.DE,CARDINAL HEALTH INC ORD,CAH.N,42085,0.0455,UNITED STATES,Healthcare,Pharmaceuticals & Medical Research,Pharmaceuticals
IUSQ.DE,BARCLAYS PLC ORD,BARC.L,1928156,0.0455,UNITED KINGDOM,Financials,Banking & Investment Services,Banking Services
IUSQ.DE,VEEVA SYSTEMS INC ORD,VEEV.N,18722,0.0452,UNITED STATES,Healthcare,Healthcare Services & Equipment,Healthcare Equipment & Supplies
IUSQ.DE,GRUPO FINANCIERO BANORTE SAB DE CV ORD,GFNORTEO.MX,401939,0.0452,MEXICO,Financials,Banking & Investment Services,Banking Services
IUSQ.DE,DENSO CORP ORD,6902.T,54900,0.0451,JAPAN,Consumer Cyclicals,Automobiles & Auto Parts,Automobiles & Auto Parts
IUSQ.DE,ONEOK INC ORD,OKE.N,56771,0.045,UNITED STATES,Energy,Energy - Fossil Fuels,Oil & Gas Related Equipment and Services
IUSQ.DE,SUN LIFE FINANCIAL INC ORD,SLF.TO,72084,0.0449,CANADA,Financials,Insurance,Insurance
IUSQ.DE,ALIGN TECHNOLOGY INC ORD,ALGN.OQ,10045,0.0449,UNITED STATES,Healthcare,Healthcare Services & Equipment,Healthcare Equipment & Supplies
IUSQ.DE,MARTIN MARIETTA MATERIALS INC ORD,MLM.N,8498,0.0449,UNITED STATES,Basic Materials,Mineral Resources,Construction Materials
IUSQ.DE,ILLUMINA INC ORD,ILMN.OQ,19716,0.0448,UNITED STATES,Healthcare,Healthcare Services & Equipment,Healthcare Equipment & Supplies
IUSQ.DE,PUBLIC SERVICE ENTERPRISE GROUP INC ORD,PEG.N,59956,0.0447,UNITED STATES,Utilities,Utilities,Multiline Utilities
IUSQ.DE,CORNING INC ORD,GLW.N,110892,0.0445,UNITED STATES,Technology,Technology Equipment,Electronic Equipment & Parts
IUSQ.DE,CDW CORP ORD,CDW.OQ,20127,0.0445,UNITED STATES,Technology,Software & IT Services,Software & IT Services
IUSQ.DE,SSE PLC ORD,SSE.L,172617,0.0443,UNITED KINGDOM,Utilities,Utilities,Electric Utilities & IPPs
IUSQ.DE,EXTRA SPACE STORAGE INC ORD,EXR.N,26773,0.0442,UNITED STATES,Real Estate,Real Estate,Residential & Commercial REITs
IUSQ.DE,STANDARD CHARTERED PLC ORD,STAN.L,388204,0.0441,UNITED KINGDOM,Financials,Banking & Investment Services,Banking Services
IUSQ.DE,STATE STREET CORP ORD,STT.N,51408,0.044,UNITED STATES,Financials,Banking & Investment Services,Investment Banking & Investment Services
IUSQ.DE,METTLER-TOLEDO INTERNATIONAL INC ORD,MTD.N,2929,0.0435,UNITED STATES,Technology,Technology Equipment,Office Equipment
IUSQ.DE,KEYSIGHT TECHNOLOGIES INC ORD,KEYS.N,22773,0.0434,UNITED STATES,Technology,Technology Equipment,Electronic Equipment & Parts
IUSQ.DE,VICI PROPERTIES INC ORD,VICI.N,116279,0.0433,UNITED STATES,Real Estate,Real Estate,Residential & Commercial REITs
IUSQ.DE,FRANCO-NEVADA CORP ORD,FNV.TO,24946,0.0431,CANADA,Basic Materials,Mineral Resources,Metals & Mining
IUSQ.DE,SAMSUNG SDI CO LTD ORD,006400.KS,6972,0.043,KOREA,Industrials,Industrial Goods,"Machinery, Tools, Heavy Vehicles, Trains & Ships"
IUSQ.DE,ENGIE SA ORD,ENGIE.PA,220700,0.0429,FRANCE,Utilities,Utilities,Multiline Utilities
IUSQ.DE,VOLKSWAGEN AG,VOWG_p.DE,27210,0.0428,GERMANY,Consumer Cyclicals,Automobiles & Auto Parts,Automobiles & Auto Parts
IUSQ.DE,ALBEMARLE CORP ORD,ALB.N,17035,0.0428,UNITED STATES,Basic Materials,Chemicals,Chemicals
IUSQ.DE,GE HEALTHCARE TECHNOLOGIES INC ORD,GEHC.OQ,46284,0.0427,UNITED STATES,Healthcare,Healthcare Services & Equipment,Healthcare Equipment & Supplies
IUSQ.DE,DISCO CORP ORD,6146.T,19200,0.0426,JAPAN,Technology,Technology Equipment,Semiconductors & Semiconductor Equipment
IUSQ.DE,GENMAB A/S ORD,GMAB.CO,8722,0.0425,DENMARK,Healthcare,Pharmaceuticals & Medical Research,Biotechnology & Medical Research
IUSQ.DE,DIAMONDBACK ENERGY INC ORD,FANG.OQ,24316,0.0424,UNITED STATES,Energy,Energy - Fossil Fuels,Oil & Gas
IUSQ.DE,ZIMMER BIOMET HOLDINGS INC ORD,ZBH.N,25944,0.0424,UNITED STATES,Healthcare,Healthcare Services & Equipment,Healthcare Equipment & Supplies
IUSQ.DE,APOLLO GLOBAL MANAGEMENT INC ORD,APO.N,43739,0.0423,UNITED STATES,Financials,Banking & Investment Services,Investment Banking & Investment Services
IUSQ.DE,CAPGEMINI SE ORD,CAPP.PA,19684,0.0423,FRANCE,Technology,Software & IT Services,Software & IT Services
IUSQ.DE,ULTA BEAUTY INC ORD,ULTA.OQ,7999,0.0421,UNITED STATES,Consumer Cyclicals,Retailers,Specialty Retailers
IUSQ.DE,LG CHEM LTD ORD,051910.KS,6983,0.042,KOREA,Basic Materials,Chemicals,Chemicals
IUSQ.DE,CHURCH & DWIGHT CO INC ORD,CHD.N,37101,0.042,UNITED STATES,Consumer Non-Cyclicals,Personal & Household Products & Services,Personal & Household Products & Services
IUSQ.DE,APTIV PLC ORD,APTV.N,32413,0.042,IRELAND,Consumer Cyclicals,Automobiles & Auto Parts,Automobiles & Auto Parts
IUSQ.DE,CBRE GROUP INC ORD,CBRE.N,42583,0.0419,UNITED STATES,Real Estate,Real Estate,Real Estate Operations
IUSQ.DE,PANASONIC HOLDINGS CORP ORD,6752.T,285800,0.0419,JAPAN,Technology,Technology Equipment,"Computers, Phones & Household Electronics"
IUSQ.DE,HEINEKEN NV ORD,HEIN.AS,35858,0.0417,NETHERLANDS,Consumer Non-Cyclicals,Food & Beverages,Beverages
IUSQ.DE,ARGENX SE ORD,ARGX.BR,6976,0.0416,NETHERLANDS,Healthcare,Pharmaceuticals & Medical Research,Biotechnology & Medical Research
IUSQ.DE,MURATA MANUFACTURING CO LTD ORD,6981.T,60000,0.0416,JAPAN,Technology,Technology Equipment,Electronic Equipment & Parts
IUSQ.DE,COMPAGNIE GENERALE DES ETABLISSEMENTS MICHELIN SCA ORD,MICP.PA,106820,0.0415,FRANCE,Consumer Cyclicals,Automobiles & Auto Parts,Automobiles & Auto Parts
IUSQ.DE,E ON SE ORD,EONGn.DE,276632,0.0415,GERMANY,Utilities,Utilities,Multiline Utilities
IUSQ.DE,VOLVO AB ORD,VOLVb.ST,158670,0.0414,SWEDEN,Industrials,Industrial Goods,"Machinery, Tools, Heavy Vehicles, Trains & Ships"
IUSQ.DE,EDISON INTERNATIONAL ORD,EIX.N,48670,0.0414,UNITED STATES,Utilities,Utilities,Electric Utilities & IPPs
IUSQ.DE,BANK OF NEW YORK MELLON CORP ORD,BK.N,77227,0.0414,UNITED STATES,Financials,Banking & Investment Services,Investment Banking & Investment Services
IUSQ.DE,BAKER HUGHES CO ORD,BKR.OQ,97316,0.0412,UNITED STATES,Energy,Energy - Fossil Fuels,Oil & Gas Related Equipment and Services
IUSQ.DE,TOYOTA TSUSHO CORP ORD,8015.T,59500,0.0411,JAPAN,Industrials,Industrial & Commercial Services,Diversified Industrial Goods Wholesale
IUSQ.DE,BARRICK GOLD CORP ORD,ABX.TO,200690,0.0411,CANADA,Basic Materials,Mineral Resources,Metals & Mining
IUSQ.DE,NATIONAL BANK OF KUWAIT SAKP ORD,NBKK.KW,1106936,0.041,KUWAIT,Financials,Banking & Investment Services,Banking Services
IUSQ.DE,PG&E CORP ORD,PCG.N,196897,0.041,UNITED STATES,Utilities,Utilities,Electric Utilities & IPPs
IUSQ.DE,CENOVUS ENERGY INC ORD,CVE.TO,181417,0.0409,CANADA,Energy,Energy - Fossil Fuels,Oil & Gas
IUSQ.DE,ATLASSIAN CORP ORD,TEAM.OQ,18970,0.0408,UNITED STATES,Technology,Software & IT Services,Software & IT Services
IUSQ.DE,WOLTERS KLUWER NV ORD,WLSNc.AS,27335,0.0407,NETHERLANDS,Industrials,Industrial & Commercial Services,Professional & Commercial Services
IUSQ.DE,SMC CORP ORD,6273.T,6600,0.0407,JAPAN,Industrials,Industrial Goods,"Machinery, Tools, Heavy Vehicles, Trains & Ships"
IUSQ.DE,RENESAS ELECTRONICS CORP ORD,6723.T,177700,0.0407,JAPAN,Technology,Technology Equipment,Semiconductors & Semiconductor Equipment
IUSQ.DE,VESTAS WIND SYSTEMS A/S ORD,VWS.CO,127938,0.0406,DENMARK,Energy,Renewable Energy,Renewable Energy
IUSQ.DE,NIDEC CORP ORD,6594.T,57700,0.0406,JAPAN,Industrials,Industrial Goods,"Machinery, Tools, Heavy Vehicles, Trains & Ships"
IUSQ.DE,VERISIGN INC ORD,VRSN.OQ,16239,0.0405,UNITED STATES,Technology,Software & IT Services,Software & IT Services
IUSQ.DE,ASTELLAS PHARMA INC ORD,4503.T,233300,0.0404,JAPAN,Healthcare,Pharmaceuticals & Medical Research,Pharmaceuticals
IUSQ.DE,KRAFT HEINZ CO ORD,KHC.OQ,93868,0.0402,UNITED STATES,Consumer Non-Cyclicals,Food & Beverages,Food & Tobacco
IUSQ.DE,MONGODB INC ORD,MDB.OQ,7992,0.04,UNITED STATES,Technology,Software & IT Services,Software & IT Services
IUSQ.DE,EQUIFAX INC ORD,EFX.N,16563,0.04,UNITED STATES,Industrials,Industrial & Commercial Services,Professional & Commercial Services
IUSQ.DE,ARCH CAPITAL GROUP LTD ORD,ACGL.OQ,43400,0.0399,BERMUDA,Financials,Insurance,Insurance
IUSQ.DE,WAL MART DE MEXICO SAB DE CV ORD,WALMEX.MX,808235,0.0399,MEXICO,Consumer Cyclicals,Retailers,Diversified Retail
IUSQ.DE,BYD CO LTD ORD,1211.HK,95500,0.0399,CHINA,Consumer Cyclicals,Automobiles & Auto Parts,Automobiles & Auto Parts
IUSQ.DE,WARNER BROS DISCOVERY INC ORD,WBD.OQ,258057,0.0399,UNITED STATES,Consumer Cyclicals,Cyclical Consumer Services,Media & Publishing
IUSQ.DE,AVALONBAY COMMUNITIES INC ORD,AVB.N,17879,0.0399,UNITED STATES,Real Estate,Real Estate,Residential & Commercial REITs
IUSQ.DE,DATADOG INC ORD,DDOG.OQ,28672,0.0396,UNITED STATES,Technology,Software & IT Services,Software & IT Services
IUSQ.DE,KONINKLIJKE AHOLD DELHAIZE NV ORD,AD.AS,96686,0.0396,NETHERLANDS,Consumer Non-Cyclicals,Food & Drug Retailing,Food & Drug Retailing
IUSQ.DE,ALLSTATE CORP ORD,ALL.N,29607,0.0394,UNITED STATES,Financials,Insurance,Insurance
IUSQ.DE,QATAR NATIONAL BANK QPSC ORD,QNBK.QA,715141,0.0394,QATAR,Financials,Banking & Investment Services,Banking Services
IUSQ.DE,GENUINE PARTS CO ORD,GPC.N,21378,0.0394,UNITED STATES,Consumer Cyclicals,Automobiles & Auto Parts,Automobiles & Auto Parts
IUSQ.DE,MITSUBISHI ELECTRIC CORP ORD,6503.T,230900,0.0394,JAPAN,Consumer Non-Cyclicals,Consumer Goods Conglomerates,Consumer Goods Conglomerates
IUSQ.DE,FANUC CORP ORD,6954.T,109000,0.0394,JAPAN,Industrials,Industrial Goods,"Machinery, Tools, Heavy Vehicles, Trains & Ships"
IUSQ.DE,FORTIVE CORP ORD,FTV.N,42509,0.0394,UNITED STATES,Industrials,Industrial Goods,"Machinery, Tools, Heavy Vehicles, Trains & Ships"
IUSQ.DE,ALNYLAM PHARMACEUTICALS INC ORD,ALNY.OQ,17003,0.0393,UNITED STATES,Healthcare,Pharmaceuticals & Medical Research,Biotechnology & Medical Research
IUSQ.DE,FIRST CITIZENS BANCSHARES INC (DELAWARE) ORD,FCNCA.OQ,2308,0.0391,UNITED STATES,Financials,Banking & Investment Services,Banking Services
IUSQ.DE,HARTFORD FINANCIAL SERVICES GROUP INC ORD,HIG.N,45996,0.0391,UNITED STATES,Financials,Insurance,Insurance
IUSQ.DE,EQUINOR ASA ORD,EQNR.OL,108233,0.039,NORWAY,Energy,Energy - Fossil Fuels,Oil & Gas
IUSQ.DE,LI AUTO INC ORD,2015.HK,154554,0.0389,CHINA,Consumer Cyclicals,Automobiles & Auto Parts,Automobiles & Auto Parts
IUSQ.DE,NAVER CORP ORD,035420.KS,18499,0.0389,KOREA,Technology,Software & IT Services,Software & IT Services
IUSQ.DE,SBA COMMUNICATIONS CORP ORD,SBAC.OQ,14950,0.0387,UNITED STATES,Real Estate,Real Estate,Residential & Commercial REITs
IUSQ.DE,BUILDERS FIRSTSOURCE INC ORD,BLDR.N,22690,0.0387,UNITED STATES,Consumer Cyclicals,Cyclical Consumer Products,Homebuilding & Construction Supplies
IUSQ.DE,FUJIFILM HOLDINGS CORP ORD,4901.T,56200,0.0386,JAPAN,Healthcare,Healthcare Services & Equipment,Healthcare Equipment & Supplies
IUSQ.DE,SWISS RE AG ORD,SRENH.S,31050,0.0385,SWITZERLAND,Financials,Insurance,Insurance
IUSQ.DE,KOMATSU LTD ORD,6301.T,116400,0.0384,JAPAN,Industrials,Industrial Goods,"Machinery, Tools, Heavy Vehicles, Trains & Ships"
IUSQ.DE,DECKERS OUTDOOR CORP ORD,DECK.N,5964,0.0383,UNITED STATES,Consumer Cyclicals,Cyclical Consumer Products,Textiles & Apparel
IUSQ.DE,IMPERIAL BRANDS PLC ORD,IMB.L,136750,0.0383,UNITED KINGDOM,Consumer Non-Cyclicals,Food & Beverages,Food & Tobacco
IUSQ.DE,BANK MANDIRI (PERSERO) TBK PT ORD,BMRI.JK,8532500,0.0383,INDONESIA,Financials,Banking & Investment Services,Banking Services
IUSQ.DE,ARES MANAGEMENT CORP ORD,ARES.N,32540,0.0382,UNITED STATES,Financials,Banking & Investment Services,Investment Banking & Investment Services
IUSQ.DE,YUANTA FINANCIAL HOLDING CO LTD ORD,2885.TW,4163833,0.0382,TAIWAN,Financials,Banking & Investment Services,Investment Banking & Investment Services
IUSQ.DE,TECK RESOURCES LTD ORD,TECK.N,72637,0.0382,CANADA,Basic Materials,Mineral Resources,Metals & Mining
IUSQ.DE,WEC ENERGY GROUP INC ORD,WEC.N,35723,0.038,UNITED STATES,Utilities,Utilities,Electric Utilities & IPPs
IUSQ.DE,REGIONS FINANCIAL CORP ORD,RF.N,157277,0.0379,UNITED STATES,Financials,Banking & Investment Services,Banking Services
IUSQ.DE,MCCORMICK & COMPANY INC ORD,MKC.N,35685,0.0378,UNITED STATES,Consumer Non-Cyclicals,Food & Beverages,Food & Tobacco
IUSQ.DE,TARGA RESOURCES CORP ORD,TRGP.N,38787,0.0376,UNITED STATES,Energy,Energy - Fossil Fuels,Oil & Gas Related Equipment and Services
IUSQ.DE,HOWMET AEROSPACE INC ORD,HWM.N,62083,0.0375,UNITED STATES,Industrials,Industrial Goods,Aerospace & Defense
IUSQ.DE,EQUITY RESIDENTIAL ORD,EQR.N,48131,0.0375,UNITED STATES,Real Estate,Real Estate,Residential & Commercial REITs
IUSQ.DE,KUWAIT FINANCE HOUSE KSCP ORD,KFH.KW,1222401,0.0371,KUWAIT,Financials,Banking & Investment Services,Banking Services
IUSQ.DE,MARUBENI CORP ORD,8002.T,177000,0.037,JAPAN,Industrials,Industrial & Commercial Services,Diversified Industrial Goods Wholesale
IUSQ.DE,TESCO PLC ORD,TSCO.L,939533,0.0369,UNITED KINGDOM,Consumer Non-Cyclicals,Food & Drug Retailing,Food & Drug Retailing
IUSQ.DE,RWE AG ORD,RWEG.DE,72309,0.0369,GERMANY,Utilities,Utilities,Multiline Utilities
IUSQ.DE,UNITED OVERSEAS BANK LTD ORD,UOBH.SI,137285,0.0368,SINGAPORE,Financials,Banking & Investment Services,Banking Services
IUSQ.DE,ROLLS-ROYCE HOLDINGS PLC ORD,RR.L,1309814,0.0368,UNITED KINGDOM,Industrials,Industrial Goods,Aerospace & Defense
IUSQ.DE,WESTINGHOUSE AIR BRAKE TECHNOLOGIES CORP ORD,WAB.N,26217,0.0367,UNITED STATES,Industrials,Industrial Goods,"Machinery, Tools, Heavy Vehicles, Trains & Ships"
IUSQ.DE,WEYERHAEUSER CO ORD,WY.N,91185,0.0367,UNITED STATES,Real Estate,Real Estate,Residential & Commercial REITs
IUSQ.DE,TEXTRON INC ORD,TXT.N,39939,0.0367,UNITED STATES,Industrials,Industrial Goods,Aerospace & Defense
IUSQ.DE,NATIONAL BANK OF CANADA ORD,NA.TO,39410,0.0366,CANADA,Financials,Banking & Investment Services,Banking Services
IUSQ.DE,FORTESCUE METALS GROUP LTD ORD,FMG.AX,211459,0.0365,AUSTRALIA,Basic Materials,Mineral Resources,Metals & Mining
IUSQ.DE,RAYMOND JAMES FINANCIAL INC ORD,RJF.N,28011,0.0365,UNITED STATES,Financials,Banking & Investment Services,Investment Banking & Investment Services
IUSQ.DE,EBAY INC ORD,EBAY.OQ,69331,0.0365,UNITED STATES,Technology,Software & IT Services,Software & IT Services
IUSQ.DE,HOLCIM AG ORD,HOLN.S,44146,0.0365,SWITZERLAND,Basic Materials,Mineral Resources,Construction Materials
IUSQ.DE,KIA CORP ORD,000270.KS,47444,0.0364,KOREA,Consumer Cyclicals,Automobiles & Auto Parts,Automobiles & Auto Parts
IUSQ.DE,LAS VEGAS SANDS CORP ORD,LVS.N,51464,0.0364,UNITED STATES,Consumer Cyclicals,Cyclical Consumer Services,Hotels & Entertainment Services
IUSQ.DE,LYONDELLBASELL INDUSTRIES NV ORD,LYB.N,31156,0.0364,UNITED KINGDOM,Basic Materials,Chemicals,Chemicals
IUSQ.DE,WHEATON PRECIOUS METALS CORP ORD,WPM.TO,68109,0.0362,CANADA,Basic Materials,Mineral Resources,Metals & Mining
IUSQ.DE,HUBSPOT INC ORD,HUBS.N,5245,0.036,UNITED STATES,Technology,Software & IT Services,Software & IT Services
IUSQ.DE,UNIVERSAL MUSIC GROUP NV ORD,UMG.AS,118130,0.0359,NETHERLANDS,Consumer Cyclicals,Cyclical Consumer Services,Media & Publishing
IUSQ.DE,ATLAS COPCO AB ORD,ATCOb.ST,245492,0.0359,SWEDEN,Industrials,Industrial Goods,"Machinery, Tools, Heavy Vehicles, Trains & Ships"
IUSQ.DE,GRUPO MEXICO SAB DE CV ORD,GMEXICOB.MX,581177,0.0358,MEXICO,Basic Materials,Mineral Resources,Metals & Mining
IUSQ.DE,THOMSON REUTERS CORP ORD,TRI.TO,22329,0.0357,CANADA,Industrials,Industrial & Commercial Services,Professional & Commercial Services
IUSQ.DE,INGERSOLL RAND INC ORD,IR.N,46298,0.0357,UNITED STATES,Industrials,Industrial Goods,"Machinery, Tools, Heavy Vehicles, Trains & Ships"
IUSQ.DE,AMERICAN WATER WORKS COMPANY INC ORD,AWK.N,20405,0.0356,UNITED STATES,Utilities,Utilities,Water & Related Utilities
IUSQ.DE,SEA ADS REP CL A ORD,SE.N,45307,0.0356,SINGAPORE,Technology,Software & IT Services,Software & IT Services
IUSQ.DE,CANON INC ORD,7751.T,116100,0.0355,JAPAN,Technology,Technology Equipment,Office Equipment
IUSQ.DE,ROYAL CARIBBEAN CRUISES LTD ORD,RCL.N,27409,0.0354,UNITED STATES,Consumer Cyclicals,Cyclical Consumer Services,Hotels & Entertainment Services
IUSQ.DE,XIAOMI CORP ORD,1810.HK,1896600,0.0353,CHINA,Technology,Technology Equipment,"Computers, Phones & Household Electronics"
IUSQ.DE,CONSOLIDATED EDISON INC ORD,ED.N,31439,0.0353,UNITED STATES,Utilities,Utilities,Electric Utilities & IPPs
IUSQ.DE,VODAFONE GROUP PLC ORD,VOD.L,3112029,0.0352,UNITED KINGDOM,Technology,Telecommunications Services,Telecommunications Services
IUSQ.DE,SANDVIK AB ORD,SAND.ST,145737,0.0351,SWEDEN,Industrials,Industrial Goods,"Machinery, Tools, Heavy Vehicles, Trains & Ships"
IUSQ.DE,TRIP.COM GROUP LTD ORD,9961.HK,74233,0.035,CHINA,Consumer Cyclicals,Cyclical Consumer Services,Hotels & Entertainment Services
IUSQ.DE,NOKIA OYJ ORD,NOKIA.HE,750248,0.035,FINLAND,Technology,Technology Equipment,Communications & Networking
IUSQ.DE,PTC INC ORD,PTC.OQ,20326,0.035,UNITED STATES,Technology,Software & IT Services,Software & IT Services
IUSQ.DE,KYOCERA CORP ORD,6971.T,54600,0.0347,JAPAN,Industrials,Industrial Goods,"Machinery, Tools, Heavy Vehicles, Trains & Ships"
IUSQ.DE,SM PRIME HOLDINGS INC ORD,SMPH.PS,4812900,0.0346,PHILIPPINES,Real Estate,Real Estate,Real Estate Operations
IUSQ.DE,POWER CORPORATION OF CANADA ORD,POW.TO,102931,0.0345,CANADA,Financials,Insurance,Insurance
IUSQ.DE,WUXI BIOLOGICS (CAYMAN) INC ORD,2269.HK,514500,0.0344,CHINA,Healthcare,Pharmaceuticals & Medical Research,Pharmaceuticals
IUSQ.DE,DEUTSCHE BANK AG ORD,DBKGn.DE,261053,0.0343,GERMANY,Financials,Banking & Investment Services,Banking Services
IUSQ.DE,NETAPP INC ORD,NTAP.OQ,37146,0.0343,UNITED STATES,Technology,Technology Equipment,"Computers, Phones & Household Electronics"
IUSQ.DE,LABORATORY CORPORATION OF AMERICA HOLDINGS ORD,LH.N,13531,0.0342,UNITED STATES,Healthcare,Healthcare Services & Equipment,Healthcare Providers & Services
IUSQ.DE,FIFTH THIRD BANCORP ORD,FITB.OQ,99103,0.0341,UNITED STATES,Financials,Banking & Investment Services,Banking Services
IUSQ.DE,3I GROUP PLC ORD,III.L,113546,0.0341,UNITED KINGDOM,Financials,Banking & Investment Services,Investment Banking & Investment Services
IUSQ.DE,HYDRO ONE LTD ORD,H.TO,102089,0.0341,CANADA,Utilities,Utilities,Electric Utilities & IPPs
IUSQ.DE,PPL CORP ORD,PPL.N,104649,0.0341,UNITED STATES,Utilities,Utilities,Multiline Utilities
IUSQ.DE,XYLEM INC ORD,XYL.N,25510,0.034,UNITED STATES,Industrials,Industrial Goods,"Machinery, Tools, Heavy Vehicles, Trains & Ships"
IUSQ.DE,REPSOL SA ORD,REP.MC,187742,0.034,SPAIN,Energy,Energy - Fossil Fuels,Oil & Gas
IUSQ.DE,CAPITALAND INTEGRATED COMMERCIAL TRUST,CMLT.SI,1869971,0.034,NULL,Real Estate,Real Estate,Residential & Commercial REITs
IUSQ.DE,BROWN-FORMAN CORP ORD,BFb.N,40764,0.034,UNITED STATES,Consumer Non-Cyclicals,Food & Beverages,Beverages
IUSQ.DE,TERADYNE INC ORD,TER.OQ,25460,0.034,UNITED STATES,Technology,Technology Equipment,Semiconductors & Semiconductor Equipment
IUSQ.DE,FIRST QUANTUM MINERALS LTD ORD,FM.TO,96288,0.0338,CANADA,Basic Materials,Mineral Resources,Metals & Mining
IUSQ.DE,BAXTER INTERNATIONAL INC ORD,BAX.N,62940,0.0337,UNITED STATES,Healthcare,Healthcare Services & Equipment,Healthcare Equipment & Supplies
IUSQ.DE,MERCK KGAA ORD,MRCG.DE,16194,0.0337,GERMANY,Healthcare,Pharmaceuticals & Medical Research,Pharmaceuticals
IUSQ.DE,DOVER CORP ORD,DOV.N,19489,0.0336,UNITED STATES,Industrials,Industrial Goods,"Machinery, Tools, Heavy Vehicles, Trains & Ships"
IUSQ.DE,INDUSTRIVARDEN AB ORD,INDUc.ST,99743,0.0335,SWEDEN,Financials,Investment Holding Companies,Investment Holding Companies
IUSQ.DE,WILLIS TOWERS WATSON PLC ORD,WTW.OQ,13412,0.0335,UNITED KINGDOM,Financials,Insurance,Insurance
IUSQ.DE,VEOLIA ENVIRONNEMENT SA ORD,VIE.PA,86435,0.0334,FRANCE,Utilities,Utilities,Multiline Utilities
IUSQ.DE,FLEETCOR TECHNOLOGIES INC ORD,FLT.N,11344,0.0334,UNITED STATES,Industrials,Industrial & Commercial Services,Professional & Commercial Services
IUSQ.DE,NASDAQ INC ORD,NDAQ.OQ,55821,0.0333,UNITED STATES,Financials,Banking & Investment Services,Investment Banking & Investment Services
IUSQ.DE,CHINA MERCHANTS BANK CO LTD ORD,3968.HK,569000,0.0332,CHINA,Financials,Banking & Investment Services,Banking Services
IUSQ.DE,ASSICURAZIONI GENERALI SPA ORD,GASI.MI,131367,0.0332,ITALY,Financials,Insurance,Insurance
IUSQ.DE,EVOLUTION AB (PUBL) ORD,EVOG.ST,22663,0.0331,SWEDEN,Consumer Cyclicals,Cyclical Consumer Services,Hotels & Entertainment Services
IUSQ.DE,WSP GLOBAL INC ORD,WSP.TO,20303,0.0331,CANADA,Industrials,Industrial & Commercial Services,Construction & Engineering
IUSQ.DE,KUEHNE UND NAGEL INTERNATIONAL AG ORD,KNIN.S,8919,0.0331,SWITZERLAND,Industrials,Transportation,Freight & Logistics Services
IUSQ.DE,OLYMPUS CORP ORD,7733.T,171500,0.0331,JAPAN,Healthcare,Healthcare Services & Equipment,Healthcare Equipment & Supplies
IUSQ.DE,DARDEN RESTAURANTS INC ORD,DRI.N,16552,0.0331,UNITED STATES,Consumer Cyclicals,Cyclical Consumer Services,Hotels & Entertainment Services
IUSQ.DE,KELLOGG CO ORD,K.N,41814,0.0331,UNITED STATES,Consumer Non-Cyclicals,Food & Beverages,Food & Tobacco
IUSQ.DE,FIRSTRAND LTD ORD,FSRJ.J,678738,0.0328,SOUTH AFRICA,Financials,Banking & Investment Services,Banking Services
IUSQ.DE,LITE-ON TECHNOLOGY CORP ORD,2301.TW,580000,0.0328,TAIWAN,Technology,Technology Equipment,"Computers, Phones & Household Electronics"
IUSQ.DE,T&D HOLDINGS INC ORD,8795.T,170600,0.0328,JAPAN,Financials,Insurance,Insurance
IUSQ.DE,ASSA ABLOY AB ORD,ASSAb.ST,114975,0.0327,SWEDEN,Consumer Cyclicals,Cyclical Consumer Products,Homebuilding & Construction Supplies
IUSQ.DE,GRACO INC ORD,GGG.N,34896,0.0327,UNITED STATES,Industrials,Industrial Goods,"Machinery, Tools, Heavy Vehicles, Trains & Ships"
IUSQ.DE,OMNICOM GROUP INC ORD,OMC.N,32548,0.0326,UNITED STATES,Consumer Cyclicals,Cyclical Consumer Services,Media & Publishing
IUSQ.DE,CLOROX CO ORD,CLX.N,18207,0.0326,UNITED STATES,Consumer Non-Cyclicals,Personal & Household Products & Services,Personal & Household Products & Services
IUSQ.DE,REPUBLIC SERVICES INC ORD,RSG.N,18201,0.0325,UNITED STATES,Industrials,Industrial & Commercial Services,Professional & Commercial Services
IUSQ.DE,BEST BUY CO INC ORD,BBY.N,33114,0.0325,UNITED STATES,Consumer Cyclicals,Retailers,Specialty Retailers
IUSQ.DE,RIO TINTO LTD ORD,RIO.AX,34726,0.0324,AUSTRALIA,Basic Materials,Mineral Resources,Metals & Mining
IUSQ.DE,IMPERIAL OIL LTD ORD,IMO.TO,50725,0.0324,CANADA,Energy,Energy - Fossil Fuels,Oil & Gas
IUSQ.DE,UNI-PRESIDENT ENTERPRISES CORP ORD,1216.TW,1142071,0.0324,TAIWAN,Consumer Non-Cyclicals,Food & Beverages,Food & Tobacco
IUSQ.DE,HAMAMATSU PHOTONICS KK ORD,6965.T,56800,0.0324,JAPAN,Technology,Technology Equipment,Semiconductors & Semiconductor Equipment
IUSQ.DE,EXPEDITORS INTERNATIONAL OF WASHINGTON INC ORD,EXPD.OQ,21429,0.0323,UNITED STATES,Industrials,Transportation,Freight & Logistics Services
IUSQ.DE,SNAP-ON INC ORD,SNA.N,10039,0.0323,UNITED STATES,Industrials,Industrial Goods,"Machinery, Tools, Heavy Vehicles, Trains & Ships"
IUSQ.DE,NATWEST GROUP PLC ORD,NWG.L,867165,0.0322,UNITED KINGDOM,Financials,Banking & Investment Services,Banking Services
IUSQ.DE,AMCOR PLC ORD,AMCR.N,265819,0.0322,UNITED KINGDOM,Basic Materials,Applied Resources,Containers & Packaging
IUSQ.DE,NATURGY ENERGY GROUP SA ORD,NTGY.MC,88908,0.0321,SPAIN,Utilities,Utilities,Natural Gas Utilities
IUSQ.DE,HALEON PLC ORD,HLN.L,627765,0.0321,UNITED KINGDOM,Healthcare,Pharmaceuticals & Medical Research,Pharmaceuticals
IUSQ.DE,BROADRIDGE FINANCIAL SOLUTIONS INC ORD,BR.N,16162,0.0321,UNITED STATES,Industrials,Industrial & Commercial Services,Professional & Commercial Services
IUSQ.DE,IRON MOUNTAIN INC ORD,IRM.N,44196,0.0321,UNITED STATES,Real Estate,Real Estate,Residential & Commercial REITs
IUSQ.DE,CATHAY FINANCIAL HOLDING CO LTD ORD,2882.TW,1863315,0.0321,TAIWAN,Financials,Insurance,Insurance
IUSQ.DE,BIDVEST GROUP LTD ORD,BVTJ.J,173423,0.032,SOUTH AFRICA,Consumer Non-Cyclicals,Consumer Goods Conglomerates,Consumer Goods Conglomerates
IUSQ.DE,LEGAL & GENERAL GROUP PLC ORD,LGEN.L,902332,0.032,UNITED KINGDOM,Financials,Banking & Investment Services,Investment Banking & Investment Services
IUSQ.DE,CELLNEX TELECOM SA ORD,CLNX.MC,65905,0.0319,SPAIN,Technology,Telecommunications Services,Telecommunications Services
IUSQ.DE,EVERSOURCE ENERGY ORD,ES.N,37142,0.0318,UNITED STATES,Utilities,Utilities,Electric Utilities & IPPs
IUSQ.DE,SOCIETE GENERALE SA ORD,SOGN.PA,98627,0.0318,FRANCE,Financials,Banking & Investment Services,Banking Services
IUSQ.DE,TOURMALINE OIL CORP ORD,TOU.TO,51736,0.0318,CANADA,Energy,Energy - Fossil Fuels,Oil & Gas
IUSQ.DE,WATERS CORP ORD,WAT.N,9722,0.0317,UNITED STATES,Healthcare,Healthcare Services & Equipment,Healthcare Equipment & Supplies
IUSQ.DE,HORIZON THERAPEUTICS PLC ORD,HZNP.OQ,26710,0.0317,IRELAND,Healthcare,Pharmaceuticals & Medical Research,Pharmaceuticals
IUSQ.DE,CHOCOLADEFABRIKEN LINDT & SPRUENGLI AG ORD,LISN.S,22,0.0317,SWITZERLAND,Consumer Non-Cyclicals,Food & Beverages,Food & Tobacco
IUSQ.DE,PAYCOM SOFTWARE INC ORD,PAYC.N,7224,0.0315,UNITED STATES,Technology,Software & IT Services,Software & IT Services
IUSQ.DE,GAMING AND LEISURE PROPERTIES INC ORD,GLPI.OQ,56021,0.0314,UNITED STATES,Real Estate,Real Estate,Residential & Commercial REITs
IUSQ.DE,HENKEL AG & CO KGAA,HNKG_p.DE,34365,0.0314,GERMANY,Basic Materials,Chemicals,Chemicals
IUSQ.DE,KBC GROEP NV ORD,KBC.BR,35123,0.0313,BELGIUM,Financials,Banking & Investment Services,Banking Services
IUSQ.DE,JAPAN TOBACCO INC ORD,2914.T,118800,0.0312,JAPAN,Consumer Non-Cyclicals,Food & Beverages,Food & Tobacco
IUSQ.DE,COOPER COMPANIES INC ORD,COO.N,6739,0.0312,UNITED STATES,Healthcare,Healthcare Services & Equipment,Healthcare Equipment & Supplies
IUSQ.DE,UNITED MICROELECTRONICS CORP ORD,2303.TW,1766000,0.0312,TAIWAN,Technology,Technology Equipment,Semiconductors & Semiconductor Equipment
IUSQ.DE,BALL CORP ORD,BALL.N,44796,0.0311,UNITED STATES,Basic Materials,Applied Resources,Containers & Packaging
IUSQ.DE,SKYWORKS SOLUTIONS INC ORD,SWKS.OQ,22980,0.0311,UNITED STATES,Technology,Technology Equipment,Semiconductors & Semiconductor Equipment
IUSQ.DE,TRACTOR SUPPLY CO ORD,TSCO.OQ,11761,0.0311,UNITED STATES,Consumer Cyclicals,Retailers,Specialty Retailers
IUSQ.DE,EMIRATES TELECOMMUNICATIONS GROUP COMPANY PJSC ORD,EAND.AD,431651,0.0311,UNITED ARAB EMIRATES,Technology,Telecommunications Services,Telecommunications Services
IUSQ.DE,YUM! BRANDS INC ORD,YUM.N,19017,0.031,UNITED STATES,Consumer Cyclicals,Cyclical Consumer Services,Hotels & Entertainment Services
IUSQ.DE,INTERNATIONAL FLAVORS & FRAGRANCES INC ORD,IFF.N,30952,0.031,UNITED STATES,Consumer Non-Cyclicals,Food & Beverages,Food & Tobacco
IUSQ.DE,EDENRED SE ORD,EDEN.PA,40122,0.0309,FRANCE,Industrials,Industrial & Commercial Services,Professional & Commercial Services
IUSQ.DE,M&T BANK CORP ORD,MTB.N,18627,0.0308,UNITED STATES,Financials,Banking & Investment Services,Banking Services
IUSQ.DE,INVITATION HOMES INC ORD,INVH.N,73142,0.0307,UNITED STATES,Real Estate,Real Estate,Residential & Commercial REITs
IUSQ.DE,RENTOKIL INITIAL PLC ORD,RTO.L,317137,0.0306,UNITED KINGDOM,Industrials,Industrial & Commercial Services,Professional & Commercial Services
IUSQ.DE,BRIDGESTONE CORP ORD,5108.T,62100,0.0305,JAPAN,Consumer Cyclicals,Automobiles & Auto Parts,Automobiles & Auto Parts
IUSQ.DE,BIOMARIN PHARMACEUTICAL INC ORD,BMRN.OQ,29299,0.0305,UNITED STATES,Healthcare,Pharmaceuticals & Medical Research,Pharmaceuticals
IUSQ.DE,CHINA PETROLEUM & CHEMICAL CORP ORD,0386.HK,4627400,0.0305,CHINA,Energy,Energy - Fossil Fuels,Oil & Gas
IUSQ.DE,COTERRA ENERGY INC ORD,CTRA.N,93369,0.0304,UNITED STATES,Energy,Energy - Fossil Fuels,Oil & Gas
IUSQ.DE,LIVE NATION ENTERTAINMENT INC ORD,LYV.N,29348,0.0304,UNITED STATES,Consumer Cyclicals,Cyclical Consumer Services,Media & Publishing
IUSQ.DE,NAN YA PLASTICS CORP ORD,1303.TW,1152620,0.0304,TAIWAN,Basic Materials,Chemicals,Chemicals
IUSQ.DE,QUANTA SERVICES INC ORD,PWR.N,12722,0.0303,UNITED STATES,Industrials,Industrial & Commercial Services,Construction & Engineering
IUSQ.DE,EISAI CO LTD ORD,4523.T,40400,0.0302,JAPAN,Healthcare,Pharmaceuticals & Medical Research,Pharmaceuticals
IUSQ.DE,CP ALL NVDR,CPALLn.BK,1374700,0.0302,THAILAND,Consumer Non-Cyclicals,Food & Drug Retailing,Food & Drug Retailing
IUSQ.DE,SUN HUNG KAI PROPERTIES LTD ORD,0016.HK,204082,0.0302,HONG KONG,Real Estate,Real Estate,Real Estate Operations
IUSQ.DE,WALGREENS BOOTS ALLIANCE INC ORD,WBA.OQ,85217,0.0302,UNITED STATES,Consumer Non-Cyclicals,Food & Drug Retailing,Food & Drug Retailing
IUSQ.DE,NEC CORP ORD,6701.T,50500,0.0302,JAPAN,Technology,Software & IT Services,Software & IT Services
IUSQ.DE,PRINCIPAL FINANCIAL GROUP INC ORD,PFG.OQ,31955,0.0302,UNITED STATES,Financials,Banking & Investment Services,Investment Banking & Investment Services
IUSQ.DE,SUMITOMO CORP ORD,8053.T,119000,0.0302,JAPAN,Industrials,Industrial & Commercial Services,Diversified Industrial Goods Wholesale
IUSQ.DE,TELEFONICA SA ORD,TEF.MC,597904,0.0302,SPAIN,Technology,Telecommunications Services,Telecommunications Services
IUSQ.DE,ARROW ELECTRONICS INC ORD,ARW.N,17849,0.0301,UNITED STATES,Technology,Technology Equipment,Semiconductors & Semiconductor Equipment
IUSQ.DE,ALLIANT ENERGY CORP ORD,LNT.OQ,47445,0.0301,UNITED STATES,Utilities,Utilities,Electric Utilities & IPPs
IUSQ.DE,KONINKLIJKE PHILIPS NV ORD,PHG.AS,122157,0.0301,NETHERLANDS,Healthcare,Healthcare Services & Equipment,Healthcare Equipment & Supplies
IUSQ.DE,PETROCHINA CO LTD ORD,0857.HK,3474000,0.03,CHINA,Energy,Energy - Fossil Fuels,Oil & Gas
IUSQ.DE,AIRPORTS OF TH NVDR,AOTn.BK,1213600,0.03,THAILAND,Industrials,Transportation,Transport Infrastructure
IUSQ.DE,NIO ADS REP 1 CL A ORD,NIO.N,165882,0.03,CHINA,Consumer Cyclicals,Automobiles & Auto Parts,Automobiles & Auto Parts
IUSQ.DE,CINCINNATI FINANCIAL CORP ORD,CINF.OQ,23588,0.03,UNITED STATES,Financials,Insurance,Insurance
IUSQ.DE,J M SMUCKER CO ORD,SJM.N,16790,0.0299,UNITED STATES,Consumer Non-Cyclicals,Food & Beverages,Food & Tobacco
IUSQ.DE,CMS ENERGY CORP ORD,CMS.N,41356,0.0299,UNITED STATES,Utilities,Utilities,Multiline Utilities
IUSQ.DE,TWD CASH,NULL,79473537,0.0299,TAIWAN,Unable to resolve all requested identifiers.,,
IUSQ.DE,PACKAGING CORP OF AMERICA ORD,PKG.N,16489,0.0299,UNITED STATES,Basic Materials,Applied Resources,Containers & Packaging
IUSQ.DE,SOMPO HOLDINGS INC ORD,8630.T,57200,0.0299,JAPAN,Financials,Insurance,Insurance
IUSQ.DE,SHISEIDO CO LTD ORD,4911.T,57500,0.0298,JAPAN,Consumer Non-Cyclicals,Personal & Household Products & Services,Personal & Household Products & Services
IUSQ.DE,ENTERGY CORP ORD,ETR.N,24575,0.0298,UNITED STATES,Utilities,Utilities,Electric Utilities & IPPs
IUSQ.DE,DOLLARAMA INC ORD,DOL.TO,38113,0.0297,CANADA,Consumer Cyclicals,Retailers,Diversified Retail
IUSQ.DE,ENPHASE ENERGY INC ORD,ENPH.OQ,16524,0.0297,UNITED STATES,Energy,Renewable Energy,Renewable Energy
IUSQ.DE,LKQ CORP ORD,LKQ.OQ,45743,0.0296,UNITED STATES,Consumer Cyclicals,Automobiles & Auto Parts,Automobiles & Auto Parts
IUSQ.DE,FUBON FINANCIAL HOLDING CO LTD ORD,2881.TW,1202971,0.0296,TAIWAN,Financials,Insurance,Insurance
IUSQ.DE,INSULET CORP ORD,PODD.OQ,9020,0.0295,UNITED STATES,Healthcare,Healthcare Services & Equipment,Healthcare Equipment & Supplies
IUSQ.DE,CENTERPOINT ENERGY INC ORD,CNP.N,82750,0.0294,UNITED STATES,Utilities,Utilities,Multiline Utilities
IUSQ.DE,ZEBRA TECHNOLOGIES CORP ORD,ZBRA.OQ,8046,0.0293,UNITED STATES,Technology,Technology Equipment,Electronic Equipment & Parts
IUSQ.DE,BID CORPORATION LTD ORD,BIDJ.J,104039,0.0293,SOUTH AFRICA,Consumer Non-Cyclicals,Food & Drug Retailing,Food & Drug Retailing
IUSQ.DE,VENTAS INC ORD,VTR.N,51074,0.0293,UNITED STATES,Real Estate,Real Estate,Residential & Commercial REITs
IUSQ.DE,FIRSTENERGY CORP ORD,FE.N,62816,0.0293,UNITED STATES,Utilities,Utilities,Electric Utilities & IPPs
IUSQ.DE,SYNCHRONY FINANCIAL ORD,SYF.N,71601,0.0292,UNITED STATES,Financials,Banking & Investment Services,Banking Services
IUSQ.DE,IA FINANCIAL CORPORATION INC ORD,IAG.TO,35620,0.0292,CANADA,Financials,Insurance,Insurance
IUSQ.DE,HEXAGON AB ORD,HEXAb.ST,254853,0.0292,SWEDEN,Technology,Technology Equipment,Electronic Equipment & Parts
IUSQ.DE,MARKEL GROUP INC ORD,MKL.N,1703,0.0292,UNITED STATES,Financials,Insurance,Insurance
IUSQ.DE,AVERY DENNISON CORP ORD,AVY.N,13414,0.0292,UNITED STATES,Basic Materials,Applied Resources,Containers & Packaging
IUSQ.DE,BROWN & BROWN INC ORD,BRO.N,34981,0.0291,UNITED STATES,Financials,Insurance,Insurance
IUSQ.DE,PULTEGROUP INC ORD,PHM.N,29185,0.0291,UNITED STATES,Consumer Cyclicals,Cyclical Consumer Products,Homebuilding & Construction Supplies
IUSQ.DE,ASM INTERNATIONAL NV ORD,ASMI.AS,5142,0.029,NETHERLANDS,Technology,Technology Equipment,Semiconductors & Semiconductor Equipment
IUSQ.DE,CONAGRA BRANDS INC ORD,CAG.N,74793,0.029,UNITED STATES,Consumer Non-Cyclicals,Food & Beverages,Food & Tobacco
IUSQ.DE,FIRST SOLAR INC ORD,FSLR.OQ,11803,0.0289,UNITED STATES,Energy,Renewable Energy,Renewable Energy
IUSQ.DE,DANSKE BANK A/S ORD,DANSKE.CO,102196,0.0288,DENMARK,Financials,Banking & Investment Services,Banking Services
IUSQ.DE,JERONIMO MARTINS SGPS SA ORD,JMT.LS,89186,0.0288,PORTUGAL,Consumer Non-Cyclicals,Food & Drug Retailing,Food & Drug Retailing
IUSQ.DE,HUNTINGTON BANCSHARES INC ORD,HBAN.OQ,199180,0.0288,UNITED STATES,Financials,Banking & Investment Services,Banking Services
IUSQ.DE,HOLOGIC INC ORD,HOLX.OQ,30688,0.0288,UNITED STATES,Healthcare,Healthcare Services & Equipment,Healthcare Equipment & Supplies
IUSQ.DE,AGNICO EAGLE MINES LTD ORD,AEM.TO,46259,0.0287,CANADA,Basic Materials,Mineral Resources,Metals & Mining
IUSQ.DE,SOUTHERN COPPER CORP ORD,SCCO.N,27760,0.0287,UNITED STATES,Basic Materials,Mineral Resources,Metals & Mining
IUSQ.DE,GARMIN LTD ORD,GRMN.N,22817,0.0286,SWITZERLAND,Technology,Technology Equipment,Communications & Networking
IUSQ.DE,MARATHON OIL CORP ORD,MRO.N,91629,0.0285,UNITED STATES,Energy,Energy - Fossil Fuels,Oil & Gas
IUSQ.DE,POOL CORP ORD,POOL.OQ,6261,0.0285,UNITED STATES,Consumer Cyclicals,Cyclical Consumer Products,Leisure Products
IUSQ.DE,CTBC FINANCIAL HOLDING CO LTD ORD,2891.TW,2877128,0.0284,TAIWAN,Financials,Banking & Investment Services,Banking Services
IUSQ.DE,YASKAWA ELECTRIC CORP ORD,6506.T,55200,0.0283,JAPAN,Industrials,Industrial Goods,"Machinery, Tools, Heavy Vehicles, Trains & Ships"
IUSQ.DE,AES CORP ORD,AES.N,110797,0.0283,UNITED STATES,Utilities,Utilities,Electric Utilities & IPPs
IUSQ.DE,MID-AMERICA APARTMENT COMMUNITIES INC ORD,MAA.N,15950,0.0282,UNITED STATES,Real Estate,Real Estate,Residential & Commercial REITs
IUSQ.DE,JAMES HARDIE INDUSTRIES CDI,JHX.AX,81324,0.0282,IRELAND,Basic Materials,Mineral Resources,Construction Materials
IUSQ.DE,ARCELORMITTAL SA ORD,MT.AS,82244,0.0282,LUXEMBOURG,Basic Materials,Mineral Resources,Metals & Mining
IUSQ.DE,AJINOMOTO CO INC ORD,2802.T,61300,0.0282,JAPAN,Consumer Non-Cyclicals,Food & Beverages,Food & Tobacco
IUSQ.DE,FAIR ISAAC CORP ORD,FICO.N,2847,0.0282,UNITED STATES,Technology,Software & IT Services,Software & IT Services
IUSQ.DE,SHOPRITE HOLDINGS LTD ORD,SHPJ.J,163730,0.0281,SOUTH AFRICA,Consumer Non-Cyclicals,Food & Drug Retailing,Food & Drug Retailing
IUSQ.DE,KT&G CORP ORD,033780.KS,36709,0.0281,KOREA,Consumer Non-Cyclicals,Food & Beverages,Food & Tobacco
IUSQ.DE,AEON CO LTD ORD,8267.T,109800,0.0281,JAPAN,Consumer Non-Cyclicals,Food & Drug Retailing,Food & Drug Retailing
IUSQ.DE,AKAMAI TECHNOLOGIES INC ORD,AKAM.OQ,25195,0.0281,UNITED STATES,Technology,Software & IT Services,Software & IT Services
IUSQ.DE,J B HUNT TRANSPORT SERVICES INC ORD,JBHT.OQ,11598,0.028,UNITED STATES,Industrials,Transportation,Freight & Logistics Services
IUSQ.DE,TYSON FOODS INC ORD,TSN.N,42343,0.0279,UNITED STATES,Consumer Non-Cyclicals,Food & Beverages,Food & Tobacco
IUSQ.DE,STANDARD BANK GROUP LTD ORD,SBKJ.J,219330,0.0279,SOUTH AFRICA,Financials,Banking & Investment Services,Banking Services
IUSQ.DE,EAST JAPAN RAILWAY CO ORD,9020.T,41600,0.0279,JAPAN,Industrials,Transportation,Passenger Transportation Services
IUSQ.DE,MITSUI FUDOSAN CO LTD ORD,8801.T,114400,0.0278,JAPAN,Real Estate,Real Estate,Real Estate Operations
IUSQ.DE,SANTOS LTD ORD,STO.AX,437740,0.0278,AUSTRALIA,Energy,Energy - Fossil Fuels,Oil & Gas
IUSQ.DE,FIRST ABU DHABI BANK PJSC ORD,FAB.AD,590529,0.0278,UNITED ARAB EMIRATES,Financials,Banking & Investment Services,Banking Services
IUSQ.DE,GOODMAN GROUP,GMG.AX,170078,0.0278,AUSTRALIA,Real Estate,Real Estate,Residential & Commercial REITs
IUSQ.DE,CENTRAL JAPAN RAILWAY CO ORD,9022.T,18300,0.0276,JAPAN,Industrials,Transportation,Passenger Transportation Services
IUSQ.DE,ALDAR PROPERTIES PJSC ORD,ALDAR.AD,1656376,0.0276,UNITED ARAB EMIRATES,Real Estate,Real Estate,Real Estate Operations
IUSQ.DE,GREAT-WEST LIFECO INC ORD,GWO.TO,77248,0.0276,CANADA,Financials,Insurance,Insurance
IUSQ.DE,FUJITSU LTD ORD,6702.T,18000,0.0275,JAPAN,Technology,Software & IT Services,Software & IT Services
IUSQ.DE,AMEREN CORP ORD,AEE.N,27132,0.0275,UNITED STATES,Utilities,Utilities,Multiline Utilities
IUSQ.DE,DSM-FIRMENICH AG ORD,DSFIR.AS,20993,0.0275,SWITZERLAND,Consumer Non-Cyclicals,Food & Beverages,Food & Tobacco
IUSQ.DE,SPLUNK INC ORD,SPLK.OQ,21474,0.0275,UNITED STATES,Technology,Software & IT Services,Software & IT Services
IUSQ.DE,FORMOSA CHEMICALS & FIBRE CORP ORD,1326.TW,1116620,0.0275,TAIWAN,Basic Materials,Chemicals,Chemicals
IUSQ.DE,TRANSUNION ORD,TRU.N,29108,0.0274,UNITED STATES,Industrials,Industrial & Commercial Services,Professional & Commercial Services
IUSQ.DE,WP CAREY INC ORD,WPC.N,34195,0.0273,UNITED STATES,Real Estate,Real Estate,Residential & Commercial REITs
IUSQ.DE,DAI-ICHI LIFE HOLDINGS INC ORD,8750.T,113000,0.0273,JAPAN,Financials,Insurance,Insurance
IUSQ.DE,CAIXABANK SA ORD,CABK.MC,571819,0.0273,SPAIN,Financials,Banking & Investment Services,Banking Services
IUSQ.DE,CF INDUSTRIES HOLDINGS INC ORD,CF.N,28032,0.0272,UNITED STATES,Basic Materials,Chemicals,Chemicals
IUSQ.DE,GEBERIT AG ORD,GEBN.S,4031,0.0271,SWITZERLAND,Consumer Cyclicals,Cyclical Consumer Products,Homebuilding & Construction Supplies
IUSQ.DE,DTE ENERGY CO ORD,DTE.N,20062,0.0271,UNITED STATES,Utilities,Utilities,Electric Utilities & IPPs
IUSQ.DE,AVIVA PLC ORD,AV.L,458108,0.0271,UNITED KINGDOM,Financials,Insurance,Insurance
IUSQ.DE,EXPEDIA GROUP INC ORD,EXPE.OQ,18643,0.027,UNITED STATES,Consumer Cyclicals,Cyclical Consumer Services,Hotels & Entertainment Services
IUSQ.DE,GETLINK SE ORD,GETP.PA,129069,0.0269,FRANCE,Industrials,Transportation,Transport Infrastructure
IUSQ.DE,ADVANCED INFO SV NVDR,ADVANCn.BK,345200,0.0269,THAILAND,Technology,Telecommunications Services,Telecommunications Services
IUSQ.DE,ORIX CORP ORD,8591.T,118100,0.0268,JAPAN,Financials,Banking & Investment Services,Banking Services
IUSQ.DE,BUNGE LTD ORD,BG.N,20857,0.0268,UNITED STATES,Consumer Non-Cyclicals,Food & Beverages,Food & Tobacco
IUSQ.DE,THALES SA ORD,TCFP.PA,15043,0.0267,FRANCE,Industrials,Industrial Goods,Aerospace & Defense
IUSQ.DE,SPARK NEW ZEALAND LTD ORD,SPK.NZ,700153,0.0267,NEW ZEALAND,Technology,Telecommunications Services,Telecommunications Services
IUSQ.DE,KEURIG DR PEPPER INC ORD,KDP.OQ,66409,0.0267,UNITED STATES,Consumer Non-Cyclicals,Food & Beverages,Beverages
IUSQ.DE,INPEX CORP ORD,1605.T,175100,0.0267,JAPAN,Energy,Energy - Fossil Fuels,Oil & Gas
IUSQ.DE,CLP HOLDINGS LTD ORD,0002.HK,278000,0.0267,HONG KONG,Utilities,Utilities,Electric Utilities & IPPs
IUSQ.DE,MEDIOBANCA BANCA DI CREDITO FINANZIARIO SPA ORD,MDBI.MI,168500,0.0266,ITALY,Financials,Banking & Investment Services,Banking Services
IUSQ.DE,SUMITOMO MITSUI TRUST HOLDINGS INC ORD,8309.T,57800,0.0266,JAPAN,Financials,Banking & Investment Services,Banking Services
IUSQ.DE,SUZUKI MOTOR CORP ORD,7269.T,56100,0.0266,JAPAN,Consumer Cyclicals,Automobiles & Auto Parts,Automobiles & Auto Parts
IUSQ.DE,TECHTRONIC INDUSTRIES CO LTD ORD,0669.HK,198500,0.0265,HONG KONG,Industrials,Industrial Goods,"Machinery, Tools, Heavy Vehicles, Trains & Ships"
IUSQ.DE,INDUSTRIAL AND COMMERCIAL BANK OF CHINA LTD ORD,1398.HK,4599000,0.0265,CHINA,Financials,Banking & Investment Services,Banking Services
IUSQ.DE,AUTO TRADER GROUP PLC ORD,AUTOA.L,269805,0.0265,UNITED KINGDOM,Technology,Software & IT Services,Software & IT Services
IUSQ.DE,WPP PLC ORD,WPP.L,204713,0.0265,UNITED KINGDOM,Consumer Cyclicals,Cyclical Consumer Services,Media & Publishing
IUSQ.DE,SANLAM LTD ORD,SLMJ.J,604064,0.0264,SOUTH AFRICA,Financials,Insurance,Insurance
IUSQ.DE,CLOUDFLARE INC ORD,NET.N,32512,0.0264,UNITED STATES,Technology,Software & IT Services,Software & IT Services
IUSQ.DE,SWISSCOM AG ORD,SCMN.S,3456,0.0264,SWITZERLAND,Technology,Telecommunications Services,Telecommunications Services
IUSQ.DE,OWENS CORNING ORD,OC.N,15864,0.0263,UNITED STATES,Consumer Cyclicals,Cyclical Consumer Products,Homebuilding & Construction Supplies
IUSQ.DE,QBE INSURANCE GROUP LTD ORD,QBE.AX,209614,0.0263,AUSTRALIA,Financials,Insurance,Insurance
IUSQ.DE,SAMSUNG FIRE & MARINE INSURANCE CO LTD ORD,000810.KS,11593,0.0262,KOREA,Financials,Insurance,Insurance
IUSQ.DE,JULIUS BAER GRUPPE AG ORD,BAER.S,31204,0.0262,SWITZERLAND,Financials,Banking & Investment Services,Banking Services
IUSQ.DE,PINTEREST INC ORD,PINS.N,76421,0.0262,UNITED STATES,Technology,Software & IT Services,Software & IT Services
IUSQ.DE,MITSUBISHI HEAVY INDUSTRIES LTD ORD,7011.T,46700,0.0262,JAPAN,Consumer Non-Cyclicals,Consumer Goods Conglomerates,Consumer Goods Conglomerates
IUSQ.DE,STERIS PLC ORD,STE.N,9837,0.0262,IRELAND,Healthcare,Healthcare Services & Equipment,Healthcare Equipment & Supplies
IUSQ.DE,KAO CORP ORD,4452.T,58300,0.0262,JAPAN,Consumer Non-Cyclicals,Personal & Household Products & Services,Personal & Household Products & Services
IUSQ.DE,NESTE OYJ ORD,NESTE.HE,59576,0.026,FINLAND,Energy,Energy - Fossil Fuels,Oil & Gas
IUSQ.DE,RELIANCE STEEL & ALUMINUM CO ORD,RS.N,7487,0.0259,UNITED STATES,Basic Materials,Mineral Resources,Metals & Mining
IUSQ.DE,ARKEMA SA ORD,AKE.PA,20265,0.0259,FRANCE,Basic Materials,Chemicals,Chemicals
IUSQ.DE,UDR INC ORD,UDR.N,53586,0.0259,UNITED STATES,Real Estate,Real Estate,Residential & Commercial REITs
IUSQ.DE,FMC CORP ORD,FMC.N,22635,0.0258,UNITED STATES,Basic Materials,Chemicals,Chemicals
IUSQ.DE,CREDIT AGRICOLE SA ORD,CAGR.PA,175406,0.0258,FRANCE,Financials,Banking & Investment Services,Banking Services
IUSQ.DE,ASAHI GROUP HOLDINGS LTD ORD,2502.T,55500,0.0258,JAPAN,Consumer Non-Cyclicals,Food & Beverages,Beverages
IUSQ.DE,ARISTOCRAT LEISURE LTD ORD,ALL.AX,82202,0.0258,AUSTRALIA,Consumer Cyclicals,Cyclical Consumer Services,Hotels & Entertainment Services
IUSQ.DE,BARRY CALLEBAUT AG ORD,BARN.S,1155,0.0257,SWITZERLAND,Consumer Non-Cyclicals,Food & Beverages,Food & Tobacco
IUSQ.DE,KONINKLIJKE KPN NV ORD,KPN.AS,598122,0.0257,NETHERLANDS,Technology,Telecommunications Services,Telecommunications Services
IUSQ.DE,INTERPUBLIC GROUP OF COMPANIES INC ORD,IPG.N,63529,0.0257,UNITED STATES,Consumer Cyclicals,Cyclical Consumer Services,Media & Publishing
IUSQ.DE,SAMPO OYJ ORD,SAMPO.HE,48942,0.0256,FINLAND,Financials,Insurance,Insurance
IUSQ.DE,DAIWA SECURITIES GROUP INC ORD,8601.T,397500,0.0255,JAPAN,Financials,Banking & Investment Services,Investment Banking & Investment Services
IUSQ.DE,STEEL DYNAMICS INC ORD,STLD.OQ,20218,0.0255,UNITED STATES,Basic Materials,Mineral Resources,Metals & Mining
IUSQ.DE,UNICHARM CORP ORD,8113.T,57900,0.0254,JAPAN,Consumer Non-Cyclicals,Personal & Household Products & Services,Personal & Household Products & Services
IUSQ.DE,MONDI PLC ORD,MNDI.L,122057,0.0254,UNITED KINGDOM,Basic Materials,Applied Resources,Containers & Packaging
IUSQ.DE,ORSTED A/S ORD,ORSTED.CO,24545,0.0254,DENMARK,Utilities,Utilities,Electric Utilities & IPPs
IUSQ.DE,COMMERZBANK AG ORD,CBKG.DE,179429,0.0254,GERMANY,Financials,Banking & Investment Services,Banking Services
IUSQ.DE,BRAMBLES LTD ORD,BXB.AX,226135,0.0253,AUSTRALIA,Basic Materials,Applied Resources,Containers & Packaging
IUSQ.DE,ALEXANDRIA REAL ESTATE EQUITIES INC ORD,ARE.N,16899,0.0251,UNITED STATES,Real Estate,Real Estate,Residential & Commercial REITs
IUSQ.DE,NISOURCE INC ORD,NI.N,76407,0.0251,UNITED STATES,Utilities,Utilities,Multiline Utilities
IUSQ.DE,OTSUKA HOLDINGS CO LTD ORD,4578.T,57700,0.0251,JAPAN,Healthcare,Pharmaceuticals & Medical Research,Pharmaceuticals
IUSQ.DE,HUBBELL INC ORD,HUBB.N,6814,0.0251,UNITED STATES,Industrials,Industrial Goods,"Machinery, Tools, Heavy Vehicles, Trains & Ships"
IUSQ.DE,CELANESE CORP ORD,CE.N,16945,0.0251,UNITED STATES,Basic Materials,Chemicals,Chemicals
IUSQ.DE,CHINA STEEL CORP ORD,2002.TW,2374896,0.025,TAIWAN,Basic Materials,Mineral Resources,Metals & Mining
IUSQ.DE,AKZO NOBEL NV ORD,AKZO.AS,24706,0.025,NETHERLANDS,Basic Materials,Chemicals,Chemicals
IUSQ.DE,ERSTE GROUP BANK AG ORD,ERST.VI,55825,0.025,AUSTRIA,Financials,Banking & Investment Services,Banking Services
IUSQ.DE,VISTRA CORP ORD,VST.N,75407,0.025,UNITED STATES,Utilities,Utilities,Electric Utilities & IPPs
IUSQ.DE,LIBERTY MEDIA CORP ORD,FWONK.OQ,29088,0.025,UNITED STATES,Consumer Cyclicals,Cyclical Consumer Services,Media & Publishing
IUSQ.DE,COCA-COLA EUROPACIFIC PARTNERS PLC ORD,CCEP.OQ,33367,0.025,UNITED KINGDOM,Consumer Non-Cyclicals,Food & Beverages,Beverages
IUSQ.DE,KB FINANCIAL GROUP INC ORD,105560.KS,52933,0.025,KOREA,Financials,Banking & Investment Services,Banking Services
IUSQ.DE,MASCO CORP ORD,MAS.N,34706,0.0249,UNITED STATES,Consumer Cyclicals,Cyclical Consumer Products,Homebuilding & Construction Supplies
IUSQ.DE,JACOBS SOLUTIONS INC ORD,J.N,16755,0.0248,UNITED STATES,Industrials,Industrial & Commercial Services,Construction & Engineering
IUSQ.DE,UPM-KYMMENE OYJ ORD,UPM.HE,63263,0.0248,FINLAND,Basic Materials,Applied Resources,Paper & Forest Products
IUSQ.DE,SYMRISE AG ORD,SY1G.DE,19106,0.0248,GERMANY,Basic Materials,Chemicals,Chemicals
IUSQ.DE,DELTA ELECTRONICS INC ORD,2308.TW,180000,0.0248,TAIWAN,Industrials,Industrial Goods,"Machinery, Tools, Heavy Vehicles, Trains & Ships"
IUSQ.DE,KINDER MORGAN INC ORD,KMI.N,118231,0.0248,UNITED STATES,Energy,Energy - Fossil Fuels,Oil & Gas Related Equipment and Services
IUSQ.DE,CH ROBINSON WORLDWIDE INC ORD,CHRW.OQ,20976,0.0248,UNITED STATES,Industrials,Transportation,Freight & Logistics Services
IUSQ.DE,ESSEX PROPERTY TRUST INC ORD,ESS.N,8594,0.0247,UNITED STATES,Real Estate,Real Estate,Residential & Commercial REITs
IUSQ.DE,ENN ENERGY HOLDINGS LTD ORD,2688.HK,173800,0.0247,CHINA,Utilities,Utilities,Natural Gas Utilities
IUSQ.DE,WESTERN DIGITAL CORP ORD,WDC.OQ,49052,0.0247,UNITED STATES,Technology,Technology Equipment,"Computers, Phones & Household Electronics"
IUSQ.DE,EVERGY INC ORD,EVRG.OQ,34698,0.0246,UNITED STATES,Utilities,Utilities,Electric Utilities & IPPs
IUSQ.DE,MOSAIC CO ORD,MOS.N,51090,0.0246,UNITED STATES,Basic Materials,Chemicals,Chemicals
IUSQ.DE,CHUNGHWA TELECOM CO LTD ORD,2412.TW,562000,0.0245,TAIWAN,Technology,Telecommunications Services,Telecommunications Services
IUSQ.DE,FORTIS INC ORD,FTS.TO,48515,0.0245,CANADA,Utilities,Utilities,Electric Utilities & IPPs
IUSQ.DE,LEIDOS HOLDINGS INC ORD,LDOS.N,22187,0.0245,UNITED STATES,Technology,Software & IT Services,Software & IT Services
IUSQ.DE,CGI INC ORD,GIBa.TO,20325,0.0245,CANADA,Technology,Software & IT Services,Software & IT Services
IUSQ.DE,CHINA MENGNIU DAIRY CO LTD ORD,2319.HK,548000,0.0245,HONG KONG,Consumer Non-Cyclicals,Food & Beverages,Food & Tobacco
IUSQ.DE,HORMEL FOODS CORP ORD,HRL.N,50573,0.0244,UNITED STATES,Consumer Non-Cyclicals,Food & Beverages,Food & Tobacco
IUSQ.DE,GODADDY INC ORD,GDDY.N,26778,0.0244,UNITED STATES,Technology,Software & IT Services,Software & IT Services
IUSQ.DE,TAISEI CORP ORD,1801.T,54500,0.0244,JAPAN,Industrials,Industrial & Commercial Services,Construction & Engineering
IUSQ.DE,TDK CORP ORD,6762.T,53600,0.0243,JAPAN,Industrials,Industrial Goods,"Machinery, Tools, Heavy Vehicles, Trains & Ships"
IUSQ.DE,SKANDINAVISKA ENSKILDA BANKEN AB ORD,SEBa.ST,168977,0.0243,SWEDEN,Financials,Banking & Investment Services,Banking Services
IUSQ.DE,PTT NVDR,PTTn.BK,2001400,0.0242,THAILAND,Energy,Energy - Fossil Fuels,Oil & Gas
IUSQ.DE,MS&AD INSURANCE GROUP HOLDINGS INC ORD,8725.T,55000,0.0242,JAPAN,Financials,Insurance,Insurance
IUSQ.DE,ZILLOW GROUP INC ORD,Z.OQ,37753,0.0242,UNITED STATES,Real Estate,Real Estate,Real Estate Operations
IUSQ.DE,STANLEY BLACK & DECKER INC ORD,SWK.N,20619,0.0242,UNITED STATES,Industrials,Industrial Goods,"Machinery, Tools, Heavy Vehicles, Trains & Ships"
IUSQ.DE,STRAUMANN HOLDING AG ORD,STMN.S,12316,0.0242,SWITZERLAND,Healthcare,Healthcare Services & Equipment,Healthcare Equipment & Supplies
IUSQ.DE,TOHO CO LTD (TOKYO) ORD,9602.T,52200,0.0241,JAPAN,Consumer Cyclicals,Cyclical Consumer Services,Media & Publishing
IUSQ.DE,DOORDASH INC ORD,DASH.N,22452,0.0241,UNITED STATES,Technology,Software & IT Services,Software & IT Services
IUSQ.DE,TRIMBLE INC ORD,TRMB.OQ,37866,0.0241,UNITED STATES,Technology,Software & IT Services,Software & IT Services
IUSQ.DE,ATMOS ENERGY CORP ORD,ATO.N,16678,0.024,UNITED STATES,Utilities,Utilities,Natural Gas Utilities
IUSQ.DE,MYTILINEOS SA ORD,MYTr.AT,48614,0.024,GREECE,Utilities,Utilities,Multiline Utilities
IUSQ.DE,MOLSON COORS BEVERAGE CO ORD,TAP.N,29050,0.024,UNITED STATES,Consumer Non-Cyclicals,Food & Beverages,Beverages
IUSQ.DE,ZIJIN MINING GROUP CO LTD ORD,2899.HK,1186000,0.024,CHINA,Basic Materials,Mineral Resources,Metals & Mining
IUSQ.DE,SWEDBANK AB ORD,SWEDa.ST,110503,0.024,SWEDEN,Financials,Banking & Investment Services,Banking Services
IUSQ.DE,CBOE GLOBAL MARKETS INC ORD,CBOE.Z,14553,0.024,UNITED STATES,Financials,Banking & Investment Services,Investment Banking & Investment Services
IUSQ.DE,TRYG A/S ORD,TRYG.CO,102596,0.024,DENMARK,Financials,Insurance,Insurance
IUSQ.DE,ASE TECHNOLOGY HOLDING CO LTD ORD,3711.TW,557000,0.024,TAIWAN,Technology,Technology Equipment,Semiconductors & Semiconductor Equipment
IUSQ.DE,COLES GROUP LTD ORD,COL.AX,165641,0.024,AUSTRALIA,Consumer Non-Cyclicals,Food & Drug Retailing,Food & Drug Retailing
IUSQ.DE,BRENNTAG SE ORD,BNRGn.DE,26128,0.024,GERMANY,Basic Materials,Chemicals,Chemicals
IUSQ.DE,CHINA LIFE INSURANCE CO LTD ORD,2628.HK,1158000,0.0239,CHINA,Financials,Insurance,Insurance
IUSQ.DE,ROLLINS INC ORD,ROL.N,49448,0.0239,UNITED STATES,Industrials,Industrial & Commercial Services,Professional & Commercial Services
IUSQ.DE,MINEBEA MITSUMI INC ORD,6479.T,108800,0.0238,JAPAN,Technology,Technology Equipment,Electronic Equipment & Parts
IUSQ.DE,ZSCALER INC ORD,ZS.OQ,12537,0.0238,UNITED STATES,Technology,Software & IT Services,Software & IT Services
IUSQ.DE,VIATRIS INC ORD,VTRS.OQ,190937,0.0238,UNITED STATES,Healthcare,Pharmaceuticals & Medical Research,Pharmaceuticals
IUSQ.DE,MGM RESORTS INTERNATIONAL ORD,MGM.N,39413,0.0237,UNITED STATES,Consumer Cyclicals,Cyclical Consumer Services,Hotels & Entertainment Services
IUSQ.DE,CANADIAN APARTMENT PROPERTIES REAL ESTATE INVESTMENT TRUST,CAR_u.TO,51403,0.0237,CANADA,Real Estate,Real Estate,Residential & Commercial REITs
IUSQ.DE,SS&C TECHNOLOGIES HOLDINGS INC ORD,SSNC.OQ,34394,0.0237,UNITED STATES,Technology,Software & IT Services,Software & IT Services
IUSQ.DE,CEMEX SAB DE CV,CEMEXCPO.MX,2629259,0.0237,MEXICO,Basic Materials,Mineral Resources,Construction Materials
IUSQ.DE,DAIMLER TRUCK HOLDING AG ORD,DTGGe.DE,53337,0.0237,GERMANY,Industrials,Industrial Goods,"Machinery, Tools, Heavy Vehicles, Trains & Ships"
IUSQ.DE,EPIROC AB ORD,EPIRb.ST,117794,0.0237,SWEDEN,Industrials,Industrial Goods,"Machinery, Tools, Heavy Vehicles, Trains & Ships"
IUSQ.DE,BOOZ ALLEN HAMILTON HOLDING CORP ORD,BAH.N,16533,0.0237,UNITED STATES,Technology,Software & IT Services,Software & IT Services
IUSQ.DE,TELEFONAKTIEBOLAGET LM ERICSSON ORD,ERICb.ST,396177,0.0236,SWEDEN,Technology,Technology Equipment,Communications & Networking
IUSQ.DE,MAGNA INTERNATIONAL INC ORD,MG.TO,30940,0.0236,CANADA,Consumer Cyclicals,Automobiles & Auto Parts,Automobiles & Auto Parts
IUSQ.DE,CIMB GROUP HOLDINGS BHD ORD,CIMB.KL,1618717,0.0236,MALAYSIA,Financials,Banking & Investment Services,Banking Services
IUSQ.DE,REVVITY INC ORD,RVTY.N,16253,0.0236,UNITED STATES,Healthcare,Healthcare Services & Equipment,Healthcare Equipment & Supplies
IUSQ.DE,NORTHERN TRUST CORP ORD,NTRS.OQ,24783,0.0235,UNITED STATES,Financials,Banking & Investment Services,Investment Banking & Investment Services
IUSQ.DE,PEMBINA PIPELINE CORP ORD,PPL.TO,62610,0.0235,CANADA,Energy,Energy - Fossil Fuels,Oil & Gas Related Equipment and Services
IUSQ.DE,SOUTH32 LTD ORD,S32.AX,760802,0.0235,AUSTRALIA,Basic Materials,Mineral Resources,Metals & Mining
IUSQ.DE,ANGLOGOLD ASHANTI LTD ORD,ANGJ.J,89038,0.0234,SOUTH AFRICA,Basic Materials,Mineral Resources,Metals & Mining
IUSQ.DE,CAPITALAND ASCENDAS REIT,CAPD.SI,936902,0.0234,NULL,Real Estate,Real Estate,Residential & Commercial REITs
IUSQ.DE,TERUMO CORP ORD,4543.T,60500,0.0234,JAPAN,Healthcare,Healthcare Services & Equipment,Healthcare Equipment & Supplies
IUSQ.DE,EXACT SCIENCES CORP ORD,EXAS.OQ,20193,0.0233,UNITED STATES,Healthcare,Pharmaceuticals & Medical Research,Biotechnology & Medical Research
IUSQ.DE,POWSZECHNA KASA OSZCZEDNOSCI BANK POLSKI SA ORD,PKO.WA,193815,0.0233,POLAND,Financials,Banking & Investment Services,Banking Services
IUSQ.DE,VONOVIA SE ORD,VNAn.DE,84045,0.0233,GERMANY,Real Estate,Real Estate,Real Estate Operations
IUSQ.DE,KERRY GROUP PLC ORD,KYGa.I,19702,0.0232,IRELAND,Consumer Non-Cyclicals,Food & Beverages,Food & Tobacco
IUSQ.DE,PENTAIR PLC ORD,PNR.N,28266,0.0232,UNITED KINGDOM,Industrials,Industrial Goods,"Machinery, Tools, Heavy Vehicles, Trains & Ships"
IUSQ.DE,BURBERRY GROUP PLC ORD,BRBY.L,68615,0.0232,UNITED KINGDOM,Consumer Cyclicals,Retailers,Specialty Retailers
IUSQ.DE,MTN GROUP LTD ORD,MTNJ.J,249142,0.0232,SOUTH AFRICA,Technology,Telecommunications Services,Telecommunications Services
IUSQ.DE,ENEL AMERICAS SA ORD,ENELAM.SN,14461023,0.0231,CHILE,Utilities,Utilities,Electric Utilities & IPPs
IUSQ.DE,PEARSON PLC ORD,PSON.L,175747,0.0231,UNITED KINGDOM,Consumer Cyclicals,Cyclical Consumer Services,Media & Publishing
IUSQ.DE,MIZRAHI TEFAHOT BANK LTD ORD,MZTF.TA,53805,0.0231,ISRAEL,Financials,Banking & Investment Services,Banking Services
IUSQ.DE,CITIZENS FINANCIAL GROUP INC ORD,CFG.N,60457,0.0231,UNITED STATES,Financials,Banking & Investment Services,Banking Services
IUSQ.DE,SHIONOGI & CO LTD ORD,4507.T,46400,0.0229,JAPAN,Healthcare,Pharmaceuticals & Medical Research,Pharmaceuticals
IUSQ.DE,CROWN HOLDINGS INC ORD,CCK.N,20845,0.0229,UNITED STATES,Basic Materials,Applied Resources,Containers & Packaging
IUSQ.DE,JD HEALTH INTERNATIONAL INC ORD,6618.HK,268350,0.0229,CHINA,Consumer Cyclicals,Retailers,Diversified Retail
IUSQ.DE,EMS CHEMIE HOLDING AG ORD,EMSN.S,2298,0.0228,SWITZERLAND,Basic Materials,Chemicals,Chemicals
IUSQ.DE,LINK REAL ESTATE INVESTMENT TRUST,0823.HK,342300,0.0227,NULL,Real Estate,Real Estate,Residential & Commercial REITs
IUSQ.DE,LENNOX INTERNATIONAL INC ORD,LII.N,5220,0.0227,UNITED STATES,Industrials,Industrial Goods,"Machinery, Tools, Heavy Vehicles, Trains & Ships"
IUSQ.DE,ARAMARK ORD,ARMK.N,47625,0.0227,UNITED STATES,Consumer Cyclicals,Cyclical Consumer Services,Hotels & Entertainment Services
IUSQ.DE,KEYCORP ORD,KEY.N,155139,0.0226,UNITED STATES,Financials,Banking & Investment Services,Banking Services
IUSQ.DE,DELL TECHNOLOGIES INC ORD,DELL.N,36060,0.0226,UNITED STATES,Technology,Technology Equipment,"Computers, Phones & Household Electronics"
IUSQ.DE,AEGON NV ORD,AEGN.AS,349581,0.0225,NETHERLANDS,Financials,Insurance,Insurance
IUSQ.DE,CHUGAI PHARMACEUTICAL CO LTD ORD,4519.T,63900,0.0225,JAPAN,Healthcare,Pharmaceuticals & Medical Research,Pharmaceuticals
IUSQ.DE,ZOOM VIDEO COMMUNICATIONS INC ORD,ZM.OQ,25920,0.0225,UNITED STATES,Technology,Software & IT Services,Software & IT Services
IUSQ.DE,XERO LTD ORD,XRO.AX,23092,0.0225,NEW ZEALAND,Technology,Software & IT Services,Software & IT Services
IUSQ.DE,FORTUNE BRANDS INNOVATIONS INC ORD,FBIN.N,26767,0.0225,UNITED STATES,Consumer Cyclicals,Cyclical Consumer Products,Homebuilding & Construction Supplies
IUSQ.DE,LAND SECURITIES GROUP PLC ORD,LAND.L,227516,0.0224,UNITED KINGDOM,Real Estate,Real Estate,Residential & Commercial REITs
IUSQ.DE,MONCLER SPA ORD,MONC.MI,26156,0.0224,ITALY,Consumer Cyclicals,Cyclical Consumer Products,Textiles & Apparel
IUSQ.DE,NIBE INDUSTRIER AB ORD,NIBEb.ST,210332,0.0224,SWEDEN,Industrials,Industrial Goods,"Machinery, Tools, Heavy Vehicles, Trains & Ships"
IUSQ.DE,ESSITY AB (PUBL) ORD,ESSITYb.ST,76436,0.0224,SWEDEN,Consumer Non-Cyclicals,Personal & Household Products & Services,Personal & Household Products & Services
IUSQ.DE,UNIVERSAL HEALTH SERVICES INC ORD,UHS.N,13604,0.0224,UNITED STATES,Healthcare,Healthcare Services & Equipment,Healthcare Providers & Services
IUSQ.DE,RIOCAN REAL ESTATE INVESTMENT TRUST,REI_u.TO,124265,0.0224,CANADA,Real Estate,Real Estate,Residential & Commercial REITs
IUSQ.DE,CAESARS ENTERTAINMENT INC ORD,CZR.OQ,31972,0.0223,UNITED STATES,Consumer Cyclicals,Cyclical Consumer Services,Hotels & Entertainment Services
IUSQ.DE,RESONA HOLDINGS INC ORD,8308.T,346300,0.0223,JAPAN,Financials,Banking & Investment Services,Banking Services
IUSQ.DE,INTACT FINANCIAL CORP ORD,IFC.TO,12768,0.0223,CANADA,Financials,Insurance,Insurance
IUSQ.DE,NONGFU SPRING CO LTD ORD,9633.HK,325400,0.0223,CHINA,Consumer Non-Cyclicals,Food & Beverages,Beverages
IUSQ.DE,TONGCHENG TRAVEL HOLDINGS LTD ORD,0780.HK,784400,0.0223,CHINA,Consumer Cyclicals,Cyclical Consumer Services,Hotels & Entertainment Services
IUSQ.DE,MOLINA HEALTHCARE INC ORD,MOH.N,6171,0.0222,UNITED STATES,Healthcare,Healthcare Services & Equipment,Healthcare Providers & Services
IUSQ.DE,BURLINGTON STORES INC ORD,BURL.N,10567,0.0222,UNITED STATES,Consumer Cyclicals,Retailers,Specialty Retailers
IUSQ.DE,CARMAX INC ORD,KMX.N,22659,0.0221,UNITED STATES,Consumer Cyclicals,Retailers,Specialty Retailers
IUSQ.DE,KUAISHOU TECHNOLOGY ORD,1024.HK,217400,0.0221,CHINA,Technology,Software & IT Services,Software & IT Services
IUSQ.DE,SUMITOMO METAL MINING CO LTD ORD,5713.T,54100,0.0221,JAPAN,Basic Materials,Mineral Resources,Metals & Mining
IUSQ.DE,WEBSTER FINANCIAL CORP ORD,WBS.N,39432,0.0221,UNITED STATES,Financials,Banking & Investment Services,Banking Services
IUSQ.DE,SWISS LIFE HOLDING AG ORD,SLHN.S,2914,0.022,SWITZERLAND,Financials,Insurance,Insurance
IUSQ.DE,EDP ENERGIAS DE PORTUGAL SA ORD,EDP.LS,394530,0.0219,PORTUGAL,Utilities,Utilities,Electric Utilities & IPPs
IUSQ.DE,TFI INTERNATIONAL INC ORD,TFII.TO,14416,0.0219,CANADA,Industrials,Transportation,Freight & Logistics Services
IUSQ.DE,DOMINO'S PIZZA INC ORD,DPZ.N,4655,0.0218,UNITED STATES,Consumer Cyclicals,Cyclical Consumer Services,Hotels & Entertainment Services
IUSQ.DE,CK HUTCHISON HOLDINGS LTD ORD,0001.HK,298596,0.0218,HONG KONG,Financials,Investment Holding Companies,Investment Holding Companies
IUSQ.DE,QUEST DIAGNOSTICS INC ORD,DGX.N,13556,0.0217,UNITED STATES,Healthcare,Healthcare Services & Equipment,Healthcare Providers & Services
IUSQ.DE,CHECK POINT SOFTWARE TECHNOLOGIES LTD ORD,CHKP.OQ,13869,0.0217,ISRAEL,Technology,Software & IT Services,Software & IT Services
IUSQ.DE,TOSHIBA CORP ORD,6502.T,56699,0.0217,JAPAN,Consumer Non-Cyclicals,Consumer Goods Conglomerates,Consumer Goods Conglomerates
IUSQ.DE,QORVO INC ORD,QRVO.OQ,16652,0.0217,UNITED STATES,Technology,Technology Equipment,Semiconductors & Semiconductor Equipment
IUSQ.DE,TREND MICRO INC ORD,4704.T,38800,0.0217,JAPAN,Technology,Software & IT Services,Software & IT Services
IUSQ.DE,PUBLICIS GROUPE SA ORD,PUBP.PA,22529,0.0216,FRANCE,Consumer Cyclicals,Cyclical Consumer Services,Media & Publishing
IUSQ.DE,FERROVIAL SE ORD,FER.MC,54999,0.0216,NETHERLANDS,Industrials,Industrial & Commercial Services,Construction & Engineering
IUSQ.DE,DENTSU GROUP INC ORD,4324.T,54500,0.0216,JAPAN,Consumer Cyclicals,Cyclical Consumer Services,Media & Publishing
IUSQ.DE,H & M HENNES & MAURITZ AB ORD,HMb.ST,108799,0.0216,SWEDEN,Consumer Cyclicals,Retailers,Specialty Retailers
IUSQ.DE,CANADIAN TIRE CORPORATION LTD ORD,CTCa.TO,13247,0.0215,CANADA,Consumer Cyclicals,Retailers,Diversified Retail
IUSQ.DE,QIAGEN NV ORD,QGEN.N,38715,0.0215,NETHERLANDS,Healthcare,Pharmaceuticals & Medical Research,Biotechnology & Medical Research
IUSQ.DE,DNB BANK ASA ORD,DNB.OL,87532,0.0214,NORWAY,Financials,Banking & Investment Services,Banking Services
IUSQ.DE,HEWLETT PACKARD ENTERPRISE CO ORD,HPE.N,104257,0.0214,UNITED STATES,Technology,Technology Equipment,"Computers, Phones & Household Electronics"
IUSQ.DE,GEN DIGITAL INC ORD,GEN.OQ,92816,0.0213,UNITED STATES,Technology,Software & IT Services,Software & IT Services
IUSQ.DE,SIEMENS HEALTHINEERS AG ORD,SHLG.DE,30974,0.0213,GERMANY,Healthcare,Healthcare Services & Equipment,Healthcare Equipment & Supplies
IUSQ.DE,BROTHER INDUSTRIES LTD ORD,6448.T,115300,0.0212,JAPAN,Technology,Technology Equipment,Office Equipment
IUSQ.DE,RESTAURANT BRANDS INTERNATIONAL INC ORD,QSR.N,23347,0.0212,CANADA,Consumer Cyclicals,Cyclical Consumer Services,Hotels & Entertainment Services
IUSQ.DE,TELEDYNE TECHNOLOGIES INC ORD,TDY.N,4646,0.0211,UNITED STATES,Technology,Technology Equipment,Electronic Equipment & Parts
IUSQ.DE,NEWCREST MINING LTD ORD,NCM.AX,100343,0.0211,AUSTRALIA,Basic Materials,Mineral Resources,Metals & Mining
IUSQ.DE,GOLD FIELDS LTD ORD,GFIJ.J,115230,0.0211,SOUTH AFRICA,Basic Materials,Mineral Resources,Metals & Mining
IUSQ.DE,KUBOTA CORP ORD,6326.T,118000,0.0211,JAPAN,Industrials,Industrial Goods,"Machinery, Tools, Heavy Vehicles, Trains & Ships"
IUSQ.DE,CNH INDUSTRIAL NV ORD,CNHI.MI,122961,0.021,UNITED KINGDOM,Industrials,Industrial Goods,"Machinery, Tools, Heavy Vehicles, Trains & Ships"
IUSQ.DE,YAMAHA MOTOR CO LTD ORD,7272.T,60700,0.021,JAPAN,Consumer Cyclicals,Automobiles & Auto Parts,Automobiles & Auto Parts
IUSQ.DE,W R BERKLEY CORP ORD,WRB.N,28737,0.021,UNITED STATES,Financials,Insurance,Insurance
IUSQ.DE,SEAGATE TECHNOLOGY HOLDINGS PLC ORD,STX.OQ,27829,0.0209,IRELAND,Technology,Technology Equipment,"Computers, Phones & Household Electronics"
IUSQ.DE,FACTSET RESEARCH SYSTEMS INC ORD,FDS.N,4044,0.0208,UNITED STATES,Industrials,Industrial & Commercial Services,Professional & Commercial Services
IUSQ.DE,INCYTE CORP ORD,INCY.OQ,27661,0.0208,UNITED STATES,Healthcare,Pharmaceuticals & Medical Research,Pharmaceuticals
IUSQ.DE,BOC HONG KONG HOLDINGS LTD ORD,2388.HK,578500,0.0208,HONG KONG,Financials,Banking & Investment Services,Banking Services
IUSQ.DE,KONE OYJ ORD,KNEBV.HE,34273,0.0208,FINLAND,Industrials,Industrial Goods,"Machinery, Tools, Heavy Vehicles, Trains & Ships"
IUSQ.DE,EQUITABLE HOLDINGS INC ORD,EQH.N,61259,0.0208,UNITED STATES,Financials,Banking & Investment Services,Investment Banking & Investment Services
IUSQ.DE,DR ING HC F PORSCHE AG,P911_p.DE,14358,0.0208,GERMANY,Consumer Cyclicals,Automobiles & Auto Parts,Automobiles & Auto Parts
IUSQ.DE,ROBLOX CORP ORD,RBLX.N,44866,0.0208,UNITED STATES,Technology,Software & IT Services,Software & IT Services
IUSQ.DE,HANG SENG BANK LTD ORD,0011.HK,115000,0.0207,HONG KONG,Financials,Banking & Investment Services,Banking Services
IUSQ.DE,KAKAO CORP ORD,035720.KS,43574,0.0207,KOREA,Technology,Software & IT Services,Software & IT Services
IUSQ.DE,SEI INVESTMENTS CO ORD,SEIC.OQ,27795,0.0207,UNITED STATES,Financials,Banking & Investment Services,Investment Banking & Investment Services
IUSQ.DE,OBIC CO LTD ORD,4684.T,10700,0.0207,JAPAN,Technology,Software & IT Services,Software & IT Services
IUSQ.DE,LI NING CO LTD ORD,2331.HK,289500,0.0206,CHINA,Consumer Cyclicals,Cyclical Consumer Products,Textiles & Apparel
IUSQ.DE,UNITED THERAPEUTICS CORP ORD,UTHR.OQ,7135,0.0205,UNITED STATES,Healthcare,Pharmaceuticals & Medical Research,Biotechnology & Medical Research
IUSQ.DE,CHINA SHENHUA ENERGY CO LTD ORD,1088.HK,579000,0.0205,CHINA,Energy,Energy - Fossil Fuels,Coal
IUSQ.DE,SIAM CEMENT NVDR,SCCn.BK,183000,0.0205,THAILAND,Consumer Non-Cyclicals,Consumer Goods Conglomerates,Consumer Goods Conglomerates
IUSQ.DE,LG ENERGY SOLUTION LTD ORD,373220.KS,3921,0.0204,KOREA,Industrials,Industrial Goods,"Machinery, Tools, Heavy Vehicles, Trains & Ships"
IUSQ.DE,FIRSTSERVICE CORP ORD,FSV.TO,10993,0.0204,CANADA,Real Estate,Real Estate,Real Estate Operations
IUSQ.DE,CREDICORP LTD ORD,BAP.N,10977,0.0204,PERU,Financials,Banking & Investment Services,Banking Services
IUSQ.DE,FRESENIUS SE & CO KGAA ORD,FREG.DE,54701,0.0203,GERMANY,Healthcare,Healthcare Services & Equipment,Healthcare Providers & Services
IUSQ.DE,SANDS CHINA LTD ORD,1928.HK,449600,0.0203,MACAU,Consumer Cyclicals,Cyclical Consumer Services,Hotels & Entertainment Services
IUSQ.DE,VAT GROUP AG ORD,VACN.S,4019,0.0203,SWITZERLAND,Industrials,Industrial Goods,"Machinery, Tools, Heavy Vehicles, Trains & Ships"
IUSQ.DE,WYNN RESORTS LTD ORD,WYNN.OQ,15760,0.0203,UNITED STATES,Consumer Cyclicals,Cyclical Consumer Services,Hotels & Entertainment Services
IUSQ.DE,GOTO GOJEK TOKOPEDIA PT TBK ORD,GOTO.JK,228543500,0.0202,INDONESIA,Technology,Software & IT Services,Software & IT Services
IUSQ.DE,CARNIVAL CORP ORD,CCL.N,90882,0.0202,UNITED STATES,Consumer Cyclicals,Cyclical Consumer Services,Hotels & Entertainment Services
IUSQ.DE,NOMURA RESEARCH INSTITUTE LTD ORD,4307.T,60300,0.0202,JAPAN,Technology,Software & IT Services,Software & IT Services
IUSQ.DE,KIRIN HOLDINGS CO LTD ORD,2503.T,115400,0.0202,JAPAN,Consumer Non-Cyclicals,Food & Beverages,Beverages
IUSQ.DE,HENDERSON LAND DEVELOPMENT CO LTD ORD,0012.HK,555000,0.0202,HONG KONG,Real Estate,Real Estate,Real Estate Operations
IUSQ.DE,ETSY INC ORD,ETSY.OQ,16764,0.0201,UNITED STATES,Consumer Cyclicals,Retailers,Diversified Retail
IUSQ.DE,SEKISUI CHEMICAL CO LTD ORD,4204.T,112100,0.0201,JAPAN,Consumer Cyclicals,Cyclical Consumer Products,Homebuilding & Construction Supplies
IUSQ.DE,CCL INDUSTRIES INC ORD,CCLb.TO,35409,0.0201,CANADA,Basic Materials,Applied Resources,Containers & Packaging
IUSQ.DE,SARTORIUS AG,SATG_p.DE,4106,0.0201,GERMANY,Healthcare,Healthcare Services & Equipment,Healthcare Equipment & Supplies
IUSQ.DE,BORGWARNER INC ORD,BWA.N,36304,0.02,UNITED STATES,Consumer Cyclicals,Automobiles & Auto Parts,Automobiles & Auto Parts
IUSQ.DE,DAI NIPPON PRINTING CO LTD ORD,7912.T,59400,0.02,JAPAN,Industrials,Industrial & Commercial Services,Professional & Commercial Services
IUSQ.DE,NOMURA HOLDINGS INC ORD,8604.T,408800,0.02,JAPAN,Financials,Banking & Investment Services,Investment Banking & Investment Services
IUSQ.DE,VIPSHOP HOLDGS SPON ADS REP 0.20 ORD,VIPS.N,89926,0.02,CHINA,Technology,Software & IT Services,Software & IT Services
IUSQ.DE,ALLEGION PLC ORD,ALLE.N,14490,0.02,IRELAND,Technology,Technology Equipment,Communications & Networking
IUSQ.DE,CELLTRION INC ORD,068270.KS,14633,0.0199,KOREA,Healthcare,Pharmaceuticals & Medical Research,Biotechnology & Medical Research
IUSQ.DE,SHINHAN FINANCIAL GROUP CO LTD ORD,055550.KS,60830,0.0198,KOREA,Financials,Banking & Investment Services,Banking Services
IUSQ.DE,CK ASSET HOLDINGS LTD ORD,1113.HK,290596,0.0198,HONG KONG,Real Estate,Real Estate,Real Estate Operations
IUSQ.DE,VERBUND AG ORD,VERB.VI,20122,0.0198,AUSTRIA,Utilities,Utilities,Electric Utilities & IPPs
IUSQ.DE,SMITH & NEPHEW PLC ORD,SN.L,109266,0.0197,UNITED KINGDOM,Healthcare,Healthcare Services & Equipment,Healthcare Equipment & Supplies
IUSQ.DE,SONOVA HOLDING AG ORD,SOON.S,5945,0.0197,SWITZERLAND,Healthcare,Healthcare Services & Equipment,Healthcare Equipment & Supplies
IUSQ.DE,SNAP INC ORD,SNAP.N,146681,0.0197,UNITED STATES,Technology,Software & IT Services,Software & IT Services
IUSQ.DE,SHIMADZU CORP ORD,7701.T,54500,0.0196,JAPAN,Technology,Technology Equipment,Office Equipment
IUSQ.DE,FOX CORP ORD,FOXA.OQ,49494,0.0196,UNITED STATES,Consumer Cyclicals,Cyclical Consumer Services,Media & Publishing
IUSQ.DE,EPAM SYSTEMS INC ORD,EPAM.N,7013,0.0196,UNITED STATES,Technology,Software & IT Services,Software & IT Services
IUSQ.DE,EVEREST GROUP LTD ORD,EG.N,4602,0.0196,BERMUDA,Financials,Insurance,Insurance
IUSQ.DE,RANDSTAD NV ORD,RAND.AS,28112,0.0195,NETHERLANDS,Industrials,Industrial & Commercial Services,Professional & Commercial Services
IUSQ.DE,EPIROC AB ORD,EPIRa.ST,82412,0.0195,SWEDEN,Industrials,Industrial Goods,"Machinery, Tools, Heavy Vehicles, Trains & Ships"
IUSQ.DE,PANDORA A/S ORD,PNDORA.CO,16400,0.0195,DENMARK,Consumer Cyclicals,Cyclical Consumer Products,Textiles & Apparel
IUSQ.DE,POSTE ITALIANE SPA ORD,PST.MI,144008,0.0195,ITALY,Industrials,Transportation,Freight & Logistics Services
IUSQ.DE,ABSA GROUP LTD ORD,ABGJ.J,153805,0.0194,SOUTH AFRICA,Financials,Banking & Investment Services,Banking Services
IUSQ.DE,NEXT PLC ORD,NXT.L,18050,0.0194,UNITED KINGDOM,Consumer Cyclicals,Retailers,Specialty Retailers
IUSQ.DE,ROGERS COMMUNICATIONS INC ORD,RCIb.TO,37223,0.0193,CANADA,Technology,Telecommunications Services,Telecommunications Services
IUSQ.DE,AISIN CORP ORD,7259.T,50100,0.0192,JAPAN,Consumer Cyclicals,Automobiles & Auto Parts,Automobiles & Auto Parts
IUSQ.DE,KGHM POLSKA MIEDZ SA ORD,KGH.WA,52399,0.0192,POLAND,Basic Materials,Mineral Resources,Metals & Mining
IUSQ.DE,DAIWA HOUSE INDUSTRY CO LTD ORD,1925.T,59700,0.0192,JAPAN,Consumer Cyclicals,Cyclical Consumer Products,Homebuilding & Construction Supplies
IUSQ.DE,TELEFLEX INC ORD,TFX.N,6437,0.0191,UNITED STATES,Healthcare,Healthcare Services & Equipment,Healthcare Equipment & Supplies
IUSQ.DE,MATCH GROUP INC ORD,MTCH.OQ,34773,0.0191,UNITED STATES,Technology,Software & IT Services,Software & IT Services
IUSQ.DE,OBAYASHI CORP ORD,1802.T,174300,0.0191,JAPAN,Industrials,Industrial & Commercial Services,Construction & Engineering
IUSQ.DE,ELBIT SYSTEMS LTD ORD,ESLT.TA,7562,0.0191,ISRAEL,Industrials,Industrial Goods,Aerospace & Defense
IUSQ.DE,BUNZL PLC ORD,BNZL.L,43317,0.019,UNITED KINGDOM,Industrials,Industrial & Commercial Services,Diversified Industrial Goods Wholesale
IUSQ.DE,INFORMA PLC ORD,INF.L,164755,0.019,UNITED KINGDOM,Industrials,Industrial & Commercial Services,Professional & Commercial Services
IUSQ.DE,BLACK KNIGHT INC ORD,BKI.N,22905,0.019,UNITED STATES,Technology,Software & IT Services,Software & IT Services
IUSQ.DE,LOTTERY CORPORATION LTD ORD,TLC.AX,460348,0.019,AUSTRALIA,Consumer Cyclicals,Cyclical Consumer Services,Hotels & Entertainment Services
IUSQ.DE,AXON ENTERPRISE INC ORD,AXON.OQ,8657,0.019,UNITED STATES,Industrials,Industrial Goods,Aerospace & Defense
IUSQ.DE,TRAVELSKY TECHNOLOGY LTD ORD,0696.HK,836000,0.0189,CHINA,Technology,Software & IT Services,Software & IT Services
IUSQ.DE,CONTEMPORARY AMPEREX TECHNOLOGY CO LTD ORD,300750.SZ,48100,0.0189,CHINA,Industrials,Industrial Goods,"Machinery, Tools, Heavy Vehicles, Trains & Ships"
IUSQ.DE,ORIGIN ENERGY LTD ORD,ORG.AX,280795,0.0189,AUSTRALIA,Utilities,Utilities,Electric Utilities & IPPs
IUSQ.DE,TENAGA NASIONAL BHD ORD,TENA.KL,752000,0.0189,MALAYSIA,Utilities,Utilities,Electric Utilities & IPPs
IUSQ.DE,WHITBREAD PLC ORD,WTB.L,35372,0.0188,UNITED KINGDOM,Consumer Cyclicals,Cyclical Consumer Services,Hotels & Entertainment Services
IUSQ.DE,TYLER TECHNOLOGIES INC ORD,TYL.N,4015,0.0188,UNITED STATES,Technology,Software & IT Services,Software & IT Services
IUSQ.DE,SVENSKA HANDELSBANKEN AB ORD,SHBa.ST,180856,0.0188,SWEDEN,Financials,Banking & Investment Services,Banking Services
IUSQ.DE,HYUNDAI MOBIS CO LTD ORD,012330.KS,8679,0.0188,KOREA,Consumer Cyclicals,Automobiles & Auto Parts,Automobiles & Auto Parts
IUSQ.DE,BDO UNIBANK INC ORD,BDO.PS,599672,0.0187,PHILIPPINES,Financials,Banking & Investment Services,Banking Services
IUSQ.DE,KWEICHOW MOUTAI CO LTD ORD,600519.SS,6000,0.0187,CHINA,Consumer Non-Cyclicals,Food & Beverages,Beverages
IUSQ.DE,BEIERSDORF AG ORD,BEIG.DE,12150,0.0187,GERMANY,Consumer Non-Cyclicals,Personal & Household Products & Services,Personal & Household Products & Services
IUSQ.DE,EMAAR PROPERTIES PJSC ORD,EMAR.DU,856332,0.0186,UNITED ARAB EMIRATES,Real Estate,Real Estate,Real Estate Operations
IUSQ.DE,DONGFENG MOTOR GROUP CO LTD ORD,0489.HK,3368000,0.0186,CHINA,Consumer Cyclicals,Automobiles & Auto Parts,Automobiles & Auto Parts
IUSQ.DE,NRG ENERGY INC ORD,NRG.N,41385,0.0186,UNITED STATES,Utilities,Utilities,Electric Utilities & IPPs
IUSQ.DE,SAGE GROUP PLC ORD,SGE.L,130601,0.0186,UNITED KINGDOM,Technology,Software & IT Services,Software & IT Services
IUSQ.DE,CAMECO CORP ORD,CCO.TO,44407,0.0185,CANADA,Energy,Uranium,Uranium
IUSQ.DE,TELKOM INDONESIA (PERSERO) TBK PT ORD,TLKM.JK,6324400,0.0184,INDONESIA,Technology,Telecommunications Services,Telecommunications Services
IUSQ.DE,IOI CORPORATION BHD ORD,IOIB.KL,1680900,0.0184,MALAYSIA,Consumer Non-Cyclicals,Food & Beverages,Food & Tobacco
IUSQ.DE,FORMOSA PLASTICS CORP ORD,1301.TW,583240,0.0183,TAIWAN,Basic Materials,Chemicals,Chemicals
IUSQ.DE,TERNA RETE ELETTRICA NAZIONALE SPA ORD,TRN.MI,182735,0.0183,ITALY,Utilities,Utilities,Electric Utilities & IPPs
IUSQ.DE,KINGSPAN GROUP PLC ORD,KSP.I,19180,0.0183,IRELAND,Consumer Cyclicals,Cyclical Consumer Products,Homebuilding & Construction Supplies
IUSQ.DE,TAIWAN CEMENT CORP ORD,1101.TW,1296454,0.0182,TAIWAN,Basic Materials,Mineral Resources,Construction Materials
IUSQ.DE,NORTHLAND POWER INC ORD,NPI.TO,79451,0.0182,CANADA,Utilities,Utilities,Electric Utilities & IPPs
IUSQ.DE,SOLAREDGE TECHNOLOGIES INC ORD,SEDG.OQ,6372,0.0182,ISRAEL,Energy,Renewable Energy,Renewable Energy
IUSQ.DE,INVESTOR AB ORD,INVEa.ST,75839,0.0182,SWEDEN,Financials,Investment Holding Companies,Investment Holding Companies
IUSQ.DE,ONEX CORP ORD,ONEX.TO,24985,0.0182,CANADA,Financials,Banking & Investment Services,Investment Banking & Investment Services
IUSQ.DE,FRESENIUS MEDICAL CARE AG & CO KGAA ORD,FMEG.DE,29369,0.0181,GERMANY,Healthcare,Healthcare Services & Equipment,Healthcare Providers & Services
IUSQ.DE,COGNEX CORP ORD,CGNX.OQ,28095,0.0181,UNITED STATES,Industrials,Industrial Goods,"Machinery, Tools, Heavy Vehicles, Trains & Ships"
IUSQ.DE,OTP BANK NYRT ORD,OTPB.BU,41704,0.018,HUNGARY,Financials,Banking & Investment Services,Banking Services
IUSQ.DE,RHEINMETALL AG ORD,RHMG.DE,5367,0.018,GERMANY,Industrials,Industrial Goods,Aerospace & Defense
IUSQ.DE,AMERICAN HOMES 4 RENT ORD,AMH.N,40699,0.018,UNITED STATES,Real Estate,Real Estate,Residential & Commercial REITs
IUSQ.DE,KANSAI ELECTRIC POWER CO INC ORD,9503.T,115800,0.018,JAPAN,Utilities,Utilities,Electric Utilities & IPPs
IUSQ.DE,HEALTHPEAK PROPERTIES INC ORD,PEAK.N,69776,0.018,UNITED STATES,Real Estate,Real Estate,Residential & Commercial REITs
IUSQ.DE,TELSTRA GROUP LTD ORD,TLS.AX,526089,0.0179,AUSTRALIA,Technology,Telecommunications Services,Telecommunications Services
IUSQ.DE,PARKLAND CORP ORD,PKI.TO,55412,0.0179,CANADA,Energy,Energy - Fossil Fuels,Oil & Gas
IUSQ.DE,POWER ASSETS HOLDINGS LTD ORD,0006.HK,289500,0.0179,HONG KONG,Utilities,Utilities,Electric Utilities & IPPs
IUSQ.DE,SOCIEDAD QUIMICA Y MINERA DE CHILE SA,SQMB.SN,20614,0.0179,CHILE,Basic Materials,Chemicals,Chemicals
IUSQ.DE,SKF AB ORD,SKFb.ST,78762,0.0178,SWEDEN,Industrials,Industrial Goods,"Machinery, Tools, Heavy Vehicles, Trains & Ships"
IUSQ.DE,ABN AMRO BANK NV,ABNd.AS,88244,0.0178,NETHERLANDS,Financials,Banking & Investment Services,Banking Services
IUSQ.DE,MALAYAN BANKING BHD ORD,MBBM.KL,750800,0.0178,MALAYSIA,Financials,Banking & Investment Services,Banking Services
IUSQ.DE,SGS SA ORD,SGSN.S,15428,0.0178,SWITZERLAND,Industrials,Industrial & Commercial Services,Professional & Commercial Services
IUSQ.DE,HOTAI MOTOR CO LTD ORD,2207.TW,62000,0.0177,TAIWAN,Consumer Cyclicals,Retailers,Specialty Retailers
IUSQ.DE,AMERICAN FINANCIAL GROUP INC ORD,AFG.N,12277,0.0177,UNITED STATES,Financials,Insurance,Insurance
IUSQ.DE,SUMITOMO REALTY & DEVELOPMENT CO LTD ORD,8830.T,56000,0.0177,JAPAN,Real Estate,Real Estate,Real Estate Operations
IUSQ.DE,COCHLEAR LTD ORD,COH.AX,9266,0.0177,AUSTRALIA,Healthcare,Healthcare Services & Equipment,Healthcare Equipment & Supplies
IUSQ.DE,RB GLOBAL INC ORD,RBA.TO,23145,0.0177,UNITED STATES,Industrials,Industrial & Commercial Services,Professional & Commercial Services
IUSQ.DE,HEICO CORP ORD,HEIa.N,10533,0.0175,UNITED STATES,Industrials,Industrial Goods,Aerospace & Defense
IUSQ.DE,UNITY SOFTWARE INC ORD,U.N,32245,0.0175,UNITED STATES,Technology,Software & IT Services,Software & IT Services
IUSQ.DE,ISUZU MOTORS LTD ORD,7202.T,113900,0.0175,JAPAN,Consumer Cyclicals,Automobiles & Auto Parts,Automobiles & Auto Parts
IUSQ.DE,H WORLD GROUP ADR,HTHT.OQ,30687,0.0174,CHINA,Consumer Cyclicals,Cyclical Consumer Services,Hotels & Entertainment Services
IUSQ.DE,MAKITA CORP ORD,6586.T,52400,0.0174,JAPAN,Industrials,Industrial Goods,"Machinery, Tools, Heavy Vehicles, Trains & Ships"
IUSQ.DE,KUNLUN ENERGY COMPANY LTD ORD,0135.HK,1794000,0.0173,HONG KONG,Utilities,Utilities,Natural Gas Utilities
IUSQ.DE,MITSUBISHI ESTATE CO LTD ORD,8802.T,118700,0.0172,JAPAN,Real Estate,Real Estate,Real Estate Operations
IUSQ.DE,REGENCY CENTERS CORP ORD,REG.OQ,22248,0.0172,UNITED STATES,Real Estate,Real Estate,Residential & Commercial REITs
IUSQ.DE,ENTAIN PLC ORD,ENT.L,81578,0.0172,ISLE OF MAN,Consumer Cyclicals,Cyclical Consumer Services,Hotels & Entertainment Services
IUSQ.DE,NEW ORIENTAL EDUCATION & TECHNOLOGY GROUP INC ORD,9901.HK,247960,0.0172,CHINA,Academic & Educational Services,Academic & Educational Services,Miscellaneous Educational Service Providers
IUSQ.DE,ANTA SPORTS PRODUCTS LTD ORD,2020.HK,124400,0.0172,CHINA,Consumer Cyclicals,Cyclical Consumer Products,Textiles & Apparel
IUSQ.DE,SOLVAY SA ORD,SOLB.BR,12109,0.0172,BELGIUM,Basic Materials,Chemicals,Chemicals
IUSQ.DE,DAVITA INC ORD,DVA.N,14161,0.0171,UNITED STATES,Healthcare,Healthcare Services & Equipment,Healthcare Providers & Services
IUSQ.DE,TOBU RAILWAY CO LTD ORD,9001.T,54500,0.0171,JAPAN,Industrials,Transportation,Passenger Transportation Services
IUSQ.DE,OVINTIV INC ORD,OVV.N,31396,0.0171,UNITED STATES,Energy,Energy - Fossil Fuels,Oil & Gas
IUSQ.DE,HOST HOTELS & RESORTS INC ORD,HST.OQ,78547,0.0171,UNITED STATES,Real Estate,Real Estate,Residential & Commercial REITs
IUSQ.DE,ENTEGRIS INC ORD,ENTG.OQ,13184,0.0171,UNITED STATES,Technology,Technology Equipment,Semiconductors & Semiconductor Equipment
IUSQ.DE,LAMB WESTON HOLDINGS INC ORD,LW.N,13981,0.0171,UNITED STATES,Consumer Non-Cyclicals,Food & Beverages,Food & Tobacco
IUSQ.DE,GENERAC HOLDINGS INC ORD,GNRC.N,9396,0.0171,UNITED STATES,Industrials,Industrial Goods,"Machinery, Tools, Heavy Vehicles, Trains & Ships"
IUSQ.DE,SUMITOMO ELECTRIC INDUSTRIES LTD ORD,5802.T,113000,0.0171,JAPAN,Consumer Cyclicals,Automobiles & Auto Parts,Automobiles & Auto Parts
IUSQ.DE,MINOR INTERNAT NVDR,MINTn.BK,1487118,0.017,THAILAND,Consumer Cyclicals,Cyclical Consumer Services,Hotels & Entertainment Services
IUSQ.DE,TOPPAN INC ORD,7911.T,61000,0.017,JAPAN,Industrials,Industrial & Commercial Services,Professional & Commercial Services
IUSQ.DE,CARLSBERG A/S ORD,CARLb.CO,9556,0.017,DENMARK,Consumer Non-Cyclicals,Food & Beverages,Beverages
IUSQ.DE,FINECOBANK BANCA FINECO SPA ORD,FBK.MI,92151,0.017,ITALY,Financials,Banking & Investment Services,Banking Services
IUSQ.DE,YARA INTERNATIONAL ASA ORD,YAR.OL,35200,0.017,NORWAY,Basic Materials,Chemicals,Chemicals
IUSQ.DE,GENTING SINGAPORE LTD ORD,GENS.SI,2035800,0.017,SINGAPORE,Consumer Cyclicals,Cyclical Consumer Services,Hotels & Entertainment Services
IUSQ.DE,ALGONQUIN POWER & UTILITIES CORP ORD,AQN.TO,174405,0.017,CANADA,Utilities,Utilities,Multiline Utilities
IUSQ.DE,JUNIPER NETWORKS INC ORD,JNPR.N,51700,0.017,UNITED STATES,Technology,Technology Equipment,Communications & Networking
IUSQ.DE,BANDAI NAMCO HOLDINGS INC ORD,7832.T,63500,0.017,JAPAN,Consumer Cyclicals,Cyclical Consumer Products,Leisure Products
IUSQ.DE,SARTORIUS STEDIM BIOTECH SA ORD,STDM.PA,4564,0.0169,FRANCE,Healthcare,Healthcare Services & Equipment,Healthcare Equipment & Supplies
IUSQ.DE,SK INNOVATION CO LTD ORD,096770.KS,8411,0.0169,KOREA,Energy,Energy - Fossil Fuels,Oil & Gas
IUSQ.DE,MEDIBANK PRIVATE LTD ORD,MPL.AX,605972,0.0169,AUSTRALIA,Financials,Insurance,Insurance
IUSQ.DE,KEYERA CORP ORD,KEY.TO,57020,0.0169,CANADA,Energy,Energy - Fossil Fuels,Oil & Gas Related Equipment and Services
IUSQ.DE,LEAR CORP ORD,LEA.N,9187,0.0168,UNITED STATES,Consumer Cyclicals,Automobiles & Auto Parts,Automobiles & Auto Parts
IUSQ.DE,WHIRLPOOL CORP ORD,WHR.N,9855,0.0168,UNITED STATES,Consumer Cyclicals,Cyclical Consumer Products,Household Goods
IUSQ.DE,GILDAN ACTIVEWEAR INC ORD,GIL.TO,45544,0.0168,CANADA,Consumer Cyclicals,Cyclical Consumer Products,Textiles & Apparel
IUSQ.DE,FAIRFAX FINANCIAL HOLDINGS LTD ORD,FFH.TO,1765,0.0167,CANADA,Financials,Insurance,Insurance
IUSQ.DE,COINBASE GLOBAL INC ORD,COIN.OQ,14332,0.0167,UNITED STATES,Technology,Financial Technology (Fintech) & Infrastructure,Financial Technology (Fintech) & Infrastructure
IUSQ.DE,DCC PLC ORD,DCC.L,24302,0.0167,IRELAND,Consumer Non-Cyclicals,Consumer Goods Conglomerates,Consumer Goods Conglomerates
IUSQ.DE,CHOCOLADEFABRIKEN LINDT & SPRUENGLI AG,LISP.S,115,0.0167,SWITZERLAND,Consumer Non-Cyclicals,Food & Beverages,Food & Tobacco
IUSQ.DE,EQUITY LIFESTYLE PROPERTIES INC ORD,ELS.N,19731,0.0166,UNITED STATES,Real Estate,Real Estate,Residential & Commercial REITs
IUSQ.DE,NOMURA REAL ESTATE HOLDINGS INC ORD,3231.T,56700,0.0166,JAPAN,Real Estate,Real Estate,Real Estate Operations
IUSQ.DE,COCA COLA HBC AG ORD,CCH.L,47680,0.0166,SWITZERLAND,Consumer Non-Cyclicals,Food & Beverages,Beverages
IUSQ.DE,TURK HAVA YOLLARI AO ORD,THYAO.IS,160864,0.0165,TURKEY,Industrials,Transportation,Passenger Transportation Services
IUSQ.DE,TAIWAN MOBILE CO LTD ORD,3045.TW,464000,0.0165,TAIWAN,Technology,Telecommunications Services,Telecommunications Services
IUSQ.DE,ROKU INC ORD,ROKU.OQ,14525,0.0165,UNITED STATES,Consumer Cyclicals,Cyclical Consumer Services,Media & Publishing
IUSQ.DE,MARKETAXESS HOLDINGS INC ORD,MKTX.OQ,5187,0.0165,UNITED STATES,Financials,Banking & Investment Services,Investment Banking & Investment Services
IUSQ.DE,NIPPON STEEL CORP ORD,5401.T,61200,0.0165,JAPAN,Basic Materials,Mineral Resources,Metals & Mining
IUSQ.DE,EQT CORP ORD,EQT.N,33175,0.0165,UNITED STATES,Energy,Energy - Fossil Fuels,Oil & Gas
IUSQ.DE,NICE LTD ORD,NICE.TA,6381,0.0164,ISRAEL,Technology,Software & IT Services,Software & IT Services
IUSQ.DE,BROOKFIELD ASSET MANAGEMENT LTD ORD,BAM.N,41031,0.0164,CANADA,Financials,Banking & Investment Services,Investment Banking & Investment Services
IUSQ.DE,PRESIDENT CHAIN STORE CORP ORD,2912.TW,156000,0.0164,TAIWAN,Consumer Non-Cyclicals,Food & Drug Retailing,Food & Drug Retailing
IUSQ.DE,COLOPLAST A/S ORD,COLOb.CO,11109,0.0164,DENMARK,Healthcare,Healthcare Services & Equipment,Healthcare Equipment & Supplies
IUSQ.DE,ASTRA INTERNATIONAL TBK PT ORD,ASII.JK,3032000,0.0163,INDONESIA,Consumer Non-Cyclicals,Consumer Goods Conglomerates,Consumer Goods Conglomerates
IUSQ.DE,CARLISLE COMPANIES INC ORD,CSL.N,4987,0.0163,UNITED STATES,Consumer Cyclicals,Cyclical Consumer Products,Homebuilding & Construction Supplies
IUSQ.DE,CITIC LTD ORD,0267.HK,1224000,0.0163,CHINA,Financials,Banking & Investment Services,Banking Services
IUSQ.DE,BRL CASH,NULL,6560541,0.0163,BRAZIL,Unable to resolve all requested identifiers.,,
IUSQ.DE,BILL HOLDINGS INC ORD,BILL.N,11033,0.0163,UNITED STATES,Technology,Software & IT Services,Software & IT Services
IUSQ.DE,SUNCORP GROUP LTD ORD,SUN.AX,143839,0.0163,AUSTRALIA,Financials,Insurance,Insurance
IUSQ.DE,DENTSPLY SIRONA INC ORD,XRAY.OQ,33154,0.0163,UNITED STATES,Healthcare,Healthcare Services & Equipment,Healthcare Equipment & Supplies
IUSQ.DE,ZTO EXPRESS CAYMAN ADR REP CL A ORD,ZTO.N,49565,0.0163,CHINA,Industrials,Transportation,Freight & Logistics Services
IUSQ.DE,XPENG INC ORD,9868.HK,124118,0.0163,CHINA,Consumer Cyclicals,Automobiles & Auto Parts,Automobiles & Auto Parts
IUSQ.DE,ROBERT HALF INC ORD,RHI.N,18638,0.0163,UNITED STATES,Industrials,Industrial & Commercial Services,Professional & Commercial Services
IUSQ.DE,LENOVO GROUP LTD ORD,0992.HK,1198000,0.0162,CHINA,Technology,Technology Equipment,"Computers, Phones & Household Electronics"
IUSQ.DE,HEALTHCARE REALTY TRUST INC ORD,HR.N,70089,0.0162,UNITED STATES,Real Estate,Real Estate,Residential & Commercial REITs
IUSQ.DE,HENRY SCHEIN INC ORD,HSIC.OQ,17418,0.0162,UNITED STATES,Healthcare,Healthcare Services & Equipment,Healthcare Equipment & Supplies
IUSQ.DE,F5 INC ORD,FFIV.OQ,8598,0.0161,UNITED STATES,Technology,Software & IT Services,Software & IT Services
IUSQ.DE,M3 INC ORD,2413.T,59200,0.0161,JAPAN,Technology,Software & IT Services,Software & IT Services
IUSQ.DE,PICC PROPERTY AND CASUALTY CO LTD ORD,2328.HK,1165000,0.0161,CHINA,Financials,Insurance,Insurance
IUSQ.DE,MTU AERO ENGINES AG ORD,MTXGn.DE,5819,0.0161,GERMANY,Industrials,Industrial Goods,Aerospace & Defense
IUSQ.DE,GEELY AUTOMOBILE HOLDINGS LTD ORD,0175.HK,946000,0.0161,HONG KONG,Consumer Cyclicals,Automobiles & Auto Parts,Automobiles & Auto Parts
IUSQ.DE,AKBANK TAS ORD,AKBNK.IS,1311401,0.0161,TURKEY,Financials,Banking & Investment Services,Banking Services
IUSQ.DE,GJENSIDIGE FORSIKRING ASA ORD,GJFG.OL,85521,0.016,NORWAY,Financials,Insurance,Insurance
IUSQ.DE,KOREAN AIR LINES CO LTD ORD,003490.KS,70096,0.016,KOREA,Industrials,Transportation,Passenger Transportation Services
IUSQ.DE,LOGITECH INTERNATIONAL SA ORD,LOGN.S,19005,0.0159,SWITZERLAND,Technology,Technology Equipment,"Computers, Phones & Household Electronics"
IUSQ.DE,LIBERTY BROADBAND CORP ORD,LBRDK.OQ,15065,0.0159,UNITED STATES,Consumer Cyclicals,Cyclical Consumer Services,Media & Publishing
IUSQ.DE,FIDELITY NATIONAL FINANCIAL INC ORD,FNF.N,34292,0.0159,UNITED STATES,Financials,Insurance,Insurance
IUSQ.DE,PRESS METAL ALUMINIUM HOLDINGS BHD ORD,PMET.KL,1194100,0.0158,MALAYSIA,Basic Materials,Mineral Resources,Metals & Mining
IUSQ.DE,IMCD NV ORD,IMCD.AS,8775,0.0158,NETHERLANDS,Basic Materials,Chemicals,Chemicals
IUSQ.DE,SONIC HEALTHCARE LTD ORD,SHL.AX,56401,0.0158,AUSTRALIA,Healthcare,Healthcare Services & Equipment,Healthcare Providers & Services
IUSQ.DE,LOBLAW COMPANIES LTD ORD,L.TO,15026,0.0158,CANADA,Consumer Non-Cyclicals,Food & Drug Retailing,Food & Drug Retailing
IUSQ.DE,NEW WORLD DEVELOPMENT CO LTD ORD,0017.HK,538250,0.0157,HONG KONG,Real Estate,Real Estate,Real Estate Operations
IUSQ.DE,FIBRA UNO ADMINISTRACION SA DE CV ORD,FUNO11.MX,881175,0.0157,MEXICO,Real Estate,Real Estate,Residential & Commercial REITs
IUSQ.DE,KE HOLDINGS ADR REP 3 CL A ORD,BEKE.N,76452,0.0157,CHINA,Real Estate,Real Estate,Real Estate Operations
IUSQ.DE,BEIGENE LTD ORD,6160.HK,79439,0.0157,CAYMAN ISLANDS,Healthcare,Pharmaceuticals & Medical Research,Biotechnology & Medical Research
IUSQ.DE,WORLDLINE SA ORD,WLN.PA,33405,0.0157,FRANCE,Technology,Financial Technology (Fintech) & Infrastructure,Financial Technology (Fintech) & Infrastructure
IUSQ.DE,TWILIO INC ORD,TWLO.N,20025,0.0156,UNITED STATES,Technology,Software & IT Services,Software & IT Services
IUSQ.DE,AP MOELLER - MAERSK A/S ORD,MAERSKb.CO,635,0.0155,DENMARK,Industrials,Transportation,Freight & Logistics Services
IUSQ.DE,CHR HANSEN HOLDING A/S ORD,CHRH.CO,17263,0.0155,DENMARK,Consumer Non-Cyclicals,Food & Beverages,Food & Tobacco
IUSQ.DE,CERIDIAN HCM HOLDING INC ORD,CDAY.N,18570,0.0155,UNITED STATES,Technology,Software & IT Services,Software & IT Services
IUSQ.DE,HEINEKEN HOLDING NV ORD,HEIO.AS,15968,0.0155,NETHERLANDS,Consumer Non-Cyclicals,Food & Beverages,Beverages
IUSQ.DE,JAPAN POST HOLDINGS CO LTD ORD,6178.T,179100,0.0155,JAPAN,Financials,Insurance,Insurance
IUSQ.DE,DELTA AIR LINES INC ORD,DAL.N,28168,0.0154,UNITED STATES,Industrials,Transportation,Passenger Transportation Services
IUSQ.DE,JACK HENRY & ASSOCIATES INC ORD,JKHY.OQ,7777,0.0154,UNITED STATES,Technology,Software & IT Services,Software & IT Services
IUSQ.DE,EXOR NV ORD,EXOR.AS,13871,0.0154,NETHERLANDS,Industrials,Industrial Goods,"Machinery, Tools, Heavy Vehicles, Trains & Ships"
IUSQ.DE,AENA SME SA ORD,AENA.MC,8102,0.0154,SPAIN,Industrials,Transportation,Transport Infrastructure
IUSQ.DE,KESKO OYJ ORD,KESKOB.HE,65014,0.0154,FINLAND,Consumer Non-Cyclicals,Food & Drug Retailing,Food & Drug Retailing
IUSQ.DE,CHINA RESOURCES LAND LTD ORD,1109.HK,280000,0.0153,HONG KONG,Real Estate,Real Estate,Real Estate Operations
IUSQ.DE,SUN COMMUNITIES INC ORD,SUI.N,9912,0.0153,UNITED STATES,Real Estate,Real Estate,Residential & Commercial REITs
IUSQ.DE,DROPBOX INC ORD,DBX.OQ,47907,0.0153,UNITED STATES,Technology,Software & IT Services,Software & IT Services
IUSQ.DE,KINROSS GOLD CORP ORD,K.TO,259413,0.0153,CANADA,Basic Materials,Mineral Resources,Metals & Mining
IUSQ.DE,NEUROCRINE BIOSCIENCES INC ORD,NBIX.OQ,12701,0.0153,UNITED STATES,Healthcare,Pharmaceuticals & Medical Research,Biotechnology & Medical Research
IUSQ.DE,SODEXO SA ORD,EXHO.PA,12539,0.0153,FRANCE,Consumer Cyclicals,Cyclical Consumer Services,Hotels & Entertainment Services
IUSQ.DE,PUBLIC BANK BHD ORD,PUBM.KL,1394200,0.0152,MALAYSIA,Financials,Banking & Investment Services,Banking Services
IUSQ.DE,NIPPON YUSEN KK ORD,9101.T,52900,0.0152,JAPAN,Industrials,Transportation,Freight & Logistics Services
IUSQ.DE,SWATCH GROUP AG ORD,UHR.S,3999,0.0152,SWITZERLAND,Consumer Cyclicals,Cyclical Consumer Products,Textiles & Apparel
IUSQ.DE,BALOISE HOLDING AG ORD,BALN.S,8219,0.0151,SWITZERLAND,Financials,Insurance,Insurance
IUSQ.DE,BANCO SANTANDER-CHILE ORD,BSANTANDER.SN,23808016,0.015,CHILE,Financials,Banking & Investment Services,Banking Services
IUSQ.DE,CARREFOUR SA ORD,CARR.PA,63068,0.015,FRANCE,Consumer Non-Cyclicals,Food & Drug Retailing,Food & Drug Retailing
IUSQ.DE,TOKYO GAS CO LTD ORD,9531.T,55800,0.015,JAPAN,Utilities,Utilities,Natural Gas Utilities
IUSQ.DE,SBI HOLDINGS INC ORD,8473.T,60000,0.015,JAPAN,Financials,Banking & Investment Services,Investment Banking & Investment Services
IUSQ.DE,AGRICULTURAL BANK OF CHINA LTD ORD,1288.HK,3487000,0.015,CHINA,Financials,Banking & Investment Services,Banking Services
IUSQ.DE,NOVOZYMES A/S ORD,NZYMb.CO,25269,0.015,DENMARK,Basic Materials,Chemicals,Chemicals
IUSQ.DE,DOCUSIGN INC ORD,DOCU.OQ,23470,0.0149,UNITED STATES,Technology,Software & IT Services,Software & IT Services
IUSQ.DE,TELEPERFORMANCE SE ORD,TEPRF.PA,8653,0.0149,FRANCE,Industrials,Industrial & Commercial Services,Professional & Commercial Services
IUSQ.DE,SK INC ORD,034730.KS,10460,0.0148,KOREA,Energy,Energy - Fossil Fuels,Oil & Gas
IUSQ.DE,HANKYU HANSHIN HOLDINGS INC ORD,9042.T,37700,0.0148,JAPAN,Industrials,Transportation,Passenger Transportation Services
IUSQ.DE,MINERAL RESOURCES LTD ORD,MIN.AX,26054,0.0148,AUSTRALIA,Basic Materials,Mineral Resources,Metals & Mining
IUSQ.DE,MITSUI O.S.K. LINES LTD ORD,9104.T,48300,0.0148,JAPAN,Industrials,Transportation,Freight & Logistics Services
IUSQ.DE,HEICO CORP ORD,HEI.N,7096,0.0148,UNITED STATES,Industrials,Industrial Goods,Aerospace & Defense
IUSQ.DE,SMURFIT KAPPA GROUP PLC ORD,SKG.I,31282,0.0147,IRELAND,Basic Materials,Applied Resources,Containers & Packaging
IUSQ.DE,WARTSILA OYJ ABP ORD,WRT1V.HE,98906,0.0147,FINLAND,Industrials,Industrial Goods,"Machinery, Tools, Heavy Vehicles, Trains & Ships"
IUSQ.DE,BECHTLE AG ORD,BC8G.DE,27961,0.0146,GERMANY,Technology,Software & IT Services,Software & IT Services
IUSQ.DE,VAIL RESORTS INC ORD,MTN.N,5242,0.0146,UNITED STATES,Consumer Cyclicals,Cyclical Consumer Services,Hotels & Entertainment Services
IUSQ.DE,CAMPBELL SOUP CO ORD,CPB.N,26797,0.0145,UNITED STATES,Consumer Non-Cyclicals,Food & Beverages,Food & Tobacco
IUSQ.DE,AMPOL LTD ORD,ALD.AX,55281,0.0145,AUSTRALIA,Energy,Energy - Fossil Fuels,Oil & Gas
IUSQ.DE,CHESAPEAKE ENERGY CORP ORD,CHK.OQ,14513,0.0145,UNITED STATES,Energy,Energy - Fossil Fuels,Oil & Gas
IUSQ.DE,PAYLOCITY HOLDING CORP ORD,PCTY.OQ,5408,0.0145,UNITED STATES,Technology,Software & IT Services,Software & IT Services
IUSQ.DE,ACS ACTIVIDADES DE CONSTRUCCION Y SERVICIOS SA ORD,ACS.MC,34880,0.0145,SPAIN,Industrials,Industrial & Commercial Services,Construction & Engineering
IUSQ.DE,OKTA INC ORD,OKTA.OQ,15882,0.0144,UNITED STATES,Technology,Software & IT Services,Software & IT Services
IUSQ.DE,WESTROCK CO ORD,WRK.N,36660,0.0144,UNITED STATES,Basic Materials,Applied Resources,Containers & Packaging
IUSQ.DE,QATAR ISLAMIC BANK QPSC ORD,QISB.QA,209033,0.0144,QATAR,Financials,Banking & Investment Services,Banking Services
IUSQ.DE,BCE INC ORD,BCE.TO,28085,0.0144,CANADA,Technology,Telecommunications Services,Telecommunications Services
IUSQ.DE,CLARIANT AG ORD,CLN.S,74240,0.0144,SWITZERLAND,Basic Materials,Chemicals,Chemicals
IUSQ.DE,APA GROUP STAPLED UNT,APA.AX,179991,0.0143,AUSTRALIA,Utilities,Utilities,Natural Gas Utilities
IUSQ.DE,SKANSKA AB ORD,SKAb.ST,75942,0.0143,SWEDEN,Industrials,Industrial & Commercial Services,Construction & Engineering
IUSQ.DE,STORA ENSO OYJ ORD,STERV.HE,98585,0.0143,FINLAND,Basic Materials,Applied Resources,Paper & Forest Products
IUSQ.DE,KINGFISHER PLC ORD,KGF.L,383623,0.0143,UNITED KINGDOM,Consumer Cyclicals,Retailers,Specialty Retailers
IUSQ.DE,HASBRO INC ORD,HAS.OQ,18727,0.0143,UNITED STATES,Consumer Cyclicals,Cyclical Consumer Products,Leisure Products
IUSQ.DE,HUNTINGTON INGALLS INDUSTRIES INC ORD,HII.N,5217,0.0142,UNITED STATES,Industrials,Industrial Goods,Aerospace & Defense
IUSQ.DE,LG ELECTRONICS INC ORD,066570.KS,14159,0.0142,KOREA,Technology,Technology Equipment,"Computers, Phones & Household Electronics"
IUSQ.DE,CHINA RESOURCES BEER HOLDINGS CO LTD ORD,0291.HK,188000,0.0142,HONG KONG,Consumer Non-Cyclicals,Food & Beverages,Beverages
IUSQ.DE,SHENZHOU INTERNATIONAL GROUP HOLDINGS LTD ORD,2313.HK,114400,0.0142,CHINA,Consumer Cyclicals,Cyclical Consumer Products,Textiles & Apparel
IUSQ.DE,XINYI SOLAR HOLDINGS LTD ORD,0968.HK,1104000,0.0141,CHINA,Energy,Renewable Energy,Renewable Energy
IUSQ.DE,ICL GROUP LTD ORD,ICL.TA,179244,0.0141,ISRAEL,Basic Materials,Chemicals,Chemicals
IUSQ.DE,SHIMIZU CORP ORD,1803.T,172500,0.0141,JAPAN,Industrials,Industrial & Commercial Services,Construction & Engineering
IUSQ.DE,ANNALY CAPITAL MANAGEMENT INC ORD,NLY.N,59351,0.0141,UNITED STATES,Real Estate,Real Estate,Residential & Commercial REITs
IUSQ.DE,SINGAPORE TELECOMMUNICATIONS LTD ORD,STEL.SI,594800,0.0141,SINGAPORE,Technology,Telecommunications Services,Telecommunications Services
IUSQ.DE,WANT WANT CHINA HOLDINGS LTD ORD,0151.HK,1718000,0.0141,CHINA,Consumer Non-Cyclicals,Food & Beverages,Food & Tobacco
IUSQ.DE,DYNATRACE INC ORD,DT.N,21599,0.014,UNITED STATES,Technology,Software & IT Services,Software & IT Services
IUSQ.DE,AERCAP HOLDINGS NV ORD,AER.N,18549,0.014,IRELAND,Industrials,Industrial & Commercial Services,Professional & Commercial Services
IUSQ.DE,PRYSMIAN SPA ORD,PRY.MI,29582,0.014,ITALY,Industrials,Industrial Goods,"Machinery, Tools, Heavy Vehicles, Trains & Ships"
IUSQ.DE,BATH & BODY WORKS INC ORD,BBWI.N,32042,0.014,UNITED STATES,Consumer Cyclicals,Retailers,Specialty Retailers
IUSQ.DE,DEUTSCHE LUFTHANSA AG ORD,LHAG.DE,117339,0.014,GERMANY,Industrials,Transportation,Passenger Transportation Services
IUSQ.DE,ORKLA ASA ORD,ORK.OL,149514,0.014,NORWAY,Consumer Non-Cyclicals,Food & Beverages,Food & Tobacco
IUSQ.DE,ORLEN SA ORD,PKN.WA,65937,0.014,POLAND,Energy,Energy - Fossil Fuels,Oil & Gas
IUSQ.DE,ENEL CHILE SA ORD,ENELCHILE.SN,17013829,0.0139,CHILE,Utilities,Utilities,Electric Utilities & IPPs
IUSQ.DE,CAPITALAND INVESTMENT LTD ORD,CAPN.SI,457500,0.0139,SINGAPORE,Real Estate,Real Estate,Real Estate Operations
IUSQ.DE,SIBANYE STILLWATER LTD ORD,SSWJ.J,618423,0.0139,SOUTH AFRICA,Basic Materials,Mineral Resources,Metals & Mining
IUSQ.DE,MASRAF AL RAYAN QPSC ORD,MARK.QA,1708260,0.0139,QATAR,Financials,Banking & Investment Services,Banking Services
IUSQ.DE,ASAHI KASEI CORP ORD,3407.T,172000,0.0139,JAPAN,Basic Materials,Chemicals,Chemicals
IUSQ.DE,BANK HAPOALIM BM ORD,POLI.TA,131766,0.0139,ISRAEL,Financials,Banking & Investment Services,Banking Services
IUSQ.DE,IDEX CORP ORD,IEX.N,5199,0.0139,UNITED STATES,Industrials,Industrial Goods,"Machinery, Tools, Heavy Vehicles, Trains & Ships"
IUSQ.DE,PAN PACIFIC INTERNATIONAL HOLDINGS CORP ORD,7532.T,59600,0.0139,JAPAN,Consumer Cyclicals,Retailers,Diversified Retail
IUSQ.DE,L&F CO LTD ORD,066970.KQ,5815,0.0139,KOREA,Basic Materials,Chemicals,Chemicals
IUSQ.DE,ASX LTD ORD,ASX.AX,27941,0.0138,AUSTRALIA,Financials,Banking & Investment Services,Investment Banking & Investment Services
IUSQ.DE,REPLIGEN CORP ORD,RGEN.OQ,6811,0.0138,UNITED STATES,Healthcare,Healthcare Services & Equipment,Healthcare Equipment & Supplies
IUSQ.DE,POWSZECHNY ZAKLAD UBEZPIECZEN SA ORD,PZU.WA,113940,0.0137,POLAND,Financials,Insurance,Insurance
IUSQ.DE,HANA FINANCIAL GROUP INC ORD,086790.KS,37614,0.0137,KOREA,Financials,Banking & Investment Services,Banking Services
IUSQ.DE,DAIWA HOUSE REIT INVESTMENT CORP ORD,8984.T,590,0.0137,JAPAN,Real Estate,Real Estate,Residential & Commercial REITs
IUSQ.DE,ARC RESOURCES LTD ORD,ARX.TO,76407,0.0137,CANADA,Energy,Energy - Fossil Fuels,Oil & Gas
IUSQ.DE,NORDSON CORP ORD,NDSN.OQ,4591,0.0137,UNITED STATES,Industrials,Industrial Goods,"Machinery, Tools, Heavy Vehicles, Trains & Ships"
IUSQ.DE,UCB SA ORD,UCB.BR,13046,0.0137,BELGIUM,Healthcare,Pharmaceuticals & Medical Research,Pharmaceuticals
IUSQ.DE,SM INVESTMENTS CORP ORD,SM.PS,69605,0.0137,PHILIPPINES,Consumer Non-Cyclicals,Food & Drug Retailing,Food & Drug Retailing
IUSQ.DE,TRADEWEB MARKETS INC ORD,TW.OQ,14071,0.0136,UNITED STATES,Financials,Banking & Investment Services,Investment Banking & Investment Services
IUSQ.DE,IDEMITSU KOSAN CO LTD ORD,5019.T,54500,0.0136,JAPAN,Energy,Energy - Fossil Fuels,Oil & Gas
IUSQ.DE,TOKYO ELECTRIC POWER COMPANY HOLDINGS INC ORD,9501.T,288400,0.0136,JAPAN,Utilities,Utilities,Electric Utilities & IPPs
IUSQ.DE,UNIBAIL-RODAMCO-WESTFIELD SE,URW.PA,20234,0.0136,FRANCE,Real Estate,Real Estate,Residential & Commercial REITs
IUSQ.DE,INTERTEK GROUP PLC ORD,ITRK.L,20481,0.0136,UNITED KINGDOM,Industrials,Industrial & Commercial Services,Professional & Commercial Services
IUSQ.DE,COMPUTERSHARE LTD ORD,CPU.AX,68272,0.0136,AUSTRALIA,Technology,Software & IT Services,Software & IT Services
IUSQ.DE,TEVA PHARMACEUTICAL INDUSTRIES LTD ORD,TEVA.TA,136669,0.0136,ISRAEL,Healthcare,Pharmaceuticals & Medical Research,Pharmaceuticals
IUSQ.DE,PILBARA MINERALS LTD ORD,PLS.AX,350884,0.0135,AUSTRALIA,Basic Materials,Mineral Resources,Metals & Mining
IUSQ.DE,CARLYLE GROUP INC ORD,CG.OQ,31990,0.0135,UNITED STATES,Financials,Banking & Investment Services,Investment Banking & Investment Services
IUSQ.DE,FIRST FINANCIAL HOLDING CO LTD ORD,2892.TW,1232480,0.0135,TAIWAN,Financials,Banking & Investment Services,Banking Services
IUSQ.DE,SUBARU CORP ORD,7270.T,60200,0.0135,JAPAN,Consumer Cyclicals,Automobiles & Auto Parts,Automobiles & Auto Parts
IUSQ.DE,CARL ZEISS MEDITEC AG ORD,AFXG.DE,9797,0.0135,GERMANY,Healthcare,Healthcare Services & Equipment,Healthcare Equipment & Supplies
IUSQ.DE,ASAHI INTECC CO LTD ORD,7747.T,55600,0.0135,JAPAN,Healthcare,Healthcare Services & Equipment,Healthcare Equipment & Supplies
IUSQ.DE,SCENTRE GROUP,SCG.AX,597646,0.0134,AUSTRALIA,Real Estate,Real Estate,Real Estate Operations
IUSQ.DE,KNIGHT-SWIFT TRANSPORTATION HOLDINGS INC ORD,KNX.N,18618,0.0134,UNITED STATES,Industrials,Transportation,Freight & Logistics Services
IUSQ.DE,HAIER SMART HOME CO LTD ORD,6690.HK,347600,0.0134,CHINA,Consumer Cyclicals,Cyclical Consumer Products,Household Goods
IUSQ.DE,GALP ENERGIA SGPS SA ORD,GALP.LS,84784,0.0134,PORTUGAL,Energy,Energy - Fossil Fuels,Oil & Gas
IUSQ.DE,Z HOLDINGS CORP ORD,4689.T,407400,0.0134,JAPAN,Technology,Software & IT Services,Software & IT Services
IUSQ.DE,AYALA LAND INC ORD,ALI.PS,2269080,0.0134,PHILIPPINES,Real Estate,Real Estate,Real Estate Operations
IUSQ.DE,ACCOR SA ORD,ACCP.PA,30064,0.0134,FRANCE,Consumer Cyclicals,Cyclical Consumer Services,Hotels & Entertainment Services
IUSQ.DE,OMRON CORP ORD,6645.T,21200,0.0134,JAPAN,Industrials,Industrial Goods,"Machinery, Tools, Heavy Vehicles, Trains & Ships"
IUSQ.DE,CONTINENTAL AG ORD,CONG.DE,14111,0.0134,GERMANY,Consumer Cyclicals,Automobiles & Auto Parts,Automobiles & Auto Parts
IUSQ.DE,PARAMOUNT GLOBAL ORD,PARA.OQ,69941,0.0133,UNITED STATES,Consumer Cyclicals,Cyclical Consumer Services,Media & Publishing
IUSQ.DE,PORSCHE AUTOMOBIL HOLDING SE,PSHG_p.DE,18932,0.0133,GERMANY,Consumer Cyclicals,Automobiles & Auto Parts,Automobiles & Auto Parts
IUSQ.DE,FRANKLIN RESOURCES INC ORD,BEN.N,38358,0.0133,UNITED STATES,Financials,Banking & Investment Services,Investment Banking & Investment Services
IUSQ.DE,INSURANCE AUSTRALIA GROUP LTD ORD,IAG.AX,280793,0.0133,AUSTRALIA,Financials,Insurance,Insurance
IUSQ.DE,E.SUN FINANCIAL HOLDING CO LTD ORD,2884.TW,1366733,0.0133,TAIWAN,Financials,Banking & Investment Services,Banking Services
IUSQ.DE,TAIWAN COOPERATIVE FINANCIAL HOLDING CO LTD ORD,5880.TW,1194340,0.0132,TAIWAN,Financials,Banking & Investment Services,Banking Services
IUSQ.DE,KYOWA KIRIN CO LTD ORD,4151.T,58600,0.0132,JAPAN,Healthcare,Pharmaceuticals & Medical Research,Pharmaceuticals
IUSQ.DE,ALFA LAVAL AB ORD,ALFA.ST,29733,0.0132,SWEDEN,Industrials,Industrial Goods,"Machinery, Tools, Heavy Vehicles, Trains & Ships"
IUSQ.DE,CAPITEC BANK HOLDINGS LTD ORD,CPIJ.J,11032,0.0132,SOUTH AFRICA,Financials,Banking & Investment Services,Banking Services
IUSQ.DE,UNITED UTILITIES GROUP PLC ORD,UU.L,86591,0.0132,UNITED KINGDOM,Utilities,Utilities,Water & Related Utilities
IUSQ.DE,SENSATA TECHNOLOGIES HOLDING PLC ORD,ST.N,26266,0.0131,UNITED STATES,Technology,Technology Equipment,Electronic Equipment & Parts
IUSQ.DE,NEXON CO LTD ORD,3659.T,58000,0.0131,JAPAN,Technology,Software & IT Services,Software & IT Services
IUSQ.DE,INNOVENT BIOLOGICS INC ORD,1801.HK,249500,0.0131,CHINA,Healthcare,Pharmaceuticals & Medical Research,Pharmaceuticals
IUSQ.DE,EMIRATES NBD BANK PJSC ORD,ENBD.DU,239745,0.0131,UNITED ARAB EMIRATES,Financials,Banking & Investment Services,Banking Services
IUSQ.DE,SEKISUI HOUSE LTD ORD,1928.T,54200,0.0131,JAPAN,Consumer Cyclicals,Cyclical Consumer Products,Homebuilding & Construction Supplies
IUSQ.DE,HANNOVER RUECK SE ORD,HNRGn.DE,5192,0.0131,GERMANY,Financials,Insurance,Insurance
IUSQ.DE,SUNNY OPTICAL TECHNOLOGY GROUP CO LTD ORD,2382.HK,114200,0.0131,CHINA,Technology,Technology Equipment,Electronic Equipment & Parts
IUSQ.DE,EIFFAGE SA ORD,FOUG.PA,10518,0.013,FRANCE,Industrials,Industrial & Commercial Services,Construction & Engineering
IUSQ.DE,SUMITOMO CHEMICAL CO LTD ORD,4005.T,353300,0.0129,JAPAN,Basic Materials,Chemicals,Chemicals
IUSQ.DE,TMX GROUP LTD ORD,X.TO,49141,0.0129,CANADA,Financials,Banking & Investment Services,Investment Banking & Investment Services
IUSQ.DE,TENARIS SA ORD,TENR.MI,65310,0.0129,LUXEMBOURG,Energy,Energy - Fossil Fuels,Oil & Gas Related Equipment and Services
IUSQ.DE,DARLING INGREDIENTS INC ORD,DAR.N,15712,0.0129,UNITED STATES,Consumer Non-Cyclicals,Food & Beverages,Food & Tobacco
IUSQ.DE,LPL FINANCIAL HOLDINGS INC ORD,LPLA.OQ,4713,0.0128,UNITED STATES,Financials,Banking & Investment Services,Investment Banking & Investment Services
IUSQ.DE,ORION OYJ ORD,ORNBV.HE,28142,0.0128,FINLAND,Healthcare,Pharmaceuticals & Medical Research,Pharmaceuticals
IUSQ.DE,ALSTOM SA ORD,ALSO.PA,35171,0.0128,FRANCE,Industrials,Industrial Goods,"Machinery, Tools, Heavy Vehicles, Trains & Ships"
IUSQ.DE,CHARLES RIVER LABORATORIES INTERNATIONAL INC ORD,CRL.N,5185,0.0128,UNITED STATES,Healthcare,Pharmaceuticals & Medical Research,Biotechnology & Medical Research
IUSQ.DE,YAMATO HOLDINGS CO LTD ORD,9064.T,57600,0.0128,JAPAN,Industrials,Transportation,Freight & Logistics Services
IUSQ.DE,JFE HOLDINGS INC ORD,5411.T,66300,0.0127,JAPAN,Basic Materials,Mineral Resources,Metals & Mining
IUSQ.DE,SAMSUNG BIOLOGICS CO LTD ORD,207940.KS,1790,0.0127,KOREA,Healthcare,Pharmaceuticals & Medical Research,Pharmaceuticals
IUSQ.DE,PETRONAS CHEMICALS GROUP BHD ORD,PCGB.KL,690200,0.0126,MALAYSIA,Basic Materials,Chemicals,Chemicals
IUSQ.DE,COVESTRO AG ORD,1COV.DE,19844,0.0126,GERMANY,Basic Materials,Chemicals,Chemicals
IUSQ.DE,ONO PHARMACEUTICAL CO LTD ORD,4528.T,58100,0.0126,JAPAN,Healthcare,Pharmaceuticals & Medical Research,Pharmaceuticals
IUSQ.DE,VIVENDI SE ORD,VIV.PA,118924,0.0126,FRANCE,Consumer Cyclicals,Cyclical Consumer Services,Media & Publishing
IUSQ.DE,GLOBE LIFE INC ORD,GL.N,9531,0.0126,UNITED STATES,Financials,Insurance,Insurance
IUSQ.DE,RIVIAN AUTOMOTIVE INC ORD,RIVN.OQ,38536,0.0126,UNITED STATES,Consumer Cyclicals,Automobiles & Auto Parts,Automobiles & Auto Parts
IUSQ.DE,SAMSUNG LIFE INSURANCE CO LTD ORD,032830.KS,19375,0.0125,KOREA,Financials,Insurance,Insurance
IUSQ.DE,JAZZ PHARMACEUTICALS PLC ORD,JAZZ.OQ,8123,0.0125,IRELAND,Healthcare,Pharmaceuticals & Medical Research,Pharmaceuticals
IUSQ.DE,CYBERARK SOFTWARE LTD ORD,CYBR.OQ,6345,0.0125,ISRAEL,Technology,Software & IT Services,Software & IT Services
IUSQ.DE,JAPAN EXCHANGE GROUP INC ORD,8697.T,60900,0.0125,JAPAN,Financials,Banking & Investment Services,Investment Banking & Investment Services
IUSQ.DE,TIS INC ORD,3626.T,41500,0.0124,JAPAN,Technology,Software & IT Services,Software & IT Services
IUSQ.DE,GEA GROUP AG ORD,G1AG.DE,24564,0.0124,GERMANY,Industrials,Industrial Goods,"Machinery, Tools, Heavy Vehicles, Trains & Ships"
IUSQ.DE,WHARF REAL ESTATE INVESTMENT COMPANY LTD ORD,1997.HK,194000,0.0123,HONG KONG,Real Estate,Real Estate,Real Estate Operations
IUSQ.DE,AMUNDI SA ORD,AMUN.PA,16895,0.0123,FRANCE,Financials,Banking & Investment Services,Investment Banking & Investment Services
IUSQ.DE,UMICORE SA ORD,UMI.BR,34889,0.0122,BELGIUM,Basic Materials,Chemicals,Chemicals
IUSQ.DE,HONGKONG LAND HOLDINGS LTD ORD,HKLD.SI,289400,0.0122,BERMUDA,Real Estate,Real Estate,Real Estate Operations
IUSQ.DE,WOLFSPEED INC ORD,WOLF.N,15685,0.0122,UNITED STATES,Technology,Technology Equipment,Semiconductors & Semiconductor Equipment
IUSQ.DE,EVONIK INDUSTRIES AG ORD,EVKn.DE,49306,0.0121,GERMANY,Basic Materials,Chemicals,Chemicals
IUSQ.DE,IIDA GROUP HOLDINGS CO LTD ORD,3291.T,58500,0.0121,JAPAN,Real Estate,Real Estate,Real Estate Operations
IUSQ.DE,MITSUBISHI CHEMICAL GROUP CORP ORD,4188.T,171300,0.0121,JAPAN,Basic Materials,Chemicals,Chemicals
IUSQ.DE,AVANTOR INC ORD,AVTR.N,49771,0.0121,UNITED STATES,Healthcare,Healthcare Services & Equipment,Healthcare Equipment & Supplies
IUSQ.DE,HONG KONG AND CHINA GAS CO LTD ORD,0003.HK,1200435,0.0121,HONG KONG,Utilities,Utilities,Natural Gas Utilities
IUSQ.DE,BUREAU VERITAS SA ORD,BVI.PA,37313,0.0121,FRANCE,Industrials,Industrial & Commercial Services,Professional & Commercial Services
IUSQ.DE,BOUYGUES SA ORD,BOUY.PA,28564,0.0121,FRANCE,Industrials,Industrial & Commercial Services,Construction & Engineering
IUSQ.DE,BANGKOK DUSIT NVDR,BDMSn.BK,1218500,0.0121,THAILAND,Healthcare,Healthcare Services & Equipment,Healthcare Providers & Services
IUSQ.DE,PTT EXP & PROD NVDR,PTTEPn.BK,219200,0.0121,THAILAND,Energy,Energy - Fossil Fuels,Oil & Gas
IUSQ.DE,NIPPON PROLOGIS REIT INC ORD,3283.T,496,0.012,JAPAN,Real Estate,Real Estate,Residential & Commercial REITs
IUSQ.DE,BARRATT DEVELOPMENTS P L C ORD,BDEV.L,172067,0.012,UNITED KINGDOM,Consumer Cyclicals,Cyclical Consumer Products,Homebuilding & Construction Supplies
IUSQ.DE,BOLIDEN AB ORD,BOL.ST,34485,0.012,SWEDEN,Basic Materials,Mineral Resources,Metals & Mining
IUSQ.DE,LIBERTY GLOBAL PLC ORD,LBTYK.OQ,50869,0.0119,UNITED KINGDOM,Technology,Telecommunications Services,Telecommunications Services
IUSQ.DE,VICINITY CENTRES,VCX.AX,753907,0.0119,AUSTRALIA,Real Estate,Real Estate,Residential & Commercial REITs
IUSQ.DE,SAPUTO INC ORD,SAP.TO,47713,0.0119,CANADA,Consumer Non-Cyclicals,Food & Beverages,Food & Tobacco
IUSQ.DE,CLEVELAND-CLIFFS INC ORD,CLF.N,56898,0.0119,UNITED STATES,Basic Materials,Mineral Resources,Metals & Mining
IUSQ.DE,UGI CORP ORD,UGI.N,37232,0.0119,UNITED STATES,Utilities,Utilities,Natural Gas Utilities
IUSQ.DE,HF SINCLAIR CORP ORD,DINO.N,19279,0.0119,UNITED STATES,Energy,Energy - Fossil Fuels,Oil & Gas
IUSQ.DE,CELCOMDIGI BHD ORD,CELC.KL,1023000,0.0119,MALAYSIA,Technology,Telecommunications Services,Telecommunications Services
IUSQ.DE,TURKIYE PETROL RAFINERILERI AS ORD,TUPRS.IS,261140,0.0119,TURKEY,Energy,Energy - Fossil Fuels,Oil & Gas
IUSQ.DE,ALLY FINANCIAL INC ORD,ALLY.N,32716,0.0118,UNITED STATES,Financials,Banking & Investment Services,Banking Services
IUSQ.DE,JAPAN POST BANK CO LTD ORD,7182.T,120000,0.0118,JAPAN,Financials,Banking & Investment Services,Banking Services
IUSQ.DE,TELENOR ASA ORD,TEL.OL,92681,0.0118,NORWAY,Technology,Telecommunications Services,Telecommunications Services
IUSQ.DE,RICOH CO LTD ORD,7752.T,112400,0.0118,JAPAN,Technology,Technology Equipment,Office Equipment
IUSQ.DE,E INK HOLDINGS INC ORD,8069.TWO,139000,0.0118,TAIWAN,Technology,Technology Equipment,Electronic Equipment & Parts
IUSQ.DE,ROCHE HOLDING AG ORD,RO.S,2981,0.0118,SWITZERLAND,Healthcare,Pharmaceuticals & Medical Research,Pharmaceuticals
IUSQ.DE,METRO INC ORD,MRU.TO,18576,0.0118,CANADA,Consumer Non-Cyclicals,Food & Drug Retailing,Food & Drug Retailing
IUSQ.DE,BOSTON PROPERTIES INC ORD,BXP.N,15003,0.0118,UNITED STATES,Real Estate,Real Estate,Residential & Commercial REITs
IUSQ.DE,MISUMI GROUP INC ORD,9962.T,54800,0.0118,JAPAN,Industrials,Industrial Goods,"Machinery, Tools, Heavy Vehicles, Trains & Ships"
IUSQ.DE,LG CORP ORD,003550.KS,15218,0.0118,KOREA,Industrials,Industrial & Commercial Services,Professional & Commercial Services
IUSQ.DE,ZALANDO SE ORD,ZALG.DE,28473,0.0117,GERMANY,Technology,Software & IT Services,Software & IT Services
IUSQ.DE,SAMSUNG ELECTRO-MECHANICS CO LTD ORD,009150.KS,8670,0.0117,KOREA,Technology,Technology Equipment,Semiconductors & Semiconductor Equipment
IUSQ.DE,EQT AB ORD,EQTAB.ST,41470,0.0117,SWEDEN,Financials,Banking & Investment Services,Investment Banking & Investment Services
IUSQ.DE,TREASURY WINE ESTATES LTD ORD,TWE.AX,129593,0.0116,AUSTRALIA,Consumer Non-Cyclicals,Food & Beverages,Beverages
IUSQ.DE,MOWI ASA ORD,MOWI.OL,55779,0.0116,NORWAY,Consumer Non-Cyclicals,Food & Beverages,Food & Tobacco
IUSQ.DE,SEALED AIR CORP ORD,SEE.N,21599,0.0116,UNITED STATES,Basic Materials,Applied Resources,Containers & Packaging
IUSQ.DE,SINGAPORE AIRLINES LTD ORD,SIAL.SI,172500,0.0116,SINGAPORE,Industrials,Transportation,Passenger Transportation Services
IUSQ.DE,RENAULT SA ORD,RENA.PA,22338,0.0116,FRANCE,Consumer Cyclicals,Automobiles & Auto Parts,Automobiles & Auto Parts
IUSQ.DE,NEDBANK GROUP LTD ORD,NEDJ.J,74454,0.0116,SOUTH AFRICA,Financials,Banking & Investment Services,Banking Services
IUSQ.DE,SMITHS GROUP PLC ORD,SMIN.L,45025,0.0116,UNITED KINGDOM,Consumer Non-Cyclicals,Consumer Goods Conglomerates,Consumer Goods Conglomerates
IUSQ.DE,TOYOTA INDUSTRIES CORP ORD,6201.T,13500,0.0115,JAPAN,Industrials,Industrial Goods,"Machinery, Tools, Heavy Vehicles, Trains & Ships"
IUSQ.DE,TELUS CORP ORD,T.TO,54399,0.0115,CANADA,Technology,Telecommunications Services,Telecommunications Services
IUSQ.DE,FISHER & PAYKEL HEALTHCARE CORPORATION LTD ORD,FPH.NZ,63801,0.0115,NEW ZEALAND,Healthcare,Healthcare Services & Equipment,Healthcare Equipment & Supplies
IUSQ.DE,KEPPEL CORPORATION LTD ORD,KPLM.SI,175400,0.0115,SINGAPORE,Consumer Non-Cyclicals,Consumer Goods Conglomerates,Consumer Goods Conglomerates
IUSQ.DE,BT GROUP PLC ORD,BT.L,620721,0.0115,UNITED KINGDOM,Technology,Telecommunications Services,Telecommunications Services
IUSQ.DE,JAPAN AIRLINES CO LTD ORD,9201.T,44700,0.0114,JAPAN,Industrials,Transportation,Passenger Transportation Services
IUSQ.DE,CATALENT INC ORD,CTLT.N,19928,0.0114,UNITED STATES,Healthcare,Pharmaceuticals & Medical Research,Pharmaceuticals
IUSQ.DE,ASUSTEK COMPUTER INC ORD,2357.TW,83000,0.0114,TAIWAN,Technology,Technology Equipment,"Computers, Phones & Household Electronics"
IUSQ.DE,TEMENOS AG ORD,TEMN.S,11176,0.0114,SWITZERLAND,Technology,Software & IT Services,Software & IT Services
IUSQ.DE,MAPLETREE PAN ASIA COMMERCIAL TRUST,MACT.SI,777900,0.0114,NULL,Real Estate,Real Estate,Residential & Commercial REITs
IUSQ.DE,INFRASTRUTTURE WIRELESS ITALIANE SPA ORD,INWT.MI,75929,0.0113,ITALY,Technology,Telecommunications Services,Telecommunications Services
IUSQ.DE,METSO OYJ ORD,METSO.HE,84201,0.0113,FINLAND,Industrials,Industrial Goods,"Machinery, Tools, Heavy Vehicles, Trains & Ships"
IUSQ.DE,TAYLOR WIMPEY PLC ORD,TW.L,649268,0.0113,UNITED KINGDOM,Consumer Cyclicals,Cyclical Consumer Products,Homebuilding & Construction Supplies
IUSQ.DE,KINGDEE INTERNATIONAL SOFTWARE GROUP CO LTD ORD,0268.HK,551000,0.0113,CHINA,Technology,Software & IT Services,Software & IT Services
IUSQ.DE,A O SMITH CORP ORD,AOS.N,13138,0.0113,UNITED STATES,Industrials,Industrial Goods,"Machinery, Tools, Heavy Vehicles, Trains & Ships"
IUSQ.DE,ANA HOLDINGS INC ORD,9202.T,39900,0.0113,JAPAN,Industrials,Transportation,Passenger Transportation Services
IUSQ.DE,KAJIMA CORP ORD,1812.T,60600,0.0113,JAPAN,Industrials,Industrial & Commercial Services,Construction & Engineering
IUSQ.DE,ELISA OYJ ORD,ELISA.HE,18197,0.0113,FINLAND,Technology,Telecommunications Services,Telecommunications Services
IUSQ.DE,HD KOREA SHIPBUILDING & OFFSHORE ENGINEERING CO LTD ORD,009540.KS,9894,0.0113,KOREA,Industrials,Industrial Goods,"Machinery, Tools, Heavy Vehicles, Trains & Ships"
IUSQ.DE,TORAY INDUSTRIES INC ORD,3402.T,171100,0.0113,JAPAN,Basic Materials,Chemicals,Chemicals
IUSQ.DE,LIBERTY MEDIA CORP ORD,LSXMK.OQ,29777,0.0112,UNITED STATES,Consumer Cyclicals,Cyclical Consumer Services,Media & Publishing
IUSQ.DE,MOHAWK INDUSTRIES INC ORD,MHK.N,8923,0.0112,UNITED STATES,Consumer Cyclicals,Cyclical Consumer Products,Household Goods
IUSQ.DE,SNAM SPA ORD,SRG.MI,180458,0.0112,ITALY,Energy,Energy - Fossil Fuels,Oil & Gas Related Equipment and Services
IUSQ.DE,SCHINDLER HOLDING AG ORD,SCHN.S,4058,0.0112,SWITZERLAND,Industrials,Industrial Goods,"Machinery, Tools, Heavy Vehicles, Trains & Ships"
IUSQ.DE,MTR CORP LTD ORD,0066.HK,206000,0.0112,HONG KONG,Industrials,Transportation,Passenger Transportation Services
IUSQ.DE,OLD MUTUAL LTD ORD,OMUJ.J,1280514,0.0111,SOUTH AFRICA,Financials,Insurance,Insurance
IUSQ.DE,SEVERN TRENT PLC ORD,SVT.L,28642,0.0111,UNITED KINGDOM,Utilities,Utilities,Water & Related Utilities
IUSQ.DE,GLOBAL UNICHIP CORP ORD,3443.TW,18000,0.0111,TAIWAN,Technology,Technology Equipment,Semiconductors & Semiconductor Equipment
IUSQ.DE,POWERCHIP SEMICONDUCTOR MANUFACTURING CORP ORD,6770.TW,977000,0.011,TAIWAN,Technology,Technology Equipment,Semiconductors & Semiconductor Equipment
IUSQ.DE,BIO RAD LABORATORIES INC ORD,BIO.N,2300,0.011,UNITED STATES,Healthcare,Healthcare Services & Equipment,Healthcare Equipment & Supplies
IUSQ.DE,ADECCO GROUP AG ORD,ADEN.S,22736,0.011,SWITZERLAND,Industrials,Industrial & Commercial Services,Professional & Commercial Services
IUSQ.DE,NORSK HYDRO ASA ORD,NHY.OL,141872,0.011,NORWAY,Basic Materials,Mineral Resources,Metals & Mining
IUSQ.DE,ESSENTIAL UTILITIES INC ORD,WTRG.N,21929,0.011,UNITED STATES,Utilities,Utilities,Water & Related Utilities
IUSQ.DE,EASTMAN CHEMICAL CO ORD,EMN.N,10903,0.011,UNITED STATES,Basic Materials,Chemicals,Chemicals
IUSQ.DE,AGEAS SA ORD,AGES.BR,21617,0.0109,BELGIUM,Financials,Insurance,Insurance
IUSQ.DE,CHINA PACIFIC INSURANCE GROUP CO LTD ORD,2601.HK,345000,0.0109,CHINA,Financials,Insurance,Insurance
IUSQ.DE,SWISS PRIME SITE AG ORD,SPSN.S,9473,0.0109,SWITZERLAND,Real Estate,Real Estate,Real Estate Operations
IUSQ.DE,EUROFINS SCIENTIFIC SE ORD,EUFI.PA,13327,0.0109,LUXEMBOURG,Industrials,Industrial & Commercial Services,Professional & Commercial Services
IUSQ.DE,VF CORP ORD,VFC.N,46651,0.0109,UNITED STATES,Consumer Cyclicals,Cyclical Consumer Products,Textiles & Apparel
IUSQ.DE,AKER BP ASA ORD,AKRBP.OL,33041,0.0109,NORWAY,Energy,Energy - Fossil Fuels,Oil & Gas
IUSQ.DE,SAMSUNG C&T CORP ORD,028260.KS,11300,0.0108,KOREA,Industrials,Industrial & Commercial Services,Diversified Industrial Goods Wholesale
IUSQ.DE,RECORDATI INDUSTRIA CHIMICA E FARMACEUTICA SPA ORD,RECI.MI,17569,0.0108,ITALY,Healthcare,Pharmaceuticals & Medical Research,Pharmaceuticals
IUSQ.DE,CHINA OVERSEAS LAND & INVESTMENT LTD ORD,0688.HK,389500,0.0108,HONG KONG,Real Estate,Real Estate,Real Estate Operations
IUSQ.DE,MYR CASH,NULL,4104989,0.0108,MALAYSIA,Unable to resolve all requested identifiers.,,
IUSQ.DE,U-HAUL HOLDING CO ORD,UHALb.N,15859,0.0107,UNITED STATES,Industrials,Transportation,Freight & Logistics Services
IUSQ.DE,HARGREAVES LANSDOWN PLC ORD,HRGV.L,82927,0.0107,UNITED KINGDOM,Financials,Banking & Investment Services,Investment Banking & Investment Services
IUSQ.DE,CSPC PHARMACEUTICAL GROUP LTD ORD,1093.HK,1088560,0.0107,CHINA,Healthcare,Pharmaceuticals & Medical Research,Pharmaceuticals
IUSQ.DE,TOROMONT INDUSTRIES LTD ORD,TIH.TO,10590,0.0107,CANADA,Industrials,Industrial Goods,"Machinery, Tools, Heavy Vehicles, Trains & Ships"
IUSQ.DE,OSAKA GAS CO LTD ORD,9532.T,57600,0.0107,JAPAN,Utilities,Utilities,Natural Gas Utilities
IUSQ.DE,CEZ AS ORD,CEZP.PR,20469,0.0107,CZECH REPUBLIC,Utilities,Utilities,Electric Utilities & IPPs
IUSQ.DE,NEMETSCHEK SE ORD,NEKG.DE,12374,0.0107,GERMANY,Technology,Software & IT Services,Software & IT Services
IUSQ.DE,GROEP BRUSSEL LAMBERT NV ORD,GBLB.BR,11031,0.0106,BELGIUM,Financials,Investment Holding Companies,Investment Holding Companies
IUSQ.DE,LARGAN PRECISION CO LTD ORD,3008.TW,13000,0.0106,TAIWAN,Technology,Technology Equipment,"Computers, Phones & Household Electronics"
IUSQ.DE,ORICA LTD ORD,ORI.AX,84600,0.0106,AUSTRALIA,Basic Materials,Chemicals,Chemicals
IUSQ.DE,ABU DHABI COMMERCIAL BANK PJSC ORD,ADCB.AD,370658,0.0105,UNITED ARAB EMIRATES,Financials,Banking & Investment Services,Banking Services
IUSQ.DE,SIME DARBY PLANTATION BHD ORD,SIPL.KL,879500,0.0105,MALAYSIA,Consumer Non-Cyclicals,Food & Beverages,Food & Tobacco
IUSQ.DE,NITORI HOLDINGS CO LTD ORD,9843.T,7200,0.0105,JAPAN,Consumer Cyclicals,Retailers,Specialty Retailers
IUSQ.DE,SWIRE PACIFIC LTD ORD,0019.HK,107000,0.0105,HONG KONG,Consumer Non-Cyclicals,Food & Beverages,Beverages
IUSQ.DE,GRUPO AEROPORTUARIO DEL PACIFICO SAB DE CV ORD,GAPB.MX,46348,0.0105,MEXICO,Industrials,Transportation,Transport Infrastructure
IUSQ.DE,GRUPO BIMBO SAB DE CV ORD,BIMBOA.MX,169695,0.0104,MEXICO,Consumer Non-Cyclicals,Food & Beverages,Food & Tobacco
IUSQ.DE,WEST FRASER TIMBER CO LTD ORD,WFG.TO,10375,0.0104,CANADA,Basic Materials,Applied Resources,Paper & Forest Products
IUSQ.DE,OPEN TEXT CORP ORD,OTEX.OQ,20196,0.0103,CANADA,Technology,Software & IT Services,Software & IT Services
IUSQ.DE,PUMA SE ORD,PUMG.DE,12891,0.0103,GERMANY,Consumer Cyclicals,Cyclical Consumer Products,Textiles & Apparel
IUSQ.DE,TEXAS PACIFIC LAND CORP ORD,TPL.N,571,0.0102,UNITED STATES,Energy,Energy - Fossil Fuels,Oil & Gas
IUSQ.DE,ENDESA SA ORD,ELE.MC,40173,0.0102,SPAIN,Utilities,Utilities,Electric Utilities & IPPs
IUSQ.DE,QANTAS AIRWAYS LTD ORD,QAN.AX,196759,0.0102,AUSTRALIA,Industrials,Transportation,Passenger Transportation Services
IUSQ.DE,ASSURANT INC ORD,AIZ.N,6409,0.0102,UNITED STATES,Financials,Insurance,Insurance
IUSQ.DE,ROHM CO LTD ORD,6963.T,9200,0.0102,JAPAN,Technology,Technology Equipment,Semiconductors & Semiconductor Equipment
IUSQ.DE,ANHUI CONCH CEMENT CO LTD ORD,0914.HK,284500,0.0101,CHINA,Basic Materials,Mineral Resources,Construction Materials
IUSQ.DE,NTT DATA GROUP CORP ORD,9613.T,60600,0.01,JAPAN,Technology,Software & IT Services,Software & IT Services
IUSQ.DE,FIRST HORIZON CORP ORD,FHN.N,62079,0.01,UNITED STATES,Financials,Banking & Investment Services,Banking Services
IUSQ.DE,GETINGE AB ORD,GETIb.ST,44821,0.0099,SWEDEN,Healthcare,Healthcare Services & Equipment,Healthcare Equipment & Supplies
IUSQ.DE,SIEMENS ENERGY AG,ENR1n.DE,49337,0.0099,GERMANY,Energy,Renewable Energy,Renewable Energy
IUSQ.DE,DESCARTES SYSTEMS GROUP INC ORD,DSG.TO,10757,0.0099,CANADA,Technology,Software & IT Services,Software & IT Services
IUSQ.DE,ST JAMES'S PLACE PLC ORD,SJP.L,69086,0.0099,UNITED KINGDOM,Financials,Banking & Investment Services,Investment Banking & Investment Services
IUSQ.DE,JAPAN RETAIL FUND INV TRUST,8953.T,1216,0.0099,NULL,Real Estate,Real Estate,Residential & Commercial REITs
IUSQ.DE,EURONEXT NV ORD,ENX.PA,10927,0.0099,NETHERLANDS,Financials,Banking & Investment Services,Investment Banking & Investment Services
IUSQ.DE,ENEOS HOLDINGS INC ORD,5020.T,229400,0.0098,JAPAN,Energy,Energy - Fossil Fuels,Oil & Gas
IUSQ.DE,OMV AG ORD,OMVV.VI,18418,0.0098,AUSTRIA,Energy,Energy - Fossil Fuels,Oil & Gas
IUSQ.DE,AUCKLAND INTERNATIONAL AIRPORT LTD ORD,AIA.NZ,159319,0.0098,NEW ZEALAND,Industrials,Transportation,Transport Infrastructure
IUSQ.DE,GENTING BHD ORD,GENT.KL,869200,0.0098,MALAYSIA,Consumer Cyclicals,Cyclical Consumer Services,Hotels & Entertainment Services
IUSQ.DE,WISETECH GLOBAL LTD ORD,WTC.AX,14317,0.0098,AUSTRALIA,Technology,Software & IT Services,Software & IT Services
IUSQ.DE,ADVANCE AUTO PARTS INC ORD,AAP.N,11123,0.0098,UNITED STATES,Consumer Cyclicals,Retailers,Specialty Retailers
IUSQ.DE,LASERTEC CORP ORD,6920.T,5400,0.0096,JAPAN,Technology,Technology Equipment,Semiconductors & Semiconductor Equipment
IUSQ.DE,FOX CORP ORD,FOX.OQ,25838,0.0096,UNITED STATES,Consumer Cyclicals,Cyclical Consumer Services,Media & Publishing
IUSQ.DE,NOVATEK MICROELECTRONICS CORP ORD,3034.TW,60000,0.0096,TAIWAN,Technology,Technology Equipment,Semiconductors & Semiconductor Equipment
IUSQ.DE,ISRAEL DISCOUNT BANK LTD ORD,DSCT.TA,152020,0.0096,ISRAEL,Financials,Banking & Investment Services,Banking Services
IUSQ.DE,GREAT WALL MOTOR CO LTD ORD,2333.HK,601000,0.0096,CHINA,Consumer Cyclicals,Automobiles & Auto Parts,Automobiles & Auto Parts
IUSQ.DE,ODAKYU ELECTRIC RAILWAY CO LTD ORD,9007.T,55800,0.0096,JAPAN,Industrials,Transportation,Passenger Transportation Services
IUSQ.DE,SINOPAC FINANCIAL HOLDINGS CO LTD ORD,2890.TW,1348000,0.0095,TAIWAN,Financials,Banking & Investment Services,Banking Services
IUSQ.DE,SOUTHWEST AIRLINES CO ORD,LUV.N,23470,0.0095,UNITED STATES,Industrials,Transportation,Passenger Transportation Services
IUSQ.DE,ROYALTY PHARMA PLC ORD,RPRX.OQ,25258,0.0094,UNITED STATES,Healthcare,Pharmaceuticals & Medical Research,Pharmaceuticals
IUSQ.DE,HUA NAN FINANCIAL HOLDINGS CO LTD ORD,2880.TW,1125000,0.0094,TAIWAN,Financials,Banking & Investment Services,Banking Services
IUSQ.DE,TELEKOM MALAYSIA BHD ORD,TLMM.KL,703800,0.0094,MALAYSIA,Technology,Telecommunications Services,Telecommunications Services
IUSQ.DE,SINO BIOPHARMACEUTICAL LTD ORD,1177.HK,1757250,0.0094,HONG KONG,Healthcare,Pharmaceuticals & Medical Research,Pharmaceuticals
IUSQ.DE,ZOOMINFO TECHNOLOGIES INC ORD,ZI.OQ,30930,0.0094,UNITED STATES,Technology,Software & IT Services,Software & IT Services
IUSQ.DE,MIRVAC GROUP,MGR.AX,500265,0.0093,AUSTRALIA,Real Estate,Real Estate,Residential & Commercial REITs
IUSQ.DE,IGO LTD ORD,IGO.AX,84737,0.0093,AUSTRALIA,Basic Materials,Mineral Resources,Metals & Mining
IUSQ.DE,IMPALA PLATINUM HOLDINGS LTD ORD,IMPJ.J,108513,0.0093,SOUTH AFRICA,Basic Materials,Mineral Resources,Metals & Mining
IUSQ.DE,BANK LEUMI LE ISRAEL BM ORD,LUMI.TA,98001,0.0093,ISRAEL,Financials,Banking & Investment Services,Banking Services
IUSQ.DE,SG HOLDINGS CO LTD ORD,9143.T,54100,0.0093,JAPAN,Industrials,Transportation,Freight & Logistics Services
IUSQ.DE,WH GROUP LTD ORD,0288.HK,1436000,0.0092,HONG KONG,Consumer Non-Cyclicals,Food & Beverages,Food & Tobacco
IUSQ.DE,BIO-TECHNE CORP ORD,TECH.OQ,9367,0.0092,UNITED STATES,Healthcare,Pharmaceuticals & Medical Research,Biotechnology & Medical Research
IUSQ.DE,ELIA GROUP SA ORD,ELI.BR,6290,0.0092,BELGIUM,Utilities,Utilities,Electric Utilities & IPPs
IUSQ.DE,FORTUM OYJ ORD,FORTUM.HE,57315,0.0092,FINLAND,Utilities,Utilities,Electric Utilities & IPPs
IUSQ.DE,SIRIUS XM HOLDINGS INC ORD,SIRI.OQ,150655,0.0091,UNITED STATES,Consumer Cyclicals,Cyclical Consumer Services,Media & Publishing
IUSQ.DE,KIKKOMAN CORP ORD,2801.T,13400,0.0091,JAPAN,Consumer Non-Cyclicals,Food & Beverages,Food & Tobacco
IUSQ.DE,CAPCOM CO LTD ORD,9697.T,17100,0.0091,JAPAN,Technology,Software & IT Services,Software & IT Services
IUSQ.DE,TELE2 AB ORD,TEL2b.ST,102001,0.0091,SWEDEN,Technology,Telecommunications Services,Telecommunications Services
IUSQ.DE,KRAFTON INC ORD,259960.KS,5733,0.0091,KOREA,Technology,Software & IT Services,Software & IT Services
IUSQ.DE,CHUBU ELECTRIC POWER CO INC ORD,9502.T,61100,0.0091,JAPAN,Utilities,Utilities,Electric Utilities & IPPs
IUSQ.DE,NISSAN MOTOR CO LTD ORD,7201.T,175500,0.0091,JAPAN,Consumer Cyclicals,Automobiles & Auto Parts,Automobiles & Auto Parts
IUSQ.DE,SECOM CO LTD ORD,9735.T,11400,0.009,JAPAN,Industrials,Industrial & Commercial Services,Professional & Commercial Services
IUSQ.DE,ERIE INDEMNITY CO ORD,ERIE.OQ,3445,0.009,UNITED STATES,Financials,Insurance,Insurance
IUSQ.DE,INDUSTRIAL BANK OF KOREA ORD,024110.KS,93148,0.009,KOREA,Financials,Banking & Investment Services,Banking Services
IUSQ.DE,TAISHIN FINANCIAL HOLDING CO LTD ORD,2887.TW,1311722,0.009,TAIWAN,Financials,Banking & Investment Services,Banking Services
IUSQ.DE,TURKIYE SISE VE CAM FABRIKALARI AS ORD,SISE.IS,383833,0.009,TURKEY,Consumer Non-Cyclicals,Consumer Goods Conglomerates,Consumer Goods Conglomerates
IUSQ.DE,SEGRO PLC ORD,SGRO.L,76663,0.0089,UNITED KINGDOM,Real Estate,Real Estate,Residential & Commercial REITs
IUSQ.DE,LG INNOTEK CO LTD ORD,011070.KS,3639,0.0089,KOREA,Technology,Technology Equipment,Electronic Equipment & Parts
IUSQ.DE,TOKYU CORP ORD,9005.T,59200,0.0089,JAPAN,Industrials,Transportation,Passenger Transportation Services
IUSQ.DE,ALIBABA HEALTH INFORMATION TECHNOLOGY LTD ORD,0241.HK,1068000,0.0089,HONG KONG,Consumer Cyclicals,Retailers,Diversified Retail
IUSQ.DE,SPIRAX-SARCO ENGINEERING PLC ORD,SPX.L,5248,0.0089,UNITED KINGDOM,Industrials,Industrial Goods,"Machinery, Tools, Heavy Vehicles, Trains & Ships"
IUSQ.DE,BENTLEY SYSTEMS INC ORD,BSY.OQ,13749,0.0088,UNITED STATES,Technology,Software & IT Services,Software & IT Services
IUSQ.DE,M&G PLC ORD,MNG.L,287027,0.0088,UNITED KINGDOM,Financials,Banking & Investment Services,Investment Banking & Investment Services
IUSQ.DE,NIPPON BUILDING FUND INC,NULL,178,0.0088,NULL,Unable to resolve all requested identifiers.,,
IUSQ.DE,BIM BIRLESIK MAGAZALAR AS ORD,BIMAS.IS,92662,0.0088,TURKEY,Consumer Cyclicals,Retailers,Diversified Retail
IUSQ.DE,SUMCO CORP ORD,3436.T,50500,0.0087,JAPAN,Technology,Technology Equipment,Semiconductors & Semiconductor Equipment
IUSQ.DE,DEXUS,DXS.AX,133172,0.0087,AUSTRALIA,Real Estate,Real Estate,Residential & Commercial REITs
IUSQ.DE,ASSOCIATED BRITISH FOODS PLC ORD,ABF.L,27962,0.0087,UNITED KINGDOM,Consumer Non-Cyclicals,Food & Beverages,Food & Tobacco
IUSQ.DE,SASOL LTD ORD,SOLJ.J,52843,0.0087,SOUTH AFRICA,Basic Materials,Chemicals,Chemicals
IUSQ.DE,NORTHERN STAR RESOURCES LTD ORD,NST.AX,94345,0.0087,AUSTRALIA,Basic Materials,Mineral Resources,Metals & Mining
IUSQ.DE,DELIVERY HERO SE ORD,DHER.DE,15946,0.0086,GERMANY,Technology,Software & IT Services,Software & IT Services
IUSQ.DE,INDUTRADE AB ORD,INDT.ST,34673,0.0086,SWEDEN,Industrials,Industrial Goods,"Machinery, Tools, Heavy Vehicles, Trains & Ships"
IUSQ.DE,SEEK LTD ORD,SEK.AX,43374,0.0086,AUSTRALIA,Industrials,Industrial & Commercial Services,Professional & Commercial Services
IUSQ.DE,ALCOA CORP ORD,AA.N,19859,0.0085,UNITED STATES,Basic Materials,Mineral Resources,Metals & Mining
IUSQ.DE,AMOREPACIFIC CORP ORD,090430.KS,8084,0.0085,KOREA,Consumer Non-Cyclicals,Personal & Household Products & Services,Personal & Household Products & Services
IUSQ.DE,CHINA FEIHE LTD ORD,6186.HK,1179000,0.0085,CHINA,Consumer Non-Cyclicals,Food & Beverages,Food & Tobacco
IUSQ.DE,NEPI ROCKCASTLE NV ORD,NRPJ.J,119943,0.0085,NETHERLANDS,Real Estate,Real Estate,Real Estate Operations
IUSQ.DE,NOMURA REAL ESTATE MASTER FUND INC ORD,3462.T,595,0.0084,JAPAN,Real Estate,Real Estate,Residential & Commercial REITs
IUSQ.DE,HD HYUNDAI CO LTD ORD,267250.KS,14777,0.0084,KOREA,Energy,Energy - Fossil Fuels,Oil & Gas
IUSQ.DE,GPT GROUP,GPT.AX,242878,0.0084,AUSTRALIA,Real Estate,Real Estate,Residential & Commercial REITs
IUSQ.DE,OCADO GROUP PLC ORD,OCDO.L,58751,0.0084,UNITED KINGDOM,Consumer Cyclicals,Retailers,Diversified Retail
IUSQ.DE,HELLOFRESH SE ORD,HFGG.DE,24918,0.0084,GERMANY,Consumer Non-Cyclicals,Food & Drug Retailing,Food & Drug Retailing
IUSQ.DE,AURIZON HOLDINGS LTD ORD,AZJ.AX,274004,0.0083,AUSTRALIA,Industrials,Transportation,Freight & Logistics Services
IUSQ.DE,EDP RENOVAVEIS SA ORD,EDPR.LS,36599,0.0083,SPAIN,Utilities,Utilities,Electric Utilities & IPPs
IUSQ.DE,SOFINA SA ORD,SOF.BR,2929,0.0083,BELGIUM,Financials,Investment Holding Companies,Investment Holding Companies
IUSQ.DE,TELECOM ITALIA SPA ORD,TLIT.MI,2422482,0.0083,ITALY,Technology,Telecommunications Services,Telecommunications Services
IUSQ.DE,ADVANTECH CO LTD ORD,2395.TW,56093,0.0083,TAIWAN,Technology,Technology Equipment,"Computers, Phones & Household Electronics"
IUSQ.DE,SHANGHAI COMMERCIAL & SAVINGS BANK LTD ORD,5876.TW,496000,0.0082,TAIWAN,Financials,Banking & Investment Services,Banking Services
IUSQ.DE,POSTAL SAVINGS BANK OF CHINA CO LTD ORD,1658.HK,1136000,0.0082,CHINA,Financials,Banking & Investment Services,Banking Services
IUSQ.DE,TELIA COMPANY AB ORD,TELIA.ST,323409,0.0082,SWEDEN,Technology,Telecommunications Services,Telecommunications Services
IUSQ.DE,YAKULT HONSHA CO LTD ORD,2267.T,12500,0.0082,JAPAN,Consumer Non-Cyclicals,Food & Beverages,Food & Tobacco
IUSQ.DE,BANK OF COMMUNICATIONS CO LTD ORD,3328.HK,1144000,0.0082,CHINA,Financials,Banking & Investment Services,Banking Services
IUSQ.DE,KONAMI GROUP CORP ORD,9766.T,12300,0.0082,JAPAN,Technology,Software & IT Services,Software & IT Services
IUSQ.DE,SINOPHARM GROUP CO LTD ORD,1099.HK,222400,0.0082,CHINA,Healthcare,Pharmaceuticals & Medical Research,Pharmaceuticals
IUSQ.DE,DINO POLSKA SA ORD,DNP.WA,6152,0.0081,POLAND,Consumer Non-Cyclicals,Food & Drug Retailing,Food & Drug Retailing
IUSQ.DE,ENDEAVOUR GROUP LTD ORD,EDV.AX,167619,0.0081,AUSTRALIA,Consumer Non-Cyclicals,Food & Drug Retailing,Food & Drug Retailing
IUSQ.DE,ELECTRIC GEN NVDR,EGCOn.BK,175600,0.0081,THAILAND,Utilities,Utilities,Electric Utilities & IPPs
IUSQ.DE,CHINA DEVELOPMENT FINANCIAL HOLDING CORP ORD,2883.TW,1708000,0.0081,TAIWAN,Financials,Insurance,Insurance
IUSQ.DE,STOCKLAND CORPORATION LTD,SGP.AX,241648,0.0081,AUSTRALIA,Real Estate,Real Estate,Real Estate Operations
IUSQ.DE,HKT TRUST AND HKT LTD,6823.HK,579000,0.0081,HONG KONG,Technology,Telecommunications Services,Telecommunications Services
IUSQ.DE,KINTETSU GROUP HOLDINGS CO LTD ORD,9041.T,20500,0.0081,JAPAN,Industrials,Transportation,Passenger Transportation Services
IUSQ.DE,ZHUZHOU CRRC TIMES ELECTRIC CO LTD ORD,3898.HK,172100,0.0081,CHINA,Industrials,Industrial Goods,"Machinery, Tools, Heavy Vehicles, Trains & Ships"
IUSQ.DE,ADVANTEST CORP ORD,6857.T,4900,0.008,JAPAN,Technology,Technology Equipment,Semiconductors & Semiconductor Equipment
IUSQ.DE,CAE INC ORD,CAE.TO,29534,0.008,CANADA,Industrials,Industrial Goods,Aerospace & Defense
IUSQ.DE,DAITO TRUST CONSTRUCTION CO LTD ORD,1878.T,6300,0.008,JAPAN,Real Estate,Real Estate,Real Estate Operations
IUSQ.DE,ACCTON TECHNOLOGY CORP ORD,2345.TW,56000,0.008,TAIWAN,Technology,Technology Equipment,Communications & Networking
IUSQ.DE,SIME DARBY BHD ORD,SIME.KL,1408100,0.008,MALAYSIA,Consumer Non-Cyclicals,Consumer Goods Conglomerates,Consumer Goods Conglomerates
IUSQ.DE,PERSIMMON PLC ORD,PSN.L,45373,0.008,UNITED KINGDOM,Consumer Cyclicals,Cyclical Consumer Products,Homebuilding & Construction Supplies
IUSQ.DE,FUJI ELECTRIC CO LTD ORD,6504.T,14700,0.0079,JAPAN,Industrials,Industrial Goods,"Machinery, Tools, Heavy Vehicles, Trains & Ships"
IUSQ.DE,CHINA NATIONAL BUILDING MATERIAL CO LTD ORD,3323.HK,1070000,0.0079,CHINA,Basic Materials,Mineral Resources,Construction Materials
IUSQ.DE,SCOUT24 SE ORD,G24n.DE,9893,0.0078,GERMANY,Technology,Software & IT Services,Software & IT Services
IUSQ.DE,ADMIRAL GROUP PLC ORD,ADML.L,24230,0.0078,UNITED KINGDOM,Financials,Insurance,Insurance
IUSQ.DE,GRIFOLS SA ORD,GRLS.MC,44943,0.0078,SPAIN,Healthcare,Pharmaceuticals & Medical Research,Pharmaceuticals
IUSQ.DE,CITIC SECURITIES CO LTD ORD,6030.HK,307600,0.0078,CHINA,Financials,Banking & Investment Services,Investment Banking & Investment Services
IUSQ.DE,AAC TECHNOLOGIES HOLDINGS INC ORD,2018.HK,285500,0.0077,CHINA,Technology,Technology Equipment,Electronic Equipment & Parts
IUSQ.DE,CHINA TOWER CORP LTD ORD,0788.HK,5756000,0.0077,CHINA,Industrials,Industrial & Commercial Services,Construction & Engineering
IUSQ.DE,WEST JAPAN RAILWAY CO ORD,9021.T,15500,0.0075,JAPAN,Industrials,Transportation,Passenger Transportation Services
IUSQ.DE,SINGAPORE TECHNOLOGIES ENGINEERING LTD ORD,STEG.SI,226200,0.0075,SINGAPORE,Industrials,Industrial Goods,Aerospace & Defense
IUSQ.DE,HAIDILAO INTERNATIONAL HOLDING LTD ORD,6862.HK,223000,0.0074,CHINA,Consumer Cyclicals,Cyclical Consumer Services,Hotels & Entertainment Services
IUSQ.DE,HYGEIA HEALTHCARE HOLDINGS CO LTD ORD,6078.HK,96800,0.0074,CHINA,Healthcare,Healthcare Services & Equipment,Healthcare Providers & Services
IUSQ.DE,UNIMICRON TECHNOLOGY CORP ORD,3037.TW,106000,0.0074,TAIWAN,Technology,Technology Equipment,Semiconductors & Semiconductor Equipment
IUSQ.DE,VALEO SE ORD,VLOF.PA,27575,0.0074,FRANCE,Consumer Cyclicals,Automobiles & Auto Parts,Automobiles & Auto Parts
IUSQ.DE,GUANGDONG INVESTMENT LTD ORD,0270.HK,728000,0.0074,HONG KONG,Utilities,Utilities,Water & Related Utilities
IUSQ.DE,DOOSAN ENERBILITY CO LTD ORD,034020.KS,44809,0.0073,KOREA,Industrials,Industrial Goods,"Machinery, Tools, Heavy Vehicles, Trains & Ships"
IUSQ.DE,WIX.COM LTD ORD,WIX.OQ,6457,0.0072,ISRAEL,Technology,Software & IT Services,Software & IT Services
IUSQ.DE,SIG GROUP AG ORD,SIGNC.S,22753,0.0072,SWITZERLAND,Basic Materials,Applied Resources,Containers & Packaging
IUSQ.DE,GALAXY ENTERTAINMENT GROUP LTD ORD,0027.HK,84000,0.0072,HONG KONG,Consumer Cyclicals,Cyclical Consumer Services,Hotels & Entertainment Services
IUSQ.DE,ASPEN TECHNOLOGY INC ORD,AZPN.OQ,3419,0.0072,UNITED STATES,Technology,Software & IT Services,Software & IT Services
IUSQ.DE,ABRDN PLC ORD,ABDN.L,203421,0.0072,UNITED KINGDOM,Financials,Banking & Investment Services,Investment Banking & Investment Services
IUSQ.DE,CELLTRION HEALTHCARE CO LTD ORD,091990.KQ,11593,0.0071,KOREA,Healthcare,Pharmaceuticals & Medical Research,Pharmaceuticals
IUSQ.DE,MATSUKIYOCOCOKARA & CO ORD,3088.T,10200,0.0071,JAPAN,Consumer Non-Cyclicals,Food & Drug Retailing,Food & Drug Retailing
IUSQ.DE,GRAB HOLDINGS LTD ORD,GRAB.OQ,156037,0.0071,SINGAPORE,Technology,Software & IT Services,Software & IT Services
IUSQ.DE,KNORR BREMSE AG ORD,KBX.DE,8309,0.0069,GERMANY,Industrials,Industrial Goods,"Machinery, Tools, Heavy Vehicles, Trains & Ships"
IUSQ.DE,GCL TECHNOLOGY HOLDINGS LTD ORD,3800.HK,2706000,0.0069,HONG KONG,Energy,Renewable Energy,Renewable Energy
IUSQ.DE,MAPLETREE LOGISTICS TRUST,MAPL.SI,461700,0.0069,NULL,Real Estate,Real Estate,Residential & Commercial REITs
IUSQ.DE,BUDWEISER BREWING COMPANY APAC LTD ORD,1876.HK,235800,0.0068,HONG KONG,Consumer Non-Cyclicals,Food & Beverages,Beverages
IUSQ.DE,CHINA LONGYUAN POWER GROUP CORP LTD ORD,0916.HK,597000,0.0068,CHINA,Utilities,Utilities,Electric Utilities & IPPs
IUSQ.DE,MASIMO CORP ORD,MASI.OQ,4677,0.0068,UNITED STATES,Healthcare,Healthcare Services & Equipment,Healthcare Equipment & Supplies
IUSQ.DE,LG H&H CO LTD ORD,051900.KS,1705,0.0068,KOREA,Consumer Non-Cyclicals,Personal & Household Products & Services,Personal & Household Products & Services
IUSQ.DE,MAZDA MOTOR CORP ORD,7261.T,58400,0.0068,JAPAN,Consumer Cyclicals,Automobiles & Auto Parts,Automobiles & Auto Parts
IUSQ.DE,SCHINDLER HOLDING AG,SCHP.S,2350,0.0068,SWITZERLAND,Industrials,Industrial Goods,"Machinery, Tools, Heavy Vehicles, Trains & Ships"
IUSQ.DE,ORANGE SA ORD,ORAN.PA,50942,0.0068,FRANCE,Technology,Telecommunications Services,Telecommunications Services
IUSQ.DE,CLARIVATE PLC ORD,CLVT.N,59391,0.0067,UNITED KINGDOM,Industrials,Industrial & Commercial Services,Professional & Commercial Services
IUSQ.DE,APA CORP (US) ORD,APA.OQ,14011,0.0067,UNITED STATES,Energy,Energy - Fossil Fuels,Oil & Gas
IUSQ.DE,YANG MING MARINE TRANSPORT CORP ORD,2609.TW,385000,0.0067,TAIWAN,Industrials,Transportation,Freight & Logistics Services
IUSQ.DE,GLP J-REIT ORD,3281.T,564,0.0066,JAPAN,Real Estate,Real Estate,Residential & Commercial REITs
IUSQ.DE,BIOMERIEUX SA ORD,BIOX.PA,5197,0.0066,FRANCE,Healthcare,Healthcare Services & Equipment,Healthcare Equipment & Supplies
IUSQ.DE,BEIJING ENTERPRISES WATER GROUP LTD ORD,0371.HK,2290000,0.0066,HONG KONG,Utilities,Utilities,Water & Related Utilities
IUSQ.DE,RAMSAY HEALTH CARE LTD ORD,RHC.AX,14112,0.0066,AUSTRALIA,Healthcare,Healthcare Services & Equipment,Healthcare Providers & Services
IUSQ.DE,CHINA CITIC BANK CORP LTD ORD,0998.HK,1152000,0.0066,CHINA,Financials,Banking & Investment Services,Banking Services
IUSQ.DE,PHARMAESSENTIA CORP ORD,6446.TWO,50000,0.0065,TAIWAN,Healthcare,Pharmaceuticals & Medical Research,Biotechnology & Medical Research
IUSQ.DE,PAN AMERICAN SILVER CORP ORD,PAAS.TO,32596,0.0065,CANADA,Basic Materials,Mineral Resources,Metals & Mining
IUSQ.DE,SAGAX AB ORD,SAGAb.ST,24558,0.0065,SWEDEN,Real Estate,Real Estate,Real Estate Operations
IUSQ.DE,BAYCURRENT CONSULTING INC ORD,6532.T,17000,0.0065,JAPAN,Industrials,Industrial & Commercial Services,Professional & Commercial Services
IUSQ.DE,WUXI APPTEC CO LTD ORD,2359.HK,56520,0.0063,CHINA,Healthcare,Pharmaceuticals & Medical Research,Biotechnology & Medical Research
IUSQ.DE,KINNEVIK AB ORD,KINVb.ST,38805,0.0063,SWEDEN,Financials,Investment Holding Companies,Investment Holding Companies
IUSQ.DE,IBIDEN CO LTD ORD,4062.T,8800,0.0063,JAPAN,Technology,Technology Equipment,Semiconductors & Semiconductor Equipment
IUSQ.DE,REALTEK SEMICONDUCTOR CORP ORD,2379.TW,39000,0.0063,TAIWAN,Technology,Technology Equipment,Semiconductors & Semiconductor Equipment
IUSQ.DE,CHOW TAI FOOK JEWELLERY GROUP LTD ORD,1929.HK,302600,0.0062,HONG KONG,Consumer Cyclicals,Cyclical Consumer Products,Textiles & Apparel
IUSQ.DE,WALSIN LIHWA CORP ORD,1605.TW,414000,0.0062,TAIWAN,Industrials,Industrial Goods,"Machinery, Tools, Heavy Vehicles, Trains & Ships"
IUSQ.DE,HUANENG POWER INTERNATIONAL INC ORD,0902.HK,946000,0.0062,CHINA,Utilities,Utilities,Electric Utilities & IPPs
IUSQ.DE,KOREA ELECTRIC POWER CORP ORD,015760.KS,34768,0.0062,KOREA,Utilities,Utilities,Electric Utilities & IPPs
IUSQ.DE,NIPPON PAINT HOLDINGS CO LTD ORD,4612.T,57200,0.0062,JAPAN,Basic Materials,Chemicals,Chemicals
IUSQ.DE,SCB X ORD R,SCBn.BK,156500,0.0061,THAILAND,Financials,Banking & Investment Services,Banking Services
IUSQ.DE,TAL EDUCATION GRP 3 ADR REP CL A ORD,TAL.N,63095,0.0061,CHINA,Academic & Educational Services,Academic & Educational Services,Miscellaneous Educational Service Providers
IUSQ.DE,TSINGTAO BREWERY CO LTD ORD,0168.HK,58000,0.0061,CHINA,Consumer Non-Cyclicals,Food & Beverages,Beverages
IUSQ.DE,HMM CO LTD ORD,011200.KS,37429,0.0061,KOREA,Industrials,Transportation,Freight & Logistics Services
IUSQ.DE,CHINA RESOURCES POWER HOLDINGS CO LTD ORD,0836.HK,240200,0.0061,HONG KONG,Utilities,Utilities,Electric Utilities & IPPs
IUSQ.DE,ENERGY NVDR,EAn.BK,286100,0.0061,THAILAND,Utilities,Utilities,Electric Utilities & IPPs
IUSQ.DE,SWEDISH ORPHAN BIOVITRUM AB (PUBL) ORD,SOBIV.ST,25929,0.006,SWEDEN,Healthcare,Pharmaceuticals & Medical Research,Pharmaceuticals
IUSQ.DE,NVR INC ORD,NVR.N,80,0.006,UNITED STATES,Consumer Cyclicals,Cyclical Consumer Products,Homebuilding & Construction Supplies
IUSQ.DE,WILMAR INTERNATIONAL LTD ORD,WLIL.SI,174200,0.006,SINGAPORE,Consumer Non-Cyclicals,Food & Beverages,Food & Tobacco
IUSQ.DE,NCSOFT CORP ORD,036570.KS,2299,0.0059,KOREA,Technology,Software & IT Services,Software & IT Services
IUSQ.DE,QATAR GAS TRANSPORT NAKILAT CO LTD QPSC ORD,QGTS.QA,420469,0.0058,QATAR,Energy,Energy - Fossil Fuels,Oil & Gas Related Equipment and Services
IUSQ.DE,MONOTARO CO LTD ORD,3064.T,40400,0.0058,JAPAN,Consumer Cyclicals,Retailers,Diversified Retail
IUSQ.DE,SHIZUOKA FINANCIAL GROUP INC ORD,5831.T,58000,0.0057,JAPAN,Financials,Banking & Investment Services,Banking Services
IUSQ.DE,SHANGHAI FOSUN PHARMACEUTICAL GROUP CO LTD ORD,2196.HK,184000,0.0057,CHINA,Healthcare,Pharmaceuticals & Medical Research,Pharmaceuticals
IUSQ.DE,SAMSUNG SDS CO LTD ORD,018260.KS,4666,0.0056,KOREA,Technology,Software & IT Services,Software & IT Services
IUSQ.DE,HIKARI TSUSHIN INC ORD,9435.T,3200,0.0056,JAPAN,Consumer Cyclicals,Retailers,Specialty Retailers
IUSQ.DE,EMEMORY TECHNOLOGY INC ORD,3529.TWO,8000,0.0056,TAIWAN,Technology,Technology Equipment,Semiconductors & Semiconductor Equipment
IUSQ.DE,AIRTAC INTERNATIONAL GROUP ORD,1590.TW,16000,0.0056,CHINA,Industrials,Industrial Goods,"Machinery, Tools, Heavy Vehicles, Trains & Ships"
IUSQ.DE,JOYY ADR,YY.OQ,13348,0.0055,SINGAPORE,Technology,Software & IT Services,Software & IT Services
IUSQ.DE,TENCENT MUSC ENT ADR REP 2 CL A ORD,TME.N,66906,0.0055,CHINA,Technology,Software & IT Services,Software & IT Services
IUSQ.DE,CHINA CONCH VENTURE HOLDINGS LTD ORD,0586.HK,368000,0.0054,CHINA,Industrials,Industrial & Commercial Services,Professional & Commercial Services
IUSQ.DE,LENDLEASE GROUP,LLC.AX,79163,0.0054,AUSTRALIA,Real Estate,Real Estate,Real Estate Operations
IUSQ.DE,RAKUTEN GROUP INC ORD,4755.T,116800,0.0054,JAPAN,Technology,Software & IT Services,Software & IT Services
IUSQ.DE,SHIMANO INC ORD,7309.T,3000,0.0054,JAPAN,Consumer Cyclicals,Cyclical Consumer Products,Leisure Products
IUSQ.DE,CD PROJEKT SA ORD,CDR.WA,11270,0.0054,POLAND,Technology,Software & IT Services,Software & IT Services
IUSQ.DE,NITTO DENKO CORP ORD,6988.T,6400,0.0054,JAPAN,Basic Materials,Chemicals,Chemicals
IUSQ.DE,E-MART INC ORD,139480.KS,7705,0.0054,KOREA,Consumer Non-Cyclicals,Food & Drug Retailing,Food & Drug Retailing
IUSQ.DE,LUCID GROUP INC ORD,LCID.OQ,58889,0.0053,UNITED STATES,Consumer Cyclicals,Automobiles & Auto Parts,Automobiles & Auto Parts
IUSQ.DE,NEXI SPA ORD,NEXII.MI,50090,0.0051,ITALY,Industrials,Industrial & Commercial Services,Professional & Commercial Services
IUSQ.DE,FUTU HOLDINGS ADR,FUTU.OQ,7214,0.0051,CHINA,Technology,Financial Technology (Fintech) & Infrastructure,Financial Technology (Fintech) & Infrastructure
IUSQ.DE,RUENTEX DEVELOPMENT CO LTD ORD,9945.TW,368000,0.0049,TAIWAN,Real Estate,Real Estate,Real Estate Operations
IUSQ.DE,SVENSKA CELLULOSA SCA AB ORD,SCAb.ST,31382,0.0049,SWEDEN,Basic Materials,Applied Resources,Paper & Forest Products
IUSQ.DE,HLB INC ORD,028300.KQ,16023,0.0049,KOREA,Healthcare,Healthcare Services & Equipment,Healthcare Equipment & Supplies
IUSQ.DE,BILIBILI INC ORD,9626.HK,22360,0.0048,CHINA,Technology,Software & IT Services,Software & IT Services
IUSQ.DE,EVERGREEN MARINE CORP TAIWAN LTD ORD,2603.TW,122800,0.0048,TAIWAN,Industrials,Transportation,Freight & Logistics Services
IUSQ.DE,JARDINE MATHESON HOLDINGS LTD ORD,JARD.SI,8200,0.0048,HONG KONG,Consumer Non-Cyclicals,Consumer Goods Conglomerates,Consumer Goods Conglomerates
IUSQ.DE,INTERNATIONAL PAPER CO ORD,IP.N,11162,0.0048,UNITED STATES,Basic Materials,Applied Resources,Containers & Packaging
IUSQ.DE,YADEA GROUP HOLDINGS LTD ORD,1585.HK,176000,0.0047,CHINA,Consumer Cyclicals,Automobiles & Auto Parts,Automobiles & Auto Parts
IUSQ.DE,MEGA FINANCIAL HOLDING CO LTD ORD,2886.TW,310768,0.0047,TAIWAN,Financials,Banking & Investment Services,Banking Services
IUSQ.DE,CHEWY INC ORD,CHWY.N,11849,0.0047,UNITED STATES,Consumer Cyclicals,Retailers,Specialty Retailers
IUSQ.DE,MERDEKA COPPER GOLD TBK PT ORD,MDKA.JK,1686100,0.0046,INDONESIA,Basic Materials,Mineral Resources,Metals & Mining
IUSQ.DE,KANZHUN ADR REP 2 ORD,BZ.OQ,21008,0.0046,CHINA,Technology,Software & IT Services,Software & IT Services
IUSQ.DE,ABU DHABI NATIONAL OIL COMPANY FOR DISTRIBUTION PJSC ORD,ADNOCDIST.AD,370071,0.0046,UNITED ARAB EMIRATES,Energy,Energy - Fossil Fuels,Oil & Gas
IUSQ.DE,SYSMEX CORP ORD,6869.T,5700,0.0046,JAPAN,Healthcare,Healthcare Services & Equipment,Healthcare Equipment & Supplies
IUSQ.DE,VOLTRONIC POWER TECHNOLOGY CORP ORD,6409.TW,7000,0.0046,TAIWAN,Industrials,Industrial Goods,"Machinery, Tools, Heavy Vehicles, Trains & Ships"
IUSQ.DE,DIASORIN SPA ORD,DIAS.MI,3452,0.0046,ITALY,Healthcare,Healthcare Services & Equipment,Healthcare Equipment & Supplies
IUSQ.DE,CHINA GAS HOLDINGS LTD ORD,0384.HK,351200,0.0046,HONG KONG,Utilities,Utilities,Natural Gas Utilities
IUSQ.DE,ZAI LAB LTD ORD,9688.HK,122780,0.0046,CHINA,Healthcare,Pharmaceuticals & Medical Research,Pharmaceuticals
IUSQ.DE,AGC INC ORD,5201.T,10500,0.0045,JAPAN,Consumer Cyclicals,Cyclical Consumer Products,Homebuilding & Construction Supplies
IUSQ.DE,TOWER SEMICONDUCTOR LTD ORD,TSEM.OQ,10100,0.0044,ISRAEL,Technology,Technology Equipment,Semiconductors & Semiconductor Equipment
IUSQ.DE,XTEP INTERNATIONAL HOLDINGS LTD ORD,1368.HK,326500,0.0043,CHINA,Consumer Cyclicals,Cyclical Consumer Products,Textiles & Apparel
IUSQ.DE,AUTOHOME ADS REP 4 CL A ORD,ATHM.N,11176,0.0042,CHINA,Consumer Cyclicals,Cyclical Consumer Services,Media & Publishing
IUSQ.DE,SEATRIUM LIMITED ORD,SEAT.SI,3375090,0.0042,SINGAPORE,Industrials,Industrial Goods,"Machinery, Tools, Heavy Vehicles, Trains & Ships"
IUSQ.DE,NOVOCURE LTD ORD,NVCR.OQ,10999,0.0042,JERSEY,Healthcare,Healthcare Services & Equipment,Healthcare Equipment & Supplies
IUSQ.DE,INDUSTRIES QATAR QPSC ORD,IQCD.QA,95226,0.0041,QATAR,Consumer Non-Cyclicals,Consumer Goods Conglomerates,Consumer Goods Conglomerates
IUSQ.DE,HANWHA SOLUTIONS CORP ORD,009830.KS,11433,0.004,KOREA,Energy,Renewable Energy,Renewable Energy
IUSQ.DE,YIHAI INTERNATIONAL HOLDING LTD ORD,1579.HK,146000,0.0039,CHINA,Consumer Non-Cyclicals,Food & Beverages,Food & Tobacco
IUSQ.DE,KOBE BUSSAN CO LTD ORD,3038.T,12300,0.0039,JAPAN,Consumer Non-Cyclicals,Food & Drug Retailing,Food & Drug Retailing
IUSQ.DE,CYBERAGENT INC ORD,4751.T,51900,0.0039,JAPAN,Consumer Cyclicals,Cyclical Consumer Services,Media & Publishing
IUSQ.DE,COSCO SHIPPING HOLDINGS CO LTD ORD,1919.HK,312500,0.0039,CHINA,Industrials,Transportation,Freight & Logistics Services
IUSQ.DE,CHINA MINSHENG BANKING CORP LTD ORD,1988.HK,857500,0.0039,CHINA,Financials,Banking & Investment Services,Banking Services
IUSQ.DE,CHINA VANKE CO LTD ORD,2202.HK,228200,0.0038,CHINA,Real Estate,Real Estate,Real Estate Operations
IUSQ.DE,DAIFUKU CO LTD ORD,6383.T,14700,0.0037,JAPAN,Industrials,Industrial Goods,"Machinery, Tools, Heavy Vehicles, Trains & Ships"
IUSQ.DE,NAN YA PRINTED CIRCUIT BOARD CORP ORD,8046.TW,40000,0.0037,TAIWAN,Technology,Technology Equipment,Semiconductors & Semiconductor Equipment
IUSQ.DE,UNILEVER INDONESIA TBK PT ORD,UNVR.JK,1203300,0.0036,INDONESIA,Consumer Non-Cyclicals,Personal & Household Products & Services,Personal & Household Products & Services
IUSQ.DE,NISSIN FOODS HOLDINGS CO LTD ORD,2897.T,3500,0.0035,JAPAN,Consumer Non-Cyclicals,Food & Beverages,Food & Tobacco
IUSQ.DE,DAQO NEW ENERGY ADR REP 5 ORD,DQ.N,7654,0.0035,CHINA,Energy,Renewable Energy,Renewable Energy
IUSQ.DE,LONGFOR GROUP HOLDINGS LTD ORD,0960.HK,100500,0.0032,CHINA,Real Estate,Real Estate,Real Estate Operations
IUSQ.DE,JUST EAT TAKEAWAY.COM NV ORD,TKWY.AS,14633,0.0031,NETHERLANDS,Technology,Software & IT Services,Software & IT Services
IUSQ.DE,SITC INTERNATIONAL HOLDINGS CO LTD ORD,1308.HK,122000,0.0031,HONG KONG,Industrials,Transportation,Freight & Logistics Services
IUSQ.DE,SHANDONG WEIGAO GROUP MEDICAL POLYMER CO LTD ORD,1066.HK,201200,0.0031,CHINA,Healthcare,Healthcare Services & Equipment,Healthcare Equipment & Supplies
IUSQ.DE,SILERGY CORP ORD,6415.TW,24000,0.003,CHINA,Technology,Technology Equipment,Semiconductors & Semiconductor Equipment
IUSQ.DE,GANFENG LITHIUM GROUP CO LTD ORD,1772.HK,39000,0.003,CHINA,Basic Materials,Chemicals,Chemicals
IUSQ.DE,CHINA TAIPING INSURANCE HOLDINGS CO LTD ORD,0966.HK,228000,0.003,HONG KONG,Financials,Insurance,Insurance
IUSQ.DE,CZK CASH,NULL,5431746,0.003,CZECH REPUBLIC,Unable to resolve all requested identifiers.,,
IUSQ.DE,SINO LAND CO LTD ORD,0083.HK,204000,0.003,HONG KONG,Real Estate,Real Estate,Real Estate Operations
IUSQ.DE,CHAILEASE HOLDING COMPANY LTD ORD,5871.TW,38520,0.003,TAIWAN,Financials,Banking & Investment Services,Banking Services
IUSQ.DE,IQIYI ADS REP 7 CL A ORD,IQ.OQ,36621,0.0027,CHINA,Technology,Software & IT Services,Software & IT Services
IUSQ.DE,GEORGE WESTON LTD ORD,WN.TO,1962,0.0027,CANADA,Consumer Non-Cyclicals,Food & Drug Retailing,Food & Drug Retailing
IUSQ.DE,COUNTRY GARDEN HOLDINGS CO LTD ORD,2007.HK,1143000,0.0027,CHINA,Real Estate,Real Estate,Real Estate Operations
IUSQ.DE,YAGEO CORP ORD,2327.TW,15752,0.0027,TAIWAN,Technology,Technology Equipment,Electronic Equipment & Parts
IUSQ.DE,ORIENT OVERSEAS (INTERNATIONAL) LTD ORD,0316.HK,13000,0.0026,HONG KONG,Industrials,Transportation,Freight & Logistics Services
IUSQ.DE,YANKUANG ENERGY GROUP CO LTD ORD,1171.HK,144000,0.0026,CHINA,Energy,Energy - Fossil Fuels,Coal
IUSQ.DE,GDS HOLDINGS LTD ORD,9698.HK,123184,0.0024,CHINA,Technology,Software & IT Services,Software & IT Services
IUSQ.DE,ILS CASH,NULL,712938,0.0023,ISRAEL,Unable to resolve all requested identifiers.,,
IUSQ.DE,COUNTRY GARDEN SERVICES HOLDINGS CO LTD ORD,6098.HK,176000,0.0023,CHINA,Real Estate,Real Estate,Real Estate Operations
IUSQ.DE,CHINA JINMAO HOLDINGS GROUP LTD ORD,0817.HK,1154000,0.0022,HONG KONG,Real Estate,Real Estate,Real Estate Operations
IUSQ.DE,ZOZO INC ORD,3092.T,8500,0.002,JAPAN,Consumer Cyclicals,Retailers,Diversified Retail
IUSQ.DE,EMBRACER GROUP AB ORD,EMBRACb.ST,60179,0.002,SWEDEN,Consumer Cyclicals,Cyclical Consumer Products,Leisure Products
IUSQ.DE,GENSCRIPT BIOTECH CORP ORD,1548.HK,62000,0.0019,CHINA,Healthcare,Pharmaceuticals & Medical Research,Biotechnology & Medical Research
IUSQ.DE,GLOBALWAFERS CO LTD ORD,6488.TWO,10000,0.0019,TAIWAN,Technology,Technology Equipment,Semiconductors & Semiconductor Equipment
IUSQ.DE,PING AN HEALTHCARE AND TECHNOLOGY CO LTD ORD,1833.HK,58000,0.0018,CHINA,Healthcare,Healthcare Services & Equipment,Healthcare Providers & Services
IUSQ.DE,CHINA RESOURCES GAS GROUP LTD ORD,1193.HK,42500,0.0017,HONG KONG,Utilities,Utilities,Natural Gas Utilities
IUSQ.DE,CNH CASH,NULL,989144,0.0016,NULL,Unable to resolve all requested identifiers.,,
IUSQ.DE,TOP GLOVE CORPORATION BHD ORD,TPGC.KL,657900,0.0016,MALAYSIA,Healthcare,Healthcare Services & Equipment,Healthcare Equipment & Supplies
IUSQ.DE,KEISEI ELECTRIC RAILWAY CO LTD ORD,9009.T,3300,0.0016,JAPAN,Industrials,Transportation,Passenger Transportation Services
IUSQ.DE,MCDONALD'S HOLDINGS COMPANY JAPAN LTD ORD,2702.T,3300,0.0015,JAPAN,Consumer Cyclicals,Cyclical Consumer Services,Hotels & Entertainment Services
IUSQ.DE,ECLAT TEXTILE CO LTD ORD,1476.TW,7468,0.0015,TAIWAN,Consumer Cyclicals,Cyclical Consumer Products,Textiles & Apparel
IUSQ.DE,MXN CASH,NULL,2094597,0.0015,MEXICO,Unable to resolve all requested identifiers.,,
IUSQ.DE,SQUARE ENIX HOLDINGS CO LTD ORD,9684.T,2500,0.0014,JAPAN,Technology,Software & IT Services,Software & IT Services
IUSQ.DE,PLN CASH,NULL,468442,0.0014,POLAND,Unable to resolve all requested identifiers.,,
IUSQ.DE,HOSHIZAKI CORP ORD,6465.T,2800,0.0013,JAPAN,Industrials,Industrial Goods,"Machinery, Tools, Heavy Vehicles, Trains & Ships"
IUSQ.DE,JAPAN REAL ESTATE INVESTMENT CORP ORD,8952.T,28,0.0013,JAPAN,Real Estate,Real Estate,Residential & Commercial REITs
IUSQ.DE,REDEIA CORPORACION SA ORD,REDE.MC,6329,0.0013,SPAIN,Utilities,Utilities,Electric Utilities & IPPs
IUSQ.DE,BOSIDENG INTERNATIONAL HOLDINGS LTD ORD,3998.HK,236000,0.0013,HONG KONG,Consumer Cyclicals,Cyclical Consumer Products,Textiles & Apparel
IUSQ.DE,MEIJI HOLDINGS CO LTD ORD,2269.T,4400,0.0012,JAPAN,Consumer Non-Cyclicals,Food & Beverages,Food & Tobacco
IUSQ.DE,3SBIO INC ORD,1530.HK,104000,0.0012,CHINA,Healthcare,Pharmaceuticals & Medical Research,Pharmaceuticals
IUSQ.DE,SUNTORY BEVERAGE & FOOD LTD ORD,2587.T,2600,0.0011,JAPAN,Consumer Non-Cyclicals,Food & Beverages,Beverages
IUSQ.DE,YAMAHA CORP ORD,7951.T,2500,0.0011,JAPAN,Consumer Cyclicals,Cyclical Consumer Products,Leisure Products
IUSQ.DE,OTSUKA CORP ORD,4768.T,2200,0.0011,JAPAN,Technology,Software & IT Services,Software & IT Services
IUSQ.DE,NIPPON SHINYAKU CO LTD ORD,4516.T,2300,0.0011,JAPAN,Healthcare,Pharmaceuticals & Medical Research,Pharmaceuticals
IUSQ.DE,KT CORP ORD,030200.KS,4017,0.0011,KOREA,Technology,Telecommunications Services,Telecommunications Services
IUSQ.DE,TRY CASH,NULL,2348517,0.001,TURKEY,Unable to resolve all requested identifiers.,,
IUSQ.DE,CATCHER TECHNOLOGY CO LTD ORD,2474.TW,16000,0.001,TAIWAN,Technology,Technology Equipment,Electronic Equipment & Parts
IUSQ.DE,GMO PAYMENT GATEWAY INC ORD,3769.T,1100,0.001,JAPAN,Industrials,Industrial & Commercial Services,Professional & Commercial Services
IUSQ.DE,SMOORE INTERNATIONAL HOLDINGS LTD ORD,6969.HK,66000,0.0009,CHINA,Consumer Non-Cyclicals,Food & Beverages,Food & Tobacco
IUSQ.DE,ORACLE CORP JAPAN ORD,4716.T,1100,0.0009,JAPAN,Technology,Software & IT Services,Software & IT Services
IUSQ.DE,KOBAYASHI PHARMACEUTICAL CO LTD ORD,4967.T,1400,0.0009,JAPAN,Consumer Non-Cyclicals,Personal & Household Products & Services,Personal & Household Products & Services
IUSQ.DE,HANSOH PHARMACEUTICAL GROUP COMPANY LTD ORD,3692.HK,42000,0.0008,CHINA,Healthcare,Pharmaceuticals & Medical Research,Pharmaceuticals
IUSQ.DE,KOSE CORP ORD,4922.T,700,0.0008,JAPAN,Consumer Non-Cyclicals,Personal & Household Products & Services,Personal & Household Products & Services
IUSQ.DE,MR DIY GROUP (M) BHD ORD,MRDI.KL,207700,0.0008,MALAYSIA,Consumer Cyclicals,Retailers,Specialty Retailers
IUSQ.DE,NOK CASH,NULL,629556,0.0007,NORWAY,Unable to resolve all requested identifiers.,,
IUSQ.DE,HUF CASH,NULL,21466618,0.0007,HUNGARY,Unable to resolve all requested identifiers.,,
IUSQ.DE,CP AXTRA NVDR,CPAXTn.BK,60900,0.0007,THAILAND,Consumer Cyclicals,Retailers,Diversified Retail
IUSQ.DE,KEIO CORP ORD,9008.T,1900,0.0007,JAPAN,Industrials,Transportation,Passenger Transportation Services
IUSQ.DE,HENGAN INTERNATIONAL GROUP COMPANY LTD ORD,1044.HK,14500,0.0007,CHINA,Consumer Non-Cyclicals,Personal & Household Products & Services,Personal & Household Products & Services
IUSQ.DE,SINGAPORE EXCHANGE LTD ORD,SGXL.SI,6800,0.0006,SINGAPORE,Financials,Banking & Investment Services,Investment Banking & Investment Services
IUSQ.DE,AUD/USD FORWARD CONTRACT,NULL,3537606,0.0003,NULL,Unable to resolve all requested identifiers.,,
IUSQ.DE,NZD CASH,NULL,41390,0.0003,NEW ZEALAND,Unable to resolve all requested identifiers.,,
IUSQ.DE,SHIMAO GROUP HOLDINGS LTD ORD,0813.HK,106093,0.0002,HONG KONG,Real Estate,Real Estate,Real Estate Operations
IUSQ.DE,QAR CASH,NULL,53458,0.0002,QATAR,Unable to resolve all requested identifiers.,,
IUSQ.DE,CAD/USD FORWARD CONTRACT,NULL,4926824,0.0002,NULL,Unable to resolve all requested identifiers.,,
IUSQ.DE,TATNEFT' PAO ORD,TATN.MM,113455,0,RUSSIAN FEDERATION,Energy,Energy - Fossil Fuels,Oil & Gas
IUSQ.DE,TCS GROUP HOLDING REG S GDR,TCSq.L,11210,0,CYPRUS,Financials,Banking & Investment Services,Banking Services
IUSQ.DE,NK LUKOIL PAO ORD,LKOH.MM,31838,0,RUSSIAN FEDERATION,Energy,Energy - Fossil Fuels,Oil & Gas
IUSQ.DE,AED/USD FORWARD CONTRACT,NULL,644956,0,NULL,Unable to resolve all requested identifiers.,,
IUSQ.DE,PHP/USD FORWARD CONTRACT,NULL,7292622,0,NULL,Unable to resolve all requested identifiers.,,
IUSQ.DE,GAZPROM PAO ORD,GAZP.MM,881266,0,RUSSIAN FEDERATION,Energy,Energy - Fossil Fuels,Oil & Gas
IUSQ.DE,MAGNIT PAO ORD,MGNT.MM,1850,0,RUSSIAN FEDERATION,Consumer Non-Cyclicals,Food & Drug Retailing,Food & Drug Retailing
IUSQ.DE,POLYUS PAO ORD,PLZL.MM,1576,0,RUSSIAN FEDERATION,Basic Materials,Mineral Resources,Metals & Mining
IUSQ.DE,NK ROSNEFT' PAO ORD,ROSN.MM,38440,0,RUSSIAN FEDERATION,Energy,Energy - Fossil Fuels,Oil & Gas
IUSQ.DE,GMK NORIL'SKIY NIKEL' PAO ORD,GMKN.MM,6128,0,RUSSIAN FEDERATION,Basic Materials,Mineral Resources,Metals & Mining
IUSQ.DE,BANK VTB PAO ORD,VTBR.MM,911890000,0,RUSSIAN FEDERATION,Financials,Banking & Investment Services,Banking Services
IUSQ.DE,SBERBANK ROSSII PAO ORD,SBER.MM,628476,0,RUSSIAN FEDERATION,Financials,Banking & Investment Services,Banking Services
IUSQ.DE,GBP/USD FORWARD CONTRACT,NULL,3688632,0,NULL,Unable to resolve all requested identifiers.,,
IUSQ.DE,DKK/USD FORWARD CONTRACT,NULL,6747897,0,NULL,Unable to resolve all requested identifiers.,,
IUSQ.DE,MXN/USD FORWARD CONTRACT,NULL,6818778,0,NULL,Unable to resolve all requested identifiers.,,
IUSQ.DE,CZK/USD FORWARD CONTRACT,NULL,311688,0,NULL,Unable to resolve all requested identifiers.,,
IUSQ.DE,CLP/USD FORWARD CONTRACT,NULL,78396506,0,NULL,Unable to resolve all requested identifiers.,,
IUSQ.DE,CHF/USD FORWARD CONTRACT,NULL,2891542,0,NULL,Unable to resolve all requested identifiers.,,
IUSQ.DE,NZD/USD FORWARD CONTRACT,NULL,103844,0,NULL,Unable to resolve all requested identifiers.,,
IUSQ.DE,SEK/USD FORWARD CONTRACT,NULL,10656272,0,NULL,Unable to resolve all requested identifiers.,,
IUSQ.DE,NOK/USD FORWARD CONTRACT,NULL,2028360,0,NULL,Unable to resolve all requested identifiers.,,
IUSQ.DE,MYR/USD FORWARD CONTRACT,NULL,1031076,0,NULL,Unable to resolve all requested identifiers.,,
IUSQ.DE,SGD/USD FORWARD CONTRACT,NULL,551995,0,NULL,Unable to resolve all requested identifiers.,,
IUSQ.DE,IDR/USD FORWARD CONTRACT,NULL,4476202736,0,NULL,Unable to resolve all requested identifiers.,,
IUSQ.DE,KRW/USD FORWARD CONTRACT,NULL,2205136170,0,NULL,Unable to resolve all requested identifiers.,,
IUSQ.DE,TRY/USD FORWARD CONTRACT,NULL,2120490,0,NULL,Unable to resolve all requested identifiers.,,
IUSQ.DE,THB/USD FORWARD CONTRACT,NULL,10733637,0,NULL,Unable to resolve all requested identifiers.,,
IUSQ.DE,INR CASH,NULL,253699,0,INDIA,Unable to resolve all requested identifiers.,,
IUSQ.DE,HKD/USD FORWARD CONTRACT,NULL,29693957,0,NULL,Unable to resolve all requested identifiers.,,
IUSQ.DE,KWD/USD FORWARD CONTRACT,NULL,38793,0,NULL,Unable to resolve all requested identifiers.,,
IUSQ.DE,PLN/USD FORWARD CONTRACT,NULL,444678,0,NULL,Unable to resolve all requested identifiers.,,
IUSQ.DE,ALSTOM SA RIGHTS,NULL,34085,0,NULL,Unable to resolve all requested identifiers.,,
IUSQ.DE,PJSC MAGNIT GDR,MGNTq.L^H22,3,0,RUSSIAN FEDERATION,Consumer Non-Cyclicals,Food & Drug Retailing,Food & Drug Retailing
IUSQ.DE,CHINA EVERGRANDE GROUP ORD,3333.HK,34000,0,CHINA,Real Estate,Real Estate,Real Estate Operations
IUSQ.DE,EMINI S&P SEP3,ESU3,92,0,NULL,NULL,NULL,NULL
IUSQ.DE,MSCI EAFE SEP3,MFSU3,154,0,NULL,NULL,NULL,NULL
IUSQ.DE,MSCI EMERG SEP3,MEMU3,82,0,NULL,NULL,NULL,NULL
IUSQ.DE,NOVATEK PAO ORD,NVTK.MM,86250,0,RUSSIAN FEDERATION,Energy,Energy - Fossil Fuels,Oil & Gas
IUSQ.DE,HUF/USD FORWARD CONTRACT,NULL,8359200,0,NULL,Unable to resolve all requested identifiers.,,
IUSQ.DE,QAR/USD FORWARD CONTRACT,NULL,449994,0,NULL,Unable to resolve all requested identifiers.,,
IUSQ.DE,YANDEX NV ORD,YNDX.OQ,20333,0,NETHERLANDS,Technology,Software & IT Services,Software & IT Services
IUSQ.DE,CNH/USD FORWARD CONTRACT,NULL,204282,0,NULL,Unable to resolve all requested identifiers.,,
IUSQ.DE,POLYMETAL INTERNATIONAL PLC ORD,POLYP.L,15898,0,CYPRUS,Basic Materials,Mineral Resources,Metals & Mining
IUSQ.DE,MOBIL'NYE TELESISTEMY PAO ORD,MTSS.MM,209064,0,RUSSIAN FEDERATION,Technology,Telecommunications Services,Telecommunications Services
IUSQ.DE,EUR/USD FORWARD CONTRACT,NULL,9690040,-0.0001,NULL,Unable to resolve all requested identifiers.,,
IUSQ.DE,ZAR/USD FORWARD CONTRACT,NULL,11320884,-0.0001,NULL,Unable to resolve all requested identifiers.,,
IUSQ.DE,OTHER ASSETS LESS LIABILITIES,NULL,NULL,-0.0003,NULL,Unable to resolve all requested identifiers.,,
IUSQ.DE,PHP CASH,NULL,-3221756,-0.0007,PHILIPPINES,Unable to resolve all requested identifiers.,,
IUSQ.DE,JPY/USD FORWARD CONTRACT,NULL,931779090,-0.001,NULL,Unable to resolve all requested identifiers.,,
IUSQ.DE,CLP CASH,NULL,-77564340,-0.0011,CHILE,Unable to resolve all requested identifiers.,,
IUSQ.DE,KWD CASH,NULL,-38758,-0.0015,KUWAIT,Unable to resolve all requested identifiers.,,
IUSQ.DE,AED CASH,NULL,-538229,-0.0017,UNITED ARAB EMIRATES,Unable to resolve all requested identifiers.,,
IUSQ.DE,SGD CASH,NULL,-319470,-0.0028,SINGAPORE,Unable to resolve all requested identifiers.,,
IUSQ.DE,IDR CASH,NULL,-4219424556,-0.0033,INDONESIA,Unable to resolve all requested identifiers.,,
IUSQ.DE,THB CASH,NULL,-10141078,-0.0035,THAILAND,Unable to resolve all requested identifiers.,,
IUSQ.DE,HKD CASH,NULL,-2471243,-0.0037,HONG KONG,Unable to resolve all requested identifiers.,,
IUSQ.DE,ZAR CASH,NULL,-8397474,-0.0056,SOUTH AFRICA,Unable to resolve all requested identifiers.,,
IUSQ.DE,DKK CASH,NULL,-3424897,-0.006,DENMARK,Unable to resolve all requested identifiers.,,
IUSQ.DE,SEK CASH,NULL,-8044717,-0.0091,SWEDEN,Unable to resolve all requested identifiers.,,
IUSQ.DE,KRW CASH,NULL,-1126536614,-0.0104,KOREA,Unable to resolve all requested identifiers.,,
IUSQ.DE,AUD CASH,NULL,-1919890,-0.0153,AUSTRALIA,Unable to resolve all requested identifiers.,,
IUSQ.DE,GBP CASH,NULL,-1204157,-0.0183,UNITED KINGDOM,Unable to resolve all requested identifiers.,,
IUSQ.DE,CAD CASH,NULL,-2415711,-0.0217,CANADA,Unable to resolve all requested identifiers.,,
IUSQ.DE,CHF CASH,NULL,-2536554,-0.0346,SWITZERLAND,Unable to resolve all requested identifiers.,,
IUSQ.DE,EUR CASH,NULL,-4894990,-0.0638,NULL,Unable to resolve all requested identifiers.,,
IUSQ.DE,JPY CASH,NULL,-769880885,-0.0641,JAPAN,Unable to resolve all requested identifiers.,,
IUSQ.DE,USD CASH,NULL,-63597594,-0.7519,UNITED STATES,Unable to resolve all requested identifiers.,,
